pr_number,ACT_number_of_comments,ACT_number_of_review_comments,CODE_number_of_commits,CODE_lines_of_code_changed,CODE_number_of_files_changed,ACT_number_of_reviewers,ACT_number_of_approvals,ACT_time_to_first_response,CONT_number_of_assignees,ACT_number_of_changes_requested,CONT_number_of_linked_issues,ACT_time_since_last_commit,CONT_number_of_reviews_requested,CODE_number_of_revisions,CODE_number_of_milestones,CONT_repo,CONT_PR_text_wordiness,bug,ui,dependencies,submodules,type: code-quality,tests,openoffice/libreoffice,status: ready-for-review,jabcon,type: documentation,internationalization,ai,skip-verify-files,javascript,backport,docs,windows,platform-ios,tool,engine,a: desktop,framework,f: material design,f: cupertino,warning: land on red to fix tree breakage,a: tests,f: integration_test,a: text input,d: docs/,f: scrolling,a: accessibility,d: api docs,d: examples,f: routes,autosubmit,will affect goldens,c: tech-debt,c: flake,platform-android,cp: beta,cp: review,team,refactor,status: waiting review,scope: curriculum,scope: i18n,full stack cert,platform: learn,crowdin-sync,new english course,scope: tools/scripts,new javascript course,status: waiting update,platform: api,new python course,status: merge conflict,lgtm,🤖:bug,community,🤖:docs,🤖:nit,🤖:release,langchain,partner,documentation,test,author ready,needs-ci,dont-land-on-v18.x,dont-land-on-v20.x,strip-types,module,semver-minor,lib / src,notable-change,baking-for-lts,buffer,benchmark,doc,meta,commit-queue-squash,commit-queue-failed,build,lts-watch-v18.x,lts-watch-v20.x,c++,fs,permission,review wanted,esm,assert,tools,path,backport-requested-v22.x,release,test_runner,web-standards,experimental,backported-to-v22.x,sqlite,v23.x,stream,semver-major,v8 engine,fast-track,util,dont-land-on-v22.x,cares,vm,revert,crypto,webcrypto,http2,http,embedding,icu,v22.x,backport-open-v22.x,url,net,errors,github_actions,cli,process,deprecations,os,backport-open-v20.x,needs-benchmark-ci,backported-to-v18.x,v20.x,backport-requested-v20.x,coverage,backport-blocked-v20.x,python,v18.x,open source,topic: not user facing,merged,beta-accepted,merged-by-bors,rollup,beta-nominated,disposition-merge,finished-final-comment-period,to-announce,perf-regression,relnotes,perf-regression-triaged,llvm-main,c++ interop,🍒 release cherry pick,swift 6.1,run-slow,CONT_label_count,PR_Lifetime(hours),PR Lifetime,add,ani,branch,chang,checklist,close,contribut,descript,document,fix,follow,issu,like,make,new,pleas,pr,pull,read,request,test.1,thi,use,ORG_PRs Opened in Last 2 Weeks,ORG_PRs Closed in Last 2 Weeks,ORG_Open PRs at Open Date,ORG_Author PRs Opened,CONT_day_of_week,CONT_weekday
7181,0,6,22,6500,50,2,1,,1,0,0,547175.269866,1,22,0,1,104,0,0,0,0,0,0,0,0,0,0,0,0,0,0,0,0,0,0,0,0,0,0,0,0,0,0,0,0,0,0,0,0,0,0,0,0,0,0,0,0,0,0,0,0,0,0,0,0,0,0,0,0,0,0,0,0,0,0,0,0,0,0,0,0,0,0,0,0,0,0,0,0,0,0,0,0,0,0,0,0,0,0,0,0,0,0,0,0,0,0,0,0,0,0,0,0,0,0,0,0,0,0,0,0,0,0,0,0,0,0,0,0,0,0,0,0,0,0,0,0,0,0,0,0,0,0,0,0,0,0,0,0,0,0,0,0,0,0,0,0,0,0,0,0,0,0,0,0,0,0,0,0,0,0,186.3161111111111,4,0.0,0.0,0.0,0.6277556088024352,0.0,0.0,0.0,0.0,0.0,0.0,0.0,0.2170000568286337,0.2746524568719739,0.0,0.2758656105900167,0.0,0.4737060071436065,0.240239418714268,0.0,0.2355356012248712,0.0,0.0,0.2640240232042715,35,38,3,13,1,1
7090,20,6,2,121,3,2,1,3017.0,1,0,0,1325635.87107,0,2,0,1,96,0,0,0,0,0,0,0,0,0,0,0,0,0,0,0,0,0,0,0,0,0,0,0,0,0,0,0,0,0,0,0,0,0,0,0,0,0,0,0,0,0,0,0,0,0,0,0,0,0,0,0,0,0,0,0,0,0,0,0,0,0,0,0,0,0,0,0,0,0,0,0,0,0,0,0,0,0,0,0,0,0,0,0,0,0,0,0,0,0,0,0,0,0,0,0,0,0,0,0,0,0,0,0,0,0,0,0,0,0,0,0,0,0,0,0,0,0,0,0,0,0,0,0,0,0,0,0,0,0,0,0,0,0,0,0,0,0,0,0,0,0,0,0,0,0,0,0,0,0,0,0,0,0,0,314.1272222222222,4,0.0,0.0,0.0,0.639129066233441,0.0,0.0,0.0,0.0,0.0,0.0,0.0,0.2209315882626173,0.2796285144057548,0.0,0.0,0.0,0.2411442237787701,0.244591992811071,0.0,0.2398029531950556,0.0,0.0,0.5376150369589109,35,36,8,11,1,1
6934,10,0,1,4,1,1,1,4563.0,0,0,0,1845397.553546,1,1,0,1,151,0,0,0,0,0,0,0,0,0,0,0,0,0,0,0,0,0,0,0,0,0,0,0,0,0,0,0,0,0,0,0,0,0,0,0,0,0,0,0,0,0,0,0,0,0,0,0,0,0,0,0,0,0,0,0,0,0,0,0,0,0,0,0,0,0,0,0,0,0,0,0,0,0,0,0,0,0,0,0,0,0,0,0,0,0,0,0,0,0,0,0,0,0,0,0,0,0,0,0,0,0,0,0,0,0,0,0,0,0,0,0,0,0,0,0,0,0,0,0,0,0,0,0,0,0,0,0,0,0,0,0,0,0,0,0,0,0,0,0,0,0,0,0,0,0,0,0,0,0,0,0,0,0,0,699.8847222222222,4,0.0,0.2427977919576272,0.0,0.7607548850407754,0.0,0.0,0.0,0.0,0.0,0.2036257723870722,0.0,0.1972310374113242,0.2496312203236277,0.0,0.0,0.0,0.2152753519569157,0.2183532597759961,0.0,0.2140779668715343,0.0,0.1489457906939359,0.2399710523542072,8,33,1,0,0,1
7017,3,29,2,3527,56,3,1,593625.0,1,0,0,1956411.894914,0,2,0,1,605,0,0,0,0,0,0,0,0,0,0,0,0,0,0,0,0,0,0,0,0,0,0,0,0,0,0,0,0,0,0,0,0,0,0,0,0,0,0,0,0,0,0,0,0,0,0,0,0,0,0,0,0,0,0,0,0,0,0,0,0,0,0,0,0,0,0,0,0,0,0,0,0,0,0,0,0,0,0,0,0,0,0,0,0,0,0,0,0,0,0,0,0,0,0,0,0,0,0,0,0,0,0,0,0,0,0,0,0,0,0,0,0,0,0,0,0,0,0,0,0,0,0,0,0,0,0,0,0,0,0,0,0,0,0,0,0,0,0,0,0,0,0,0,0,0,0,0,0,0,0,0,0,0,0,401.74555555555554,4,0.0929031641554206,0.0,0.1028650718838225,0.4634863097976898,0.0,0.0,0.0,0.0,0.0,0.0,0.0,0.0801080501353556,0.1013910922718039,0.1008161894080431,0.0,0.1701530923396114,0.4371849611961934,0.0886871260778022,0.0,0.0869506581119632,0.2282943367051021,0.604963449209893,0.2924024536706283,34,26,4,6,4,1
7040,0,0,1,2,1,1,1,,0,0,0,1956936.481347,0,1,0,1,100,0,0,0,0,0,0,0,0,0,0,0,0,0,0,0,0,0,0,0,0,0,0,0,0,0,0,0,0,0,0,0,0,0,0,0,0,0,0,0,0,0,0,0,0,0,0,0,0,0,0,0,0,0,0,0,0,0,0,0,0,0,0,0,0,0,0,0,0,0,0,0,0,0,0,0,0,0,0,0,0,0,0,0,0,0,0,0,0,0,0,0,0,0,0,0,0,0,0,0,0,0,0,0,0,0,0,0,0,0,0,0,0,0,0,0,0,0,0,0,0,0,0,0,0,0,0,0,0,0,0,0,0,0,0,0,0,0,0,0,0,0,0,0,0,0,0,0,0,0,0,0,0,0,0,316.4327777777778,4,0.0,0.0,0.0,0.7221785583780757,0.0,0.0,0.0,0.0,0.0,0.0,0.0,0.2496398056999013,0.3159639078927323,0.0,0.0,0.0,0.2724789046382448,0.2763746825036475,0.0,0.2709633471276935,0.0,0.0,0.3037368137874306,38,25,6,1,1,1
7055,0,19,3,695,12,2,1,,0,0,0,2355524.39087,0,3,0,1,110,0,0,0,0,0,0,0,0,0,0,0,0,0,0,0,0,0,0,0,0,0,0,0,0,0,0,0,0,0,0,0,0,0,0,0,0,0,0,0,0,0,0,0,0,0,0,0,0,0,0,0,0,0,0,0,0,0,0,0,0,0,0,0,0,0,0,0,0,0,0,0,0,0,0,0,0,0,0,0,0,0,0,0,0,0,0,0,0,0,0,0,0,0,0,0,0,0,0,0,0,0,0,0,0,0,0,0,0,0,0,0,0,0,0,0,0,0,0,0,0,0,0,0,0,0,0,0,0,0,0,0,0,0,0,0,0,0,0,0,0,0,0,0,0,0,0,0,0,0,0,0,0,0,0,174.15722222222223,4,0.0,0.0,0.0,0.7706330420816466,0.0,0.0,0.0,0.0,0.0,0.0,0.0,0.2663893585033174,0.0,0.0,0.0,0.2829114741846635,0.2907608440439406,0.2949180086576785,0.0,0.2891436003841053,0.0,0.0,0.0,37,28,7,5,2,1
6978,0,0,1,4,1,1,1,,0,0,0,3174403.880833,0,1,0,1,117,0,0,0,0,0,0,0,0,0,0,0,0,0,0,0,0,0,0,0,0,0,0,0,0,0,0,0,0,0,0,0,0,0,0,0,0,0,0,0,0,0,0,0,0,0,0,0,0,0,0,0,0,0,0,0,0,0,0,0,0,0,0,0,0,0,0,0,0,0,0,0,0,0,0,0,0,0,0,0,0,0,0,0,0,0,0,0,0,0,0,0,0,0,0,0,0,0,0,0,0,0,0,0,0,0,0,0,0,0,0,0,0,0,0,0,0,0,0,0,0,0,0,0,0,0,0,0,0,0,0,0,0,0,0,0,0,0,0,0,0,0,0,0,0,0,0,0,0,0,0,0,0,0,0,189.0425,4,0.0,0.0,0.0,0.4734270894359306,0.0,0.0,0.0,0.0,0.0,0.3379168372572036,0.0,0.1636523893554625,0.4142628482806529,0.0,0.0,0.0,0.1786246535002235,0.3623570930306741,0.0,0.3552622472275717,0.0,0.1235877215443866,0.3982318057984923,22,36,3,0,6,0
6956,10,0,2,87,1,1,2,654.0,0,0,0,3581869.437744,0,2,1,1,132,0,0,0,0,0,0,0,0,0,0,0,0,0,0,0,0,0,0,0,0,0,0,0,0,0,0,0,0,0,0,0,0,0,0,0,0,0,0,0,0,0,0,0,0,0,0,0,0,0,0,0,0,0,0,0,0,0,0,0,0,0,0,0,0,0,0,0,0,0,0,0,0,0,0,0,0,0,0,0,0,0,0,0,0,0,0,0,0,0,0,0,0,0,0,0,0,0,0,0,0,0,0,0,0,0,0,0,0,0,0,0,0,0,0,0,0,0,0,0,0,0,0,0,0,0,0,0,0,0,0,0,0,0,0,0,0,0,0,0,0,0,0,0,0,0,0,0,0,0,0,0,0,0,0,174.16805555555555,4,0.0,0.0,0.0,0.5325757867925165,0.0,0.0,0.0,0.0,0.0,0.0,0.0,0.1840986753109231,0.2330098628543258,0.0,0.2340390791398154,0.0,0.2009415335564494,0.2038145030426875,0.0,0.1998238747389071,0.0,0.0,0.6719787123450154,15,30,6,0,2,1
11577,30,30,105,947,18,4,0,138.0,0,0,0,102951.031261,1,105,1,2,548,0,0,0,0,0,0,1,0,0,0,0,0,0,0,0,0,0,0,0,0,0,0,0,0,0,0,0,0,0,0,0,0,0,0,0,0,0,0,0,0,0,0,0,0,0,0,0,0,0,0,0,0,0,0,0,0,0,0,0,0,0,0,0,0,0,0,0,0,0,0,0,0,0,0,0,0,0,0,0,0,0,0,0,0,0,0,0,0,0,0,0,0,0,0,0,0,0,0,0,0,0,0,0,0,0,0,0,0,0,0,0,0,0,0,0,0,0,0,0,0,0,0,0,0,0,0,0,0,0,0,0,0,0,0,0,0,0,0,0,0,0,0,0,0,0,0,0,0,0,0,0,0,0,1,188.78416666666664,4,0.080022688552594,0.1698862629615932,0.0,0.2661511116046494,0.0,0.0,0.0,0.0818264783432142,0.6785437698909269,0.1424774963338416,0.1813875754080565,0.1380030832063564,0.0,0.2605158586169138,0.2631587201064014,0.0732811849754367,0.3012574764937292,0.1527823585615629,0.1638169724103611,0.149790924707288,0.1310951158700478,0.1563266508366873,0.0839541928588293,42,56,3,5,6,0
11542,4,30,331,7008,138,5,0,2744541.0,0,1,0,368504.847351,0,331,1,2,754,0,0,0,0,0,0,0,0,0,0,0,0,0,0,0,0,0,0,0,0,0,0,0,0,0,0,0,0,0,0,0,0,0,0,0,0,0,0,0,0,0,0,0,0,0,0,0,0,0,0,0,0,0,0,0,0,0,0,0,0,0,0,0,0,0,0,0,0,0,0,0,0,0,0,0,0,0,0,0,0,0,0,0,0,0,0,0,0,0,0,0,0,0,0,0,0,0,0,0,0,0,0,0,0,0,0,0,0,0,0,0,0,0,0,0,0,0,0,0,0,0,0,0,0,0,0,0,0,0,0,0,0,0,0,0,0,0,0,0,0,0,0,0,0,0,0,0,0,0,0,0,0,0,0,951.2294444444444,4,0.0,0.0598818346375785,0.0,0.3752538098344161,0.0,0.5667507358782005,0.0,0.1153694138585295,0.2989680059663914,0.0502207401958575,0.0639358392288146,0.0972871810113013,0.0615671803901955,0.0,0.1236782514460741,0.0,0.0530939055231617,0.1077060354549215,0.0,0.1055971828111802,0.0924173139543263,0.1102046332841554,0.5918466868672413,21,28,3,1,6,0
11666,10,30,72,5108,93,4,1,675.0,0,2,0,516148.308619,0,72,0,2,342,0,0,0,0,0,0,0,0,0,0,0,0,0,0,0,0,0,0,0,0,0,0,0,0,0,0,0,0,0,0,0,0,0,0,0,0,0,0,0,0,0,0,0,0,0,0,0,0,0,0,0,0,0,0,0,0,0,0,0,0,0,0,0,0,0,0,0,0,0,0,0,0,0,0,0,0,0,0,0,0,0,0,0,0,0,0,0,0,0,0,0,0,0,0,0,0,0,0,0,0,0,0,0,0,0,0,0,0,0,0,0,0,0,0,0,0,0,0,0,0,0,0,0,0,0,0,0,0,0,0,0,0,0,0,0,0,0,0,0,0,0,0,0,0,0,0,0,0,0,0,0,0,0,0,314.1,4,0.0,0.2659130724951371,0.0,0.52073854148811,0.0,0.0,0.0,0.1280782206188147,0.3982818906205227,0.0,0.0,0.1080040941200186,0.0,0.0,0.2746046780454954,0.1147027706254757,0.1178851953507998,0.2391413271439349,0.0,0.2344590099660237,0.3077933239780959,0.0815630004690368,0.3942258246681355,56,28,2,7,3,1
11636,5,30,39,1268,7,5,2,323771.0,0,2,0,1459991.010547,0,39,1,2,202,0,0,0,0,1,1,1,0,0,1,0,0,0,0,0,0,0,0,0,0,0,0,0,0,0,0,0,0,0,0,0,0,0,0,0,0,0,0,0,0,0,0,0,0,0,0,0,0,0,0,0,0,0,0,0,0,0,0,0,0,0,0,0,0,1,1,0,0,0,0,0,0,0,0,0,0,0,0,1,0,0,0,0,0,0,0,0,0,0,0,0,0,0,0,0,0,0,0,0,0,0,0,0,0,0,0,0,0,0,0,0,0,0,0,0,0,0,0,0,0,0,0,0,0,0,0,0,0,0,0,0,0,0,0,0,0,0,0,0,0,0,0,0,0,0,0,0,0,0,0,0,0,0,7,191.02333333333337,4,0.0,0.1294499675133957,0.0,0.4056037510068131,0.0,0.0,0.0,0.1247003115921071,0.6462961412943615,0.0,0.1382137397961062,0.1051556160361828,0.0,0.0,0.1336811549671591,0.1116776230054341,0.2295522302123814,0.2328342622603394,0.0,0.2282754355664836,0.3995675269960835,0.079411874429039,0.0,59,59,9,12,4,1
11539,5,25,20,81,10,4,2,25728.0,0,5,0,3033956.65282,0,20,0,2,142,0,0,0,0,0,0,0,0,0,0,0,0,0,0,0,0,0,0,0,0,0,0,0,0,0,0,0,0,0,0,0,0,0,0,0,0,0,0,0,0,0,0,0,0,0,0,0,0,0,0,0,0,0,0,0,0,0,0,0,0,0,0,0,0,0,0,0,0,0,0,0,0,0,0,0,0,0,0,0,0,0,0,0,0,0,0,0,0,0,0,0,0,0,0,0,0,0,0,0,0,0,0,0,0,0,0,0,0,0,0,0,0,0,0,0,0,0,0,0,0,0,0,0,0,0,0,0,0,0,0,0,0,0,0,0,0,0,0,0,0,0,0,0,0,0,0,0,0,0,0,0,0,0,0,253.3386111111111,4,0.1658608268567232,0.0,0.0,0.5516440929195975,0.0,0.1851456193182963,0.0,0.1695994923722083,0.5273996323802863,0.0,0.0,0.1430175985298202,0.0,0.0,0.0,0.0,0.1561020226006892,0.3166677948277926,0.0,0.3104675321081624,0.271717243051555,0.1080046506663504,0.0,19,45,2,0,5,0
11532,14,0,8,21,4,1,1,473.0,0,0,0,3445064.140276,0,8,0,2,142,0,0,0,0,0,0,0,1,0,0,0,0,0,0,0,0,0,0,0,0,0,0,0,0,0,0,0,0,0,0,0,0,0,0,0,0,0,0,0,0,0,0,0,0,0,0,0,0,0,0,0,0,0,0,0,0,0,0,0,0,0,0,0,0,0,0,0,0,0,0,0,0,0,0,0,0,0,0,0,0,0,0,0,0,0,0,0,0,0,0,0,0,0,0,0,0,0,0,0,0,0,0,0,0,0,0,0,0,0,0,0,0,0,0,0,0,0,0,0,0,0,0,0,0,0,0,0,0,0,0,0,0,0,0,0,0,0,0,0,0,0,0,0,0,0,0,0,0,0,0,0,0,0,1,205.93777777777777,4,0.0,0.1722796523418815,0.0,0.5398013962791133,0.0,0.0,0.0,0.1659585300845238,0.5160774158737589,0.1444847458942877,0.0,0.139947296399555,0.0,0.0,0.0,0.1486271679732399,0.1527508240247345,0.3098695698887589,0.0,0.3038024144232847,0.2658840166602098,0.1056860065803899,0.170273910394182,14,35,2,0,2,1
34412,3,12,9,132,1,5,1,176.0,0,0,0,291970.939847,2,9,0,3,15,0,0,0,0,0,0,0,0,0,0,0,0,0,0,0,0,0,0,0,0,0,0,0,0,0,0,0,0,0,0,0,0,0,0,0,0,0,0,0,0,0,0,0,0,0,0,0,0,0,0,0,0,0,0,0,0,0,0,0,0,0,0,0,0,0,0,0,0,0,0,0,0,0,0,0,0,0,0,0,0,0,0,0,0,0,0,0,0,0,0,0,0,0,0,0,0,0,0,0,0,0,0,0,0,0,0,0,0,0,0,0,0,0,0,0,0,0,0,0,0,0,0,0,0,0,0,0,0,0,0,0,0,0,0,0,0,0,0,0,0,0,0,0,0,0,0,0,0,0,0,0,0,0,0,266.8986111111111,4,0.0,0.0,0.0,0.0,0.0,0.0,0.0,0.0,0.0,0.0,0.0,0.0,0.0,0.0,0.0,0.0,0.0,0.0,0.0,0.0,0.0,1.0,0.0,14,27,0,1,4,1
34009,3,1,3,36,2,2,1,1202323.0,0,0,0,1623512.889344,1,3,0,3,282,0,0,0,0,0,0,0,0,0,0,0,0,0,0,0,0,0,0,0,0,0,0,0,0,0,0,0,0,0,0,0,0,0,0,0,0,0,0,0,0,0,0,0,0,0,0,0,0,0,0,0,0,0,0,0,0,0,0,0,0,0,0,0,0,0,0,0,0,0,0,0,0,0,0,0,0,0,0,0,0,0,0,0,0,0,0,0,0,0,0,0,0,0,0,0,0,0,0,0,0,0,0,0,0,0,0,0,0,0,0,0,0,0,0,0,0,0,0,0,0,0,0,0,0,0,0,0,0,0,0,0,0,0,0,0,0,0,0,0,0,0,0,0,0,0,0,0,0,0,0,0,0,0,0,674.9072222222222,4,0.1046132776667025,0.1110457491519977,0.0,0.086984518525953,0.2366314846447584,0.1167767606708601,0.0,0.3209140902750741,0.1108821277636104,0.1862601489005534,0.0,0.0,0.0,0.0,0.4587015133641141,0.1916002846253246,0.3938324568649726,0.2995974689403831,0.0,0.293731438204366,0.3427600348180828,0.2043650822845779,0.1097529144256664,11,15,2,0,3,1
34271,6,0,3,2,2,1,1,196.0,0,0,0,1793237.232749,0,3,0,3,206,0,0,0,0,0,0,0,0,0,0,0,0,0,0,0,0,0,0,0,0,0,0,0,0,0,0,0,0,0,0,0,0,0,0,0,0,0,0,0,0,0,0,0,0,0,0,0,0,0,0,0,0,0,0,0,0,0,0,0,0,0,0,0,0,0,0,0,0,0,0,0,0,0,0,0,0,0,0,0,0,0,0,0,0,0,0,0,0,0,0,0,0,0,0,0,0,0,0,0,0,0,0,0,0,0,0,0,0,0,0,0,0,0,0,0,0,0,0,0,0,0,0,0,0,0,0,0,0,0,0,0,0,0,0,0,0,0,0,0,0,0,0,0,0,0,0,0,0,0,0,0,0,0,0,193.40277777777777,4,0.2357677949711274,0.1251323541448345,0.0,0.0,0.2666491510436459,0.1315903677875252,0.0,0.2410822320291433,0.1249479767177496,0.104944003229656,0.0,0.0,0.0,0.0,0.5168896662445294,0.215905560123423,0.3328437795401515,0.3376026265807729,0.0,0.3309924659839988,0.2896804046378518,0.1535264161936749,0.0,11,16,2,0,0,1
33962,10,11,8,40,2,3,2,146.0,0,3,0,2423071.410287,1,8,0,3,199,0,0,0,0,0,0,0,0,0,0,0,0,0,0,0,0,0,0,0,0,0,0,0,0,0,0,0,0,0,0,0,0,0,0,0,0,0,0,0,0,0,0,0,0,0,0,0,0,0,0,0,0,0,0,0,0,0,0,0,0,0,0,0,0,0,0,0,0,0,0,0,0,0,0,0,0,0,0,0,0,0,0,0,0,0,0,0,0,0,0,0,0,0,0,0,0,0,0,0,0,0,0,0,0,0,0,0,0,0,0,0,0,0,0,0,0,0,0,0,0,0,0,0,0,0,0,0,0,0,0,0,0,0,0,0,0,0,0,0,0,0,0,0,0,0,0,0,0,0,0,0,0,0,0,520.4705555555555,4,0.1311055665116608,0.139166998453757,0.0,0.0,0.1482780462518716,0.146349332557265,0.0,0.2681216288250664,0.138961941549926,0.1167143544529526,0.0,0.0,0.0,0.0,0.5748631828644044,0.1200605908727495,0.2467833363010858,0.3754675961499938,0.0,0.368116050533857,0.3221704945921358,0.1707456929988398,0.0,5,13,1,0,0,1
34035,1,0,3,194,15,1,1,872681.0,0,0,0,2925605.594925,0,3,0,3,552,0,0,0,0,0,0,0,0,0,0,0,0,0,0,0,0,0,0,0,0,0,0,0,0,0,0,0,0,0,0,0,0,0,0,0,0,0,0,0,0,0,0,0,0,0,0,0,0,0,0,0,0,0,0,0,0,0,0,0,0,0,0,0,0,0,0,0,0,0,0,0,0,0,0,0,0,0,0,0,0,0,0,0,0,0,0,0,0,0,0,0,0,0,0,0,0,0,0,0,0,0,0,0,0,0,0,0,0,0,0,0,0,0,0,0,0,0,0,0,0,0,0,0,0,0,0,0,0,0,0,0,0,0,0,0,0,0,0,0,0,0,0,0,0,0,0,0,0,0,0,0,0,0,0,242.4119444444445,4,0.072339407513326,0.0767874201028477,0.0,0.0601492341445123,0.1636291470833914,0.1615007552897711,0.0,0.2219100258682167,0.0766742769669433,0.3219942323606825,0.0819859340683963,0.3742586554411558,0.0,0.0785009151822691,0.3964864265120386,0.1324903623929968,0.3404157582163881,0.2071697195521258,0.0,0.2708178627884205,0.3555245336588737,0.1884228503126106,0.2276802996568536,15,11,3,2,6,0
34011,9,3,1,134,7,2,1,6372.0,0,0,0,2925599.762282,0,1,0,3,279,0,0,0,0,0,0,0,0,0,0,0,0,0,0,0,0,0,0,0,0,0,0,0,0,0,0,0,0,0,0,0,0,0,0,0,0,0,0,0,0,0,0,0,0,0,0,0,0,0,0,0,0,0,0,0,0,0,0,0,0,0,0,0,0,0,0,0,0,0,0,0,0,0,0,0,0,0,0,0,0,0,0,0,0,0,0,0,0,0,0,0,0,0,0,0,0,0,0,0,0,0,0,0,0,0,0,0,0,0,0,0,0,0,0,0,0,0,0,0,0,0,0,0,0,0,0,0,0,0,0,0,0,0,0,0,0,0,0,0,0,0,0,0,0,0,0,0,0,0,0,0,0,0,0,309.6797222222222,4,0.0996442519204174,0.1057711874628994,0.0,0.0828528411545513,0.2253917265011729,0.111229981683684,0.0,0.3056709929122039,0.1056153379263235,0.1774129786747768,0.0,0.0,0.0,0.0,0.4369136516260651,0.1824994633095822,0.3751258102371931,0.2853668897071271,0.0,0.2797794895465578,0.408099096255243,0.1946579458850368,0.2090795221783215,12,12,2,1,3,1
51715,7,7,3,5,1,3,1,4.0,0,0,0,101820.522857,0,3,0,4,309,0,0,0,0,0,0,0,0,0,0,0,0,0,0,0,0,0,0,0,0,0,0,0,0,0,0,0,0,0,0,0,0,0,0,0,0,0,0,0,0,0,0,0,0,0,0,0,0,0,0,0,0,0,0,0,0,0,0,0,0,0,0,0,0,0,0,0,0,0,0,0,0,0,0,0,0,0,0,0,0,0,0,0,0,0,0,0,0,0,0,0,0,0,0,0,0,0,0,0,0,0,0,0,0,0,0,0,0,0,0,0,0,0,0,0,0,0,0,0,0,0,0,0,0,0,0,0,0,0,0,0,0,0,0,0,0,0,0,0,0,0,0,0,0,0,0,0,0,0,0,0,0,0,0,851.9497222222222,4,0.0,0.0,0.3866233544715469,0.2903392903667159,0.1316391669353648,0.2598537640111623,0.1188270392806869,0.0,0.1233684600232734,0.4144694586408914,0.0,0.3010899860983518,0.1270277769047861,0.1263075101527133,0.2551777299706876,0.2131762127133762,0.0,0.3333348585160852,0.1191365893179741,0.3268082595686476,0.095339480099037,0.0757928140824998,0.0,68,62,6,0,2,1
51759,15,7,18,2253,21,4,1,3.0,0,0,0,171118.695855,0,18,0,4,104,0,0,0,0,0,0,0,0,0,0,0,0,0,0,0,0,0,0,0,0,0,0,0,0,0,0,0,0,0,0,0,0,0,0,0,0,0,0,0,0,0,0,0,0,0,0,0,0,0,0,0,0,0,0,0,0,0,0,0,0,0,0,0,0,0,0,0,0,0,0,0,0,0,0,0,0,0,0,0,0,0,0,0,0,0,0,0,0,0,0,0,0,0,0,0,0,0,0,0,0,0,0,0,0,0,0,0,0,0,0,0,0,0,0,0,0,0,0,0,0,0,0,0,0,0,0,0,0,0,0,0,0,0,0,0,0,0,0,0,0,0,0,0,0,0,0,0,0,0,0,0,0,0,0,724.2866666666666,4,0.5401841691112698,0.0,0.0,0.2245778973448679,0.0,0.3014959422047259,0.0,0.0,0.2862770930765901,0.0,0.0,0.2328935773871927,0.0,0.0,0.296070562687215,0.0,0.2542005938749602,0.0,0.0,0.0,0.0,0.5276327471593439,0.0,66,57,8,9,0,1
51937,13,2,4,2,1,2,1,2.0,0,0,0,244650.098842,0,4,0,4,140,0,0,1,0,0,0,0,0,0,0,0,0,0,0,0,0,0,0,0,0,0,0,0,0,0,0,0,0,0,0,0,0,0,0,0,0,0,0,0,0,0,0,0,0,0,0,0,0,0,0,0,0,0,0,0,0,0,0,0,0,0,0,0,0,0,0,0,0,0,0,0,0,0,0,0,0,0,0,0,0,0,0,0,0,0,0,0,0,0,0,0,0,0,0,0,0,0,0,0,0,0,0,0,0,0,0,0,0,0,0,0,0,0,0,0,0,0,0,0,0,0,0,0,0,0,0,0,0,0,0,0,0,0,0,0,0,0,0,0,0,0,0,0,0,0,0,0,0,0,0,0,0,0,1,392.8880555555556,4,0.0,0.1511247946181078,0.1576369497716776,0.1183792949984628,0.0,0.1589242641642728,0.0,0.0,0.0,0.0,0.1613559542834623,0.0,0.0,0.0,0.0,0.1303766865633877,0.6699699179411704,0.0,0.0,0.0,0.0,0.6489590079240402,0.0,65,53,13,10,6,0
51845,9,1,2,2,1,1,1,1.0,0,0,0,247964.503382,0,2,0,4,1531,0,0,1,0,0,0,0,0,0,0,0,0,0,0,0,0,0,0,0,0,0,0,0,0,0,0,0,0,0,0,0,0,0,0,0,0,0,0,0,0,0,0,0,0,0,0,0,0,0,0,0,0,0,0,0,0,0,0,0,0,0,0,0,0,0,0,0,0,0,0,0,0,0,0,0,0,0,0,0,0,0,0,0,0,0,0,0,0,0,0,0,0,0,0,0,0,0,0,0,0,0,0,0,0,0,0,0,0,0,0,0,0,0,0,0,0,0,0,0,0,0,0,0,0,0,0,0,0,0,0,0,0,0,0,0,0,0,0,0,0,0,0,0,0,0,0,0,0,0,0,0,0,0,1,559.6658333333334,4,0.1733351424381542,0.036798638137957,0.0383843371729831,0.2306013040776273,0.0,0.0773955922070969,0.0,0.0,0.4409330021220088,0.4629254071804892,0.0392899086353525,0.0597850047708821,0.0,0.0376197919844379,0.2660100407436657,0.0317465080604125,0.1631365695876346,0.0,0.0,0.0,0.0,0.4514869933310253,0.4364425811932426,61,51,9,9,6,0
51872,7,8,12,178,14,2,1,3.0,0,0,0,255032.075545,0,12,0,4,173,0,0,0,0,0,0,0,0,0,0,0,0,0,0,0,0,0,0,0,0,0,0,0,0,0,0,0,0,0,0,0,0,0,0,0,0,0,0,0,0,0,0,0,0,0,0,0,0,0,0,0,0,0,0,0,0,0,0,0,0,0,0,0,0,0,0,0,0,0,0,0,0,0,0,0,0,0,0,0,0,0,0,0,0,0,0,0,0,0,0,0,0,0,0,0,0,0,0,0,0,0,0,0,0,0,0,0,0,0,0,0,0,0,0,0,0,0,0,0,0,0,0,0,0,0,0,0,0,0,0,0,0,0,0,0,0,0,0,0,0,0,0,0,0,0,0,0,0,0,0,0,0,0,0,502.9069444444444,4,0.0,0.0,0.376970931365453,0.1415453456648082,0.1925290031882263,0.0,0.1737906123012148,0.0,0.0,0.0,0.0,0.1467864928121666,0.0,0.1847311829072028,0.3732104595527669,0.3117810959507185,0.0,0.4875192507827193,0.0,0.4779737665715006,0.0,0.1108508606051808,0.0,58,50,8,54,1,1
50174,6,13,10,19,3,5,1,3.0,0,0,0,1090476.758604,0,10,0,4,301,0,0,0,0,0,0,0,0,0,0,0,0,0,0,0,0,0,0,0,0,0,0,0,0,0,0,0,0,0,0,0,0,0,0,0,0,0,0,0,0,0,0,0,0,0,0,0,0,0,0,0,0,0,0,0,0,0,0,0,0,0,0,0,0,0,0,0,0,0,0,0,0,0,0,0,0,0,0,0,0,0,0,0,0,0,0,0,0,0,0,0,0,0,0,0,0,0,0,0,0,0,0,0,0,0,0,0,0,0,0,0,0,0,0,0,0,0,0,0,0,0,0,0,0,0,0,0,0,0,0,0,0,0,0,0,0,0,0,0,0,0,0,0,0,0,0,0,0,0,0,0,0,0,0,3270.0741666666668,4,0.0,0.0,0.3979281402749287,0.1992191668853644,0.1354882685696258,0.26745183357518,0.122301516989242,0.0,0.1269757279219301,0.3199413440177943,0.0,0.3098937941482754,0.0,0.130000715260787,0.3939586099200065,0.2194094404665078,0.0,0.3430814998732158,0.0,0.3363640645412917,0.0981271865028536,0.0780089800712547,0.1256826188478486,26,54,3,1,2,1
51521,9,1,2,2,1,2,1,3.0,0,0,0,1091150.945816,0,2,0,4,286,0,0,0,0,0,0,0,0,0,0,0,0,0,0,0,0,0,0,0,0,0,0,0,0,0,0,0,0,0,0,0,0,0,0,0,0,0,0,0,0,0,0,0,0,0,0,0,0,0,0,0,0,0,0,0,0,0,0,0,0,0,0,0,0,0,0,0,0,0,0,0,0,0,0,0,0,0,0,0,0,0,0,0,0,0,0,0,0,0,0,0,0,0,0,0,0,0,0,0,0,0,0,0,0,0,0,0,0,0,0,0,0,0,0,0,0,0,0,0,0,0,0,0,0,0,0,0,0,0,0,0,0,0,0,0,0,0,0,0,0,0,0,0,0,0,0,0,0,0,0,0,0,0,0,897.1777777777778,4,0.0,0.0,0.4405540564146946,0.330839176237694,0.150001722104178,0.1480505878469497,0.1354024105408963,0.0,0.1405773212308287,0.2361422288027936,0.0,0.2287263356568816,0.1447470819998353,0.1439263441016811,0.2907728742846894,0.2429124990919587,0.0,0.3798322640503784,0.1357551402014638,0.3723952595144893,0.1086385346573519,0.0863652733466401,0.0,38,53,10,0,3,1
51925,9,4,6,9,1,2,1,4.0,0,0,0,1092425.1104,0,6,0,4,293,0,0,0,0,0,0,0,0,0,0,0,0,0,0,0,0,0,0,0,0,0,0,0,0,0,0,0,0,0,0,0,0,0,0,0,0,0,0,0,0,0,0,0,0,0,0,0,0,0,0,0,0,0,0,0,0,0,0,0,0,0,0,0,0,0,0,0,0,0,0,0,0,0,0,0,0,0,0,0,0,0,0,0,0,0,0,0,0,0,0,0,0,0,0,0,0,0,0,0,0,0,0,0,0,0,0,0,0,0,0,0,0,0,0,0,0,0,0,0,0,0,0,0,0,0,0,0,0,0,0,0,0,0,0,0,0,0,0,0,0,0,0,0,0,0,0,0,0,0,0,0,0,0,0,196.41583333333332,4,0.0,0.0,0.4405540564146946,0.330839176237694,0.150001722104178,0.1480505878469497,0.1354024105408963,0.0,0.1405773212308287,0.2361422288027936,0.0,0.2287263356568816,0.1447470819998353,0.1439263441016811,0.2907728742846894,0.2429124990919587,0.0,0.3798322640503784,0.1357551402014638,0.3723952595144893,0.1086385346573519,0.0863652733466401,0.0,59,47,9,105,4,1
51550,17,18,28,501,8,5,2,2.0,1,0,0,1554328.965905,2,28,0,4,295,0,0,0,0,0,0,0,0,0,0,0,0,0,0,0,0,0,0,0,0,0,0,0,0,0,0,0,0,0,0,0,0,0,0,0,0,0,0,0,0,0,0,0,0,0,0,0,0,0,0,0,0,0,0,0,0,0,0,0,0,0,0,0,0,0,0,0,0,0,0,0,0,0,0,0,0,0,0,0,0,0,0,0,0,0,0,0,0,0,0,0,0,0,0,0,0,0,0,0,0,0,0,0,0,0,0,0,0,0,0,0,0,0,0,0,0,0,0,0,0,0,0,0,0,0,0,0,0,0,0,0,0,0,0,0,0,0,0,0,0,0,0,0,0,0,0,0,0,0,0,0,0,0,0,719.2655555555556,4,0.0,0.0,0.4267466512229267,0.3204703452324821,0.1453005179581747,0.2868210684039189,0.1311587634354877,0.0,0.1361714872435,0.2287412949366934,0.0,0.2215578233064469,0.1402105635354212,0.1394155483846826,0.2816597612953392,0.2352993781768933,0.0,0.3679279406233494,0.1315004381953552,0.3607240192552234,0.1052336942169724,0.0836584992147674,0.0,40,58,6,0,5,0
51784,9,0,1,50,5,1,1,2.0,1,0,0,1830626.032387,0,1,0,4,263,0,0,0,0,0,0,0,0,0,0,0,0,0,0,0,0,0,0,0,0,0,0,0,0,0,0,0,0,0,0,0,0,0,0,0,0,0,0,0,0,0,0,0,0,0,0,0,0,0,0,0,0,0,0,0,0,0,0,0,0,0,0,0,0,0,0,0,0,0,0,0,0,0,0,0,0,0,0,0,0,0,0,0,0,0,0,0,0,0,0,0,0,0,0,0,0,0,0,0,0,0,0,0,0,0,0,0,0,0,0,0,0,0,0,0,0,0,0,0,0,0,0,0,0,0,0,0,0,0,0,0,0,0,0,0,0,0,0,0,0,0,0,0,0,0,0,0,0,0,0,0,0,0,0,224.28305555555556,4,0.0,0.0,0.4434510789166014,0.2220098192481297,0.1509881126683623,0.0,0.1362927980527983,0.0,0.1415017382392153,0.356542601125657,0.0,0.2302304083842315,0.1456989187779403,0.1448727838209587,0.2926849564627591,0.2445098580666799,0.0,0.3823299884496479,0.1366478472147956,0.374844079201219,0.1093529266255881,0.0869331994311363,0.0,60,53,10,0,1,1
51254,29,3,14,253,6,3,2,4.0,0,0,0,2347637.616434,0,14,0,4,263,0,0,0,0,0,0,0,0,0,0,0,0,0,0,0,0,0,0,0,0,0,0,0,0,0,0,0,0,0,0,0,0,0,0,0,0,0,0,0,0,0,0,0,0,0,0,0,0,0,0,0,0,0,0,0,0,0,0,0,0,0,0,0,0,0,0,0,0,0,0,0,0,0,0,0,0,0,0,0,0,0,0,0,0,0,0,0,0,0,0,0,0,0,0,0,0,0,0,0,0,0,0,0,0,0,0,0,0,0,0,0,0,0,0,0,0,0,0,0,0,0,0,0,0,0,0,0,0,0,0,0,0,0,0,0,0,0,0,0,0,0,0,0,0,0,0,0,0,0,0,0,0,0,0,552.3177777777778,4,0.0,0.0,0.4751409972039052,0.1189375468026018,0.1617780310613999,0.1596737174972422,0.1460325592999537,0.0,0.1516137409730175,0.1273406207951211,0.0,0.1233415714012944,0.0,0.1552256883455271,0.3136008202303885,0.2619830310748587,0.0,0.4096520689874963,0.0,0.4016312014005546,0.1171675097306934,0.0931456231175487,0.3001394413036818,45,35,6,0,1,1
51433,9,4,1,42,1,3,1,3.0,0,0,0,2411803.590079,0,1,0,4,324,0,0,0,0,0,0,0,0,0,0,0,0,0,0,0,0,0,0,0,0,0,0,0,0,0,0,0,0,0,0,0,0,0,0,0,0,0,0,0,0,0,0,0,0,0,0,0,0,0,0,0,0,0,0,0,0,0,0,0,0,0,0,0,0,0,0,0,0,0,0,0,0,0,0,0,0,0,0,0,0,0,0,0,0,0,0,0,0,0,0,0,0,0,0,0,0,0,0,0,0,0,0,0,0,0,0,0,0,0,0,0,0,0,0,0,0,0,0,0,0,0,0,0,0,0,0,0,0,0,0,0,0,0,0,0,0,0,0,0,0,0,0,0,0,0,0,0,0,0,0,0,0,0,0,713.0622222222222,4,0.0,0.0,0.4371613965898834,0.3282914190093762,0.1488465748326334,0.1469104660523266,0.1343596910113949,0.0,0.1394947502657563,0.2343237226718536,0.0,0.2269649385285144,0.1436324001515827,0.1428179826684905,0.2885336633765916,0.2410418558312415,0.1238647772300374,0.3769072162755424,0.1347097043384477,0.3695274833187898,0.1078019208829654,0.0857001835832486,0.0,46,56,10,11,2,1
51649,10,7,2,56,2,4,1,3.0,0,0,0,2413133.441545,0,2,0,4,264,0,0,0,0,0,0,0,0,0,0,0,0,0,0,0,0,0,0,0,0,0,0,0,0,0,0,0,0,0,0,0,0,0,0,0,0,0,0,0,0,0,0,0,0,0,0,0,0,0,0,0,0,0,0,0,0,0,0,0,0,0,0,0,0,0,0,0,0,0,0,0,0,0,0,0,0,0,0,0,0,0,0,0,0,0,0,0,0,0,0,0,0,0,0,0,0,0,0,0,0,0,0,0,0,0,0,0,0,0,0,0,0,0,0,0,0,0,0,0,0,0,0,0,0,0,0,0,0,0,0,0,0,0,0,0,0,0,0,0,0,0,0,0,0,0,0,0,0,0,0,0,0,0,0,336.52416666666664,4,0.0,0.0,0.4308969435801082,0.2157247035964085,0.1467136271822265,0.0,0.1324343380929659,0.0,0.1374958127681484,0.4619318022827967,0.0,0.1118562835999129,0.1415741707917865,0.1407714237811856,0.2843990220517616,0.2375877645253242,0.0,0.371506196048639,0.1327793357849302,0.3642322134868044,0.1062571365698886,0.0844721136366014,0.0,55,57,6,2,4,1
51210,14,8,11,658,5,4,1,3.0,0,0,0,3263979.548729,0,11,0,4,314,0,0,0,0,0,0,0,0,0,0,0,0,0,0,0,0,0,0,0,0,0,0,0,0,0,0,0,0,0,0,0,0,0,0,0,0,0,0,0,0,0,0,0,0,0,0,0,0,0,0,0,0,0,0,0,0,0,0,0,0,0,0,0,0,0,0,0,0,0,0,0,0,0,0,0,0,0,0,0,0,0,0,0,0,0,0,0,0,0,0,0,0,0,0,0,0,0,0,0,0,0,0,0,0,0,0,0,0,0,0,0,0,0,0,0,0,0,0,0,0,0,0,0,0,0,0,0,0,0,0,0,0,0,0,0,0,0,0,0,0,0,0,0,0,0,0,0,0,0,0,0,0,0,0,245.3622222222222,4,0.0,0.0,0.3725372813247236,0.2797611904299121,0.1268430807367621,0.500772721911909,0.1144977447676432,0.0,0.118873705291568,0.2995266391600722,0.0,0.1934134665480718,0.1223997001565387,0.1217056753012308,0.2458806915785799,0.2054094399855679,0.0,0.3211902760816862,0.1147960167886973,0.3149014645030412,0.0918659214665256,0.0730314104817552,0.0,44,48,4,82,5,0
51448,14,1,14,109,8,2,1,3.0,0,0,0,3380858.266295,0,14,0,4,234,0,0,0,0,0,0,0,0,0,0,0,0,0,0,0,0,0,0,0,0,0,0,0,0,0,0,0,0,0,0,0,0,0,0,0,0,0,0,0,0,0,0,0,0,0,0,0,0,0,0,0,0,0,0,0,0,0,0,0,0,0,0,0,0,0,0,0,0,0,0,0,0,0,0,0,0,0,0,0,0,0,0,0,0,0,0,0,0,0,0,0,0,0,0,0,0,0,0,0,0,0,0,0,0,0,0,0,0,0,0,0,0,0,0,0,0,0,0,0,0,0,0,0,0,0,0,0,0,0,0,0,0,0,0,0,0,0,0,0,0,0,0,0,0,0,0,0,0,0,0,0,0,0,0,428.24916666666667,4,0.0,0.0,0.2813221079262138,0.316893147691793,0.1436786248150704,0.141809737691805,0.1296947253022217,0.0,0.0,0.5654700195972961,0.0,0.2190847205297226,0.1386454861717304,0.1378593452469048,0.1392578902585341,0.2326728875531526,0.0,0.3638210054765298,0.1300325861737564,0.3566974966962915,0.0,0.08272467497143,0.0,48,68,13,12,3,1
51271,6,0,1,2,1,1,1,3.0,0,0,0,4202983.138719,0,1,0,4,165,0,0,0,0,0,0,0,0,0,0,0,0,0,0,0,0,0,0,0,0,0,0,0,0,0,0,0,0,0,0,0,0,0,0,0,0,0,0,0,0,0,0,0,0,0,0,0,0,0,0,0,0,0,0,0,0,0,0,0,0,0,0,0,0,0,0,0,0,0,0,0,0,0,0,0,0,0,0,0,0,0,0,0,0,0,0,0,0,0,0,0,0,0,0,0,0,0,0,0,0,0,0,0,0,0,0,0,0,0,0,0,0,0,0,0,0,0,0,0,0,0,0,0,0,0,0,0,0,0,0,0,0,0,0,0,0,0,0,0,0,0,0,0,0,0,0,0,0,0,0,0,0,0,0,551.0772222222222,4,0.0,0.0,0.3402890885040064,0.2555440361610664,0.1737946179780974,0.0,0.1568796003350226,0.0,0.0,0.4103977727813187,0.0,0.1325031658616892,0.1677065000769416,0.1667555787977126,0.1684472681240417,0.2814426687213081,0.0,0.4400803024150925,0.1572882790871592,0.4314636589253694,0.0,0.1000643157778466,0.0,44,41,3,0,2,1
51439,6,1,1,2,1,2,1,4.0,0,0,0,4244445.119982,0,1,0,4,310,0,0,0,0,0,0,0,0,0,0,0,0,0,0,0,0,0,0,0,0,0,0,0,0,0,0,0,0,0,0,0,0,0,0,0,0,0,0,0,0,0,0,0,0,0,0,0,0,0,0,0,0,0,0,0,0,0,0,0,0,0,0,0,0,0,0,0,0,0,0,0,0,0,0,0,0,0,0,0,0,0,0,0,0,0,0,0,0,0,0,0,0,0,0,0,0,0,0,0,0,0,0,0,0,0,0,0,0,0,0,0,0,0,0,0,0,0,0,0,0,0,0,0,0,0,0,0,0,0,0,0,0,0,0,0,0,0,0,0,0,0,0,0,0,0,0,0,0,0,0,0,0,0,0,205.525,4,0.0,0.0,0.4405540564146946,0.330839176237694,0.150001722104178,0.1480505878469497,0.1354024105408963,0.0,0.1405773212308287,0.2361422288027936,0.0,0.2287263356568816,0.1447470819998353,0.1439263441016811,0.2907728742846894,0.2429124990919587,0.0,0.3798322640503784,0.1357551402014638,0.3723952595144893,0.1086385346573519,0.0863652733466401,0.0,48,37,12,1,2,1
51451,7,1,1,1,1,2,2,3.0,0,0,0,4246117.438987,0,1,0,4,236,0,0,0,0,0,0,0,0,0,0,0,0,0,0,0,0,0,0,0,0,0,0,0,0,0,0,0,0,0,0,0,0,0,0,0,0,0,0,0,0,0,0,0,0,0,0,0,0,0,0,0,0,0,0,0,0,0,0,0,0,0,0,0,0,0,0,0,0,0,0,0,0,0,0,0,0,0,0,0,0,0,0,0,0,0,0,0,0,0,0,0,0,0,0,0,0,0,0,0,0,0,0,0,0,0,0,0,0,0,0,0,0,0,0,0,0,0,0,0,0,0,0,0,0,0,0,0,0,0,0,0,0,0,0,0,0,0,0,0,0,0,0,0,0,0,0,0,0,0,0,0,0,0,0,186.0822222222222,4,0.0,0.0,0.4926823564730254,0.123328509172361,0.1677505878001338,0.0,0.1514238212679676,0.0,0.1572110502268887,0.1320418096886601,0.0,0.2557902450290863,0.0,0.1609563442625892,0.3251784039100206,0.2716549779233539,0.0,0.4247756936793987,0.0,0.4164587099483639,0.1214931254846466,0.0965843936068689,0.0,50,35,15,2,3,1
51425,9,3,19,633,14,2,1,2.0,0,0,0,4299219.888719,0,19,0,4,291,0,0,0,0,0,0,0,0,0,0,0,0,0,0,0,0,0,0,0,0,0,0,0,0,0,0,0,0,0,0,0,0,0,0,0,0,0,0,0,0,0,0,0,0,0,0,0,0,0,0,0,0,0,0,0,0,0,0,0,0,0,0,0,0,0,0,0,0,0,0,0,0,0,0,0,0,0,0,0,0,0,0,0,0,0,0,0,0,0,0,0,0,0,0,0,0,0,0,0,0,0,0,0,0,0,0,0,0,0,0,0,0,0,0,0,0,0,0,0,0,0,0,0,0,0,0,0,0,0,0,0,0,0,0,0,0,0,0,0,0,0,0,0,0,0,0,0,0,0,0,0,0,0,0,201.64944444444444,4,0.0,0.0,0.3773036784332123,0.1888937143985738,0.1284659639314471,0.0,0.1159626765931195,0.0,0.120394624978216,0.6067178154195254,0.0,0.1958880789799319,0.1239657328897767,0.1232628283914656,0.2490265915357759,0.2080375338969262,0.0,0.3252997182232796,0.1162647648306168,0.3189304449705232,0.0930412923203893,0.0739658047590508,0.0,47,35,10,16,2,1
51413,7,1,1,75,3,2,1,3.0,0,0,0,4321372.9695,0,1,0,4,125,0,0,0,0,0,0,0,0,0,0,0,0,0,0,0,0,0,0,0,0,0,0,0,0,0,0,0,0,0,0,0,0,0,0,0,0,0,0,0,0,0,0,0,0,0,0,0,0,0,0,0,0,0,0,0,0,0,0,0,0,0,0,0,0,0,0,0,0,0,0,0,0,0,0,0,0,0,0,0,0,0,0,0,0,0,0,0,0,0,0,0,0,0,0,0,0,0,0,0,0,0,0,0,0,0,0,0,0,0,0,0,0,0,0,0,0,0,0,0,0,0,0,0,0,0,0,0,0,0,0,0,0,0,0,0,0,0,0,0,0,0,0,0,0,0,0,0,0,0,0,0,0,0,0,220.73694444444445,4,0.3326449570019176,0.0,0.3683141228273957,0.1382948802975317,0.1881077426083018,0.185660947628188,0.1697996625190819,0.0,0.0,0.0,0.0,0.1434156690734631,0.0,0.1804889924665659,0.1823200034844699,0.3046213151059338,0.0,0.47632379654078,0.0,0.4669975160461987,0.0,0.1083052673068805,0.0,47,33,6,5,1,1
51412,9,2,34,2658,94,3,2,3.0,0,0,0,4308064.315576,0,34,0,4,296,0,0,0,0,0,0,0,0,0,0,0,0,1,0,0,0,0,0,0,0,0,0,0,0,0,0,0,0,0,0,0,0,0,0,0,0,0,0,0,0,0,0,0,0,0,0,0,0,0,0,0,0,0,0,0,0,0,0,0,0,0,0,0,0,0,0,0,0,0,0,0,0,0,0,0,0,0,0,0,0,0,0,0,0,0,0,0,0,0,0,0,0,0,0,0,0,0,0,0,0,0,0,0,0,0,0,0,0,0,0,0,0,0,0,0,0,0,0,0,0,0,0,0,0,0,0,0,0,0,0,0,0,0,0,0,0,0,0,0,0,0,0,0,0,0,0,0,0,0,0,0,0,0,1,225.4088888888889,4,0.0,0.0,0.4405540564146946,0.330839176237694,0.150001722104178,0.1480505878469497,0.1354024105408963,0.0,0.1405773212308287,0.2361422288027936,0.0,0.2287263356568816,0.1447470819998353,0.1439263441016811,0.2907728742846894,0.2429124990919587,0.0,0.3798322640503784,0.1357551402014638,0.3723952595144893,0.1086385346573519,0.0863652733466401,0.0,46,34,5,54,1,1
51407,12,4,2,18,2,2,1,4.0,0,0,0,4403934.974824,0,2,0,4,293,0,0,0,0,0,0,0,0,0,0,0,0,0,0,0,0,0,0,0,0,0,0,0,0,0,0,0,0,0,0,0,0,0,0,0,0,0,0,0,0,0,0,0,0,0,0,0,0,0,0,0,0,0,0,0,0,0,0,0,0,0,0,0,0,0,0,0,0,0,0,0,0,0,0,0,0,0,0,0,0,0,0,0,0,0,0,0,0,0,0,0,0,0,0,0,0,0,0,0,0,0,0,0,0,0,0,0,0,0,0,0,0,0,0,0,0,0,0,0,0,0,0,0,0,0,0,0,0,0,0,0,0,0,0,0,0,0,0,0,0,0,0,0,0,0,0,0,0,0,0,0,0,0,0,211.17361111111111,4,0.0,0.0,0.4405540564146946,0.330839176237694,0.150001722104178,0.1480505878469497,0.1354024105408963,0.0,0.1405773212308287,0.2361422288027936,0.0,0.2287263356568816,0.1447470819998353,0.1439263441016811,0.2907728742846894,0.2429124990919587,0.0,0.3798322640503784,0.1357551402014638,0.3723952595144893,0.1086385346573519,0.0863652733466401,0.0,45,33,5,0,0,1
51272,16,2,10,89,6,2,1,3.0,0,0,0,4833769.687458,0,10,0,4,99,0,0,0,0,0,0,0,0,0,0,0,0,0,0,0,0,0,0,0,0,0,0,0,0,0,0,0,0,0,0,0,0,0,0,0,0,0,0,0,0,0,0,0,0,0,0,0,0,0,0,0,0,0,0,0,0,0,0,0,0,0,0,0,0,0,0,0,0,0,0,0,0,0,0,0,0,0,0,0,0,0,0,0,0,0,0,0,0,0,0,0,0,0,0,0,0,0,0,0,0,0,0,0,0,0,0,0,0,0,0,0,0,0,0,0,0,0,0,0,0,0,0,0,0,0,0,0,0,0,0,0,0,0,0,0,0,0,0,0,0,0,0,0,0,0,0,0,0,0,0,0,0,0,0,374.6705555555555,4,0.4962588557118164,0.0,0.0,0.4126324936100568,0.0,0.0,0.0,0.0,0.0,0.0,0.0,0.4279114673314049,0.0,0.0,0.5439909092146907,0.0,0.0,0.0,0.0,0.0,0.0,0.3231520387724685,0.0,45,42,4,1,2,1
51289,7,17,17,42,6,3,1,3.0,0,0,0,5167265.418491,1,17,0,4,217,0,0,0,0,0,0,0,0,0,0,0,0,0,0,0,0,0,0,0,0,0,0,0,0,0,0,0,0,0,0,0,0,0,0,0,0,0,0,0,0,0,0,0,0,0,0,0,0,0,0,0,0,0,0,0,0,0,0,0,0,0,0,0,0,0,0,0,0,0,0,0,0,0,0,0,0,0,0,0,0,0,0,0,0,0,0,0,0,0,0,0,0,0,0,0,0,0,0,0,0,0,0,0,0,0,0,0,0,0,0,0,0,0,0,0,0,0,0,0,0,0,0,0,0,0,0,0,0,0,0,0,0,0,0,0,0,0,0,0,0,0,0,0,0,0,0,0,0,0,0,0,0,0,0,262.29333333333335,4,0.1756450368959638,0.0,0.3889585357095885,0.0,0.1986513890884639,0.196067448550586,0.1793171209140827,0.0,0.1861703968801402,0.0,0.0,0.0,0.0,0.1906055995968251,0.1925392408021226,0.3216956758540026,0.0,0.5030222707831314,0.0,0.4931732419787453,0.0,0.0,0.0,44,48,6,2,3,1
50431,14,6,24,380,15,4,2,4.0,0,0,0,5543914.294403,0,24,0,4,270,0,0,0,0,0,0,0,0,0,0,0,0,0,0,0,0,0,0,0,0,0,0,0,0,0,0,0,0,0,0,0,0,0,0,0,0,0,0,0,0,0,0,0,0,0,0,0,0,0,0,0,0,0,0,0,0,0,0,0,0,0,0,0,0,0,0,0,0,0,0,0,0,0,0,0,0,0,0,0,0,0,0,0,0,0,0,0,0,0,0,0,0,0,0,0,0,0,0,0,0,0,0,0,0,0,0,0,0,0,0,0,0,0,0,0,0,0,0,0,0,0,0,0,0,0,0,0,0,0,0,0,0,0,0,0,0,0,0,0,0,0,0,0,0,0,0,0,0,0,0,0,0,0,0,446.2880555555555,4,0.0,0.0,0.4595739772793402,0.3451224063188677,0.1564777057943531,0.1544423357466958,0.1412481021101187,0.0,0.1466464278165989,0.1231685666200666,0.0,0.1193005378747618,0.1509962085370649,0.1501400371440961,0.3033263327716872,0.2533996945733989,0.0,0.3962306594320272,0.1416160600727138,0.3884725791151232,0.1133287566674493,0.0900938978833765,0.0,102,46,7,7,3,1
50038,24,30,123,3971,38,3,0,3.0,4,0,0,6708209.277908,0,123,0,4,248,0,0,0,0,0,0,0,0,0,0,0,0,1,0,0,0,0,0,0,0,0,0,0,0,0,0,0,0,0,0,0,0,0,0,0,0,0,0,0,0,0,0,0,0,0,0,0,0,0,0,0,0,0,0,0,0,0,0,0,0,0,0,0,0,0,0,0,0,0,0,0,0,0,0,0,0,0,0,0,0,0,0,0,0,0,0,0,0,0,0,0,0,0,0,0,0,0,0,0,0,0,0,0,0,0,0,0,0,0,0,0,0,0,0,0,0,0,0,0,0,0,0,0,0,0,0,0,0,0,0,0,0,0,0,0,0,0,0,0,0,0,0,0,0,0,0,0,0,0,0,0,0,0,1,1136.7230555555554,4,0.0,0.0,0.2299637649551626,0.0,0.0,0.0,0.0,0.0,0.2201388655047762,0.1848949812504185,0.0,0.3581769491815331,0.0,0.0,0.4553395249258522,0.0,0.0,0.0,0.0,0.0,0.6804956463866967,0.1352448113755195,0.2178969916506074,1,57,1,0,2,1
50690,13,3,5,1180,219,3,1,3.0,4,0,0,7595978.487884,0,5,0,4,488,0,0,0,0,0,0,0,0,0,0,0,0,1,0,0,0,0,0,0,0,0,0,0,0,0,0,0,0,0,0,0,0,0,0,0,0,0,0,0,0,0,0,0,0,0,0,0,0,0,0,0,0,0,0,0,0,0,0,0,0,0,0,0,0,0,0,0,0,0,0,0,0,0,0,0,0,0,0,0,0,0,0,0,0,0,0,0,0,0,0,0,0,0,0,0,0,0,0,0,0,0,0,0,0,0,0,0,0,0,0,0,0,0,0,0,0,0,0,0,0,0,0,0,0,0,0,0,0,0,0,0,0,0,0,0,0,0,0,0,0,0,0,0,0,0,0,0,0,0,0,0,0,0,1,370.4205555555555,4,0.7506952178531511,0.0885393376768469,0.0923546077362898,0.0693547633947296,0.0,0.0931088053779825,0.0,0.0,0.1768177571381257,0.2227642707422249,0.0945334573229689,0.0,0.0,0.0,0.0,0.0763836636204836,0.3925146296993884,0.0,0.0,0.0,0.0683226208491477,0.3802049881107562,0.0875085307232342,50,68,9,3,1,1
50926,5,0,4,13,1,1,1,2.0,0,0,0,7754633.966961,0,4,0,4,241,0,0,0,0,0,0,0,0,0,0,0,0,0,0,0,0,0,0,0,0,0,0,0,0,0,0,0,0,0,0,0,0,0,0,0,0,0,0,0,0,0,0,0,0,0,0,0,0,0,0,0,0,0,0,0,0,0,0,0,0,0,0,0,0,0,0,0,0,0,0,0,0,0,0,0,0,0,0,0,0,0,0,0,0,0,0,0,0,0,0,0,0,0,0,0,0,0,0,0,0,0,0,0,0,0,0,0,0,0,0,0,0,0,0,0,0,0,0,0,0,0,0,0,0,0,0,0,0,0,0,0,0,0,0,0,0,0,0,0,0,0,0,0,0,0,0,0,0,0,0,0,0,0,0,205.55083333333337,4,0.0,0.0,0.4615445172423529,0.11553406871653,0.1571486436364252,0.0,0.1418537391645825,0.0,0.1472752115613975,0.3710900492449192,0.0,0.2396241383645256,0.0,0.1507838006247704,0.3046269213387317,0.2544862100191344,0.0,0.3979295988576316,0.0,0.3901382538041313,0.1138146824487431,0.090480198315907,0.0,69,71,2,2,3,1
50486,8,0,2,6,1,1,1,3.0,0,0,0,8598648.344643,0,2,0,4,287,0,0,0,0,0,0,0,0,0,0,0,0,0,0,0,0,0,0,0,0,0,0,0,0,0,0,0,0,0,0,0,0,0,0,0,0,0,0,0,0,0,0,0,0,0,0,0,0,0,0,0,0,0,0,0,0,0,0,0,0,0,0,0,0,0,0,0,0,0,0,0,0,0,0,0,0,0,0,0,0,0,0,0,0,0,0,0,0,0,0,0,0,0,0,0,0,0,0,0,0,0,0,0,0,0,0,0,0,0,0,0,0,0,0,0,0,0,0,0,0,0,0,0,0,0,0,0,0,0,0,0,0,0,0,0,0,0,0,0,0,0,0,0,0,0,0,0,0,0,0,0,0,0,0,728.7925,4,0.0,0.0,0.441268010892197,0.110458442876607,0.1502448123664738,0.0,0.1356218414049701,0.0,0.1408051384679342,0.2365249169181935,0.0,0.1145485028504287,0.0,0.1441595887087974,0.2912440959032605,0.2433061589932643,0.12502834032068,0.3804478138147492,0.0,0.3729987569946732,0.1088145924353216,0.4325261772639259,0.0,95,67,6,1,0,1
50522,9,3,10,39,7,2,1,3.0,0,0,0,8606643.797426,0,10,0,4,337,0,0,0,0,0,0,0,0,0,0,0,0,0,0,0,0,0,0,0,0,0,0,0,0,0,0,0,0,0,0,0,0,0,0,0,0,0,0,0,0,0,0,0,0,0,0,0,0,0,0,0,0,0,0,0,0,0,0,0,0,0,0,0,0,0,0,0,0,0,0,0,0,0,0,0,0,0,0,0,0,0,0,0,0,0,0,0,0,0,0,0,0,0,0,0,0,0,0,0,0,0,0,0,0,0,0,0,0,0,0,0,0,0,0,0,0,0,0,0,0,0,0,0,0,0,0,0,0,0,0,0,0,0,0,0,0,0,0,0,0,0,0,0,0,0,0,0,0,0,0,0,0,0,0,675.1494444444445,4,0.0,0.0,0.3412455735239264,0.2562623196758054,0.116188746746742,0.344032295411422,0.1048803718153873,0.0,0.1088887683801412,0.091455848751935,0.0,0.0885837372903318,0.1121185931527404,0.1114828637327284,0.450455306474712,0.1881558320977948,0.1933762096790577,0.2942115204740163,0.1051535901266629,0.2884509450322579,0.0841495351731608,0.3344852556298225,0.2155597104597396,92,64,7,0,2,1
50708,21,8,11,845,23,3,1,3.0,0,0,0,8607240.397404,0,11,0,4,300,0,0,0,0,0,0,0,0,0,0,0,0,0,0,0,0,0,0,0,0,0,0,0,0,0,0,0,0,0,0,0,0,0,0,0,0,0,0,0,0,0,0,0,0,0,0,0,0,0,0,0,0,0,0,0,0,0,0,0,0,0,0,0,0,0,0,0,0,0,0,0,0,0,0,0,0,0,0,0,0,0,0,0,0,0,0,0,0,0,0,0,0,0,0,0,0,0,0,0,0,0,0,0,0,0,0,0,0,0,0,0,0,0,0,0,0,0,0,0,0,0,0,0,0,0,0,0,0,0,0,0,0,0,0,0,0,0,0,0,0,0,0,0,0,0,0,0,0,0,0,0,0,0,0,344.1177777777778,4,0.1274255801729626,0.0,0.4232678698349196,0.3178579140178301,0.1441160476498731,0.2844829415748214,0.1300895748107946,0.0,0.1350614355675409,0.2268766266206935,0.0,0.219751713686425,0.1390675858519849,0.1382790515579832,0.2793637087486189,0.2333812492470805,0.0,0.3649286414647024,0.1304284642839072,0.3577834454960713,0.1043758432747702,0.0829765263646398,0.0,50,63,6,0,2,1
50652,13,0,4,80,11,1,1,3.0,0,0,0,8984317.811393,0,4,0,4,298,0,0,0,0,0,0,0,0,0,0,0,0,0,0,0,0,0,0,0,0,0,0,0,0,0,0,0,0,0,0,0,0,0,0,0,0,0,0,0,0,0,0,0,0,0,0,0,0,0,0,0,0,0,0,0,0,0,0,0,0,0,0,0,0,0,0,0,0,0,0,0,0,0,0,0,0,0,0,0,0,0,0,0,0,0,0,0,0,0,0,0,0,0,0,0,0,0,0,0,0,0,0,0,0,0,0,0,0,0,0,0,0,0,0,0,0,0,0,0,0,0,0,0,0,0,0,0,0,0,0,0,0,0,0,0,0,0,0,0,0,0,0,0,0,0,0,0,0,0,0,0,0,0,0,358.65305555555557,4,0.0,0.0,0.4259586153373499,0.3198785605480969,0.1450322041424346,0.1431457104546681,0.1309165639665549,0.0,0.1359200312139501,0.3424783474544756,0.0,0.2211486917643588,0.1399516488953503,0.1391581018298715,0.2811396447372182,0.2348648713018518,0.0,0.3672485201295113,0.1312576077853917,0.3600579016157574,0.1050393683161665,0.0835040143481005,0.0,48,60,9,3,4,1
50051,17,19,83,751351,134,5,1,4.0,0,0,0,9923887.880035,0,83,0,4,296,0,0,0,0,0,0,0,0,0,0,0,0,0,0,0,0,0,0,0,0,0,0,0,0,0,0,0,0,0,0,0,0,0,0,0,0,0,0,0,0,0,0,0,0,0,0,0,0,0,0,0,0,0,0,0,0,0,0,0,0,0,0,0,0,0,0,0,0,0,0,0,0,0,0,0,0,0,0,0,0,0,0,0,0,0,0,0,0,0,0,0,0,0,0,0,0,0,0,0,0,0,0,0,0,0,0,0,0,0,0,0,0,0,0,0,0,0,0,0,0,0,0,0,0,0,0,0,0,0,0,0,0,0,0,0,0,0,0,0,0,0,0,0,0,0,0,0,0,0,0,0,0,0,0,979.8636111111113,4,0.0,0.0,0.4090517627397285,0.2047881090532987,0.1392756869385219,0.1374640706439035,0.1257203149182367,0.0,0.1305251880295285,0.3288849354895502,0.0,0.3185565179453614,0.0,0.1336347354025036,0.40497126873946,0.2255427784588301,0.0,0.3526719477279722,0.0,0.3457667342346132,0.1008702188891448,0.0801896311872507,0.1291959315818636,3,48,3,0,2,1
50354,11,0,1,2,1,1,1,3.0,0,0,0,9924081.064183,0,1,0,4,376,0,0,1,0,0,0,0,0,0,0,0,0,0,0,0,0,0,0,0,0,0,0,0,0,0,0,0,0,0,0,0,0,0,0,0,0,0,0,0,0,0,0,0,0,0,0,0,0,0,0,0,0,0,0,0,0,0,0,0,0,0,0,0,0,0,0,0,0,0,0,0,0,0,0,0,0,0,0,0,0,0,0,0,0,0,0,0,0,0,0,0,0,0,0,0,0,0,0,0,0,0,0,0,0,0,0,0,0,0,0,0,0,0,0,0,0,0,0,0,0,0,0,0,0,0,0,0,0,0,0,0,0,0,0,0,0,0,0,0,0,0,0,0,0,0,0,0,0,0,0,0,0,0,1,560.0505555555555,4,0.0,0.1081314773664935,0.1127909970659231,0.1694034137830878,0.0,0.1137120848825069,0.0,0.0,0.0,0.0,0.692711917828231,0.0,0.0,0.0,0.0,0.0932859744681378,0.4793709543239097,0.0,0.0,0.0,0.0,0.4643374136881196,0.0,82,47,7,2,6,0
31534,4,9,1,7,1,6,5,3.0,0,0,0,24999.387327,2,1,0,5,174,0,0,0,0,0,0,0,0,0,0,0,0,0,0,0,0,0,0,0,0,0,0,0,0,0,0,0,0,0,0,0,0,0,0,0,0,0,0,0,0,0,0,0,0,0,0,0,0,0,0,0,0,0,0,0,0,0,0,0,0,0,0,0,0,0,0,0,0,0,0,0,0,0,0,0,0,0,0,0,0,0,0,0,0,0,0,0,0,0,0,0,0,0,0,0,0,0,0,0,0,0,0,0,0,0,0,0,0,0,0,0,0,0,0,0,0,0,0,0,0,0,0,0,0,0,0,0,0,0,0,0,0,0,0,0,0,0,0,0,0,0,0,0,0,0,0,0,0,0,0,0,0,0,0,212.16444444444448,4,0.0,0.0,0.0,0.0,0.0,0.0,0.0,0.0,0.0,0.0,0.0,0.0,0.0,0.0,0.0,0.0,0.0,0.0,0.0,0.0,0.0,0.7787502896588745,0.6273340309246893,23,19,6,12,2,1
31325,15,30,2,21,5,7,4,3.0,0,0,0,678020.761778,3,2,0,5,3,0,0,0,0,0,0,0,0,0,0,0,0,0,0,0,0,0,0,0,0,0,0,0,0,0,0,0,0,0,0,0,0,0,0,0,0,0,0,0,0,0,0,0,0,0,0,0,0,0,0,0,0,0,0,0,0,0,0,0,0,0,0,0,0,0,0,0,0,0,0,0,0,0,0,0,0,0,0,0,0,0,0,0,0,0,0,0,0,0,0,0,0,0,0,0,0,0,0,0,0,0,0,0,0,0,0,0,0,0,0,0,0,0,0,0,0,0,0,0,0,0,0,0,0,0,0,0,0,0,0,0,0,0,0,0,0,0,0,0,0,0,0,0,0,0,0,0,0,0,0,0,0,0,0,716.0069444444445,4,0.0,0.0,0.0,0.0,0.0,0.0,0.0,0.0,0.0,0.0,0.0,0.0,0.0,0.0,0.0,0.0,0.0,0.0,0.0,0.0,0.0,0.0,0.0,31,37,32,7,1,1
31393,1,4,1,43,5,5,5,6.0,0,0,0,715904.482246,1,1,0,5,66,0,0,0,0,0,0,0,0,0,0,0,0,0,0,0,0,0,0,0,0,0,0,0,0,0,0,0,0,0,0,0,0,0,0,0,0,0,0,0,0,0,0,0,0,0,0,0,0,0,0,0,0,0,0,0,0,0,0,0,0,0,0,0,0,0,0,0,0,0,0,0,0,0,0,0,0,0,0,0,0,0,0,0,0,0,0,0,0,0,0,0,0,0,0,0,0,0,0,0,0,0,0,0,0,0,0,0,0,0,0,0,0,0,0,0,0,0,0,0,0,0,0,0,0,0,0,0,0,0,0,0,0,0,0,0,0,0,0,0,0,0,0,0,0,0,0,0,0,0,0,0,0,0,0,465.2975,4,0.0,0.5361689750195903,0.0,0.0,0.0,0.0,0.0,0.0,0.0,0.0,0.0,0.0,0.5512591957885984,0.5481334725792681,0.0,0.0,0.0,0.0,0.0,0.0,0.0,0.3289161375231417,0.0,29,36,31,34,4,1
31196,10,4,3,82,5,4,7,5.0,0,0,0,765145.85521,0,3,0,5,119,0,0,0,0,0,0,0,0,0,0,0,0,0,0,0,0,0,0,0,0,0,0,0,0,0,0,0,0,0,0,0,0,0,0,0,0,0,0,0,0,0,0,0,0,0,0,0,0,0,0,0,0,0,0,0,0,0,0,0,0,0,0,0,0,0,0,0,0,0,0,0,0,0,0,0,0,0,0,0,0,0,0,0,0,0,0,0,0,0,0,0,0,0,0,0,0,0,0,0,0,0,0,0,0,0,0,0,0,0,0,0,0,0,0,0,0,0,0,0,0,0,0,0,0,0,0,0,0,0,0,0,0,0,0,0,0,0,0,0,0,0,0,0,0,0,0,0,0,0,0,0,0,0,0,1154.4475,4,0.0,0.0,0.0,0.0,0.0,0.0,0.0,0.0,0.0,0.0,0.0,0.0,0.0,0.0,0.0,0.0,0.0,0.0,0.0,0.0,0.0,0.2963960219679354,0.955065127706788,30,36,34,3,3,1
31318,17,14,3,200,21,5,6,5.0,0,0,0,828052.162327,0,3,0,5,72,0,0,0,0,0,0,0,0,0,0,0,0,0,0,0,0,0,0,0,0,0,0,0,0,0,0,0,0,0,0,0,0,0,0,0,0,0,0,0,0,0,0,0,0,0,0,0,0,0,0,0,0,0,0,0,0,0,0,0,0,0,0,0,0,0,0,0,0,0,0,0,0,0,0,0,0,0,0,0,0,0,0,0,0,0,0,0,0,0,0,0,0,0,0,0,0,0,0,0,0,0,0,0,0,0,0,0,0,0,0,0,0,0,0,0,0,0,0,0,0,0,0,0,0,0,0,0,0,0,0,0,0,0,0,0,0,0,0,0,0,0,0,0,0,0,0,0,0,0,0,0,0,0,0,697.3208333333333,4,0.0,0.0,0.0,0.0,0.0,0.0,0.0,0.0,0.0,0.0,0.0,0.0,0.0,0.0,0.0,0.0,0.0,0.0,0.0,0.0,0.7985655638018686,0.3174211315556199,0.5114067515703655,33,41,32,6,0,1
31197,3,5,4,49,5,7,9,3.0,0,0,0,880003.526835,1,4,0,5,8,0,0,0,0,0,0,0,0,0,0,0,0,0,0,0,0,0,0,0,0,0,0,0,0,0,0,0,0,0,0,0,0,0,0,0,0,0,0,0,0,0,0,0,0,0,0,0,0,0,0,0,0,0,0,0,0,0,0,0,0,0,0,0,0,0,0,0,0,0,0,0,0,0,0,0,0,0,0,0,0,0,0,0,0,0,0,0,0,0,0,0,0,0,0,0,0,0,0,0,0,0,0,0,0,0,0,0,0,0,0,0,0,0,0,0,0,0,0,0,0,0,0,0,0,0,0,0,0,0,0,0,0,0,0,0,0,0,0,0,0,0,0,0,0,0,0,0,0,0,0,0,0,0,0,1127.4272222222223,4,0.0,0.0,0.0,0.0,0.0,0.0,0.0,0.0,0.0,0.0,0.0,0.0,0.0,0.0,0.0,0.0,0.8223548294979172,0.0,0.0,0.0,0.0,0.5689749857431797,0.0,31,41,35,4,3,1
31374,5,16,3,68,2,5,7,3.0,0,0,0,902610.252524,0,3,0,5,78,0,0,0,0,0,0,0,0,0,0,0,0,0,0,0,0,0,0,0,0,0,0,0,0,0,0,0,0,0,0,0,0,0,0,0,0,0,0,0,0,0,0,0,0,0,0,0,0,0,0,0,0,0,0,0,0,0,0,0,0,0,0,0,0,0,0,0,0,0,0,0,0,0,0,0,0,0,0,0,0,0,0,0,0,0,0,0,0,0,0,0,0,0,0,0,0,0,0,0,0,0,0,0,0,0,0,0,0,0,0,0,0,0,0,0,0,0,0,0,0,0,0,0,0,0,0,0,0,0,0,0,0,0,0,0,0,0,0,0,0,0,0,0,0,0,0,0,0,0,0,0,0,0,0,315.53222222222223,4,0.2751628691240408,0.2920821106288482,0.3046682916509879,0.0,0.0,0.0,0.0,0.0,0.0,0.0,0.0,0.0,0.0,0.0,0.0,0.0,0.0,0.0,0.0,0.0,0.6761677631071349,0.537538672379193,0.0,28,43,34,4,1,1
31223,11,15,3,113,9,4,1,4.0,0,0,0,902710.028768,1,3,1,5,137,0,0,0,0,0,0,0,0,0,0,0,0,0,0,0,0,0,0,0,0,0,0,0,0,0,0,0,0,0,0,0,0,0,0,0,0,0,0,0,0,0,0,0,0,0,0,0,0,0,0,0,0,0,0,0,0,0,0,0,0,0,0,0,0,0,0,0,0,0,0,0,0,0,0,0,0,0,0,0,0,0,0,0,0,0,0,0,0,0,0,0,0,0,0,0,0,0,0,0,0,0,0,0,0,0,0,0,0,0,0,0,0,0,0,0,0,0,0,0,0,0,0,0,0,0,0,0,0,0,0,0,0,0,0,0,0,0,0,0,0,0,0,0,0,0,0,0,0,0,0,0,0,0,0,917.9205555555556,4,0.0,0.0,0.0,0.1664433959288485,0.0,0.0,0.0,0.2046878835144424,0.0,0.3564056252144603,0.2268693438715633,0.5178194074568613,0.0,0.0,0.0,0.0,0.1883979260287847,0.0,0.0,0.0,0.0,0.5213988095222533,0.4200206680375159,35,46,33,6,1,1
31346,15,24,1,34,5,6,4,4.0,0,0,0,1186211.445831,0,1,0,5,14,0,0,0,0,0,0,0,0,0,0,0,0,0,0,0,0,0,0,0,0,0,0,0,0,0,0,0,0,0,0,0,0,0,0,0,0,0,0,0,0,0,0,0,0,0,0,0,0,0,0,0,0,0,0,0,0,0,0,0,0,0,0,0,0,0,0,0,0,0,0,0,0,0,0,0,0,0,0,0,0,0,0,0,0,0,0,0,0,0,0,0,0,0,0,0,0,0,0,0,0,0,0,0,0,0,0,0,0,0,0,0,0,0,0,0,0,0,0,0,0,0,0,0,0,0,0,0,0,0,0,0,0,0,0,0,0,0,0,0,0,0,0,0,0,0,0,0,0,0,0,0,0,0,0,505.2075,4,0.0,0.0,0.0,0.0,0.0,0.0,0.0,0.0,0.0,0.0,0.0,0.0,0.0,0.0,1.0,0.0,0.0,0.0,0.0,0.0,0.0,0.0,0.0,30,46,29,8,4,1
30906,16,30,9,666,5,4,0,3.0,1,0,0,1207340.361853,3,9,0,5,128,0,0,0,0,0,0,0,0,0,0,0,0,0,0,0,0,0,0,0,0,0,0,0,0,0,0,0,0,0,0,0,0,0,0,0,0,0,0,0,0,0,0,0,0,0,0,0,0,0,0,0,0,0,0,0,0,0,0,0,0,0,0,0,0,0,0,0,0,0,0,0,0,0,0,0,0,0,0,0,0,0,0,0,0,0,0,0,0,0,0,0,0,0,0,0,0,0,0,0,0,0,0,0,0,0,0,0,0,0,0,0,0,0,0,0,0,0,0,0,0,0,0,0,0,0,0,0,0,0,0,0,0,0,0,0,0,0,0,0,0,0,0,0,0,0,0,0,0,0,0,0,0,0,0,1925.493333333333,4,0.0,0.0,0.0,0.1408830748531037,0.0,0.0,0.0,0.0,0.0,0.0,0.3840591040114944,0.0,0.0,0.5516005548677351,0.0,0.0,0.1594660993712783,0.0,0.0,0.0,0.5551457714572589,0.4413288199289324,0.0,42,35,39,7,6,0
31306,8,30,2,17,6,4,1,3.0,0,1,0,1341743.805923,1,2,0,5,24,0,0,0,0,0,0,0,0,0,0,0,0,0,0,0,0,0,0,0,0,0,0,0,0,0,0,0,0,0,0,0,0,0,0,0,0,0,0,0,0,0,0,0,0,0,0,0,0,0,0,0,0,0,0,0,0,0,0,0,0,0,0,0,0,0,0,0,0,0,0,0,0,0,0,0,0,0,0,0,0,0,0,0,0,0,0,0,0,0,0,0,0,0,0,0,0,0,0,0,0,0,0,0,0,0,0,0,0,0,0,0,0,0,0,0,0,0,0,0,0,0,0,0,0,0,0,0,0,0,0,0,0,0,0,0,0,0,0,0,0,0,0,0,0,0,0,0,0,0,0,0,0,0,0,504.09527777777777,4,0.0,0.0,0.0,0.0,0.0,0.0,0.0,0.0,0.0,0.0,0.0,0.0,0.0,0.0,0.4168833786333218,0.0,0.3579281961143326,0.0,0.0,0.0,0.0,0.2476451562953339,0.7979771498038436,31,42,27,31,6,0
30933,11,30,4,44,2,4,5,3.0,0,0,0,1418964.74099,1,4,0,5,18,0,0,0,0,0,0,0,0,0,0,0,0,0,0,0,0,0,0,0,0,0,0,0,0,0,0,0,0,0,0,0,0,0,0,0,0,0,0,0,0,0,0,0,0,0,0,0,0,0,0,0,0,0,0,0,0,0,0,0,0,0,0,0,0,0,0,0,0,0,0,0,0,0,0,0,0,0,0,0,0,0,0,0,0,0,0,0,0,0,0,0,0,0,0,0,0,0,0,0,0,0,0,0,0,0,0,0,0,0,0,0,0,0,0,0,0,0,0,0,0,0,0,0,0,0,0,0,0,0,0,0,0,0,0,0,0,0,0,0,0,0,0,0,0,0,0,0,0,0,0,0,0,0,0,1972.9030555555555,4,0.0,0.0,0.0,0.0,0.0,0.0,0.0,0.0,0.0,0.0,0.0,0.0,0.0,0.0,0.0,0.0,0.0,0.0,0.0,0.0,1.0,0.0,0.0,42,41,34,2,3,1
31343,4,2,1,3,1,4,2,3.0,0,0,0,1442001.583796,1,1,0,5,92,0,0,0,0,0,0,0,0,0,0,0,0,0,0,0,0,0,0,0,0,0,0,0,0,0,0,0,0,0,0,0,0,0,0,0,0,0,0,0,0,0,0,0,0,0,0,0,0,0,0,0,0,0,0,0,0,0,0,0,0,0,0,0,0,0,0,0,0,0,0,0,0,0,0,0,0,0,0,0,0,0,0,0,0,0,0,0,0,0,0,0,0,0,0,0,0,0,0,0,0,0,0,0,0,0,0,0,0,0,0,0,0,0,0,0,0,0,0,0,0,0,0,0,0,0,0,0,0,0,0,0,0,0,0,0,0,0,0,0,0,0,0,0,0,0,0,0,0,0,0,0,0,0,0,459.7597222222222,4,0.0,0.0,0.3781278680074119,0.0,0.0,0.0,0.0,0.0,0.0,0.0,0.0,0.0,0.0,0.0,0.0,0.0,0.3214148676019506,0.0,0.0,0.0,0.839200801939484,0.2223821313521319,0.0,29,40,29,11,3,1
31072,9,25,4,116,14,5,2,2.0,0,0,0,1811495.573184,2,4,0,5,120,0,0,0,0,0,0,0,0,0,0,0,0,0,0,0,0,0,0,0,0,0,0,0,0,0,0,0,0,0,0,0,0,0,0,0,0,0,0,0,0,0,0,0,0,0,0,0,0,0,0,0,0,0,0,0,0,0,0,0,0,0,0,0,0,0,0,0,0,0,0,0,0,0,0,0,0,0,0,0,0,0,0,0,0,0,0,0,0,0,0,0,0,0,0,0,0,0,0,0,0,0,0,0,0,0,0,0,0,0,0,0,0,0,0,0,0,0,0,0,0,0,0,0,0,0,0,0,0,0,0,0,0,0,0,0,0,0,0,0,0,0,0,0,0,0,0,0,0,0,0,0,0,0,0,1343.319166666667,4,0.0,0.0,0.0,0.1449657190384954,0.0,0.0,0.0,0.0,0.0,0.0,0.0,0.0,0.0,0.0,0.0,0.0,0.656349040698475,0.0,0.0,0.0,0.0,0.1135295169063363,0.7316433050803222,31,41,33,3,4,1
31231,2,0,1,6,2,1,1,5.0,0,0,0,1856545.224027,0,1,0,5,32,0,1,0,0,0,0,0,0,0,0,0,0,0,0,0,0,0,0,0,0,0,0,0,0,0,0,0,0,0,0,0,0,0,0,0,0,0,0,0,0,0,0,0,0,0,0,0,0,0,0,0,0,0,0,0,0,0,0,0,0,0,0,0,0,0,0,0,0,0,0,0,0,0,0,0,0,0,0,0,0,0,0,0,0,0,0,0,0,0,0,0,0,0,0,0,0,0,0,0,0,0,0,0,0,0,0,0,0,0,0,0,0,0,0,0,0,0,0,0,0,0,0,0,0,0,0,0,0,0,0,0,0,0,0,0,0,0,0,0,0,0,0,0,0,0,0,0,0,0,0,0,0,0,1,721.235,4,0.0,0.8523912110191108,0.0,0.0,0.0,0.0,0.0,0.0,0.0,0.0,0.0,0.0,0.0,0.0,0.0,0.0,0.0,0.0,0.0,0.0,0.0,0.5229046025589886,0.0,37,38,35,30,2,1
31248,4,27,2,340,3,3,3,3.0,1,0,0,1905166.021058,0,2,1,5,30,0,0,0,0,0,0,0,0,0,0,0,0,0,0,0,0,0,0,0,0,0,0,0,0,0,0,0,0,0,0,0,0,0,0,0,0,0,0,0,0,0,0,0,0,0,0,0,0,0,0,0,0,0,0,0,0,0,0,0,0,0,0,0,0,0,0,0,0,0,0,0,0,0,0,0,0,0,0,0,0,0,0,0,0,0,0,0,0,0,0,0,0,0,0,0,0,0,0,0,0,0,0,0,0,0,0,0,0,0,0,0,0,0,0,0,0,0,0,0,0,0,0,0,0,0,0,0,0,0,0,0,0,0,0,0,0,0,0,0,0,0,0,0,0,0,0,0,0,0,0,0,0,0,0,674.2627777777777,4,0.0,0.0,0.0,0.0,0.0,0.0,0.0,0.0,0.0,0.0,0.0,0.0,0.0,0.0,0.0,0.0,0.4169881468631786,0.0,0.0,0.0,0.7258257629413927,0.288507851363148,0.4648236944562714,36,37,32,7,3,1
31212,21,30,14,287,16,5,1,3.0,0,0,0,1916932.455252,1,14,0,5,79,0,0,0,0,0,0,0,0,0,0,0,0,0,0,0,0,0,0,0,0,0,0,0,0,0,0,0,0,0,0,0,0,0,0,0,0,0,0,0,0,0,0,0,0,0,0,0,0,0,0,0,0,0,0,0,0,0,0,0,0,0,0,0,0,0,0,0,0,0,0,0,0,0,0,0,0,0,0,0,0,0,0,0,0,0,0,0,0,0,0,0,0,0,0,0,0,0,0,0,0,0,0,0,0,0,0,0,0,0,0,0,0,0,0,0,0,0,0,0,0,0,0,0,0,0,0,0,0,0,0,0,0,0,0,0,0,0,0,0,0,0,0,0,0,0,0,0,0,0,0,0,0,0,0,724.0905555555555,4,0.0,0.0,0.0,0.0,0.0,0.0,0.0,0.0,1.0,0.0,0.0,0.0,0.0,0.0,0.0,0.0,0.0,0.0,0.0,0.0,0.0,0.0,0.0,31,34,35,5,0,1
31104,3,0,13,875,23,1,1,4.0,0,0,0,2005277.746818,0,13,1,5,23,0,0,0,0,0,0,0,0,0,0,0,0,0,0,0,0,0,0,0,0,0,0,0,0,0,0,0,0,0,0,0,0,0,0,0,0,0,0,0,0,0,0,0,0,0,0,0,0,0,0,0,0,0,0,0,0,0,0,0,0,0,0,0,0,0,0,0,0,0,0,0,0,0,0,0,0,0,0,0,0,0,0,0,0,0,0,0,0,0,0,0,0,0,0,0,0,0,0,0,0,0,0,0,0,0,0,0,0,0,0,0,0,0,0,0,0,0,0,0,0,0,0,0,0,0,0,0,0,0,0,0,0,0,0,0,0,0,0,0,0,0,0,0,0,0,0,0,0,0,0,0,0,0,0,1173.7416666666666,4,0.0,0.0,0.0,0.0,0.0,0.0,0.0,0.0,0.0,0.0,0.0,0.0,0.0,0.0,0.0,0.0,0.0,0.0,0.0,0.0,0.0,0.0,0.0,28,32,35,8,2,1
31295,1,4,3,221,9,4,3,4.0,1,0,0,2007236.047358,1,3,0,5,50,0,0,0,0,0,0,0,0,0,0,0,0,0,0,0,0,0,0,0,0,0,0,0,0,0,0,0,0,0,0,0,0,0,0,0,0,0,0,0,0,0,0,0,0,0,0,0,0,0,0,0,0,0,0,0,0,0,0,0,0,0,0,0,0,0,0,0,0,0,0,0,0,0,0,0,0,0,0,0,0,0,0,0,0,0,0,0,0,0,0,0,0,0,0,0,0,0,0,0,0,0,0,0,0,0,0,0,0,0,0,0,0,0,0,0,0,0,0,0,0,0,0,0,0,0,0,0,0,0,0,0,0,0,0,0,0,0,0,0,0,0,0,0,0,0,0,0,0,0,0,0,0,0,0,455.6402777777778,4,0.0,0.0,0.0,0.5313008539485226,0.0,0.0,0.0,0.0,0.0,0.5688378681886758,0.0,0.0,0.0,0.3467010333986545,0.0,0.0,0.0,0.0,0.0,0.0,0.5233939966683211,0.0,0.0,30,32,25,29,4,1
31313,4,18,1,12,5,5,2,4.0,0,0,0,2069923.398805,1,1,0,5,56,0,0,0,0,0,0,0,0,0,0,0,0,0,0,0,0,0,0,0,0,0,0,0,0,0,0,0,0,0,0,0,0,0,0,0,0,0,0,0,0,0,0,0,0,0,0,0,0,0,0,0,0,0,0,0,0,0,0,0,0,0,0,0,0,0,0,0,0,0,0,0,0,0,0,0,0,0,0,0,0,0,0,0,0,0,0,0,0,0,0,0,0,0,0,0,0,0,0,0,0,0,0,0,0,0,0,0,0,0,0,0,0,0,0,0,0,0,0,0,0,0,0,0,0,0,0,0,0,0,0,0,0,0,0,0,0,0,0,0,0,0,0,0,0,0,0,0,0,0,0,0,0,0,0,373.10777777777776,4,0.0,0.0,0.0,0.0,0.0,0.0,0.0,0.0,0.0,0.0,0.0,0.0,0.0,0.3420097881378316,0.0,0.0,0.0,0.0,0.0,0.0,0.2581559509044142,0.6156851066587737,0.6612992206778467,33,37,29,8,0,1
31096,20,30,1,211,5,6,4,4.0,0,0,0,2070899.551818,5,1,1,5,31,0,0,0,0,0,0,0,0,0,0,0,0,0,0,0,0,0,0,0,0,0,0,0,0,0,0,0,0,0,0,0,0,0,0,0,0,0,0,0,0,0,0,0,0,0,0,0,0,0,0,0,0,0,0,0,0,0,0,0,0,0,0,0,0,0,0,0,0,0,0,0,0,0,0,0,0,0,0,0,0,0,0,0,0,0,0,0,0,0,0,0,0,0,0,0,0,0,0,0,0,0,0,0,0,0,0,0,0,0,0,0,0,0,0,0,0,0,0,0,0,0,0,0,0,0,0,0,0,0,0,0,0,0,0,0,0,0,0,0,0,0,0,0,0,0,0,0,0,0,0,0,0,0,0,1165.1194444444443,4,0.0,0.0,0.0,0.7872991353527633,0.0,0.0,0.0,0.0,0.0,0.0,0.0,0.0,0.0,0.0,0.0,0.0,0.0,0.0,0.0,0.0,0.0,0.6165712217358115,0.0,24,36,34,1,2,1
31175,12,15,5,88,5,5,2,3.0,0,0,0,2071353.989453,0,5,0,5,339,0,0,0,0,0,0,0,0,0,0,0,0,0,0,0,0,0,0,0,0,0,0,0,0,0,0,0,0,0,0,0,0,0,0,0,0,0,0,0,0,0,0,0,0,0,0,0,0,0,0,0,0,0,0,0,0,0,0,0,0,0,0,0,0,0,0,0,0,0,0,0,0,0,0,0,0,0,0,0,0,0,0,0,0,0,0,0,0,0,0,0,0,0,0,0,0,0,0,0,0,0,0,0,0,0,0,0,0,0,0,0,0,0,0,0,0,0,0,0,0,0,0,0,0,0,0,0,0,0,0,0,0,0,0,0,0,0,0,0,0,0,0,0,0,0,0,0,0,0,0,0,0,0,0,851.5647222222223,4,0.0,0.0,0.0,0.0,0.0,0.0,0.0,0.0,0.0,0.2092710590522879,0.0,0.2026990375196224,0.0,0.0,0.0,0.0,0.2212436096067473,0.0,0.0,0.0,0.1925526096445801,0.7653756937174252,0.4932479388964153,31,35,34,6,1,1
31284,19,0,1,5,2,2,2,4.0,0,0,0,2087102.094739,0,1,1,5,94,0,0,0,0,0,0,0,0,0,0,0,0,0,0,0,0,0,0,0,0,0,0,0,0,0,0,0,0,0,0,0,0,0,0,0,0,0,0,0,0,0,0,0,0,0,0,0,0,0,0,0,0,0,0,0,0,0,0,0,0,0,0,0,0,0,0,0,0,0,0,0,0,0,0,0,0,0,0,0,0,0,0,0,0,0,0,0,0,0,0,0,0,0,0,0,0,0,0,0,0,0,0,0,0,0,0,0,0,0,0,0,0,0,0,0,0,0,0,0,0,0,0,0,0,0,0,0,0,0,0,0,0,0,0,0,0,0,0,0,0,0,0,0,0,0,0,0,0,0,0,0,0,0,0,480.7013888888889,4,0.0,0.0,0.0,0.0,0.0,0.0,0.0,0.0,0.0,0.0,0.4664803561432339,0.3549070395706177,0.4491984555386845,0.0,0.0,0.0,0.0,0.0,0.0,0.0,0.6742831883840513,0.0,0.0,35,34,29,27,2,1
31112,12,30,5,267,16,9,3,3.0,0,0,0,2079524.454331,2,5,0,5,76,0,0,0,0,0,0,0,0,0,0,0,0,0,0,0,0,0,0,0,0,0,0,0,0,0,0,0,0,0,0,0,0,0,0,0,0,0,0,0,0,0,0,0,0,0,0,0,0,0,0,0,0,0,0,0,0,0,0,0,0,0,0,0,0,0,0,0,0,0,0,0,0,0,0,0,0,0,0,0,0,0,0,0,0,0,0,0,0,0,0,0,0,0,0,0,0,0,0,0,0,0,0,0,0,0,0,0,0,0,0,0,0,0,0,0,0,0,0,0,0,0,0,0,0,0,0,0,0,0,0,0,0,0,0,0,0,0,0,0,0,0,0,0,0,0,0,0,0,0,0,0,0,0,0,1108.6930555555557,4,0.0,0.0,0.0,0.0,0.0,0.0,0.0,0.0,0.0,0.7288877889064937,0.0,0.0,0.0,0.0,0.0,0.0,0.0,0.0,0.0,0.0,0.0,0.5331582872499147,0.4294936925261416,29,34,35,3,4,1
30991,2,18,1,15,1,4,4,2.0,0,0,0,2178818.868149,0,1,0,5,121,0,0,0,0,0,0,0,0,0,0,0,0,0,0,0,0,0,0,0,0,0,0,0,0,0,0,0,0,0,0,0,0,0,0,0,0,0,0,0,0,0,0,0,0,0,0,0,0,0,0,0,0,0,0,0,0,0,0,0,0,0,0,0,0,0,0,0,0,0,0,0,0,0,0,0,0,0,0,0,0,0,0,0,0,0,0,0,0,0,0,0,0,0,0,0,0,0,0,0,0,0,0,0,0,0,0,0,0,0,0,0,0,0,0,0,0,0,0,0,0,0,0,0,0,0,0,0,0,0,0,0,0,0,0,0,0,0,0,0,0,0,0,0,0,0,0,0,0,0,0,0,0,0,0,1584.8372222222222,4,0.1861034621637116,0.197546610111879,0.0,0.0,0.0,0.0,0.0,0.0,0.0,0.0,0.0,0.0,0.0,0.0,0.20400359696398,0.0,0.1751536357758645,0.0,0.0,0.0,0.7621980521228683,0.4847447055392579,0.1952467011142631,38,34,34,1,4,1
31357,2,0,2,7,1,2,2,4.0,0,0,0,2200052.862771,0,2,0,5,59,0,1,0,0,0,0,0,0,0,0,0,0,0,0,0,0,0,0,0,0,0,0,0,0,0,0,0,0,0,0,0,0,0,0,0,0,0,0,0,0,0,0,0,0,0,0,0,0,0,0,0,0,0,0,0,0,0,0,0,0,0,0,0,0,0,0,0,0,0,0,0,0,0,0,0,0,0,0,0,0,0,0,0,0,0,0,0,0,0,0,0,0,0,0,0,0,0,0,0,0,0,0,0,0,0,0,0,0,0,0,0,0,0,0,0,0,0,0,0,0,0,0,0,0,0,0,0,0,0,0,0,0,0,0,0,0,0,0,0,0,0,0,0,0,0,0,0,0,0,0,0,0,0,1,211.22972222222225,4,0.0,0.5511962043771327,0.0,0.0,0.0,0.0,0.0,0.0,0.0,0.0,0.0,0.0,0.0,0.0,0.0,0.0,0.488715140026115,0.0,0.0,0.0,0.0,0.6762693665910772,0.0,28,28,30,34,5,0
31361,5,0,1,3,2,3,3,3.0,0,0,0,2201101.47053,0,1,1,5,16,0,1,0,0,0,0,0,0,0,0,0,0,0,0,0,0,0,0,0,0,0,0,0,0,0,0,0,0,0,0,0,0,0,0,0,0,0,0,0,0,0,0,0,0,0,0,0,0,0,0,0,0,0,0,0,0,0,0,0,0,0,0,0,0,0,0,0,0,0,0,0,0,0,0,0,0,0,0,0,0,0,0,0,0,0,0,0,0,0,0,0,0,0,0,0,0,0,0,0,0,0,0,0,0,0,0,0,0,0,0,0,0,0,0,0,0,0,0,0,0,0,0,0,0,0,0,0,0,0,0,0,0,0,0,0,0,0,0,0,0,0,0,0,0,0,0,0,0,0,0,0,0,0,1,187.07666666666665,4,0.0,0.0,0.0,0.0,0.0,0.0,0.0,0.0,0.0,1.0,0.0,0.0,0.0,0.0,0.0,0.0,0.0,0.0,0.0,0.0,0.0,0.0,0.0,29,26,31,35,6,0
31000,27,30,2,65,5,7,10,4.0,0,1,0,2294009.420252,1,2,0,5,53,0,0,0,0,0,0,0,0,0,0,0,0,0,0,0,0,0,0,0,0,0,0,0,0,0,0,0,0,0,0,0,0,0,0,0,0,0,0,0,0,0,0,0,0,0,0,0,0,0,0,0,0,0,0,0,0,0,0,0,0,0,0,0,0,0,0,0,0,0,0,0,0,0,0,0,0,0,0,0,0,0,0,0,0,0,0,0,0,0,0,0,0,0,0,0,0,0,0,0,0,0,0,0,0,0,0,0,0,0,0,0,0,0,0,0,0,0,0,0,0,0,0,0,0,0,0,0,0,0,0,0,0,0,0,0,0,0,0,0,0,0,0,0,0,0,0,0,0,0,0,0,0,0,0,1083.2227777777778,4,0.0,0.0,0.0,0.3539652253778583,0.0,0.0,0.0,0.0,0.0,0.0,0.0,0.0,0.0,0.0,0.0,0.0,0.0,0.0,0.0,0.0,0.0,0.2772069238529387,0.8932328591085268,37,36,37,1,6,0
30986,10,10,2,25,1,6,5,3.0,0,0,0,2608043.008939,3,2,0,5,85,0,0,0,0,0,0,0,0,0,0,0,0,0,0,0,0,0,0,1,0,0,0,0,0,0,0,0,0,0,0,0,0,0,0,0,0,0,0,0,0,0,0,0,0,0,0,0,0,0,0,0,0,0,0,0,0,0,0,0,0,0,0,0,0,0,0,0,0,0,0,0,0,0,0,0,0,0,0,0,0,0,0,0,0,0,0,0,0,0,0,0,1,0,0,0,0,0,0,0,0,0,0,0,0,0,0,0,0,0,0,0,0,0,0,0,0,0,0,0,0,0,0,0,0,0,0,0,0,0,0,0,0,0,0,0,0,0,0,0,0,0,0,0,0,0,0,0,0,0,0,0,0,0,2,1483.9469444444444,4,0.0,0.0,0.0,0.0,0.0,0.4977409163174942,0.0,0.0,0.0,0.0,0.0,0.0,0.0,0.0,0.4887841345025591,0.0,0.4196608272686418,0.0,0.0,0.0,0.0,0.5807140777854489,0.0,38,30,37,0,3,1
30708,20,30,4,497,11,9,5,4.0,0,0,0,2608698.305975,5,4,0,5,297,0,0,0,0,0,0,0,0,0,0,0,0,0,0,0,0,0,0,0,0,0,0,0,0,0,0,0,0,0,0,0,0,0,0,0,0,0,0,0,0,0,0,0,0,0,0,0,0,0,0,0,0,0,0,0,0,0,0,0,0,0,0,0,0,0,0,0,0,0,0,0,0,0,0,0,0,0,0,0,0,0,0,0,0,0,0,0,0,0,0,0,0,0,0,0,0,0,0,0,0,0,0,0,0,0,0,0,0,0,0,0,0,0,0,0,0,0,0,0,0,0,0,0,0,0,0,0,0,0,0,0,0,0,0,0,0,0,0,0,0,0,0,0,0,0,0,0,0,0,0,0,0,0,0,2280.965277777778,4,0.0,0.0,0.0,0.0,0.0,0.0,0.0,0.0,0.0,0.0,0.0,0.0,0.212116706877254,0.0,0.0,0.0,0.1829238292780189,0.0,0.0,0.0,0.0,0.5062490274135966,0.8156330655316781,11,29,17,0,5,0
31323,7,2,1,36,1,3,3,5.0,0,0,0,2623521.773594,0,1,0,5,77,0,1,0,0,0,0,0,0,0,0,0,0,0,0,0,0,0,0,0,0,0,0,0,0,0,0,0,0,0,0,0,0,0,0,0,0,0,0,0,0,0,0,0,0,0,0,0,0,0,0,0,0,0,0,0,0,0,0,0,0,0,0,0,0,0,0,0,0,0,0,0,0,0,0,0,0,0,0,0,0,0,0,0,0,0,0,0,0,0,0,0,0,0,0,0,0,0,0,0,0,0,0,0,0,0,0,0,0,0,0,0,0,0,0,0,0,0,0,0,0,0,0,0,0,0,0,0,0,0,0,0,0,0,0,0,0,0,0,0,0,0,0,0,0,0,0,0,0,0,0,0,0,0,1,186.46777777777777,4,0.0,0.0,0.0,0.0,0.0,0.0,0.0,0.0,0.0,0.0,0.0,0.0,0.0,0.0,0.0,0.0,0.0,0.0,0.0,0.0,0.0,1.0,0.0,31,28,32,17,1,1
31172,25,5,4,67,8,5,3,4.0,0,0,0,2636489.23871,2,4,1,5,36,0,1,0,0,0,0,0,0,0,0,0,0,0,0,0,0,0,0,0,0,0,0,0,0,0,0,0,0,0,0,0,0,0,0,0,0,0,0,0,0,0,0,0,0,0,0,0,0,0,0,0,0,0,0,0,0,0,0,0,0,0,0,0,0,0,0,0,0,0,0,0,0,0,0,0,0,0,0,0,0,0,0,0,0,0,0,0,0,0,0,0,0,0,0,0,0,0,0,0,0,0,0,0,0,0,0,0,0,0,0,0,0,0,0,0,0,0,0,0,0,0,0,0,0,0,0,0,0,0,0,0,0,0,0,0,0,0,0,0,0,0,0,0,0,0,0,0,0,0,0,0,0,0,1,706.3766666666667,4,0.0,0.0,0.0,0.0,0.0,0.0,0.0,0.0,0.0,0.0,0.810481992223331,0.0,0.0,0.0,0.0,0.0,0.0,0.0,0.0,0.0,0.5857635532206665,0.0,0.0,29,28,34,11,0,1
31305,10,3,3,11,7,4,2,3.0,0,0,0,2685809.141919,1,3,0,5,270,0,0,0,0,0,0,0,0,0,0,0,0,0,0,0,0,0,0,0,0,0,0,0,0,0,0,0,0,0,0,0,0,0,0,0,0,0,0,0,0,0,0,0,0,0,0,0,0,0,0,0,0,0,0,0,0,0,0,0,0,0,0,0,0,0,0,0,0,0,0,0,0,0,0,0,0,0,0,0,0,0,0,0,0,0,0,0,0,0,0,0,0,0,0,0,0,0,0,0,0,0,0,0,0,0,0,0,0,0,0,0,0,0,0,0,0,0,0,0,0,0,0,0,0,0,0,0,0,0,0,0,0,0,0,0,0,0,0,0,0,0,0,0,0,0,0,0,0,0,0,0,0,0,0,222.87527777777777,4,0.0,0.0,0.0,0.369880321780991,0.0,0.0,0.0,0.0,0.0,0.39601279042406,0.0,0.0,0.0,0.0,0.0,0.0,0.4186689721963323,0.0,0.0,0.0,0.7287514727942624,0.0,0.0,30,26,26,10,6,0
31221,12,26,1,76,2,4,1,4.0,0,0,0,2691134.891617,3,1,1,5,39,0,0,0,0,0,0,0,0,0,0,0,0,0,0,0,0,0,0,0,0,0,0,0,0,0,0,0,0,0,0,0,0,0,0,0,0,0,0,0,0,0,0,0,0,0,0,0,0,0,0,0,0,0,0,0,0,0,0,0,0,0,0,0,0,0,0,0,0,0,0,0,0,0,0,0,0,0,0,0,0,0,0,0,0,0,0,0,0,0,0,0,0,0,0,0,0,0,0,0,0,0,0,0,0,0,0,0,0,0,0,0,0,0,0,0,0,0,0,0,0,0,0,0,0,0,0,0,0,0,0,0,0,0,0,0,0,0,0,0,0,0,0,0,0,0,0,0,0,0,0,0,0,0,0,507.73777777777775,4,0.0,0.0,0.0,0.0,0.0,0.0,0.0,0.0,0.0,0.0,0.0,0.0,0.0,0.0,0.8010600632643519,0.0,0.0,0.0,0.0,0.0,0.598583974929928,0.0,0.0,34,24,36,2,1,1
31279,11,30,29,356,15,6,2,4.0,0,1,0,2776413.801358,0,29,1,5,45,0,0,0,0,0,0,0,0,0,0,0,0,0,0,0,0,0,0,0,0,0,0,0,0,0,0,0,0,0,0,0,0,0,0,0,0,0,0,0,0,0,0,0,0,0,0,0,0,0,0,0,0,0,0,0,0,0,0,0,0,0,0,0,0,0,0,0,0,0,0,0,0,0,0,0,0,0,0,0,0,0,0,0,0,0,0,0,0,0,0,0,0,0,0,0,0,0,0,0,0,0,0,0,0,0,0,0,0,0,0,0,0,0,0,0,0,0,0,0,0,0,0,0,0,0,0,0,0,0,0,0,0,0,0,0,0,0,0,0,0,0,0,0,0,0,0,0,0,0,0,0,0,0,0,312.1736111111111,4,0.0,0.0,0.0,0.0,0.0,0.0,0.0,0.0,0.0,0.0,0.4945565319757269,0.0,0.0,0.0,0.0,0.0,0.8213840031288071,0.0,0.0,0.0,0.0,0.2841516427618138,0.0,35,26,30,3,1,1
30666,11,19,6,134,5,5,2,3.0,0,0,0,3117806.363403,1,6,0,5,234,0,0,0,0,0,0,0,0,0,0,0,0,0,0,0,0,0,0,0,0,0,0,0,0,0,0,0,0,0,0,0,0,0,0,0,0,0,0,0,0,0,0,0,0,0,0,0,0,0,0,0,0,0,0,0,0,0,0,0,0,0,0,0,0,0,0,0,0,0,0,0,0,0,0,0,0,0,0,0,0,0,0,0,0,0,0,0,0,0,0,0,0,0,0,0,0,0,0,0,0,0,0,0,0,0,0,0,0,0,0,0,0,0,0,0,0,0,0,0,0,0,0,0,0,0,0,0,0,0,0,0,0,0,0,0,0,0,0,0,0,0,0,0,0,0,0,0,0,0,0,0,0,0,0,2164.3055555555557,4,0.1928812984926521,0.409482405412559,0.0,0.0,0.0,0.0,0.0,0.0,0.0,0.1717090802366113,0.0,0.0,0.0,0.0,0.0,0.0,0.3630653649467175,0.0,0.0,0.0,0.1579914186364827,0.753598459331201,0.2023575316626702,7,41,14,1,4,1
30959,10,0,5,403,10,3,1,4.0,0,0,0,3210742.087721,1,5,1,5,14,0,0,0,0,0,0,0,0,0,0,0,0,0,0,0,0,0,0,0,0,0,0,0,0,0,0,0,0,0,0,0,0,0,0,0,0,0,0,0,0,0,0,0,0,0,0,0,0,0,0,0,0,0,0,0,0,0,0,0,0,0,0,0,0,0,0,0,0,0,0,0,0,0,0,0,0,0,0,0,0,0,0,0,0,0,0,0,0,0,0,0,0,0,0,0,0,0,0,0,0,0,0,0,0,0,0,0,0,0,0,0,0,0,0,0,0,0,0,0,0,0,0,0,0,0,0,0,0,0,0,0,0,0,0,0,0,0,0,0,0,0,0,0,0,0,0,0,0,0,0,0,0,0,0,169.81722222222223,4,0.0,0.0,0.0,0.0,0.0,0.0,0.0,0.0,0.0,0.0,0.0,0.0,0.0,0.0,0.0,0.0,0.0,0.0,0.0,0.0,0.0,0.0,0.0,40,35,32,3,1,1
31122,12,30,18,1095,26,4,0,3.0,0,0,0,3230020.601579,1,18,0,5,470,0,0,0,0,0,0,0,0,0,0,0,0,0,0,0,0,0,0,0,0,0,0,0,0,0,0,0,0,0,0,0,0,0,0,0,0,0,0,0,0,0,0,0,0,0,0,0,0,0,0,0,0,0,0,0,0,0,0,0,0,0,0,0,0,0,0,0,0,0,0,0,0,0,0,0,0,0,0,0,0,0,0,0,0,0,0,0,0,0,0,0,0,0,0,0,0,0,0,0,0,0,0,0,0,0,0,0,0,0,0,0,0,0,0,0,0,0,0,0,0,0,0,0,0,0,0,0,0,0,0,0,0,0,0,0,0,0,0,0,0,0,0,0,0,0,0,0,0,0,0,0,0,0,0,739.0455555555556,4,0.1216022848275245,0.1290793780526493,0.134641568817767,0.6066638824420326,0.0,0.0,0.0,0.0,0.0,0.0,0.0,0.0,0.5308490230013482,0.1319597571414603,0.1332984524599059,0.0,0.0,0.1160838520828597,0.0,0.0,0.099605911197607,0.4751072043444763,0.1275765893041012,27,35,38,0,6,0
31213,5,12,2,38,2,4,2,17.0,0,0,0,3233784.847074,0,2,0,5,109,0,0,0,0,0,0,0,0,0,0,0,0,0,0,0,0,0,0,0,0,0,0,0,0,0,0,0,0,0,0,0,0,0,0,0,0,0,0,0,0,0,0,0,0,0,0,0,0,0,0,0,0,0,0,0,0,0,0,0,0,0,0,0,0,0,0,0,0,0,0,0,0,0,0,0,0,0,0,0,0,0,0,0,0,0,0,0,0,0,0,0,0,0,0,0,0,0,0,0,0,0,0,0,0,0,0,0,0,0,0,0,0,0,0,0,0,0,0,0,0,0,0,0,0,0,0,0,0,0,0,0,0,0,0,0,0,0,0,0,0,0,0,0,0,0,0,0,0,0,0,0,0,0,0,380.7730555555556,4,0.0,0.0,0.0,0.0,0.0,0.0,0.0,0.0,0.0,0.2009045148517613,0.0,0.0,0.0,0.0,0.247383043415768,0.0,0.0,0.0,0.0,0.0,0.5545633801339817,0.2939105543250673,0.7102922280394424,32,34,36,5,0,1
31276,10,0,7,37,7,1,1,5.0,0,0,0,3236950.905069,0,7,0,5,42,0,1,0,0,0,0,0,0,0,0,0,0,0,0,0,0,0,0,0,0,0,0,0,0,0,0,0,0,0,0,0,0,0,0,0,0,0,0,0,0,0,0,0,0,0,0,0,0,0,0,0,0,0,0,0,0,0,0,0,0,0,0,0,0,0,0,0,0,0,0,0,0,0,0,0,0,0,0,0,0,0,0,0,0,0,0,0,0,0,0,0,0,0,0,0,0,0,0,0,0,0,0,0,0,0,0,0,0,0,0,0,0,0,0,0,0,0,0,0,0,0,0,0,0,0,0,0,0,0,0,0,0,0,0,0,0,0,0,0,0,0,0,0,0,0,0,0,0,0,0,0,0,0,1,191.5288888888889,4,0.0,0.0,0.0,0.0,0.0,0.0,0.0,0.0,0.0,0.0,0.0,0.0,0.0,0.0,0.0,0.0,0.0,0.0,0.0,0.0,0.0,0.0,1.0,33,32,29,15,1,1
30811,12,5,1,13,3,3,1,3.0,0,0,0,3239253.68426,0,1,0,5,21,0,1,0,0,0,0,0,0,0,0,0,0,0,0,0,0,0,0,0,0,0,0,0,0,0,0,0,0,0,0,0,0,0,0,0,0,0,0,0,0,0,0,0,0,0,0,0,0,0,0,0,0,0,0,0,0,0,0,0,0,0,0,0,0,0,0,0,0,0,0,0,0,0,0,0,0,0,0,0,0,0,0,0,0,0,0,0,0,0,0,0,0,0,0,0,0,0,0,0,0,0,0,0,0,0,0,0,0,0,0,0,0,0,0,0,0,0,0,0,0,0,0,0,0,0,0,0,0,0,0,0,0,0,0,0,0,0,0,0,0,0,0,0,0,0,0,0,0,0,0,0,0,0,1,1514.9319444444443,4,0.0,0.0,0.0,0.0,0.0,1.0,0.0,0.0,0.0,0.0,0.0,0.0,0.0,0.0,0.0,0.0,0.0,0.0,0.0,0.0,0.0,0.0,0.0,16,38,25,4,2,1
30893,15,30,3,110,11,8,1,3.0,0,0,0,3294383.507299,3,3,0,5,230,0,0,0,0,0,0,0,0,0,0,0,0,0,0,0,0,0,0,0,0,0,0,0,0,0,0,0,0,0,0,0,0,0,0,0,0,0,0,0,0,0,0,0,0,0,0,0,0,0,0,0,0,0,0,0,0,0,0,0,0,0,0,0,0,0,0,0,0,0,0,0,0,0,0,0,0,0,0,0,0,0,0,0,0,0,0,0,0,0,0,0,0,0,0,0,0,0,0,0,0,0,0,0,0,0,0,0,0,0,0,0,0,0,0,0,0,0,0,0,0,0,0,0,0,0,0,0,0,0,0,0,0,0,0,0,0,0,0,0,0,0,0,0,0,0,0,0,0,0,0,0,0,0,0,1629.2380555555555,4,0.0,0.0,0.0,0.0,0.0,0.0,0.0,0.0,0.0,0.0,0.0,0.0,0.2016941981343739,0.0,0.2025850915535012,0.0,0.1739357338186899,0.0,0.0,0.0,0.6055185868059966,0.722061169605882,0.0,38,32,38,5,3,1
30794,4,0,1,4,1,1,1,3.0,0,0,0,3329550.880404,0,1,0,5,233,0,0,0,0,0,0,0,0,0,0,0,0,0,0,0,0,0,0,0,0,0,0,0,0,0,0,0,0,0,0,0,0,0,0,0,0,0,0,0,0,0,0,0,0,0,0,0,0,0,0,0,0,0,0,0,0,0,0,0,0,0,0,0,0,0,0,0,0,0,0,0,0,0,0,0,0,0,0,0,0,0,0,0,0,0,0,0,0,0,0,0,0,0,0,0,0,0,0,0,0,0,0,0,0,0,0,0,0,0,0,0,0,0,0,0,0,0,0,0,0,0,0,0,0,0,0,0,0,0,0,0,0,0,0,0,0,0,0,0,0,0,0,0,0,0,0,0,0,0,0,0,0,0,0,423.0344444444444,4,0.0,0.3372757367993381,0.0,0.2641953230989453,0.0,0.0,0.0,0.0,0.0,0.5657220509251559,0.0,0.0,0.0,0.0,0.0,0.0,0.0,0.0,0.0,0.0,0.0,0.6207115916633748,0.3333490508324009,14,42,23,0,1,1
31171,8,0,1,3,1,1,1,3.0,0,0,0,3555326.05212,0,1,0,5,45,0,1,0,0,0,0,0,0,0,0,0,0,0,0,0,0,0,0,0,0,0,0,0,0,0,0,0,0,0,0,0,0,0,0,0,0,0,0,0,0,0,0,0,0,0,0,0,0,0,0,0,0,0,0,0,0,0,0,0,0,0,0,0,0,0,0,0,0,0,0,0,0,0,0,0,0,0,0,0,0,0,0,0,0,0,0,0,0,0,0,0,0,0,0,0,0,0,0,0,0,0,0,0,0,0,0,0,0,0,0,0,0,0,0,0,0,0,0,0,0,0,0,0,0,0,0,0,0,0,0,0,0,0,0,0,0,0,0,0,0,0,0,0,0,0,0,0,0,0,0,0,0,0,1,245.71722222222223,4,0.0,0.0,0.0,0.2266713404128357,0.0,0.0,0.0,0.0,0.0,0.0,0.3089625634406723,0.0,0.0,0.5916586610312704,0.0,0.0,0.0,0.0,0.0,0.0,0.223298001324753,0.3550341135030324,0.5720061603757322,28,38,33,25,0,1
31181,12,0,3,135,10,1,1,5.0,0,0,0,3556065.901446,2,3,1,5,56,0,1,0,0,0,0,0,0,0,0,0,0,0,0,0,0,0,0,0,0,0,0,0,0,0,0,0,0,0,0,0,0,0,0,0,0,0,0,0,0,0,0,0,0,0,0,0,0,0,0,0,0,0,0,0,0,0,0,0,0,0,0,0,0,0,0,0,0,0,0,0,0,0,0,0,0,0,0,0,0,0,0,0,0,0,0,0,0,0,0,0,0,0,0,0,0,0,0,0,0,0,0,0,0,0,0,0,0,0,0,0,0,0,0,0,0,0,0,0,0,0,0,0,0,0,0,0,0,0,0,0,0,0,0,0,0,0,0,0,0,0,0,0,0,0,0,0,0,0,0,0,0,0,1,296.50111111111113,4,0.0,0.0,0.0,0.0,0.0,0.0,0.0,0.0,0.0,0.0,0.3960715390679598,0.0,0.3813981045271027,0.0,0.0,0.0,0.3289076225374733,0.0,0.0,0.0,0.0,0.2275662562331386,0.7332777077371514,31,39,32,27,2,1
30487,17,0,1,14,1,3,3,3.0,0,0,0,3678609.622757,4,1,0,5,101,0,0,0,0,0,0,0,0,0,0,0,0,0,0,0,0,0,0,0,0,0,0,0,0,0,0,0,0,0,0,0,0,0,0,0,0,0,0,0,0,0,0,0,0,0,0,0,0,0,0,0,0,0,0,0,0,0,0,0,0,0,0,0,0,0,0,0,0,0,0,0,0,0,0,0,0,0,0,0,0,0,0,0,0,0,0,0,0,0,0,0,0,0,0,0,0,0,0,0,0,0,0,0,0,0,0,0,0,0,0,0,0,0,0,0,0,0,0,0,0,0,0,0,0,0,0,0,0,0,0,0,0,0,0,0,0,0,0,0,0,0,0,0,0,0,0,0,0,0,0,0,0,0,0,2838.1019444444446,4,0.0,0.2146538063727903,0.6717105167089348,0.0,0.0,0.0,0.0,0.0,0.0,0.0,0.0,0.0,0.0,0.2194437607755585,0.0,0.0,0.3806432780398476,0.3860855402919316,0.0,0.3785260984378519,0.0,0.1316806905774413,0.0,0,40,0,0,4,1
31225,1,0,1,2,1,1,1,5.0,0,0,0,3726929.787137,0,1,0,5,10,0,0,0,0,0,0,0,0,0,0,0,0,0,0,0,0,0,0,0,0,0,0,0,0,0,0,0,0,0,0,0,0,0,0,0,0,0,0,0,0,0,0,0,0,0,0,0,0,0,0,0,0,0,0,0,0,0,0,0,0,0,0,0,0,0,0,0,0,0,0,0,0,0,0,0,0,0,0,0,0,0,0,0,0,0,0,0,0,0,0,0,0,0,0,0,0,0,0,0,0,0,0,0,0,0,0,0,0,0,0,0,0,0,0,0,0,0,0,0,0,0,0,0,0,0,0,0,0,0,0,0,0,0,0,0,0,0,0,0,0,0,0,0,0,0,0,0,0,0,0,0,0,0,0,206.19972222222225,4,0.0,0.0,0.0,0.0,0.0,0.0,0.0,0.0,0.5217288326854908,0.4382008715998113,0.0,0.0,0.0,0.0,0.0,0.0,0.0,0.4698942949550536,0.0,0.4606939022193127,0.0,0.3205300318229734,0.0,36,39,34,1,1,1
31174,6,30,2,161,3,4,4,3.0,0,0,0,3757476.097222,0,2,0,5,83,0,0,0,0,0,0,0,0,0,0,0,0,0,0,0,0,0,0,0,0,0,0,0,0,0,0,0,0,0,0,0,0,0,0,0,0,0,0,0,0,0,0,0,0,0,0,0,0,0,0,0,0,0,0,0,0,0,0,0,0,0,0,0,0,0,0,0,0,0,0,0,0,0,0,0,0,0,0,0,0,0,0,0,0,0,0,0,0,0,0,0,0,0,0,0,0,0,0,0,0,0,0,0,0,0,0,0,0,0,0,0,0,0,0,0,0,0,0,0,0,0,0,0,0,0,0,0,0,0,0,0,0,0,0,0,0,0,0,0,0,0,0,0,0,0,0,0,0,0,0,0,0,0,0,394.3727777777778,4,0.4668568624615241,0.0,0.0,0.0,0.0,0.0,0.0,0.0,0.0,0.0,0.0,0.0,0.0,0.5066213869059009,0.0,0.0,0.4393882622942056,0.0,0.0,0.0,0.0,0.3040061556240904,0.4897934795430241,31,38,33,5,0,1
31037,2,0,2,40,1,3,2,3.0,0,0,0,3903102.800672,0,2,0,5,30,0,0,0,0,0,0,0,0,0,0,0,0,0,0,0,0,0,0,0,0,0,0,0,0,0,0,0,0,0,0,0,0,0,0,0,0,0,0,0,0,0,0,0,0,0,0,0,0,0,0,0,0,0,0,0,0,0,0,0,0,0,0,0,0,0,0,0,0,0,0,0,0,0,0,0,0,0,0,0,0,0,0,0,0,0,0,0,0,0,0,0,0,0,0,0,0,0,0,0,0,0,0,0,0,0,0,0,0,0,0,0,0,0,0,0,0,0,0,0,0,0,0,0,0,0,0,0,0,0,0,0,0,0,0,0,0,0,0,0,0,0,0,0,0,0,0,0,0,0,0,0,0,0,0,912.4486111111112,4,0.5072145392935566,0.0,0.0,0.4217419956038337,0.0,0.0,0.0,0.0,0.0,0.0,0.0,0.0,0.0,0.0,0.0,0.0,0.0,0.0,0.0,0.0,0.415465601083621,0.3302861210056355,0.5321339238017037,36,38,36,3,5,0
30510,30,30,8,385,17,5,6,4.0,0,0,0,3970073.202735,1,8,0,5,69,0,0,0,0,0,0,0,0,0,0,0,0,0,0,0,0,0,0,0,0,0,0,0,0,0,0,0,0,0,0,0,0,0,0,0,0,0,0,0,0,0,0,0,0,0,0,0,0,0,0,0,0,0,0,0,0,0,0,0,0,0,0,0,0,0,0,0,0,0,0,0,0,0,0,0,0,0,0,0,0,0,0,0,0,0,0,0,0,0,0,0,0,0,0,0,0,0,0,0,0,0,0,0,0,0,0,0,0,0,0,0,0,0,0,0,0,0,0,0,0,0,0,0,0,0,0,0,0,0,0,0,0,0,0,0,0,0,0,0,0,0,0,0,0,0,0,0,0,0,0,0,0,0,0,1541.8980555555556,4,0.3423730377751348,0.0,0.0,0.0,0.0,0.0,0.0,0.0,0.0,0.0,0.0,0.0,0.3736533258045235,0.0,0.0,0.0,0.6444574610351923,0.0,0.0,0.0,0.0,0.4458904618198184,0.3591937807006507,3,48,3,1,1,1
31163,4,0,1,106,11,1,1,3.0,0,0,0,4014517.498784,1,1,0,5,83,0,0,0,0,0,0,0,0,0,0,0,0,0,0,0,0,0,0,0,0,0,0,0,0,0,0,0,0,0,0,0,0,0,0,0,0,0,0,0,0,0,0,0,0,0,0,0,0,0,0,0,0,0,0,0,0,0,0,0,0,0,0,0,0,0,0,0,0,0,0,0,0,0,0,0,0,0,0,0,0,0,0,0,0,0,0,0,0,0,0,0,0,0,0,0,0,0,0,0,0,0,0,0,0,0,0,0,0,0,0,0,0,0,0,0,0,0,0,0,0,0,0,0,0,0,0,0,0,0,0,0,0,0,0,0,0,0,0,0,0,0,0,0,0,0,0,0,0,0,0,0,0,0,0,372.8638888888889,4,0.0,0.0,0.0,0.0,0.0,0.0,0.0,0.0,0.0,0.0,0.0,0.0,0.0,0.3798358298276267,0.0,0.0,0.3294282664305236,0.0,0.0,0.0,0.0,0.4558529638845692,0.734438448730315,26,34,32,8,5,0
30592,26,30,4,261,12,7,4,2.0,0,0,0,4245136.519554,0,4,1,5,58,0,0,0,0,0,0,0,0,0,0,0,0,0,0,0,0,0,0,0,0,0,0,0,0,0,0,0,0,0,0,0,0,0,0,0,0,0,0,0,0,0,0,0,0,0,0,0,0,0,0,0,0,0,0,0,0,0,0,0,0,0,0,0,0,0,0,0,0,0,0,0,0,0,0,0,0,0,0,0,0,0,0,0,0,0,0,0,0,0,0,0,0,0,0,0,0,0,0,0,0,0,0,0,0,0,0,0,0,0,0,0,0,0,0,0,0,0,0,0,0,0,0,0,0,0,0,0,0,0,0,0,0,0,0,0,0,0,0,0,0,0,0,0,0,0,0,0,0,0,0,0,0,0,0,2277.733055555555,4,0.0,0.6455333799724114,0.0,0.5056601506868316,0.0,0.0,0.0,0.0,0.0,0.0,0.0,0.0,0.0,0.0,0.0,0.0,0.5723586876677641,0.0,0.0,0.0,0.0,0.0,0.0,11,35,8,0,0,1
31190,9,6,3,16,4,6,3,4.0,0,0,0,4336429.69478,1,3,0,5,12,0,0,0,0,0,0,0,0,0,0,0,0,0,0,0,0,0,0,0,0,0,0,0,0,0,0,0,0,0,0,0,0,0,0,0,0,0,0,0,0,0,0,0,0,0,0,0,0,0,0,0,0,0,0,0,0,0,0,0,0,0,0,0,0,0,0,0,0,0,0,0,0,0,0,0,0,0,0,0,0,0,0,0,0,0,0,0,0,0,0,0,0,0,0,0,0,0,0,0,0,0,0,0,0,0,0,0,0,0,0,0,0,0,0,0,0,0,0,0,0,0,0,0,0,0,0,0,0,0,0,0,0,0,0,0,0,0,0,0,0,0,0,0,0,0,0,0,0,0,0,0,0,0,0,172.73305555555555,4,0.0,0.0,0.0,0.0,0.0,0.0,0.0,0.0,0.0,0.0,0.0,0.0,0.0,0.0,0.0,0.0,0.0,0.0,0.0,0.0,0.0,0.0,0.0,27,39,32,1,3,1
31164,5,30,5,45,5,5,2,2.0,0,0,0,4372182.096951,1,5,0,5,87,0,0,0,0,0,0,0,0,0,0,0,0,0,0,0,0,0,0,0,0,0,0,0,0,0,0,0,0,0,0,0,0,0,0,0,0,0,0,0,0,0,0,0,0,0,0,0,0,0,0,0,0,0,0,0,0,0,0,0,0,0,0,0,0,0,0,0,0,0,0,0,0,0,0,0,0,0,0,0,0,0,0,0,0,0,0,0,0,0,0,0,0,0,0,0,0,0,0,0,0,0,0,0,0,0,0,0,0,0,0,0,0,0,0,0,0,0,0,0,0,0,0,0,0,0,0,0,0,0,0,0,0,0,0,0,0,0,0,0,0,0,0,0,0,0,0,0,0,0,0,0,0,0,0,251.8622222222222,4,0.3750814509389234,0.0,0.0,0.0,0.0,0.0,0.0,0.0,0.0,0.0,0.0,0.0,0.4093500834693751,0.0,0.0,0.0,0.0,0.0,0.0,0.0,0.0,0.7327325296963724,0.3935091539595009,26,42,33,2,6,0
31173,11,2,2,89,6,3,3,5.0,0,0,0,4428750.86085,1,2,1,5,170,0,1,0,0,0,0,0,0,0,0,0,0,0,0,0,0,0,0,0,0,0,0,0,0,0,0,0,0,0,0,0,0,0,0,0,0,0,0,0,0,0,0,0,0,0,0,0,0,0,0,0,0,0,0,0,0,0,0,0,0,0,0,0,0,0,0,0,0,0,0,0,0,0,0,0,0,0,0,0,0,0,0,0,0,0,0,0,0,0,0,0,0,0,0,0,0,0,0,0,0,0,0,0,0,0,0,0,0,0,0,0,0,0,0,0,0,0,0,0,0,0,0,0,0,0,0,0,0,0,0,0,0,0,0,0,0,0,0,0,0,0,0,0,0,0,0,0,0,0,0,0,0,0,1,213.16611111111112,4,0.0,0.0,0.0,0.0,0.0,0.0,0.0,0.0,0.0,0.0,0.3332398436078393,0.0,0.0,0.3190746436649501,0.0,0.0,0.2767306253656547,0.0,0.0,0.0,0.0,0.5743973208678897,0.6169525566579913,30,40,35,26,0,1
30634,6,0,1,32,4,2,2,3.0,0,0,0,4435182.226483,1,1,0,5,26,0,0,0,0,0,0,0,0,0,0,0,0,0,0,0,0,0,0,0,0,0,0,0,0,0,0,0,0,0,0,0,0,0,0,0,0,0,0,0,0,0,0,0,0,0,0,0,0,0,0,0,0,0,0,0,0,0,0,0,0,0,0,0,0,0,0,0,0,0,0,0,0,0,0,0,0,0,0,0,0,0,0,0,0,0,0,0,0,0,0,0,0,0,0,0,0,0,0,0,0,0,0,0,0,0,0,0,0,0,0,0,0,0,0,0,0,0,0,0,0,0,0,0,0,0,0,0,0,0,0,0,0,0,0,0,0,0,0,0,0,0,0,0,0,0,0,0,0,0,0,0,0,0,0,2063.1511111111113,4,0.0,0.0,0.0,0.0,0.0,0.0,0.0,0.0,0.0,0.0,0.0,0.0,0.0,0.0,0.97254846704788,0.0,0.0,0.0,0.0,0.0,0.0,0.0,0.2327004066236633,8,37,10,2,0,1
30930,12,23,4,82,1,8,8,4.0,0,1,0,4582987.119705,2,4,0,5,150,0,0,0,0,0,0,0,0,0,0,0,0,0,0,0,0,0,0,0,0,0,0,0,0,0,0,0,0,0,0,0,0,0,0,0,0,0,0,0,0,0,0,0,0,0,0,0,0,0,0,0,0,0,0,0,0,0,0,0,0,0,0,0,0,0,0,0,0,0,0,0,0,0,0,0,0,0,0,0,0,0,0,0,0,0,0,0,0,0,0,0,0,0,0,0,0,0,0,0,0,0,0,0,0,0,0,0,0,0,0,0,0,0,0,0,0,0,0,0,0,0,0,0,0,0,0,0,0,0,0,0,0,0,0,0,0,0,0,0,0,0,0,0,0,0,0,0,0,0,0,0,0,0,0,1108.298611111111,4,0.5386493324306799,0.0,0.0,0.2239397994252978,0.0,0.0,0.0,0.0,0.0,0.0,0.0,0.0,0.0,0.0,0.0,0.0,0.0,0.0,0.0,0.2520684541382466,0.0,0.5261335730988511,0.5651131042472212,42,32,33,2,3,1
30670,5,6,2,8,1,4,1,3.0,0,0,0,4583345.124956,2,2,0,5,67,0,0,0,0,0,0,0,0,0,0,0,0,0,0,0,0,0,0,0,0,0,0,0,0,0,0,0,0,0,0,0,0,0,0,0,0,0,0,0,0,0,0,0,0,0,0,0,0,0,0,0,0,0,0,0,0,0,0,0,0,0,0,0,0,0,0,0,0,0,0,0,0,0,0,0,0,0,0,0,0,0,0,0,0,0,0,0,0,0,0,0,0,0,0,0,0,0,0,0,0,0,0,0,0,0,0,0,0,0,0,0,0,0,0,0,0,0,0,0,0,0,0,0,0,0,0,0,0,0,0,0,0,0,0,0,0,0,0,0,0,0,0,0,0,0,0,0,0,0,0,0,0,0,0,1882.3016666666667,4,0.0,0.0,0.0,0.0,0.0,0.0,0.0,0.0,0.3728885630773251,0.3131896937898122,0.0,0.0,0.0,0.3817720182114195,0.3856449899761772,0.0,0.0,0.0,0.0,0.0,0.5763385833293608,0.0,0.3690911004249907,8,33,15,1,6,0
31139,3,15,1,8,1,6,6,3.0,0,0,0,4710950.843656,0,1,0,5,26,0,0,0,0,0,0,0,0,0,0,0,0,0,0,0,0,0,0,0,0,0,0,0,0,0,0,0,0,0,0,0,0,0,0,0,0,0,0,0,0,0,0,0,0,0,0,0,0,0,0,0,0,0,0,0,0,0,0,0,0,0,0,0,0,0,0,0,0,0,0,0,0,0,0,0,0,0,0,0,0,0,0,0,0,0,0,0,0,0,0,0,0,0,0,0,0,0,0,0,0,0,0,0,0,0,0,0,0,0,0,0,0,0,0,0,0,0,0,0,0,0,0,0,0,0,0,0,0,0,0,0,0,0,0,0,0,0,0,0,0,0,0,0,0,0,0,0,0,0,0,0,0,0,0,223.27916666666667,4,0.4533111051688119,0.0,0.0,0.0,0.0,0.0,0.0,0.0,0.0,0.0,0.5137605581576771,0.0,0.0,0.0,0.0,0.0,0.4266395008710094,0.0,0.0,0.0,0.0,0.5903709572029083,0.0,22,34,35,2,2,1
30955,5,6,3,268,6,5,4,4.0,0,0,0,4939010.860376,1,3,0,5,160,0,0,0,0,0,0,0,0,0,0,0,0,0,0,0,0,0,0,0,0,0,0,0,0,0,0,0,0,0,0,0,0,0,0,0,0,0,0,0,0,0,0,0,0,0,0,0,0,0,0,0,0,0,0,0,0,0,0,0,0,0,0,0,0,0,0,0,0,0,0,0,0,0,0,0,0,0,0,0,0,0,0,0,0,0,0,0,0,0,0,0,0,0,0,0,0,0,0,0,0,0,0,0,0,0,0,0,0,0,0,0,0,0,0,0,0,0,0,0,0,0,0,0,0,0,0,0,0,0,0,0,0,0,0,0,0,0,0,0,0,0,0,0,0,0,0,0,0,0,0,0,0,0,0,376.4080555555555,4,0.0,0.0,0.0,0.1240222555485829,0.0,0.0,0.0,0.0,0.0,0.0,0.0,0.0,0.0,0.0,0.1635037972130415,0.0,0.5615250901694724,0.0,0.0,0.0,0.1221765474777159,0.4856384961718378,0.6259414539859984,39,37,32,2,1,1
31093,14,8,1,19,5,4,2,3.0,0,0,0,4996877.038353,1,1,0,5,39,0,0,0,0,0,0,0,0,0,0,0,0,0,0,0,0,0,0,0,0,0,0,0,0,0,0,0,0,0,0,0,0,0,0,0,0,0,0,0,0,0,0,0,0,0,0,0,0,0,0,0,0,0,0,0,0,0,0,0,0,0,0,0,0,0,0,0,0,0,0,0,0,0,0,0,0,0,0,0,0,0,0,0,0,0,0,0,0,0,0,0,0,0,0,0,0,0,0,0,0,0,0,0,0,0,0,0,0,0,0,0,0,0,0,0,0,0,0,0,0,0,0,0,0,0,0,0,0,0,0,0,0,0,0,0,0,0,0,0,0,0,0,0,0,0,0,0,0,0,0,0,0,0,0,311.5563888888889,4,0.0,0.0,0.0,0.0,0.0,0.6982315975045473,0.0,0.0,0.0,0.0,0.0,0.0,0.0,0.0,0.0,0.0,0.5887007481758936,0.0,0.0,0.0,0.0,0.4073132275576022,0.0,30,29,33,0,1,1
31015,8,0,1,6,1,3,3,4.0,0,0,0,5014411.064569,1,1,0,5,85,0,1,0,0,0,0,0,0,0,0,0,0,0,0,0,0,0,0,0,0,0,0,0,0,0,0,0,0,0,0,0,0,0,0,0,0,0,0,0,0,0,0,0,0,0,0,0,0,0,0,0,0,0,0,0,0,0,0,0,0,0,0,0,0,0,0,0,0,0,0,0,0,0,0,0,0,0,0,0,0,0,0,0,0,0,0,0,0,0,0,0,0,0,0,0,0,0,0,0,0,0,0,0,0,0,0,0,0,0,0,0,0,0,0,0,0,0,0,0,0,0,0,0,0,0,0,0,0,0,0,0,0,0,0,0,0,0,0,0,0,0,0,0,0,0,0,0,0,0,0,0,0,0,1,698.1102777777778,4,0.0,0.0,0.0,0.0,0.0,0.0,0.0,0.0,0.0,0.0,0.0,0.0,0.0,0.0,0.0,0.0,0.0,0.0,0.0,0.0,0.9025812777596904,0.4305194966986796,0.0,39,30,39,1,1,1
30903,10,2,2,124,6,3,2,4.0,0,0,0,5058902.867957,0,2,1,5,30,0,1,0,0,0,0,0,0,0,0,0,0,0,0,0,0,0,0,0,0,0,0,0,0,0,0,0,0,0,0,0,0,0,0,0,0,0,0,0,0,0,0,0,0,0,0,0,0,0,0,0,0,0,0,0,0,0,0,0,0,0,0,0,0,0,0,0,0,0,0,0,0,0,0,0,0,0,0,0,0,0,0,0,0,0,0,0,0,0,0,0,0,0,0,0,0,0,0,0,0,0,0,0,0,0,0,0,0,0,0,0,0,0,0,0,0,0,0,0,0,0,0,0,0,0,0,0,0,0,0,0,0,0,0,0,0,0,0,0,0,0,0,0,0,0,0,0,0,0,0,0,0,0,1,1081.243888888889,4,0.0,0.0,0.0,0.0,0.0,0.0,0.0,0.0,0.0,0.0,0.0,0.0,0.0,0.0,0.0,0.0,0.6061943920361853,0.0,0.0,0.0,0.0,0.4194168176490992,0.6757350754082416,41,30,38,15,5,0
31064,5,5,1,13,2,5,1,3.0,0,0,0,5107925.44313,0,1,0,5,217,0,0,0,0,0,0,0,0,0,0,0,0,0,0,0,0,0,0,0,0,0,0,0,0,0,0,0,0,0,0,0,0,0,0,0,0,0,0,0,0,0,0,0,0,0,0,0,0,0,0,0,0,0,0,0,0,0,0,0,0,0,0,0,0,0,0,0,0,0,0,0,0,0,0,0,0,0,0,0,0,0,0,0,0,0,0,0,0,0,0,0,0,0,0,0,0,0,0,0,0,0,0,0,0,0,0,0,0,0,0,0,0,0,0,0,0,0,0,0,0,0,0,0,0,0,0,0,0,0,0,0,0,0,0,0,0,0,0,0,0,0,0,0,0,0,0,0,0,0,0,0,0,0,0,477.76916666666665,4,0.0,0.0,0.0,0.6221175870005653,0.0,0.0,0.0,0.0,0.0,0.0,0.0,0.0,0.0,0.0,0.0,0.0,0.0,0.0,0.0,0.0,0.6128591886084683,0.4872097319253423,0.0,36,32,35,4,2,1
31043,7,6,8,81,10,6,4,2.0,0,1,0,5109327.355456,1,8,0,5,115,0,0,0,0,0,0,0,0,0,0,0,0,0,0,0,0,0,0,0,0,0,0,0,0,0,0,0,0,0,0,0,0,0,0,0,0,0,0,0,0,0,0,0,0,0,0,0,0,0,0,0,0,0,0,0,0,0,0,0,0,0,0,0,0,0,0,0,0,0,0,0,0,0,0,0,0,0,0,0,0,0,0,0,0,0,0,0,0,0,0,0,0,0,0,0,0,0,0,0,0,0,0,0,0,0,0,0,0,0,0,0,0,0,0,0,0,0,0,0,0,0,0,0,0,0,0,0,0,0,0,0,0,0,0,0,0,0,0,0,0,0,0,0,0,0,0,0,0,0,0,0,0,0,0,545.9958333333333,4,0.8059406438106587,0.0,0.0,0.0,0.0,0.0,0.0,0.0,0.0,0.0,0.228353392562447,0.0,0.0,0.0,0.0,0.0,0.1896303168433255,0.0,0.0,0.0,0.4951168412160639,0.1312023751210657,0.0,38,31,40,4,0,1
30942,3,7,1,9,1,3,4,3.0,0,0,0,5203957.647612,1,1,0,5,127,0,0,0,0,0,0,0,0,0,0,0,0,0,0,0,0,0,0,0,0,0,0,0,0,0,0,0,0,0,0,0,0,0,0,0,0,0,0,0,0,0,0,0,0,0,0,0,0,0,0,0,0,0,0,0,0,0,0,0,0,0,0,0,0,0,0,0,0,0,0,0,0,0,0,0,0,0,0,0,0,0,0,0,0,0,0,0,0,0,0,0,0,0,0,0,0,0,0,0,0,0,0,0,0,0,0,0,0,0,0,0,0,0,0,0,0,0,0,0,0,0,0,0,0,0,0,0,0,0,0,0,0,0,0,0,0,0,0,0,0,0,0,0,0,0,0,0,0,0,0,0,0,0,0,884.3269444444444,4,0.0,0.0,0.0,0.0,0.0,0.0,0.0,0.0,0.0,0.0,0.0,0.0,0.0,0.0,0.0,0.0,0.0,0.0,0.0,0.0,0.2439767545310196,0.9697810800631814,0.0,40,32,29,6,5,0
31042,12,7,3,302,55,5,3,3.0,0,0,0,5205788.785239,1,3,0,5,67,0,1,0,0,0,0,0,0,0,0,0,0,0,0,0,0,0,0,0,0,0,0,0,0,0,0,0,0,0,0,0,0,0,0,0,0,0,0,0,0,0,0,0,0,0,0,0,0,0,0,0,0,0,0,0,0,0,0,0,0,0,0,0,0,0,0,0,0,0,0,0,0,0,0,0,0,0,0,0,0,0,0,0,0,0,0,0,0,0,0,0,0,0,0,0,0,0,0,0,0,0,0,0,0,0,0,0,0,0,0,0,0,0,0,0,0,0,0,0,0,0,0,0,0,0,0,0,0,0,0,0,0,0,0,0,0,0,0,0,0,0,0,0,0,0,0,0,0,0,0,0,0,0,1,522.1380555555555,4,0.0,0.0,0.3864123924087866,0.0,0.0,0.0,0.0,0.0,0.0,0.0,0.0,0.0,0.0,0.0,0.0,0.0,0.3284568487382386,0.0,0.0,0.0,0.0,0.4545087451901743,0.7322727374793608,37,30,39,22,6,0
31048,21,7,1,12,6,5,3,5.0,0,0,0,5218773.255918,2,1,1,5,38,0,1,0,0,0,0,0,0,0,0,0,0,0,0,0,0,0,0,0,0,0,0,0,0,0,0,0,0,0,0,0,0,0,0,0,0,0,0,0,0,0,0,0,0,0,0,0,0,0,0,0,0,0,0,0,0,0,0,0,0,0,0,0,0,0,0,0,0,0,0,0,0,0,0,0,0,0,0,0,0,0,0,0,0,0,0,0,0,0,0,0,0,0,0,0,0,0,0,0,0,0,0,0,0,0,0,0,0,0,0,0,0,0,0,0,0,0,0,0,0,0,0,0,0,0,0,0,0,0,0,0,0,0,0,0,0,0,0,0,0,0,0,0,0,0,0,0,0,0,0,0,0,0,1,213.68444444444444,4,0.0,0.0,0.0,0.0,0.0,0.0,0.0,0.0,0.0,0.0,0.0,1.0,0.0,0.0,0.0,0.0,0.0,0.0,0.0,0.0,0.0,0.0,0.0,40,29,41,23,0,1
31040,15,30,1,46,2,10,8,3.0,0,0,0,5448586.344829,1,1,0,5,61,0,0,0,0,0,0,0,0,0,0,0,0,0,0,0,0,0,0,0,0,0,0,0,0,0,0,0,0,0,0,0,0,0,0,0,0,0,0,0,0,0,0,0,0,0,0,0,0,0,0,0,0,0,0,0,0,0,0,0,0,0,0,0,0,0,0,0,0,0,0,0,0,0,0,0,0,0,0,0,0,0,0,0,0,0,0,0,0,0,0,0,0,0,0,0,0,0,0,0,0,0,0,0,0,0,0,0,0,0,0,0,0,0,0,0,0,0,0,0,0,0,0,0,0,0,0,0,0,0,0,0,0,0,0,0,0,0,0,0,0,0,0,0,0,0,0,0,0,0,0,0,0,0,0,462.0702777777778,4,0.6570389864881192,0.0,0.0,0.0,0.0,0.0,0.0,0.0,0.0,0.0,0.0,0.0,0.0,0.0,0.0,0.0,0.3091902912280244,0.0,0.0,0.0,0.5381886288923409,0.4278482602231506,0.0,37,26,38,1,6,0
30921,7,10,1,13,2,3,1,2.0,1,1,0,5482271.865613,0,1,0,5,44,0,0,0,0,0,0,0,0,0,0,0,0,0,0,0,0,0,0,0,0,0,0,0,0,0,0,0,0,0,0,0,0,0,0,0,0,0,0,0,0,0,0,0,0,0,0,0,0,0,0,0,0,0,0,0,0,0,0,0,0,0,0,0,0,0,0,0,0,0,0,0,0,0,0,0,0,0,0,0,0,0,0,0,0,0,0,0,0,0,0,0,0,0,0,0,0,0,0,0,0,0,0,0,0,0,0,0,0,0,0,0,0,0,0,0,0,0,0,0,0,0,0,0,0,0,0,0,0,0,0,0,0,0,0,0,0,0,0,0,0,0,0,0,0,0,0,0,0,0,0,0,0,0,0,214.24388888888888,4,0.0,0.0,0.0,0.0,0.0,0.0,0.0,0.0,0.0,0.0,0.0,0.0,0.0,0.0,0.0,0.0,0.0,0.0,0.0,0.0,0.7827826577020859,0.622295195868375,0.0,42,42,35,8,2,1
30849,5,30,3,228,16,8,3,3.0,0,2,0,5543859.535499,2,3,0,5,142,0,0,0,0,0,0,0,0,0,0,0,0,0,0,0,0,0,0,0,0,0,0,0,0,0,0,0,0,0,0,0,0,0,0,0,0,0,0,0,0,0,0,0,0,0,0,0,0,0,0,0,0,0,0,0,0,0,0,0,0,0,0,0,0,0,0,0,0,0,0,0,0,0,0,0,0,0,0,0,0,0,0,0,0,0,0,0,0,0,0,0,0,0,0,0,0,0,0,0,0,0,0,0,0,0,0,0,0,0,0,0,0,0,0,0,0,0,0,0,0,0,0,0,0,0,0,0,0,0,0,0,0,0,0,0,0,0,0,0,0,0,0,0,0,0,0,0,0,0,0,0,0,0,0,1101.2816666666668,4,0.0,0.0,0.0,0.0,0.0,0.0,0.0,0.0,0.0,0.0,0.4451140642711358,0.0,0.0,0.4261933684457812,0.4305169825494303,0.0,0.369633750968133,0.0,0.0,0.0,0.4825491467627338,0.255744054322264,0.0,26,23,36,5,6,0
31078,1,0,2,12,1,3,2,3.0,0,0,0,5577015.372114,1,2,0,5,57,0,1,0,0,0,0,0,0,0,0,0,0,0,0,0,0,0,0,0,0,0,0,0,0,0,0,0,0,0,0,0,0,0,0,0,0,0,0,0,0,0,0,0,0,0,0,0,0,0,0,0,0,0,0,0,0,0,0,0,0,0,0,0,0,0,0,0,0,0,0,0,0,0,0,0,0,0,0,0,0,0,0,0,0,0,0,0,0,0,0,0,0,0,0,0,0,0,0,0,0,0,0,0,0,0,0,0,0,0,0,0,0,0,0,0,0,0,0,0,0,0,0,0,0,0,0,0,0,0,0,0,0,0,0,0,0,0,0,0,0,0,0,0,0,0,0,0,0,0,0,0,0,0,1,278.29083333333335,4,0.0,0.0,0.0,0.0,0.0,0.0,0.0,0.0,0.0,0.8621290229074294,0.0,0.0,0.0,0.0,0.0,0.0,0.0,0.0,0.0,0.0,0.3966272115287568,0.3153100108394973,0.0,29,22,33,5,5,0
31046,3,4,6,48,3,4,1,2.0,0,0,0,5614316.078414,0,6,0,5,54,0,0,0,0,0,0,0,0,0,0,0,0,0,0,0,0,0,0,0,0,0,0,0,0,0,0,0,0,0,0,0,0,0,0,0,0,0,0,0,0,0,0,0,0,0,0,0,0,0,0,0,0,0,0,0,0,0,0,0,0,0,0,0,0,0,0,0,0,0,0,0,0,0,0,0,0,0,0,0,0,0,0,0,0,0,0,0,0,0,0,0,0,0,0,0,0,0,0,0,0,0,0,0,0,0,0,0,0,0,0,0,0,0,0,0,0,0,0,0,0,0,0,0,0,0,0,0,0,0,0,0,0,0,0,0,0,0,0,0,0,0,0,0,0,0,0,0,0,0,0,0,0,0,0,395.7416666666667,4,0.0,0.0,0.0,0.0,0.0,0.0,0.0,0.0,0.0,0.0,0.0,0.0,0.0,1.0,0.0,0.0,0.0,0.0,0.0,0.0,0.0,0.0,0.0,39,22,41,3,0,1
30724,5,2,2,46,3,5,2,4.0,0,0,0,5617469.754009,0,2,0,5,74,0,0,0,0,0,0,0,0,0,0,0,0,0,0,0,0,0,0,0,0,0,0,0,0,0,0,0,0,0,0,0,0,0,0,0,0,0,0,0,0,0,0,0,0,0,0,0,0,0,0,0,0,0,0,0,0,0,0,0,0,0,0,0,0,0,0,0,0,0,0,0,0,0,0,0,0,0,0,0,0,0,0,0,0,0,0,0,0,0,0,0,0,0,0,0,0,0,0,0,0,0,0,0,0,0,0,0,0,0,0,0,0,0,0,0,0,0,0,0,0,0,0,0,0,0,0,0,0,0,0,0,0,0,0,0,0,0,0,0,0,0,0,0,0,0,0,0,0,0,0,0,0,0,0,1376.911111111111,4,0.1793630273673083,0.0,0.0,0.0,0.0,0.0,0.0,0.1834060457091283,0.0,0.0,0.0,0.0,0.0,0.0,0.1966148416577631,0.0,0.1688097900054853,0.0,0.0,0.0,0.881510629578477,0.2335939290836826,0.1881751096308342,12,21,18,4,1,1
31063,2,0,1,14,1,1,1,3.0,0,0,0,5631138.233183,0,1,0,5,58,0,0,0,0,0,0,0,0,0,0,0,0,0,0,0,0,0,0,0,0,0,0,0,0,0,0,0,0,0,0,0,0,0,0,0,0,0,0,0,0,0,0,0,0,0,0,0,0,0,0,0,0,0,0,0,0,0,0,0,0,0,0,0,0,0,0,0,0,0,0,0,0,0,0,0,0,0,0,0,0,0,0,0,0,0,0,0,0,0,0,0,0,0,0,0,0,0,0,0,0,0,0,0,0,0,0,0,0,0,0,0,0,0,0,0,0,0,0,0,0,0,0,0,0,0,0,0,0,0,0,0,0,0,0,0,0,0,0,0,0,0,0,0,0,0,0,0,0,0,0,0,0,0,0,281.68361111111113,4,0.0,0.5757288732647213,0.0,0.0,0.0,0.0,0.0,0.0,0.0,0.0,0.0,0.0,0.0,0.5885761416076167,0.0,0.0,0.0,0.0,0.0,0.0,0.4442692542329551,0.3531843990933334,0.0,36,27,34,19,2,1
30935,5,0,1,18,2,1,1,3.0,0,0,0,5631436.675484,0,1,0,5,105,0,0,0,0,0,0,0,0,0,0,0,0,0,0,0,0,0,0,0,0,0,0,0,0,0,0,0,0,0,0,0,0,0,0,0,0,0,0,0,0,0,0,0,0,0,0,0,0,0,0,0,0,0,0,0,0,0,0,0,0,0,0,0,0,0,0,0,0,0,0,0,0,0,0,0,0,0,0,0,0,0,0,0,0,0,0,0,0,0,0,0,0,0,0,0,0,0,0,0,0,0,0,0,0,0,0,0,0,0,0,0,0,0,0,0,0,0,0,0,0,0,0,0,0,0,0,0,0,0,0,0,0,0,0,0,0,0,0,0,0,0,0,0,0,0,0,0,0,0,0,0,0,0,0,773.9158333333334,4,0.3763881546376605,0.0,0.0,0.312961634892448,0.0,0.0,0.0,0.0,0.0,0.3350727330739648,0.0,0.0,0.0,0.4084470086014846,0.4125905907820865,0.0,0.0,0.0,0.0,0.0,0.3083041174748064,0.2450950711327952,0.3948800558414218,41,23,35,11,4,1
30793,27,30,6,314,14,6,1,3.0,0,0,0,5747216.659394,3,6,0,5,403,0,0,0,0,0,0,0,0,0,0,0,0,0,0,0,0,0,0,0,0,0,0,0,0,0,0,0,0,0,0,0,0,0,0,0,0,0,0,0,0,0,0,0,0,0,0,0,0,0,0,0,0,0,0,0,0,0,0,0,0,0,0,0,0,0,0,0,0,0,0,0,0,0,0,0,0,0,0,0,0,0,0,0,0,0,0,0,0,0,0,0,0,0,0,0,0,0,0,0,0,0,0,0,0,0,0,0,0,0,0,0,0,0,0,0,0,0,0,0,0,0,0,0,0,0,0,0,0,0,0,0,0,0,0,0,0,0,0,0,0,0,0,0,0,0,0,0,0,0,0,0,0,0,0,784.4636111111112,4,0.3879132649175092,0.0,0.0,0.0,0.0,0.0,0.0,0.0,0.0,0.0,0.0,0.0,0.423354252723943,0.0,0.4252242297545169,0.0,0.365089493371265,0.0,0.0,0.0,0.3177444755462479,0.5051999011490608,0.0,15,28,22,1,0,1
30996,2,3,1,7,1,4,1,3.0,0,0,0,6204772.414675,0,1,1,5,36,0,0,0,0,0,0,0,0,0,0,0,1,0,0,0,0,0,0,0,0,0,0,0,0,0,0,0,0,0,0,0,0,0,0,0,0,0,0,0,0,0,0,0,0,0,0,0,0,0,0,0,0,0,0,0,0,0,0,0,0,0,0,0,0,0,0,0,0,0,0,0,0,0,0,0,0,0,0,0,0,0,0,0,0,0,0,0,0,0,0,0,0,0,0,0,0,0,0,0,0,0,0,0,0,0,0,0,0,0,0,0,0,0,0,0,0,0,0,0,0,0,0,0,0,0,0,0,0,0,0,0,0,0,0,0,0,0,0,0,0,0,0,0,0,0,0,0,0,0,0,0,0,0,1,429.0397222222222,4,0.0,0.0,0.0,0.0,0.0,0.0,0.0,0.0,0.5506304092402349,0.0,0.0,0.0,0.0,0.0,0.0,0.0,0.4889339050156995,0.0,0.0,0.0,0.0,0.6765720870284485,0.0,37,33,36,0,5,0
30527,6,0,1,10,5,3,3,4.0,0,0,0,6254923.902784,1,1,1,5,77,0,0,0,0,0,0,0,0,0,0,0,0,0,0,0,0,0,0,0,0,0,0,0,0,0,0,0,0,0,0,0,0,0,0,0,0,0,0,0,0,0,0,0,0,0,0,0,0,0,0,0,0,0,0,0,0,0,0,0,0,0,0,0,0,0,0,0,0,0,0,0,0,0,0,0,0,0,0,0,0,0,0,0,0,0,0,0,0,0,0,0,0,0,0,0,0,0,0,0,0,0,0,0,0,0,0,0,0,0,0,0,0,0,0,0,0,0,0,0,0,0,0,0,0,0,0,0,0,0,0,0,0,0,0,0,0,0,0,0,0,0,0,0,0,0,0,0,0,0,0,0,0,0,0,1985.1525,4,0.0,0.3250442126393261,0.0,0.0,0.0,0.0,0.0,0.0,0.0,0.0,0.0,0.2640419698486778,0.3341924273942672,0.0,0.6713371443143775,0.0,0.0,0.0,0.0,0.0,0.0,0.3988007211408366,0.3212599304952349,5,30,4,0,3,1
30859,14,14,1,6,2,6,2,2.0,0,2,0,6326840.08159,3,1,0,5,14,0,0,0,0,0,0,0,0,0,0,0,0,0,0,0,0,0,0,0,0,0,0,0,0,0,0,0,0,0,0,0,0,0,0,0,0,0,0,0,0,0,0,0,0,0,0,0,0,0,0,0,0,0,0,0,0,0,0,0,0,0,0,0,0,0,0,0,0,0,0,0,0,0,0,0,0,0,0,0,0,0,0,0,0,0,0,0,0,0,0,0,0,0,0,0,0,0,0,0,0,0,0,0,0,0,0,0,0,0,0,0,0,0,0,0,0,0,0,0,0,0,0,0,0,0,0,0,0,0,0,0,0,0,0,0,0,0,0,0,0,0,0,0,0,0,0,0,0,0,0,0,0,0,0,846.0366666666666,4,0.0,0.0,0.0,0.0,0.0,0.0,0.0,0.0,0.0,0.0,0.8670716915071207,0.0,0.0,0.0,0.0,0.0,0.0,0.0,0.0,0.0,0.0,0.4981833816848776,0.0,26,30,37,0,1,1
30937,10,2,2,178,81,5,4,3.0,0,0,0,6667223.560424,2,2,0,5,41,0,1,0,0,0,0,0,0,0,0,0,0,0,0,0,0,0,0,0,0,0,0,0,0,0,0,0,0,0,0,0,0,0,0,0,0,0,0,0,0,0,0,0,0,0,0,0,0,0,0,0,0,0,0,0,0,0,0,0,0,0,0,0,0,0,0,0,0,0,0,0,0,0,0,0,0,0,0,0,0,0,0,0,0,0,0,0,0,0,0,0,0,0,0,0,0,0,0,0,0,0,0,0,0,0,0,0,0,0,0,0,0,0,0,0,0,0,0,0,0,0,0,0,0,0,0,0,0,0,0,0,0,0,0,0,0,0,0,0,0,0,0,0,0,0,0,0,0,0,0,0,0,0,1,481.3383333333333,4,0.0,0.0,0.0,0.0,0.0,0.0,0.0,0.0,0.0,0.0,0.7036458341269343,0.0,0.0,0.0,0.0,0.0,0.5843249402764501,0.0,0.0,0.0,0.0,0.4042856716317486,0.0,42,35,35,7,4,1
30970,6,0,1,1,1,2,2,2.0,0,0,0,6686395.589204,1,1,0,5,59,0,1,0,0,0,0,0,0,0,0,0,0,0,0,0,0,0,0,0,0,0,0,0,0,0,0,0,0,0,0,0,0,0,0,0,0,0,0,0,0,0,0,0,0,0,0,0,0,0,0,0,0,0,0,0,0,0,0,0,0,0,0,0,0,0,0,0,0,0,0,0,0,0,0,0,0,0,0,0,0,0,0,0,0,0,0,0,0,0,0,0,0,0,0,0,0,0,0,0,0,0,0,0,0,0,0,0,0,0,0,0,0,0,0,0,0,0,0,0,0,0,0,0,0,0,0,0,0,0,0,0,0,0,0,0,0,0,0,0,0,0,0,0,0,0,0,0,0,0,0,0,0,0,1,380.3355555555556,4,0.0,0.0,0.7267855478641795,0.0,0.0,0.0,0.0,0.0,0.0,0.0,0.0,0.0,0.0,0.0,0.0,0.0,0.0,0.0,0.0,0.0,0.5376655766559292,0.4274324450658977,0.0,42,31,36,0,2,1
30857,17,30,7,823,8,5,3,4.0,0,0,0,6765927.129325,0,7,0,5,217,0,0,0,0,0,0,0,0,0,0,0,0,0,0,0,0,0,0,0,0,0,0,0,0,0,0,0,0,0,0,0,0,0,0,0,0,0,0,0,0,0,0,0,0,0,0,0,0,0,0,0,0,0,0,0,0,0,0,0,0,0,0,0,0,0,0,0,0,0,0,0,0,0,0,0,0,0,0,0,0,0,0,0,0,0,0,0,0,0,0,0,0,0,0,0,0,0,0,0,0,0,0,0,0,0,0,0,0,0,0,0,0,0,0,0,0,0,0,0,0,0,0,0,0,0,0,0,0,0,0,0,0,0,0,0,0,0,0,0,0,0,0,0,0,0,0,0,0,0,0,0,0,0,0,733.8830555555555,4,0.5211730971106754,0.0,0.0,0.0,0.0,0.0,0.0,0.0,0.0,0.0,0.2953360045841292,0.0,0.0,0.0,0.0,0.0,0.2452543380068892,0.0,0.0,0.0,0.213449612821903,0.6787512079481318,0.2733891318766787,25,36,36,0,1,1
30929,9,28,2,256,9,6,4,3.0,0,0,0,6769732.224898,1,2,0,5,188,0,0,0,0,0,0,0,0,0,0,0,0,0,0,0,0,0,0,0,0,0,0,0,0,0,0,0,0,0,0,0,0,0,0,0,0,0,0,0,0,0,0,0,0,0,0,0,0,0,0,0,0,0,0,0,0,0,0,0,0,0,0,0,0,0,0,0,0,0,0,0,0,0,0,0,0,0,0,0,0,0,0,0,0,0,0,0,0,0,0,0,0,0,0,0,0,0,0,0,0,0,0,0,0,0,0,0,0,0,0,0,0,0,0,0,0,0,0,0,0,0,0,0,0,0,0,0,0,0,0,0,0,0,0,0,0,0,0,0,0,0,0,0,0,0,0,0,0,0,0,0,0,0,0,320.19666666666666,4,0.0,0.5875931300021796,0.0,0.2301371546984506,0.0,0.0,0.0,0.0,0.0,0.2463966084314971,0.0,0.477317366322352,0.3020653295764379,0.0,0.3033995673321856,0.0,0.0,0.0,0.0,0.0,0.0,0.3604625999637308,0.0,41,35,33,10,3,1
30992,7,5,1,2,1,7,4,2.0,0,0,0,6818714.766892,0,1,0,5,363,0,0,0,0,0,0,0,0,0,0,0,0,0,0,0,0,0,0,0,0,0,0,0,0,0,0,0,0,0,0,0,0,0,0,0,0,0,0,0,0,0,0,0,0,0,0,0,0,0,0,0,0,0,0,0,0,0,0,0,0,0,0,0,0,0,0,0,0,0,0,0,0,0,0,0,0,0,0,0,0,0,0,0,0,0,0,0,0,0,0,0,0,0,0,0,0,0,0,0,0,0,0,0,0,0,0,0,0,0,0,0,0,0,0,0,0,0,0,0,0,0,0,0,0,0,0,0,0,0,0,0,0,0,0,0,0,0,0,0,0,0,0,0,0,0,0,0,0,0,0,0,0,0,0,290.7730555555556,4,0.0,0.1019809634691602,0.0,0.639071018849036,0.0,0.1072441462637258,0.0980821226830955,0.0,0.0,0.2565832945318911,0.1088850821660047,0.1656836420056001,0.0,0.0,0.2106286041332572,0.1759597443060198,0.0,0.1834273337417672,0.0,0.179835880244645,0.5508652784884541,0.0,0.1007936642523556,38,36,35,0,4,1
30967,6,30,7,201,20,5,6,4.0,0,0,0,6858553.933802,0,7,0,5,26,0,0,0,0,0,0,0,0,0,0,0,0,0,0,0,0,0,0,0,0,0,0,0,0,0,0,0,0,0,0,0,0,0,0,0,0,0,0,0,0,0,0,0,0,0,0,0,0,0,0,0,0,0,0,0,0,0,0,0,0,0,0,0,0,0,0,0,0,0,0,0,0,0,0,0,0,0,0,0,0,0,0,0,0,0,0,0,0,0,0,0,0,0,0,0,0,0,0,0,0,0,0,0,0,0,0,0,0,0,0,0,0,0,0,0,0,0,0,0,0,0,0,0,0,0,0,0,0,0,0,0,0,0,0,0,0,0,0,0,0,0,0,0,0,0,0,0,0,0,0,0,0,0,0,319.12194444444447,4,0.0,0.0,0.0,0.0,0.0,0.0,0.0,0.0,0.0,0.0,0.0,0.0,0.0,0.0,0.0,0.0,0.0,0.0,0.0,0.0,0.0,0.0,0.0,41,37,36,14,2,1
30885,6,3,1,26,3,5,1,4.0,0,0,0,6902700.183516,0,1,0,5,52,0,0,0,0,0,0,0,0,0,0,0,0,0,0,0,0,0,0,0,0,0,0,0,0,0,0,0,0,0,0,0,0,0,0,0,0,0,0,0,0,0,0,0,0,0,0,0,0,0,0,0,0,0,0,0,0,0,0,0,0,0,0,0,0,0,0,0,0,0,0,0,0,0,0,0,0,0,0,0,0,0,0,0,0,0,0,0,0,0,0,0,0,0,0,0,0,0,0,0,0,0,0,0,0,0,0,0,0,0,0,0,0,0,0,0,0,0,0,0,0,0,0,0,0,0,0,0,0,0,0,0,0,0,0,0,0,0,0,0,0,0,0,0,0,0,0,0,0,0,0,0,0,0,0,631.1475,4,0.0,0.0,0.0,0.4915272125692708,0.0,0.0,0.0,0.0,0.0,0.0,0.669972248453032,0.0,0.0,0.0,0.0,0.0,0.5563615601447242,0.0,0.0,0.0,0.0,0.0,0.0,33,38,34,3,3,1
30920,6,0,1,28,2,2,2,3.0,0,0,0,6936939.66804,0,1,0,5,138,0,0,0,0,0,0,0,0,0,0,0,0,0,0,0,0,0,0,0,0,0,0,0,0,0,0,0,0,0,0,0,0,0,0,0,0,0,0,0,0,0,0,0,0,0,0,0,0,0,0,0,0,0,0,0,0,0,0,0,0,0,0,0,0,0,0,0,0,0,0,0,0,0,0,0,0,0,0,0,0,0,0,0,0,0,0,0,0,0,0,0,0,0,0,0,0,0,0,0,0,0,0,0,0,0,0,0,0,0,0,0,0,0,0,0,0,0,0,0,0,0,0,0,0,0,0,0,0,0,0,0,0,0,0,0,0,0,0,0,0,0,0,0,0,0,0,0,0,0,0,0,0,0,0,488.2397222222222,4,0.0,0.1961304578910715,0.0,0.0,0.0,0.0,0.0,0.0,0.1958414676499299,0.0,0.0,0.0,0.2016504563374471,0.0,0.0,0.0,0.0,0.0,0.0,0.0,0.9080809002910956,0.2406348582844406,0.0,42,37,36,9,2,1
30982,19,8,1,7,1,7,1,4.0,0,0,0,7031996.877313,4,1,0,5,68,0,0,0,0,0,0,0,0,0,0,0,0,0,0,0,0,0,0,0,0,0,0,0,0,0,0,0,0,0,0,0,0,0,0,0,0,0,0,0,0,0,0,0,0,0,0,0,0,0,0,0,0,0,0,0,0,0,0,0,0,0,0,0,0,0,0,0,0,0,0,0,0,0,0,0,0,0,0,0,0,0,0,0,0,0,0,0,0,0,0,0,0,0,0,0,0,0,0,0,0,0,0,0,0,0,0,0,0,0,0,0,0,0,0,0,0,0,0,0,0,0,0,0,0,0,0,0,0,0,0,0,0,0,0,0,0,0,0,0,0,0,0,0,0,0,0,0,0,0,0,0,0,0,0,169.43083333333334,4,0.4475002282111078,0.0,0.0,0.0,0.0,0.0,0.0,0.0,0.0,0.0,0.0,0.0,0.0,0.0,0.0,0.0,0.4211705202601451,0.0,0.0,0.0,0.7331057645064133,0.2914015728548361,0.0,44,34,38,0,3,1
30558,8,3,4,21,5,5,2,3.0,0,0,0,7185156.393617,2,4,1,5,5,0,0,0,0,0,0,0,0,0,0,0,1,0,0,0,0,0,0,0,0,0,0,0,0,0,0,0,0,0,0,0,0,0,0,0,0,0,0,0,0,0,0,0,0,0,0,0,0,0,0,0,0,0,0,0,0,0,0,0,0,0,0,0,0,0,0,0,0,0,0,0,0,0,0,0,0,0,0,0,0,0,0,0,0,0,0,0,0,0,0,0,0,0,0,0,0,0,0,0,0,0,0,0,0,0,0,0,0,0,0,0,0,0,0,0,0,0,0,0,0,0,0,0,0,0,0,0,0,0,0,0,0,0,0,0,0,0,0,0,0,0,0,0,0,0,0,0,0,0,0,0,0,0,1,555.6122222222223,4,0.0,0.0,0.0,0.0,0.0,0.0,0.0,0.0,0.0,0.0,0.0,0.0,0.0,0.0,0.0,0.0,0.0,0.0,0.0,0.0,0.0,0.0,0.0,8,3,7,0,2,1
30526,8,30,1,93,5,5,6,3.0,0,0,0,7364737.321399,0,1,0,5,525,0,0,0,0,0,0,0,0,0,0,0,0,0,0,0,0,0,0,0,0,0,0,0,0,0,0,0,0,0,0,0,0,0,0,0,0,0,0,0,0,0,0,0,0,0,0,0,0,0,0,0,0,0,0,0,0,0,0,0,0,0,0,0,0,0,0,0,0,0,0,0,0,0,0,0,0,0,0,0,0,0,0,0,0,0,0,0,0,0,0,0,0,0,0,0,0,0,0,0,0,0,0,0,0,0,0,0,0,0,0,0,0,0,0,0,0,0,0,0,0,0,0,0,0,0,0,0,0,0,0,0,0,0,0,0,0,0,0,0,0,0,0,0,0,0,0,0,0,0,0,0,0,0,0,247.13555555555556,4,0.1881816374004667,0.0,0.0,0.1564704738231822,0.0,0.0,0.0,0.0,0.3989164822362775,0.0,0.2132758319033147,0.0,0.0,0.204210004812567,0.0,0.0,0.1771095367798814,0.0,0.0,0.0,0.1541418690488988,0.1225394349855513,0.7897079073230885,4,2,3,0,3,1
30636,6,5,1,25,1,4,1,4.0,0,0,0,7365220.2285,1,1,1,5,33,0,0,0,0,0,0,0,0,0,0,0,0,0,0,0,0,0,0,0,0,0,0,0,0,0,0,0,0,0,0,0,0,0,0,0,0,0,0,0,0,0,0,0,0,0,0,0,0,0,0,0,0,0,0,0,0,0,0,0,0,0,0,0,0,0,0,0,0,0,0,0,0,0,0,0,0,0,0,0,0,0,0,0,0,0,0,0,0,0,0,0,0,0,0,0,0,0,0,0,0,0,0,0,0,0,0,0,0,0,0,0,0,0,0,0,0,0,0,0,0,0,0,0,0,0,0,0,0,0,0,0,0,0,0,0,0,0,0,0,0,0,0,0,0,0,0,0,0,0,0,0,0,0,0,221.63,4,0.0,0.0,0.0,0.0,0.0,0.0,0.0,0.0,0.0,0.0,0.0,0.0,0.0,0.0,0.0,0.0,0.6687264300245294,0.0,0.0,0.0,0.5820055976685705,0.4626817978579862,0.0,9,1,11,1,0,1
30718,8,4,2,147,6,4,1,4.0,0,0,0,7516684.301913,2,2,0,5,155,0,0,0,0,0,0,0,0,0,0,0,0,0,0,0,0,0,0,0,0,0,0,0,0,0,0,0,0,0,0,0,0,0,0,0,0,0,0,0,0,0,0,0,0,0,0,0,0,0,0,0,0,0,0,0,0,0,0,0,0,0,0,0,0,0,0,0,0,0,0,0,0,0,0,0,0,0,0,0,0,0,0,0,0,0,0,0,0,0,0,0,0,0,0,0,0,0,0,0,0,0,0,0,0,0,0,0,0,0,0,0,0,0,0,0,0,0,0,0,0,0,0,0,0,0,0,0,0,0,0,0,0,0,0,0,0,0,0,0,0,0,0,0,0,0,0,0,0,0,0,0,0,0,0,842.9236111111111,4,0.0,0.3163640607512635,0.0,0.0,0.0,0.0,0.0,0.0,0.0,0.0,0.3377819308374091,0.0,0.3252679767600964,0.0,0.0,0.0,0.2805024871751428,0.0,0.0,0.0,0.2441267615067962,0.3881509365947186,0.6253616721422263,10,39,19,3,0,1
30568,11,11,2,82,3,7,0,3.0,0,0,0,7533365.676187,6,2,0,5,122,0,0,0,0,0,0,0,0,0,0,0,0,0,0,0,0,0,0,0,0,0,0,0,0,0,0,0,0,0,0,0,0,0,0,0,0,0,0,0,0,0,0,0,0,0,0,0,0,0,0,0,0,0,0,0,0,0,0,0,0,0,0,0,0,0,0,0,0,0,0,0,0,0,0,0,0,0,0,0,0,0,0,0,0,0,0,0,0,0,0,0,0,0,0,0,0,0,0,0,0,0,0,0,0,0,0,0,0,0,0,0,0,0,0,0,0,0,0,0,0,0,0,0,0,0,0,0,0,0,0,0,0,0,0,0,0,0,0,0,0,0,0,0,0,0,0,0,0,0,0,0,0,0,0,1199.9038888888888,4,0.0,0.247119175084387,0.0,0.1935737534070152,0.0,0.0,0.0,0.0,0.0,0.0,0.0,0.2007414106740735,0.0,0.0,0.0,0.0,0.2191068829854856,0.0,0.0,0.0,0.0,0.7579838480368222,0.4884842487550559,11,39,9,0,3,1
30561,5,0,1,84,7,2,0,4.0,0,0,0,7896161.575702,3,1,0,5,40,0,0,0,0,0,0,0,0,0,0,0,0,0,0,0,0,0,0,0,0,0,0,0,0,0,0,0,0,0,0,0,0,0,0,0,0,0,0,0,0,0,0,0,0,0,0,0,0,0,0,0,0,0,0,0,0,0,0,0,0,0,0,0,0,0,0,0,0,0,0,0,0,0,0,0,0,0,0,0,0,0,0,0,0,0,0,0,0,0,0,0,0,0,0,0,0,0,0,0,0,0,0,0,0,0,0,0,0,0,0,0,0,0,0,0,0,0,0,0,0,0,0,0,0,0,0,0,0,0,0,0,0,0,0,0,0,0,0,0,0,0,0,0,0,0,0,0,0,0,0,0,0,0,0,1225.3269444444445,4,0.0,0.0,0.0,0.0,0.0,0.0,0.0,0.0,0.0,0.0,0.0,0.0,0.0,0.0,0.0,0.0,0.5773455115318367,0.0,0.0,0.0,0.5024750098302946,0.0,0.6435767435279862,10,38,9,0,2,1
30879,12,0,1,6,1,0,0,4.0,0,0,0,7905008.577758,0,1,0,5,32,0,0,0,0,0,0,0,0,0,0,0,0,0,0,0,0,0,0,0,0,0,0,0,0,0,0,0,0,0,0,0,0,0,0,0,0,0,0,0,0,0,0,0,0,0,0,0,0,0,0,0,0,0,0,0,0,0,0,0,0,0,0,0,0,0,0,0,0,0,0,0,0,0,0,0,0,0,0,0,0,0,0,0,0,0,0,0,0,0,0,0,0,0,0,0,0,0,0,0,0,0,0,0,0,0,0,0,0,0,0,0,0,0,0,0,0,0,0,0,0,0,0,0,0,0,0,0,0,0,0,0,0,0,0,0,0,0,0,0,0,0,0,0,0,0,0,0,0,0,0,0,0,0,0,356.24916666666667,4,0.0,0.0,0.0,0.0,0.0,0.0,0.0,0.0,0.0,0.0,0.0,0.0,0.0,0.0,0.0,0.0,0.0,0.0,0.0,0.0,1.0,0.0,0.0,29,43,36,0,3,1
30661,26,20,4,238,9,6,4,3.0,0,0,0,8001638.086071,0,4,0,5,162,0,0,0,0,0,0,0,0,0,0,0,0,0,0,0,0,0,0,0,0,0,0,0,0,0,0,0,0,0,0,0,0,0,0,0,0,0,0,0,0,0,0,0,0,0,0,0,0,0,0,0,0,0,0,0,0,0,0,0,0,0,0,0,0,0,0,0,0,0,0,0,0,0,0,0,0,0,0,0,0,0,0,0,0,0,0,0,0,0,0,0,0,0,0,0,0,0,0,0,0,0,0,0,0,0,0,0,0,0,0,0,0,0,0,0,0,0,0,0,0,0,0,0,0,0,0,0,0,0,0,0,0,0,0,0,0,0,0,0,0,0,0,0,0,0,0,0,0,0,0,0,0,0,0,770.3966666666666,4,0.0,0.0,0.0,0.1373573780690652,0.0,0.0,0.0,0.0,0.0,0.0,0.0,0.0,0.1802877146480464,0.0,0.0,0.0,0.3109506989874908,0.0,0.0,0.0,0.4059396472553868,0.752997454528728,0.346621969435862,7,25,14,0,3,1
30828,4,16,6,54,4,4,1,3.0,0,0,0,8132194.80784,1,6,0,5,63,0,0,0,0,0,0,0,0,0,0,0,0,0,0,0,0,0,0,0,0,0,0,0,0,0,0,0,0,0,0,0,0,0,0,0,0,0,0,0,0,0,0,0,0,0,0,0,0,0,0,0,0,0,0,0,0,0,0,0,0,0,0,0,0,0,0,0,0,0,0,0,0,0,0,0,0,0,0,0,0,0,0,0,0,0,0,0,0,0,0,0,0,0,0,0,0,0,0,0,0,0,0,0,0,0,0,0,0,0,0,0,0,0,0,0,0,0,0,0,0,0,0,0,0,0,0,0,0,0,0,0,0,0,0,0,0,0,0,0,0,0,0,0,0,0,0,0,0,0,0,0,0,0,0,354.77444444444444,4,0.0,0.0,0.0,0.0,0.0,0.0,0.0,0.0,0.0,0.0,0.0,0.0,0.0,0.0,0.0,0.0,0.5361522348301954,0.0,0.0,0.0,0.4666237012080435,0.3709556984725618,0.5976579057690341,22,40,30,0,3,1
30678,11,19,4,74,3,4,1,3.0,0,0,0,8145183.835557,2,4,0,5,136,0,0,0,0,0,0,0,0,0,0,0,0,0,0,0,0,0,0,0,0,0,0,0,0,0,0,0,0,0,0,0,0,0,0,0,0,0,0,0,0,0,0,0,0,0,0,0,0,0,0,0,0,0,0,0,0,0,0,0,0,0,0,0,0,0,0,0,0,0,0,0,0,0,0,0,0,0,0,0,0,0,0,0,0,0,0,0,0,0,0,0,0,0,0,0,0,0,0,0,0,0,0,0,0,0,0,0,0,0,0,0,0,0,0,0,0,0,0,0,0,0,0,0,0,0,0,0,0,0,0,0,0,0,0,0,0,0,0,0,0,0,0,0,0,0,0,0,0,0,0,0,0,0,0,836.4688888888888,4,0.0,0.0,0.0,0.4116451433780561,0.0,0.0,0.0,0.0,0.2623690408063637,0.0,0.0,0.0,0.0,0.0,0.0,0.0,0.0,0.0,0.0,0.0,0.8110380218685663,0.3223787980670117,0.0,8,45,16,0,0,1
30765,7,30,3,107,7,5,0,4.0,0,0,0,8477425.071836,0,3,0,5,94,0,0,0,0,0,0,0,0,0,0,0,0,0,0,0,0,0,0,0,0,0,0,0,0,0,0,0,0,0,0,0,0,0,0,0,0,0,0,0,0,0,0,0,0,0,0,0,0,0,0,0,0,0,0,0,0,0,0,0,0,0,0,0,0,0,0,0,0,0,0,0,0,0,0,0,0,0,0,0,0,0,0,0,0,0,0,0,0,0,0,0,0,0,0,0,0,0,0,0,0,0,0,0,0,0,0,0,0,0,0,0,0,0,0,0,0,0,0,0,0,0,0,0,0,0,0,0,0,0,0,0,0,0,0,0,0,0,0,0,0,0,0,0,0,0,0,0,0,0,0,0,0,0,0,510.4830555555555,4,0.0,0.0,0.0,0.0,0.0,0.0,0.0,0.0,0.0,0.6871765683482421,0.0,0.0,0.0,0.0,0.0,0.0,0.726490443098279,0.0,0.0,0.0,0.0,0.0,0.0,15,45,22,4,4,1
30826,2,0,1,2,1,2,0,4.0,0,0,0,8482337.485525,1,1,0,5,67,0,0,0,0,0,0,0,0,0,0,0,0,0,0,0,0,0,0,0,0,0,0,0,0,0,0,0,0,0,0,0,0,0,0,0,0,0,0,0,0,0,0,0,0,0,0,0,0,0,0,0,0,0,0,0,0,0,0,0,0,0,0,0,0,0,0,0,0,0,0,0,0,0,0,0,0,0,0,0,0,0,0,0,0,0,0,0,0,0,0,0,0,0,0,0,0,0,0,0,0,0,0,0,0,0,0,0,0,0,0,0,0,0,0,0,0,0,0,0,0,0,0,0,0,0,0,0,0,0,0,0,0,0,0,0,0,0,0,0,0,0,0,0,0,0,0,0,0,0,0,0,0,0,0,356.9477777777778,4,0.0,0.0,0.0,0.0,0.0,0.0,0.0,0.0,0.0,0.0,0.0,0.0,0.0,0.0,0.0,0.0,0.8223548294979172,0.0,0.0,0.0,0.0,0.5689749857431797,0.0,20,43,28,0,3,1
30679,10,4,4,119,3,3,5,3.0,0,0,0,8483636.543553,0,4,0,5,72,0,0,0,0,0,0,0,0,0,0,0,0,0,0,0,0,0,0,0,0,0,0,0,0,0,0,0,0,0,0,0,0,0,0,0,0,0,0,0,0,0,0,0,0,0,0,0,0,0,0,0,0,0,0,0,0,0,0,0,0,0,0,0,0,0,0,0,0,0,0,0,0,0,0,0,0,0,0,0,0,0,0,0,0,0,0,0,0,0,0,0,0,0,0,0,0,0,0,0,0,0,0,0,0,0,0,0,0,0,0,0,0,0,0,0,0,0,0,0,0,0,0,0,0,0,0,0,0,0,0,0,0,0,0,0,0,0,0,0,0,0,0,0,0,0,0,0,0,0,0,0,0,0,0,759.3616666666667,4,0.831434098437011,0.0,0.0,0.3456630761967925,0.0,0.0,0.0,0.0,0.0,0.0,0.0,0.0,0.0,0.0,0.0,0.0,0.0,0.0,0.0,0.0,0.3405188935925081,0.2707051178255396,0.0,9,41,17,0,1,1
30856,17,3,2,20,2,4,6,3.0,0,0,0,8504396.943875,0,2,0,5,46,0,1,0,0,0,0,0,0,0,0,0,0,0,0,0,0,0,0,0,0,0,0,0,0,0,0,0,0,0,0,0,0,0,0,0,0,0,0,0,0,0,0,0,0,0,0,0,0,0,0,0,0,0,0,0,0,0,0,0,0,0,0,0,0,0,0,0,0,0,0,0,0,0,0,0,0,0,0,0,0,0,0,0,0,0,0,0,0,0,0,0,0,0,0,0,0,0,0,0,0,0,0,0,0,0,0,0,0,0,0,0,0,0,0,0,0,0,0,0,0,0,0,0,0,0,0,0,0,0,0,0,0,0,0,0,0,0,0,0,0,0,0,0,0,0,0,0,0,0,0,0,0,0,1,252.0036111111111,4,0.0,0.0,0.0,0.0,0.0,0.0,0.0,0.0,0.0,0.0,0.0,0.0,0.0,0.0,0.0,0.0,0.0,0.0,0.0,0.0,0.0,0.0,0.0,24,37,35,5,0,1
30869,4,11,5,26,11,3,2,3.0,0,0,0,8590590.533579,0,5,0,5,52,0,0,0,0,0,0,0,0,0,0,0,0,0,0,0,0,0,0,0,0,0,0,0,0,0,0,0,0,0,0,0,0,0,0,0,0,0,0,0,0,0,0,0,0,0,0,0,0,0,0,0,0,0,0,0,0,0,0,0,0,0,0,0,0,0,0,0,0,0,0,0,0,0,0,0,0,0,0,0,0,0,0,0,0,0,0,0,0,0,0,0,0,0,0,0,0,0,0,0,0,0,0,0,0,0,0,0,0,0,0,0,0,0,0,0,0,0,0,0,0,0,0,0,0,0,0,0,0,0,0,0,0,0,0,0,0,0,0,0,0,0,0,0,0,0,0,0,0,0,0,0,0,0,0,190.61916666666667,4,0.0,0.0,0.0,0.0,0.0,0.0,0.0,0.0,0.0,0.0,0.0,0.0,0.0,0.0,0.0,0.0,0.0,0.0,0.0,0.0,0.0,0.0,0.0,29,34,41,6,2,1
30639,7,0,1,2,1,1,1,2.0,0,0,0,8600592.883278,0,1,0,5,29,0,0,0,0,0,0,0,0,0,0,0,0,0,0,0,0,0,0,0,0,0,0,0,0,0,0,0,0,0,0,0,0,0,0,0,0,0,0,0,0,0,0,0,0,0,0,0,0,0,0,0,0,0,0,0,0,0,0,0,0,0,0,0,0,0,0,0,0,0,0,0,0,0,0,0,0,0,0,0,0,0,0,0,0,0,0,0,0,0,0,0,0,0,0,0,0,0,0,0,0,0,0,0,0,0,0,0,0,0,0,0,0,0,0,0,0,0,0,0,0,0,0,0,0,0,0,0,0,0,0,0,0,0,0,0,0,0,0,0,0,0,0,0,0,0,0,0,0,0,0,0,0,0,0,888.4788888888888,4,0.0,0.0,0.0,0.0,0.0,0.0,0.0,0.0,0.0,0.0,0.0,0.0,0.0,0.0,0.97254846704788,0.0,0.0,0.0,0.0,0.0,0.0,0.0,0.2327004066236633,10,33,12,3,0,1
30546,14,30,4,186,8,4,1,3.0,0,2,0,8677558.897197,2,4,0,5,228,0,0,0,0,0,0,0,0,0,0,0,1,0,0,0,0,0,0,0,0,0,0,0,0,0,0,0,0,0,0,0,0,0,0,0,0,0,0,0,0,0,0,0,0,0,0,0,0,0,0,0,0,0,0,0,0,0,0,0,0,0,0,0,0,0,0,0,0,0,0,0,0,0,0,0,0,0,0,0,0,0,0,0,0,0,0,0,0,0,0,0,0,0,0,0,0,0,0,0,0,0,0,0,0,0,0,0,0,0,0,0,0,0,0,0,0,0,0,0,0,0,0,0,0,0,0,0,0,0,0,0,0,0,0,0,0,0,0,0,0,0,0,0,0,0,0,0,0,0,0,0,0,0,1,1062.5697222222225,4,0.0,0.0,0.0,0.0,0.0,0.0,0.0,0.0,0.0,0.4575246701203384,0.291236485543111,0.2215782026785261,0.0,0.0,0.0,0.0,0.0,0.4906157112509779,0.0,0.4810095992502659,0.0,0.3346647772243514,0.2695942544003816,6,20,5,1,1,1
30827,7,3,10,946,37,6,3,3.0,0,0,0,8747657.089837,1,10,1,5,12,0,0,0,0,0,0,0,0,0,0,0,0,0,0,0,0,0,0,0,0,0,0,0,0,0,0,0,0,0,0,0,0,0,0,0,0,0,0,0,0,0,0,0,0,0,0,0,0,0,0,0,0,0,0,0,0,0,0,0,0,0,0,0,0,0,0,0,0,0,0,0,0,0,0,0,0,0,0,0,0,0,0,0,0,0,0,0,0,0,0,0,0,0,0,0,0,0,0,0,0,0,0,0,0,0,0,0,0,0,0,0,0,0,0,0,0,0,0,0,0,0,0,0,0,0,0,0,0,0,0,0,0,0,0,0,0,0,0,0,0,0,0,0,0,0,0,0,0,0,0,0,0,0,0,281.73,4,0.0,0.0,0.0,0.0,0.0,0.0,0.0,0.0,0.0,0.0,0.0,0.0,0.0,0.0,0.0,0.0,0.0,0.0,0.0,0.0,0.0,0.0,0.0,21,30,29,1,3,1
30814,8,11,2,45,2,5,5,3.0,0,0,0,8943364.594967,0,2,0,5,96,0,0,0,0,0,0,0,0,0,0,0,0,0,0,0,0,0,0,0,0,0,0,0,0,0,0,0,0,0,0,0,0,0,0,0,0,0,0,0,0,0,0,0,0,0,0,0,0,0,0,0,0,0,0,0,0,0,0,0,0,0,0,0,0,0,0,0,0,0,0,0,0,0,0,0,0,0,0,0,0,0,0,0,0,0,0,0,0,0,0,0,0,0,0,0,0,0,0,0,0,0,0,0,0,0,0,0,0,0,0,0,0,0,0,0,0,0,0,0,0,0,0,0,0,0,0,0,0,0,0,0,0,0,0,0,0,0,0,0,0,0,0,0,0,0,0,0,0,0,0,0,0,0,0,192.15305555555557,4,0.3941207401405764,0.0,0.0,0.0,0.0,0.0,0.0,0.0,0.0,0.3508588459356985,0.0,0.0,0.0,0.4276899667397623,0.0,0.0,0.0,0.0,0.0,0.0,0.3228290940360003,0.5132842234775217,0.4134838409694237,17,17,26,0,2,1
30733,8,2,1,5,1,2,1,3.0,0,0,0,9119625.427818,0,1,0,5,11,0,0,0,0,0,0,0,0,0,0,0,0,0,0,0,0,0,0,0,0,0,0,0,0,0,0,0,0,0,0,0,0,0,0,0,0,0,0,0,0,0,0,0,0,0,0,0,0,0,0,0,0,0,0,0,0,0,0,0,0,0,0,0,0,0,0,0,0,0,0,0,0,0,0,0,0,0,0,0,0,0,0,0,0,0,0,0,0,0,0,0,0,0,0,0,0,0,0,0,0,0,0,0,0,0,0,0,0,0,0,0,0,0,0,0,0,0,0,0,0,0,0,0,0,0,0,0,0,0,0,0,0,0,0,0,0,0,0,0,0,0,0,0,0,0,0,0,0,0,0,0,0,0,0,358.09694444444443,4,0.0,0.0,0.0,0.0,0.0,0.0,0.0,0.0,0.0,0.0,0.0,0.0,0.0,1.0,0.0,0.0,0.0,0.0,0.0,0.0,0.0,0.0,0.0,13,14,19,2,2,1
30618,12,30,3,118,5,3,0,3.0,0,0,0,9176160.205632,1,3,0,5,74,0,0,0,0,0,0,0,0,0,0,0,1,0,0,0,0,0,0,0,0,0,0,0,0,0,0,0,0,0,0,0,0,0,0,0,0,0,0,0,0,0,0,0,0,0,0,0,0,0,0,0,0,0,0,0,0,0,0,0,0,0,0,0,0,0,0,0,0,0,0,0,0,0,0,0,0,0,0,0,0,0,0,0,0,0,0,0,0,0,0,0,0,0,0,0,0,0,0,0,0,0,0,0,0,0,0,0,0,0,0,0,0,0,0,0,0,0,0,0,0,0,0,0,0,0,0,0,0,0,0,0,0,0,0,0,0,0,0,0,0,0,0,0,0,0,0,0,0,0,0,0,0,0,1,818.9319444444444,4,0.0,0.0,0.0,0.0,0.0,0.0,0.0,0.0,0.0,0.0,0.0,0.0,0.0,0.0,0.0,0.0,0.0,0.0,0.0,0.0,0.9196881325341664,0.0,0.3926496388331684,7,19,9,0,4,1
30509,14,30,4,377,21,6,4,4.0,0,0,0,9186830.827729,1,4,0,5,217,0,0,0,0,0,0,0,0,0,0,0,1,0,0,0,0,0,0,0,0,0,0,0,0,0,0,0,0,0,0,0,0,0,0,0,0,0,0,0,0,0,0,0,0,0,0,0,0,0,0,0,0,0,0,0,0,0,0,0,0,0,0,0,0,0,0,0,0,0,0,0,0,0,0,0,0,0,0,0,0,0,0,0,0,0,0,0,0,0,0,0,0,0,0,0,0,0,0,0,0,0,0,0,0,0,0,0,0,0,0,0,0,0,0,0,0,0,0,0,0,0,0,0,0,0,0,0,0,0,0,0,0,0,0,0,0,0,0,0,0,0,0,0,0,0,0,0,0,0,0,0,0,0,1,1158.6719444444443,4,0.1545258507631802,0.0,0.0,0.0,0.0,0.0,0.0,0.0,0.0,0.0,0.0,0.0,0.1686438232275693,0.167687587183981,0.0,0.0,0.7271698298315494,0.0,0.0,0.0,0.0,0.6037414926798201,0.1621176857625858,2,8,2,0,1,1
30807,11,14,2,158,7,6,2,2.0,0,0,0,9187485.840633,3,2,1,5,187,0,0,0,0,0,0,0,0,0,0,0,1,0,0,0,0,0,0,0,0,0,0,0,0,0,0,0,0,0,0,0,0,0,0,0,0,0,0,0,0,0,0,0,0,0,0,0,0,0,0,0,0,0,0,0,0,0,0,0,0,0,0,0,0,0,0,0,0,0,0,0,0,0,0,0,0,0,0,0,0,0,0,0,0,0,0,0,0,0,0,0,0,0,0,0,0,0,0,0,0,0,0,0,0,0,0,0,0,0,0,0,0,0,0,0,0,0,0,0,0,0,0,0,0,0,0,0,0,0,0,0,0,0,0,0,0,0,0,0,0,0,0,0,0,0,0,0,0,0,0,0,0,0,1,186.00194444444443,4,0.0,0.0,0.0,0.0,0.0,0.0,0.0,0.0,0.0,0.1743221954108471,0.0,0.0,0.0,0.0,0.0,0.0,0.0,0.0,0.0,0.7330809010403193,0.1603957747303429,0.6375557702395209,0.0,15,7,24,0,1,1
30803,11,11,7,42,6,4,1,4.0,0,0,0,9197422.078677,2,7,0,5,20,0,1,0,0,0,0,0,0,0,0,0,0,0,0,0,0,0,0,0,0,0,0,0,0,0,0,0,0,0,0,0,0,0,0,0,0,0,0,0,0,0,0,0,0,0,0,0,0,0,0,0,0,0,0,0,0,0,0,0,0,0,0,0,0,0,0,0,0,0,0,0,0,0,0,0,0,0,0,0,0,0,0,0,0,0,0,0,0,0,0,0,0,0,0,0,0,0,0,0,0,0,0,0,0,0,0,0,0,0,0,0,0,0,0,0,0,0,0,0,0,0,0,0,0,0,0,0,0,0,0,0,0,0,0,0,0,0,0,0,0,0,0,0,0,0,0,0,0,0,0,0,0,0,1,208.1338888888889,4,0.0,0.0,0.0,0.0,0.0,0.0,0.0,0.0,0.0,0.0,0.7036458341269343,0.0,0.0,0.0,0.0,0.0,0.5843249402764501,0.0,0.0,0.0,0.0,0.4042856716317486,0.0,14,12,23,3,1,1
158219,3,24,16,797,5,3,1,66402.0,0,0,0,272214.34057,0,16,0,6,155,0,0,0,0,0,0,0,0,0,0,0,0,0,0,0,0,0,0,0,0,0,1,1,1,0,0,0,0,0,0,0,0,0,0,0,0,0,0,0,0,0,0,0,0,0,0,0,0,0,0,0,0,0,0,0,0,0,0,0,0,0,0,0,0,0,0,0,0,0,0,0,0,0,0,0,0,0,0,0,0,0,0,0,0,0,0,0,0,0,0,0,0,0,0,0,0,0,0,0,0,0,0,0,0,0,0,0,0,0,0,0,0,0,0,0,0,0,0,0,0,0,0,0,0,0,0,0,0,0,0,0,0,0,0,0,0,0,0,0,0,0,0,0,0,0,0,0,0,0,0,0,0,0,3,377.25166666666667,4,0.0,0.5582611520524747,0.0,0.0,0.0,0.0,0.0,0.0,0.0,0.4681935423046211,0.0,0.0,0.0,0.0,0.0,0.0,0.0,0.0,0.0,0.0,0.0,0.684937437327888,0.0,134,181,55,0,1,1
159962,0,29,3,92,2,2,1,,0,0,0,279557.210489,1,3,0,6,177,0,0,0,0,0,0,0,0,0,0,0,0,0,0,0,0,0,0,0,0,0,1,0,0,0,0,0,0,0,0,0,0,0,0,0,0,0,0,0,0,0,0,0,0,0,0,0,0,0,0,0,0,0,0,0,0,0,0,0,0,0,0,0,0,0,0,0,0,0,0,0,0,0,0,0,0,0,0,0,0,0,0,0,0,0,0,0,0,0,0,0,0,0,0,0,0,0,0,0,0,0,0,0,0,0,0,0,0,0,0,0,0,0,0,0,0,0,0,0,0,0,0,0,0,0,0,0,0,0,0,0,0,0,0,0,0,0,0,0,0,0,0,0,0,0,0,0,0,0,0,0,0,0,1,269.8802777777778,4,0.0,0.0,0.0,0.2843251256636679,0.1289123584819813,0.0,0.0,0.1165519522463813,0.1208129731761291,0.3044130216486884,0.3875470957891936,0.0982843762153336,0.0,0.1236911430453513,0.3748378666671981,0.0,0.3218287135634219,0.0,0.3500062876731859,0.0,0.4668229647050042,0.1484456434483331,0.0,92,166,23,0,0,1
159996,0,0,1,3,1,2,1,,1,0,0,525108.0822,0,1,0,6,186,0,0,0,0,0,0,0,0,0,0,0,0,0,0,0,0,0,0,0,0,0,0,0,0,0,0,0,0,0,0,0,0,0,0,0,0,0,0,0,0,0,0,0,0,0,0,0,0,0,0,0,0,0,0,0,0,0,0,0,0,0,0,0,0,0,0,0,0,0,0,0,0,0,0,0,0,0,0,0,0,0,0,0,0,0,0,0,0,0,0,0,0,0,0,0,0,0,0,0,0,0,0,0,0,0,0,0,0,0,0,0,0,0,0,0,0,0,0,0,0,0,0,0,0,0,0,0,0,0,0,0,0,0,0,0,0,0,0,0,0,0,0,0,0,0,0,0,0,0,0,0,0,0,0,247.75833333333333,4,0.0,0.0,0.0,0.2804883229495736,0.1271727609499326,0.0,0.0,0.1149791512296998,0.119182672152616,0.3003051444255936,0.3823173724381793,0.0969580855453274,0.0,0.1220220027882668,0.3697796469941492,0.0,0.317485821675864,0.0,0.3452831557608726,0.0,0.4605234594685219,0.2196636833421113,0.0,93,165,22,5,0,1
157151,3,21,18,81,2,4,2,120901.0,0,2,0,683723.34548,0,18,0,6,202,0,0,0,0,0,0,0,0,0,0,0,0,0,0,0,0,0,0,0,0,0,1,1,0,0,0,0,0,0,0,0,0,0,0,1,0,0,0,0,0,0,0,0,0,0,0,0,0,0,0,0,0,0,0,0,0,0,0,0,0,0,0,0,0,0,0,0,0,0,0,0,0,0,0,0,0,0,0,0,0,0,0,0,0,0,0,0,0,0,0,0,0,0,0,0,0,0,0,0,0,0,0,0,0,0,0,0,0,0,0,0,0,0,0,0,0,0,0,0,0,0,0,0,0,0,1,0,0,0,0,0,0,0,0,0,0,0,0,0,0,0,0,0,0,0,0,0,0,0,0,0,0,0,4,266.3722222222222,4,0.1037291502626541,0.0,0.0,0.2587481358183776,0.1173158100723752,0.0,0.0,0.1060673069231931,0.1099450198748073,0.3693719842103638,0.3526845836899381,0.0894430243068712,0.0,0.1125642786775302,0.3411186366589501,0.0,0.3905040259479392,0.0,0.3185208280441469,0.0,0.424829045947602,0.202637913671679,0.1088253499569661,15,27,30,0,4,1
157755,27,30,33,1213,11,4,0,1324376.0,0,0,0,693831.494614,0,33,0,6,228,0,0,0,0,0,0,0,0,0,0,0,0,0,0,0,0,0,0,0,0,0,1,0,0,0,0,0,0,0,0,0,0,0,0,0,0,0,0,0,0,0,0,0,0,0,0,0,0,0,0,0,0,0,0,0,0,0,0,0,0,0,0,0,0,0,0,0,0,0,0,0,0,0,0,0,0,0,0,0,0,0,0,0,0,0,0,0,0,0,0,0,0,0,0,0,0,0,0,0,0,0,0,0,0,0,0,0,0,0,0,0,0,0,0,0,0,0,0,0,0,0,0,0,0,0,0,0,0,0,0,0,0,0,0,0,0,0,0,0,0,0,0,0,0,0,0,0,0,0,0,0,0,0,1,723.3736111111111,4,0.0,0.0,0.0,0.2502241057974839,0.2269020689051287,0.0,0.0,0.1025730946631161,0.1063230627654489,0.3572036341956752,0.3410659725267272,0.0864964715831582,0.0,0.2177120688250638,0.3298810465199115,0.0,0.2832296367877845,0.0,0.3080276853904197,0.0,0.4108337546194093,0.2612831230070763,0.2104805570479092,43,174,46,0,0,1
159538,0,0,1,1,1,1,1,,0,0,0,856587.549822,0,1,0,6,35,0,0,0,0,0,0,0,0,0,0,0,0,0,0,0,0,0,0,0,0,0,0,0,0,0,0,0,0,0,0,0,0,0,0,0,0,1,1,0,0,0,0,0,0,0,0,0,0,0,0,0,0,0,0,0,0,0,0,0,0,0,0,0,0,0,0,0,0,0,0,0,0,0,0,0,0,0,0,0,0,0,0,0,0,0,0,0,0,0,0,0,0,0,0,0,0,0,0,0,0,0,0,0,0,0,0,0,0,0,0,0,0,0,0,0,0,0,0,0,0,0,0,0,0,0,0,0,0,0,0,0,0,0,0,0,0,0,0,0,0,0,0,0,0,0,0,0,0,0,0,0,0,0,2,466.895,4,0.0,0.0,0.0,0.0,0.0,0.0,0.0,0.0,0.0,0.0,0.0,0.0,0.0,0.0,0.0,0.0,0.0,0.0,0.0,0.0,0.7985655638018686,0.3174211315556199,0.5114067515703655,180,174,45,11,2,1
154675,4,5,3,47,2,3,3,451916.0,0,1,0,883516.684568,1,3,0,6,167,0,0,0,0,0,0,0,0,0,0,0,0,0,0,0,0,0,0,0,0,0,1,0,0,0,0,0,0,0,1,0,0,0,0,1,0,0,0,0,0,0,0,0,0,0,0,0,0,0,0,0,0,0,0,0,0,0,0,0,0,0,0,0,0,0,0,0,0,0,0,0,0,0,0,0,0,0,0,0,0,0,0,0,0,0,0,0,0,0,0,0,0,0,0,0,0,0,0,0,0,0,0,0,0,0,0,0,0,0,0,0,0,0,0,0,0,0,0,0,0,0,0,0,0,0,1,0,0,0,0,0,0,0,0,0,0,0,0,0,0,0,0,0,0,0,0,0,0,0,0,0,0,0,4,461.5913888888889,4,0.0,0.0,0.0,0.1959588378746569,0.1332709300497721,0.0,0.0,0.1204926141907719,0.1248977017165611,0.3147053315299688,0.4006501975614164,0.2032148101519692,0.0,0.1278731835076733,0.2583408433288026,0.0,0.4436131387078655,0.0,0.3618401216978235,0.0,0.3860851288887017,0.2301969632371761,0.0,5,0,10,0,3,1
155575,4,22,36,543,8,2,1,4915672.0,0,0,0,1109691.506143,0,36,0,6,397,0,0,0,0,0,0,0,0,0,0,0,0,0,0,0,0,0,0,0,0,0,1,0,1,0,0,0,0,0,0,0,0,0,1,0,1,0,0,0,0,0,0,0,0,0,0,0,0,0,0,0,0,0,0,0,0,0,0,0,0,0,0,0,0,0,0,0,0,0,0,0,0,0,0,0,0,0,0,0,0,0,0,0,0,0,0,0,0,0,0,0,0,0,0,0,0,0,0,0,0,0,0,0,0,0,0,0,0,0,0,0,0,0,0,0,0,0,0,0,0,0,0,0,0,0,0,0,0,0,0,0,0,0,0,0,0,0,0,0,0,0,0,0,0,0,0,0,0,0,0,0,0,0,4,1920.338888888889,4,0.1566204828447843,0.0,0.0,0.1953417041614992,0.0885674796927248,0.0,0.0,0.0800754309771755,0.0830029073581034,0.2091428194360408,0.2662589525199129,0.0675249417283789,0.0,0.1699606295135822,0.257527249792359,0.0,0.5896214221550254,0.0,0.2404670517307599,0.0,0.320724358265364,0.4079502280899277,0.1643152268465961,4,140,16,0,0,1
159452,1,10,5,405,2,5,3,20.0,0,0,0,1120663.152221,0,5,0,6,186,0,0,0,0,0,0,0,0,0,0,0,0,0,0,0,0,0,0,1,0,0,0,0,0,0,0,0,0,0,0,0,0,0,0,0,0,0,0,0,0,0,0,0,0,0,0,0,0,0,0,0,0,0,0,0,0,0,0,0,0,0,0,0,0,0,0,0,0,0,0,0,0,0,0,0,0,0,0,0,0,0,0,0,0,0,0,0,0,0,0,0,0,0,0,0,0,0,0,0,0,0,0,0,0,0,0,0,0,0,0,0,0,0,0,0,0,0,0,0,0,0,0,0,0,0,0,0,0,0,0,0,0,0,0,0,0,0,0,0,0,0,0,0,0,0,0,0,0,0,0,0,0,0,1,427.8441666666667,4,0.0,0.0,0.0,0.2746013987634372,0.1245036430544668,0.0,0.0,0.1125659543480697,0.1166812512453729,0.3920030697318286,0.3742932473590363,0.0949231170559587,0.0,0.1194609896526711,0.3620186652729166,0.0,0.3108223893349924,0.0,0.338036309477437,0.0,0.450857935202416,0.1433689028927759,0.0,189,150,45,4,0,1
159756,5,16,19,396,42,3,1,663867.0,0,0,0,1189633.498225,2,19,0,6,545,0,0,0,0,0,1,0,0,0,0,0,0,0,0,0,0,0,0,1,0,0,1,0,0,0,1,1,0,0,0,0,0,1,0,0,0,0,0,1,0,0,0,0,0,0,0,0,0,0,0,0,0,0,0,0,0,0,0,0,0,0,0,0,0,0,1,0,0,0,0,0,0,0,0,0,0,0,0,0,0,0,0,0,0,0,0,0,0,0,0,0,0,0,0,0,0,0,0,0,0,0,0,0,0,0,0,0,0,0,0,0,0,0,0,0,0,0,0,0,0,0,0,0,0,0,0,0,0,0,0,0,0,0,0,0,0,0,0,0,0,0,0,0,0,0,0,0,0,0,0,0,0,0,8,216.6925,4,0.1519981303323849,0.0,0.0,0.2527687589701788,0.0859535807643179,0.0,0.0,0.0777121585441207,0.0805532360865405,0.3382839518530703,0.3445344417468383,0.0655320728623244,0.0,0.3298891364264487,0.3332357706739392,0.0,0.2145824546947266,0.0,0.2333701288983964,0.0,0.4357623134094293,0.296932770918877,0.239198668132468,116,141,36,4,1,1
159385,3,1,4,26,2,3,3,24.0,0,0,0,1287086.314716,0,4,0,6,250,0,0,0,0,0,0,0,0,0,0,0,0,0,0,0,0,0,0,0,0,0,1,0,1,0,0,0,1,0,0,0,0,0,0,0,0,0,0,0,0,0,1,0,0,0,0,0,0,0,0,0,0,0,0,0,0,0,0,0,0,0,0,0,0,0,0,0,0,0,0,0,0,0,0,0,0,0,0,0,0,0,0,0,0,0,0,0,0,0,0,0,0,0,0,0,0,0,0,0,0,0,0,0,0,0,0,0,0,0,0,0,0,0,0,0,0,0,0,0,0,0,0,0,0,0,0,0,0,0,0,0,0,0,0,0,0,0,0,0,0,0,0,0,0,0,0,0,0,0,0,0,0,0,4,422.0286111111111,4,0.0,0.0,0.0,0.2665073644696796,0.1208338265090356,0.0,0.0,0.1092480080487949,0.1132420042012157,0.3804485536078921,0.3632607384436108,0.0921252035413841,0.0,0.1159398082188944,0.3513479567299363,0.0,0.301660720494724,0.0,0.3280724946761778,0.0,0.4375686380408788,0.2782860439088966,0.0,178,134,44,0,6,0
159394,1,7,8,55,2,3,2,741346.0,0,0,0,1291746.703514,0,8,0,6,209,0,0,0,0,0,0,0,0,0,0,0,0,0,0,0,0,0,0,0,0,0,1,0,0,0,0,0,0,0,0,0,0,0,0,0,0,0,0,0,0,0,0,0,0,0,0,0,0,0,0,0,0,0,0,0,0,0,0,0,0,0,0,0,0,0,0,0,0,0,0,0,0,0,0,0,0,0,0,0,0,0,0,0,0,0,0,0,0,0,0,0,0,0,0,0,0,0,0,0,0,0,0,0,0,0,0,0,0,0,0,0,0,0,0,0,0,0,0,0,0,0,0,0,0,0,0,0,0,0,0,0,0,0,0,0,0,0,0,0,0,0,0,0,0,0,0,0,0,0,0,0,0,0,1,412.7872222222222,4,0.0,0.0,0.0,0.2692209620520547,0.1220641654159417,0.0,0.0,0.1103603793001876,0.1143950426151267,0.3843223087566206,0.3669594859944483,0.1861264582763492,0.0,0.1171203158716937,0.3549254074613711,0.0,0.304732252133112,0.0,0.331412952941444,0.0,0.4420239940895707,0.1405597864357274,0.1132300540771086,180,129,45,2,6,0
159406,1,0,3,48,4,2,2,762964.0,0,0,0,1357836.807345,0,3,0,6,239,0,0,0,0,0,1,0,0,0,0,0,0,0,0,0,1,0,0,0,0,0,1,0,0,0,1,0,1,0,1,0,1,1,0,0,0,0,0,0,0,0,0,0,0,0,0,0,0,0,0,0,0,0,0,0,0,0,0,0,0,0,0,0,0,0,1,0,0,0,0,0,0,0,0,0,0,0,0,1,0,0,0,0,0,0,0,0,0,0,0,0,0,0,0,0,0,0,0,0,0,0,0,0,0,0,0,0,0,0,0,0,0,0,0,0,0,0,0,0,0,0,0,0,0,0,0,0,0,0,0,0,0,0,0,0,0,0,0,0,0,0,0,0,0,0,0,0,0,0,0,0,0,0,10,378.0930555555556,4,0.0,0.0,0.0,0.2488873619371169,0.112844957858651,0.0,0.0,0.1020251300531807,0.105755065126236,0.3552953857342009,0.3392439344648779,0.1720687825866338,0.0,0.1082745051661745,0.3281187604196914,0.0,0.3756220949635264,0.0,0.3063821440227869,0.0,0.4903668048578896,0.1949154748600254,0.0,184,128,47,4,0,1
157663,13,6,14,43,3,4,4,244173.0,0,0,0,1358129.227902,1,14,0,6,293,0,0,0,0,0,0,0,0,0,0,0,0,0,0,0,0,0,0,0,0,0,1,0,0,0,0,0,0,0,0,0,0,0,0,0,0,0,0,0,0,0,0,0,0,0,0,0,0,0,0,0,0,0,0,0,0,0,0,0,0,0,0,0,0,0,0,0,0,0,0,0,0,0,0,0,0,0,0,0,0,0,0,0,0,0,0,0,0,0,0,0,0,0,0,0,0,0,0,0,0,0,0,0,0,0,0,0,0,0,0,0,0,0,0,0,0,0,0,0,0,0,0,0,0,0,0,0,0,0,0,0,0,0,0,0,0,0,0,0,0,0,0,0,0,0,0,0,0,0,0,0,0,0,1,1098.8658333333333,4,0.0,0.0,0.0,0.2547757365284531,0.1155147333645008,0.0,0.0,0.1044389214920353,0.1082571023271115,0.3637012457404829,0.4630267153430205,0.1761397223059486,0.0,0.1108361492775822,0.3358816542715865,0.0,0.2883816452827929,0.0,0.3136307757655216,0.0,0.4183069096812905,0.1995269397439434,0.0,34,127,44,3,5,0
159436,8,0,1,42,2,1,1,2.0,0,0,0,1379124.06849,0,1,0,6,204,0,0,0,0,0,0,0,0,0,0,0,0,0,0,0,0,0,0,0,0,0,1,1,0,0,0,0,0,0,0,0,0,0,0,0,0,0,0,0,0,1,0,0,0,0,0,0,0,0,0,0,0,0,0,0,0,0,0,0,0,0,0,0,0,0,0,0,0,0,0,0,0,0,0,0,0,0,0,0,0,0,0,0,0,0,0,0,0,0,0,0,0,0,0,0,0,0,0,0,0,0,0,0,0,0,0,0,0,0,0,0,0,0,0,0,0,0,0,0,0,0,0,0,0,0,0,0,0,0,0,0,0,0,0,0,0,0,0,0,0,0,0,0,0,0,0,0,0,0,0,0,0,0,3,358.4527777777778,4,0.0,0.0,0.0,0.0,0.0,0.0,0.0,0.3011585151747572,0.0,0.2621908709167549,0.0,0.3809354056547702,0.0,0.0,0.0,0.1348539818912996,0.0,0.1405770759689345,0.0,0.2756492359495616,0.361867068351235,0.6712450562258733,0.0,184,120,48,8,0,1
158950,2,0,1,57,2,1,1,2.0,0,0,0,1379728.46759,0,1,0,6,240,0,0,0,0,0,0,0,0,0,0,0,0,0,0,0,0,0,0,1,0,0,0,0,0,0,0,0,0,0,0,0,0,0,0,0,0,0,0,0,0,1,0,0,0,0,0,0,0,0,0,0,0,0,0,0,0,0,0,0,0,0,0,0,0,0,0,0,0,0,0,0,0,0,0,0,0,0,0,0,0,0,0,0,0,0,0,0,0,0,0,0,0,0,0,0,0,0,0,0,0,0,0,0,0,0,0,0,0,0,0,0,0,0,0,0,0,0,0,0,0,0,0,0,0,0,0,0,0,0,0,0,0,0,0,0,0,0,0,0,0,0,0,0,0,0,0,0,0,0,0,0,0,0,2,621.5858333333333,4,0.1200119822116382,0.0,0.0,0.0,0.0,0.0,0.0,0.2454343397101096,0.0,0.2136769841760268,0.0,0.4139331948595373,0.0,0.0,0.0,0.109901584497998,0.2259016009336296,0.1145657189828824,0.0,0.2246451114876114,0.2949098249208755,0.7033406991975903,0.0,181,121,50,6,3,1
159396,4,0,1,58,2,2,2,1057053.0,0,0,0,1396216.175279,0,1,0,6,429,0,0,0,0,0,0,0,0,0,0,0,0,0,0,0,0,0,0,1,0,0,0,0,0,0,0,0,0,0,0,0,0,0,0,0,0,0,0,0,0,0,0,0,0,0,0,0,0,0,0,0,0,0,0,0,0,0,0,0,0,0,0,0,0,0,0,0,0,0,0,0,0,0,0,0,0,0,0,0,0,0,0,0,0,0,0,0,0,0,0,0,0,0,0,0,0,0,0,0,0,0,0,0,0,0,0,0,0,0,0,0,0,0,0,0,0,0,0,0,0,0,0,0,0,0,0,0,0,0,0,0,0,0,0,0,0,0,0,0,0,0,0,0,0,0,0,0,0,0,0,0,0,0,1,382.595,4,0.0,0.3030777711204681,0.0,0.2967591533011713,0.080729950820646,0.0,0.0,0.1459787639245746,0.1513155991846691,0.3177255275890643,0.2426971188190531,0.1846485383962034,0.0,0.0774602219103487,0.312984137937801,0.0,0.2015417026310813,0.0681410843527633,0.2191875994164101,0.1336138037382753,0.5262169722705944,0.2788873689747476,0.0748873075559507,181,118,46,2,6,0
159698,0,2,2,154,2,1,1,,0,0,0,1442632.510985,0,2,0,6,236,0,0,0,0,0,0,0,0,0,0,0,0,0,0,0,0,0,0,0,0,0,1,0,0,0,0,0,0,0,0,0,0,0,0,0,0,0,0,0,0,0,0,0,0,0,0,0,0,0,0,0,0,0,0,0,0,0,0,0,0,0,0,0,0,0,0,0,0,0,0,0,0,0,0,0,0,0,0,0,0,0,0,0,0,0,0,0,0,0,0,0,0,0,0,0,0,0,0,0,0,0,0,0,0,0,0,0,0,0,0,0,0,0,0,0,0,0,0,0,0,0,0,0,0,0,0,0,0,0,0,0,0,0,0,0,0,0,0,0,0,0,0,0,0,0,0,0,0,0,0,0,0,0,1,170.8802777777778,4,0.0,0.0,0.0,0.5852281500505204,0.1137176134895788,0.0,0.0,0.1028141135038065,0.1065728930100227,0.1790214827328026,0.3418673846861957,0.0866997147374498,0.0,0.1091118164507207,0.2204374514326939,0.0,0.2838951493077289,0.0,0.3087514665718024,0.0,0.2470794612409624,0.2618970671959102,0.3164626935612446,123,116,39,2,0,1
157815,8,19,24,213,8,2,3,69328.0,0,0,0,1458946.348674,0,24,0,6,315,0,0,0,0,0,0,0,0,0,0,0,0,0,0,0,0,0,0,0,0,0,1,0,1,0,0,0,1,0,0,0,0,0,0,0,1,0,0,0,0,0,0,0,0,0,0,0,0,0,0,0,0,0,0,0,0,0,0,0,0,0,0,0,0,0,0,0,0,0,0,0,0,0,0,0,0,0,0,0,0,0,0,0,0,0,0,0,0,0,0,0,0,0,0,0,0,0,0,0,0,0,0,0,0,0,0,0,0,0,0,0,0,0,0,0,0,0,0,0,0,0,0,0,0,0,0,0,0,0,0,0,0,0,0,0,0,0,0,0,0,0,0,0,0,0,0,0,0,0,0,0,0,0,4,987.3919444444444,4,0.1214915379117822,0.0,0.0,0.3030556875553553,0.1374047521932793,0.0,0.0,0.1242300761900606,0.1287718015283974,0.3244669192045839,0.4130776388485851,0.1047590821963479,0.0,0.1318395773592609,0.2663541069739657,0.0,0.3430299092855771,0.0,0.3730637449360283,0.0,0.2985455911539562,0.2373372548494771,0.2549208028135142,53,120,48,1,1,1
159233,5,0,7,52,5,1,1,946.0,0,0,0,1461812.654875,0,7,0,6,21,0,0,0,0,0,1,0,0,0,0,0,0,0,0,0,0,0,0,0,0,0,1,0,0,0,1,1,0,0,0,0,0,0,0,0,1,0,0,0,0,0,0,0,0,0,0,0,0,0,0,0,0,0,0,0,0,0,0,0,0,0,0,0,0,0,1,0,0,0,0,0,0,0,0,0,0,0,0,0,0,0,0,0,0,0,0,0,0,0,0,0,0,0,0,0,0,0,0,0,0,0,0,0,0,0,0,0,0,0,0,0,0,0,0,0,0,0,0,0,0,0,0,0,0,0,0,0,0,0,0,0,0,0,0,0,0,0,0,0,0,0,0,0,0,0,0,0,0,0,0,0,0,0,6,451.87638888888887,4,0.0,0.0,0.0,0.5410840811303236,0.0,0.7264056560376966,0.0,0.0,0.0,0.0,0.0,0.0,0.0,0.0,0.0,0.0,0.0,0.0,0.0,0.0,0.0,0.4237485575477479,0.0,170,119,43,37,3,1
159344,0,3,3,33,2,2,1,,0,0,0,1462541.294651,0,3,0,6,37,0,0,0,0,0,0,0,0,0,0,0,0,0,0,0,1,0,0,0,0,0,1,0,0,0,0,0,0,0,0,0,1,1,0,0,0,0,0,0,0,0,0,0,0,0,0,0,0,0,0,0,0,0,0,0,0,0,0,0,0,0,0,0,0,0,0,0,0,0,0,0,0,0,0,0,0,0,0,1,0,0,0,0,0,0,0,0,0,0,0,0,0,0,0,0,0,0,0,0,0,0,0,0,0,0,0,0,0,0,0,0,0,0,0,0,0,0,0,0,0,0,0,0,0,0,0,0,0,0,0,0,0,0,0,0,0,0,0,0,0,0,0,0,0,0,0,0,0,0,0,0,0,0,5,409.2963888888889,4,0.0,0.0,0.0,0.0,0.0,0.0,0.0,0.0,0.0,0.7675168382108253,0.0,0.0,0.0,0.0,0.0,0.0,0.0,0.4115142243333719,0.0,0.4034568962898958,0.0,0.2807071054859235,0.0,174,118,49,10,4,1
155615,0,0,1,4,1,1,1,,0,0,0,1466432.679233,1,1,0,6,41,0,0,0,0,0,0,0,0,0,0,0,0,0,0,0,1,0,0,0,0,0,1,0,0,0,0,0,0,1,0,0,0,0,0,0,0,0,0,0,0,0,1,0,0,0,0,0,0,0,0,0,0,0,0,0,0,0,0,0,0,0,0,0,0,0,0,0,0,0,0,0,0,0,0,0,0,0,0,1,0,0,0,0,0,0,0,0,0,0,0,0,0,0,0,0,0,0,0,0,0,0,0,0,0,0,0,0,0,0,0,0,0,0,0,0,0,0,0,0,0,0,0,0,0,0,0,0,0,0,0,0,0,0,0,0,0,0,0,0,0,0,0,0,0,0,0,0,0,0,0,0,0,0,5,1825.6597222222224,4,0.0,0.0,0.0,0.0,0.0,0.0,0.0,0.0,0.0,0.0,0.0,0.405736980782687,0.5135328545272415,0.0,0.0,0.0,0.4428571308367225,0.0,0.0,0.0,0.0,0.6128124275938915,0.0,5,117,17,4,1,1
159288,1,3,2,36,3,1,1,1222355.0,0,0,0,1645484.400166,0,2,0,6,31,0,0,0,0,0,0,0,0,0,0,0,0,0,0,0,0,0,0,0,0,0,1,0,0,0,0,0,0,0,0,0,0,0,0,0,0,0,0,0,0,0,0,0,0,0,0,0,0,0,0,0,0,0,0,0,0,0,0,0,0,0,0,0,0,0,0,0,0,0,0,0,0,0,0,0,0,0,0,0,0,0,0,0,0,0,0,0,0,0,0,0,0,0,0,0,0,0,0,0,0,0,0,0,0,0,0,0,0,0,0,0,0,0,0,0,0,0,0,0,0,0,0,0,0,0,0,0,0,0,0,0,0,0,0,0,0,0,0,0,0,0,0,0,0,0,0,0,0,0,0,0,0,0,1,381.2475,4,0.0,0.0,0.0,0.3451421618232342,0.0,0.4633535290148176,0.0,0.0,0.0,0.0,0.4704432720702406,0.0,0.0,0.0,0.0,0.0,0.3906677529001217,0.0,0.0,0.0,0.0,0.5405943302415537,0.0,170,120,41,1,3,1
158881,3,30,41,665,8,4,2,600209.0,0,0,0,1703581.093841,1,41,0,6,228,0,0,0,0,0,0,0,0,0,0,0,0,0,0,0,1,0,0,0,0,0,1,1,0,0,0,0,0,0,0,0,1,1,0,0,0,0,0,0,0,0,0,0,0,0,0,0,0,0,0,0,0,0,0,0,0,0,0,0,0,0,0,0,0,0,0,0,0,0,0,0,0,0,0,0,0,0,0,1,0,0,0,0,0,0,0,0,0,0,0,0,0,0,0,0,0,0,0,0,0,0,0,0,0,0,0,0,0,0,0,0,0,0,0,0,0,0,0,0,0,0,0,0,0,0,0,0,0,0,0,0,0,0,0,0,0,0,0,0,0,0,0,0,0,0,0,0,0,0,0,0,0,0,6,556.5355555555556,4,0.1023859318451212,0.0,0.0,0.1702650214966662,0.1157966541132453,0.0,0.0,0.1046938110467053,0.1085213103848721,0.2734416606019047,0.3481175702015148,0.0882848010180019,0.0,0.1111066516566484,0.5611689898745587,0.0,0.3854472776911009,0.0,0.314396210793226,0.0,0.2515966879170275,0.2666851965385059,0.1074161393928525,174,121,54,0,2,1
159079,2,0,1,70,2,1,1,3.0,0,0,0,1706819.62775,0,1,0,6,239,0,0,0,0,0,0,0,0,0,0,0,0,0,0,0,0,0,0,1,0,0,0,0,0,0,0,0,0,0,0,0,0,0,0,0,0,0,0,0,0,1,0,0,0,0,0,0,0,0,0,0,0,0,0,0,0,0,0,0,0,0,0,0,0,0,0,0,0,0,0,0,0,0,0,0,0,0,0,0,0,0,0,0,0,0,0,0,0,0,0,0,0,0,0,0,0,0,0,0,0,0,0,0,0,0,0,0,0,0,0,0,0,0,0,0,0,0,0,0,0,0,0,0,0,0,0,0,0,0,0,0,0,0,0,0,0,0,0,0,0,0,0,0,0,0,0,0,0,0,0,0,0,0,2,440.4105555555555,4,0.0,0.0,0.152747528695971,0.0,0.0,0.0,0.0,0.2821288391479296,0.0,0.245623491681795,0.0,0.4758196912805704,0.0,0.0,0.0,0.126332796346106,0.0,0.1316942581912761,0.0,0.2582314463376065,0.3390013257986596,0.6288302636467036,0.0,184,121,50,7,0,1
159296,5,1,10,14,1,3,2,341702.0,0,0,0,1716043.39727,1,10,0,6,198,0,0,0,0,0,0,0,0,0,0,0,0,0,0,0,0,0,0,1,0,0,0,0,0,0,0,0,0,0,0,0,0,0,0,0,0,0,0,1,0,0,0,0,0,0,0,0,0,0,0,0,0,0,0,0,0,0,0,0,0,0,0,0,0,0,0,0,0,0,0,0,0,0,0,0,0,0,0,0,0,0,0,0,0,0,0,0,0,0,0,0,0,0,0,0,0,0,0,0,0,0,0,0,0,0,0,0,0,0,0,0,0,0,0,0,0,0,0,0,0,0,0,0,0,0,0,0,0,0,0,0,0,0,0,0,0,0,0,0,0,0,0,0,0,0,0,0,0,0,0,0,0,0,2,359.53333333333336,4,0.0,0.0,0.0,0.2746013987634372,0.1245036430544668,0.0,0.0,0.1125659543480697,0.1166812512453729,0.3920030697318286,0.3742932473590363,0.0949231170559587,0.0,0.1194609896526711,0.3620186652729166,0.0,0.3108223893349924,0.0,0.338036309477437,0.0,0.450857935202416,0.1433689028927759,0.0,169,122,41,5,3,1
159299,1,0,3,6,1,2,2,406241.0,0,0,0,1716713.706569,0,3,0,6,195,0,0,0,0,0,0,0,0,0,0,0,0,0,0,0,0,0,0,1,0,0,0,0,0,0,0,0,0,0,0,0,0,0,0,0,0,0,0,0,0,0,0,0,0,0,0,0,0,0,0,0,0,0,0,0,0,0,0,0,0,0,0,0,0,0,0,0,0,0,0,0,0,0,0,0,0,0,0,0,0,0,0,0,0,0,0,0,0,0,0,0,0,0,0,0,0,0,0,0,0,0,0,0,0,0,0,0,0,0,0,0,0,0,0,0,0,0,0,0,0,0,0,0,0,0,0,0,0,0,0,0,0,0,0,0,0,0,0,0,0,0,0,0,0,0,0,0,0,0,0,0,0,0,1,358.58722222222224,4,0.0,0.0,0.0,0.2843251256636679,0.1289123584819813,0.0,0.0,0.1165519522463813,0.1208129731761291,0.3044130216486884,0.3875470957891936,0.0982843762153336,0.0,0.1236911430453513,0.3748378666671981,0.0,0.3218287135634219,0.0,0.3500062876731859,0.0,0.4668229647050042,0.1484456434483331,0.0,169,121,42,6,3,1
159472,3,6,2,411,4,3,2,25886.0,0,0,0,1745209.824578,0,2,0,6,367,0,0,0,0,0,0,0,0,0,0,0,0,0,0,0,0,0,0,0,0,0,1,1,0,0,0,0,0,0,0,0,0,0,0,0,0,0,0,0,0,0,0,0,0,0,0,0,0,0,0,0,0,0,0,0,0,0,0,0,0,0,0,0,0,0,0,0,0,0,0,0,0,0,0,0,0,0,0,0,0,0,0,0,0,0,0,0,0,0,0,0,0,0,0,0,0,0,0,0,0,0,0,0,0,0,0,0,0,0,0,0,0,0,0,0,0,0,0,0,0,0,0,0,0,0,0,0,0,0,0,0,0,0,0,0,0,0,0,0,0,0,0,0,0,0,0,0,0,0,0,0,0,0,2,242.23277777777776,4,0.1047600127541405,0.0,0.0,0.0871065267568042,0.0,0.0,0.0,0.107121406065076,0.0,0.3730428108098707,0.0,0.2709957329284205,0.0,0.0,0.0,0.0,0.3943848632256463,0.0,0.0,0.0,0.5148612072009632,0.4775207116120987,0.3297205757667375,187,129,44,8,1,1
158440,14,5,4,24,2,3,2,1768.0,0,0,0,1793251.196125,0,4,0,6,491,0,0,0,0,0,0,0,0,0,0,0,0,0,0,0,0,0,0,0,0,0,1,1,0,0,0,0,0,0,0,0,0,0,0,0,1,0,0,0,0,0,0,0,0,0,0,0,0,0,0,0,0,0,0,0,0,0,0,0,0,0,0,0,0,0,0,0,0,0,0,0,0,0,0,0,0,0,0,0,0,0,0,0,0,0,0,0,0,0,0,0,0,0,0,0,0,0,0,0,0,0,0,0,0,0,0,0,0,0,0,0,0,0,0,0,0,0,0,0,0,0,0,0,0,0,0,0,0,0,0,0,0,0,0,0,0,0,0,0,0,0,0,0,0,0,0,0,0,0,0,0,0,0,3,595.0122222222222,4,0.0,0.0,0.0,0.3313239154939163,0.112666126326617,0.0,0.0,0.1018634452897708,0.1583812039982788,0.3103907886138592,0.3387063161814844,0.0858980479218934,0.0,0.1081029166786912,0.3275987728036878,0.0,0.2812701196754325,0.0,0.3568793708702295,0.0,0.5303888351190374,0.1297377211489273,0.0,161,126,50,1,0,1
158925,0,6,2,214,8,2,1,,0,0,0,1815348.719163,0,2,0,6,234,0,0,0,0,0,0,0,0,0,0,0,0,0,0,0,1,0,0,0,0,0,1,1,0,0,0,0,0,0,0,0,1,1,0,0,0,0,0,0,0,0,0,0,0,0,0,0,0,0,0,0,0,0,0,0,0,0,0,0,0,0,0,0,0,0,0,0,0,0,0,0,0,0,0,0,0,0,0,1,0,0,0,0,0,0,0,0,0,0,0,0,0,0,0,0,0,0,0,0,0,0,0,0,0,0,0,0,0,0,0,0,0,0,0,0,0,0,0,0,0,0,0,0,0,0,0,0,0,0,0,0,0,0,0,0,0,0,0,0,0,0,0,0,0,0,0,0,0,0,0,0,0,0,6,507.46416666666664,4,0.0,0.0,0.0,0.2618605844906255,0.1187269871467088,0.0,0.0,0.2146863543453689,0.1112675346440338,0.3738151131944045,0.356926982039036,0.0905189231587229,0.0,0.1139183001803493,0.3452219096908123,0.0,0.2964010121964139,0.0,0.3223522748879812,0.0,0.4299392609287066,0.2734338927503002,0.0,177,121,49,8,3,1
159331,2,0,5,354,59,2,2,1080831.0,0,0,0,1818964.939049,1,5,0,6,159,0,0,0,0,0,1,0,0,0,0,0,0,0,0,0,1,0,0,1,0,1,1,1,1,0,1,0,1,1,1,1,1,1,0,0,0,0,0,0,0,0,1,0,0,0,0,0,0,0,0,0,0,0,0,0,0,0,0,0,0,0,0,0,0,0,1,0,0,0,0,0,0,0,0,0,0,0,0,1,0,0,0,0,0,0,0,0,0,0,0,0,0,0,0,0,0,0,0,0,0,0,0,0,0,0,0,0,0,0,0,0,0,0,0,0,0,0,0,0,0,0,0,0,0,0,1,0,0,0,0,0,0,0,0,0,0,0,0,0,0,0,0,0,0,0,0,0,0,0,0,0,0,0,18,312.0783333333333,4,0.0,0.0,0.0,0.2130210596195545,0.1448748882346662,0.0,0.0,0.1309839588233644,0.1357725992472309,0.1140356208095053,0.2903566570305548,0.1104544062887545,0.0,0.1390071575396558,0.2808346935804525,0.0,0.4822387287740052,0.0,0.3933456993975545,0.0,0.5246271624645364,0.1668268756909475,0.0,170,123,49,0,4,1
159441,2,3,1,2,1,3,2,24.0,0,0,0,1819568.238143,0,1,0,6,188,0,0,0,0,0,0,0,0,0,0,0,0,0,0,0,0,0,0,1,0,0,0,0,0,0,0,0,0,0,0,0,0,0,0,0,0,0,0,0,0,0,0,0,0,0,0,0,0,0,0,0,0,0,0,0,0,0,0,0,0,0,0,0,0,0,0,0,0,0,0,0,0,0,0,0,0,0,0,0,0,0,0,0,0,0,0,0,0,0,0,0,0,0,0,0,0,0,0,0,0,0,0,0,0,0,0,0,0,0,0,0,0,0,0,0,0,0,0,0,0,0,0,0,0,0,0,0,0,0,0,0,0,0,0,0,0,0,0,0,0,0,0,0,0,0,0,0,0,0,0,0,0,0,1,235.39388888888888,4,0.0,0.0,0.0,0.2843251256636679,0.1289123584819813,0.0,0.0,0.1165519522463813,0.1208129731761291,0.3044130216486884,0.3875470957891936,0.0982843762153336,0.0,0.1236911430453513,0.3748378666671981,0.0,0.3218287135634219,0.0,0.3500062876731859,0.0,0.4668229647050042,0.1484456434483331,0.0,186,121,47,8,0,1
159541,4,0,3,1,1,1,1,22753.0,0,0,0,1865292.609418,0,3,0,6,22,0,0,0,0,0,0,0,0,0,0,0,0,0,0,0,0,0,0,0,0,0,0,0,0,0,0,0,0,0,0,0,0,0,0,0,0,0,1,0,0,0,0,0,0,0,0,0,0,0,0,0,0,0,0,0,0,0,0,0,0,0,0,0,0,0,0,0,0,0,0,0,0,0,0,0,0,0,0,0,0,0,0,0,0,0,0,0,0,0,0,0,0,0,0,0,0,0,0,0,0,0,0,0,0,0,0,0,0,0,0,0,0,0,0,0,0,0,0,0,0,0,0,0,0,0,0,0,0,0,0,0,0,0,0,0,0,0,0,0,0,0,0,0,0,0,0,0,0,0,0,0,0,0,1,174.00222222222223,4,0.0,0.0,0.0,0.0,0.0,0.0,0.0,0.0,0.0,0.0,0.0,0.6349546157432081,0.0,0.0,0.0,0.0,0.0,0.0,0.0,0.0,0.0,0.0,0.7725494391599769,178,126,46,12,2,1
159510,3,9,9,1045,14,2,1,685754.0,0,0,0,1887551.311057,0,9,0,6,114,0,0,0,0,0,0,0,0,0,0,0,0,0,0,0,0,0,0,1,0,0,0,0,0,0,0,0,0,0,0,0,0,0,0,0,0,0,0,0,0,0,0,0,0,0,0,0,0,0,0,0,0,0,0,0,0,0,0,0,0,0,0,0,0,0,0,0,0,0,0,0,0,0,0,0,0,0,0,0,0,0,0,0,0,0,0,0,0,0,0,0,0,0,0,0,0,0,0,0,0,0,0,0,0,0,0,0,0,0,0,0,0,0,0,0,0,0,0,0,0,0,0,0,0,0,0,0,0,0,0,0,0,0,0,0,0,0,0,0,0,0,0,0,0,0,0,0,0,0,0,0,0,0,1,191.90777777777777,4,0.0,0.0,0.0,0.2765764295457109,0.0,0.0,0.0,0.0,0.0,0.0,0.0,0.2868175134749049,0.0,0.0,0.7292448641628605,0.0,0.0,0.0,0.0,0.0,0.0,0.4332001888759067,0.3489709400992996,181,126,45,9,1,1
157983,4,19,8,128,2,3,3,1038852.0,0,1,0,1898833.099911,0,8,0,6,349,0,0,0,0,0,0,0,0,0,0,0,0,0,0,0,0,0,0,0,0,0,1,1,0,0,0,0,0,0,0,0,0,0,0,0,0,0,0,0,0,0,0,0,0,0,0,0,0,0,0,0,0,0,0,0,0,0,0,0,0,0,0,0,0,0,0,0,0,0,0,0,0,0,0,0,0,0,0,0,0,0,0,0,0,0,0,0,0,0,0,0,0,0,0,0,0,0,0,0,0,0,0,0,0,0,0,0,0,0,0,0,0,0,0,0,0,0,0,0,0,0,0,0,0,0,0,0,0,0,0,0,0,0,0,0,0,0,0,0,0,0,0,0,0,0,0,0,0,0,0,0,0,0,2,804.0155555555556,4,0.0589370076855208,0.0,0.0,0.4900532084673585,0.0666566995136953,0.0,0.0,0.1205310111475077,0.0624687512135074,0.3672732204970658,0.2003889356739704,0.3049193518490558,0.1286433597561811,0.0639569662022117,0.1938173759211948,0.0,0.3882851904255094,0.0,0.1809777140071216,0.0,0.3379321411166058,0.3070270923896175,0.1236651504529368,76,128,53,0,4,1
158026,2,3,23,202,8,2,1,2667019.0,0,0,0,1900654.628247,1,23,0,6,179,0,0,0,0,0,0,0,0,0,0,0,0,0,0,0,0,0,0,1,0,0,0,0,0,0,0,0,0,0,0,0,0,0,0,0,0,0,0,1,0,0,0,0,0,0,0,0,0,0,0,0,0,0,0,0,0,0,0,0,0,0,0,0,0,0,0,0,0,0,0,0,0,0,0,0,0,0,0,0,0,0,0,0,0,0,0,0,0,0,0,0,0,0,0,0,0,0,0,0,0,0,0,0,0,0,0,0,0,0,0,0,0,0,0,0,0,0,0,0,0,0,0,0,0,0,0,0,0,0,0,0,0,0,0,0,0,0,0,0,0,0,0,0,0,0,0,0,0,0,0,0,0,0,2,788.5338888888889,4,0.0,0.0,0.0,0.2851795060049001,0.1292997325649851,0.0,0.0,0.116902184032964,0.1211760090809109,0.407103686586946,0.3887116521018693,0.0985797150064188,0.0,0.1240628276819299,0.2506428216607467,0.0,0.3227957899885913,0.0,0.3510580360573557,0.0,0.4682257403582241,0.1488917139080147,0.0,92,128,59,1,4,1
156412,4,10,6,177,2,4,2,1910759.0,0,0,0,1900845.593754,0,6,0,6,214,0,0,0,0,0,0,0,0,0,0,0,0,0,0,0,0,0,0,0,0,0,1,1,0,0,0,0,0,0,0,0,0,0,0,0,0,0,0,0,0,0,0,0,0,0,0,0,0,0,0,0,0,0,0,0,0,0,0,0,0,0,0,0,0,0,0,0,0,0,0,0,0,0,0,0,0,0,0,0,0,0,0,0,0,0,0,0,0,0,0,0,0,0,0,0,0,0,0,0,0,0,0,0,0,0,0,0,0,0,0,0,0,0,0,0,0,0,0,0,0,0,0,0,0,0,0,0,0,0,0,0,0,0,0,0,0,0,0,0,0,0,0,0,0,0,0,0,0,0,0,0,0,0,2,1370.4333333333334,4,0.0,0.0,0.0,0.2458208347709428,0.1114546014896251,0.0,0.0,0.1007680841730465,0.1044520629261803,0.3509178113009698,0.3350641290585304,0.1699487328093143,0.0,0.1069404610873112,0.3240760276560543,0.0,0.2782455572181894,0.0,0.3026072268853151,0.0,0.565045860258181,0.1925139322741989,0.0,9,127,23,1,1,1
159422,6,13,8,405,11,4,2,1909.0,0,0,0,1948469.052312,1,8,0,6,178,0,0,0,0,0,0,0,0,0,0,0,0,0,0,0,0,0,0,0,0,0,1,1,1,0,0,0,0,0,0,0,0,0,0,0,1,0,0,0,0,0,0,0,0,0,0,0,0,0,0,0,0,0,0,0,0,0,0,0,0,0,0,0,0,0,0,0,0,0,0,0,0,0,0,0,0,0,0,0,0,0,0,0,0,0,0,0,0,0,0,0,0,0,0,0,0,0,0,0,0,0,0,0,0,0,0,0,0,0,0,0,0,0,0,0,0,0,0,0,0,0,0,0,0,0,0,0,0,0,0,0,0,0,0,0,0,0,0,0,0,0,0,0,0,0,0,0,0,0,0,0,0,0,4,204.64083333333335,4,0.0,0.0,0.0,0.2843251256636679,0.1289123584819813,0.0,0.0,0.1165519522463813,0.1208129731761291,0.3044130216486884,0.3875470957891936,0.0982843762153336,0.0,0.1236911430453513,0.3748378666671981,0.0,0.3218287135634219,0.0,0.3500062876731859,0.0,0.4668229647050042,0.1484456434483331,0.0,183,123,46,12,0,1
158503,5,12,4,490,14,2,1,1140542.0,0,0,0,1975885.589061,0,4,0,6,675,0,0,0,0,0,0,0,0,0,0,0,0,0,0,0,0,0,0,0,0,0,1,1,0,0,0,0,1,0,0,0,0,0,0,0,0,0,0,0,0,0,0,0,0,0,0,0,0,0,0,0,0,0,0,0,0,0,0,0,0,0,0,0,0,0,0,0,0,0,0,0,0,0,0,0,0,0,0,0,0,0,0,0,0,0,0,0,0,0,0,0,0,0,0,0,0,0,0,0,0,0,0,0,0,0,0,0,0,0,0,0,0,0,0,0,0,0,0,0,0,0,0,0,0,0,0,0,0,0,0,0,0,0,0,0,0,0,0,0,0,0,0,0,0,0,0,0,0,0,0,0,0,0,3,513.6577777777778,4,0.1985088548347642,0.0,0.0,0.2475861221357601,0.1122549787234902,0.0,0.0,0.2029834388830536,0.1052021535646915,0.3534378205546857,0.3374702899276108,0.085584583905087,0.0,0.2154168427968192,0.3264032808256015,0.0,0.3736582571196463,0.0,0.3047803084087784,0.0,0.4065025462855176,0.193896412374031,0.0,159,125,51,6,1,1
159137,6,0,7,13,1,2,2,7114.0,0,0,0,1976112.289086,1,7,0,6,202,0,0,0,0,0,0,0,0,0,0,0,0,0,0,0,0,0,0,1,0,0,0,0,0,0,0,0,0,0,0,0,0,0,0,0,0,0,0,1,0,0,0,0,0,0,0,0,0,0,0,0,0,0,0,0,0,0,0,0,0,0,0,0,0,0,0,0,0,0,0,0,0,0,0,0,0,0,0,0,0,0,0,0,0,0,0,0,0,0,0,0,0,0,0,0,0,0,0,0,0,0,0,0,0,0,0,0,0,0,0,0,0,0,0,0,0,0,0,0,0,0,0,0,0,0,0,0,0,0,0,0,0,0,0,0,0,0,0,0,0,0,0,0,0,0,0,0,0,0,0,0,0,0,2,346.6038888888889,4,0.0,0.0,0.0,0.2746013987634372,0.1245036430544668,0.0,0.0,0.1125659543480697,0.1166812512453729,0.3920030697318286,0.3742932473590363,0.0949231170559587,0.0,0.1194609896526711,0.3620186652729166,0.0,0.3108223893349924,0.0,0.338036309477437,0.0,0.450857935202416,0.1433689028927759,0.0,178,123,46,4,1,1
159398,3,0,1,2,1,2,2,4.0,0,0,0,1976479.699194,0,1,0,6,3,0,0,0,0,0,0,0,0,0,0,0,0,0,0,0,0,0,0,1,0,0,0,0,0,0,0,0,0,0,0,0,0,0,0,0,0,0,0,0,0,0,0,0,0,0,0,0,0,0,0,0,0,0,0,0,0,0,0,0,0,0,0,0,0,0,0,0,0,0,0,0,0,0,0,0,0,0,0,0,0,0,0,0,0,0,0,0,0,0,0,0,0,0,0,0,0,0,0,0,0,0,0,0,0,0,0,0,0,0,0,0,0,0,0,0,0,0,0,0,0,0,0,0,0,0,0,0,0,0,0,0,0,0,0,0,0,0,0,0,0,0,0,0,0,0,0,0,0,0,0,0,0,0,1,218.90666666666667,4,0.0,0.0,0.0,0.0,0.0,0.0,0.0,0.0,0.0,0.0,0.0,0.0,0.0,0.0,0.0,0.0,0.0,0.0,0.0,0.0,0.0,0.0,0.0,182,122,46,0,6,0
158540,1,0,1,1,1,1,1,2463.0,0,0,0,1978058.299146,0,1,0,6,1,0,0,0,0,0,0,0,0,0,0,0,0,0,0,0,0,0,0,0,0,0,0,0,0,0,0,0,0,0,0,0,0,0,0,0,0,0,0,0,0,0,0,0,0,0,0,0,0,0,0,0,0,0,0,0,0,0,0,0,0,0,0,0,0,0,0,0,0,0,0,0,0,0,0,0,0,0,0,0,0,0,0,0,0,0,0,0,0,0,0,0,0,0,0,0,0,0,0,0,0,0,0,0,0,0,0,0,0,0,0,0,0,0,0,0,0,0,0,0,0,0,0,0,0,0,0,0,0,0,0,0,0,0,0,0,0,0,0,0,0,0,0,0,0,0,0,0,0,0,0,0,0,0,0,501.0736111111111,4,0.0,0.0,0.0,0.0,0.0,0.0,0.0,0.0,0.0,0.0,0.0,0.0,0.0,0.0,0.0,0.0,0.0,0.0,0.0,0.0,0.0,0.0,0.0,164,122,51,1,1,1
159303,2,0,2,2,1,2,2,337025.0,0,0,0,1982975.880157,0,2,0,6,187,0,0,0,0,0,0,0,0,0,0,0,0,0,0,0,0,0,0,1,0,0,0,0,0,0,0,0,0,0,0,0,0,0,0,0,0,0,0,1,0,0,0,0,0,0,0,0,0,0,0,0,0,0,0,0,0,0,0,0,0,0,0,0,0,0,0,0,0,0,0,0,0,0,0,0,0,0,0,0,0,0,0,0,0,0,0,0,0,0,0,0,0,0,0,0,0,0,0,0,0,0,0,0,0,0,0,0,0,0,0,0,0,0,0,0,0,0,0,0,0,0,0,0,0,0,0,0,0,0,0,0,0,0,0,0,0,0,0,0,0,0,0,0,0,0,0,0,0,0,0,0,0,0,2,284.1125,4,0.0,0.0,0.0,0.2843251256636679,0.1289123584819813,0.0,0.0,0.1165519522463813,0.1208129731761291,0.3044130216486884,0.3875470957891936,0.0982843762153336,0.0,0.1236911430453513,0.3748378666671981,0.0,0.3218287135634219,0.0,0.3500062876731859,0.0,0.4668229647050042,0.1484456434483331,0.0,170,124,43,7,3,1
159502,0,0,1,26,2,1,1,,0,0,0,1983830.906398,1,1,0,6,224,0,0,0,0,0,0,0,0,0,0,0,0,0,0,0,0,0,0,1,0,0,0,0,0,0,0,0,0,0,0,0,0,0,0,0,0,0,0,0,0,0,0,0,0,0,0,0,0,0,0,0,0,0,0,0,0,0,0,0,0,0,0,0,0,0,0,0,0,0,0,0,0,0,0,0,0,0,0,0,0,0,0,0,0,0,0,0,0,0,0,0,0,0,0,0,0,0,0,0,0,0,0,0,0,0,0,0,0,0,0,0,0,0,0,0,0,0,0,0,0,0,0,0,0,0,0,0,0,0,0,0,0,0,0,0,0,0,0,0,0,0,0,0,0,0,0,0,0,0,0,0,0,0,1,168.02277777777778,4,0.0,0.0,0.0,0.3328447733514321,0.1131832914194062,0.0,0.0,0.1023310234328446,0.2121442833140006,0.2672704785394286,0.3402610610648621,0.0862923409838129,0.0,0.1085991355224353,0.3291025313445956,0.0,0.2825612183604009,0.0,0.3073007438761264,0.0,0.4098641920577606,0.3909997471197237,0.1049919127728764,184,125,45,8,1,1
158302,4,0,2,32,6,2,2,675834.0,0,0,0,2049808.69929,0,2,0,6,224,0,0,0,0,0,0,0,0,0,0,0,0,0,0,0,0,0,0,1,0,1,0,0,0,0,0,0,0,0,0,0,0,0,0,0,0,0,0,0,0,0,0,0,0,0,0,0,0,0,0,0,0,0,0,0,0,0,0,0,0,0,0,0,0,0,0,0,0,0,0,0,0,0,0,0,0,0,0,0,0,0,0,0,0,0,0,0,0,0,0,0,0,0,0,0,0,0,0,0,0,0,0,0,0,0,0,0,0,0,0,0,0,0,0,0,0,0,0,0,0,0,0,0,0,0,0,0,0,0,0,0,0,0,0,0,0,0,0,0,0,0,0,0,0,0,0,0,0,0,0,0,0,0,2,618.0138888888889,4,0.0,0.0,0.0,0.2851795060049001,0.1292997325649851,0.0,0.0,0.116902184032964,0.1211760090809109,0.407103686586946,0.3887116521018693,0.0985797150064188,0.0,0.1240628276819299,0.2506428216607467,0.0,0.3227957899885913,0.0,0.3510580360573557,0.0,0.4682257403582241,0.1488917139080147,0.0,146,129,50,0,3,1
154994,1,0,1,1,1,1,1,1755170.0,0,0,0,2054401.227371,0,1,0,6,35,0,0,0,0,0,0,0,0,0,0,0,0,0,0,0,0,0,0,0,0,0,0,0,0,0,0,0,0,0,0,0,0,0,0,0,0,0,1,0,0,0,0,0,0,0,0,0,0,0,0,0,0,0,0,0,0,0,0,0,0,0,0,0,0,0,0,0,0,0,0,0,0,0,0,0,0,0,0,0,0,0,0,0,0,0,0,0,0,0,0,0,0,0,0,0,0,0,0,0,0,0,0,0,0,0,0,0,0,0,0,0,0,0,0,0,0,0,0,0,0,0,0,0,0,0,0,0,0,0,0,0,0,0,0,0,0,0,0,0,0,0,0,0,0,0,0,0,0,0,0,0,0,0,1,1982.2027777777776,4,0.0,0.0,0.0,0.0,0.0,0.0,0.0,0.0,0.0,0.0,0.0,0.0,0.0,0.0,0.0,0.0,0.0,0.0,0.0,0.0,0.7985655638018686,0.3174211315556199,0.5114067515703655,7,129,12,0,2,1
156313,7,6,1,4,1,4,2,283051.0,0,0,0,2060447.807803,0,1,0,6,263,0,0,0,0,0,0,0,0,0,0,0,1,0,0,0,0,0,0,0,0,0,1,0,0,0,0,0,1,0,0,0,0,0,0,0,0,0,0,0,0,0,1,0,0,0,0,0,0,0,0,0,0,0,0,0,0,0,0,0,0,0,0,0,0,0,0,0,0,0,0,0,0,0,0,0,0,0,0,0,0,0,0,0,0,0,0,0,0,0,0,0,0,0,0,0,0,0,0,0,0,0,0,0,0,0,0,0,0,0,0,0,0,0,0,0,0,0,0,0,0,0,0,0,0,0,0,0,0,0,0,0,0,0,0,0,0,0,0,0,0,0,0,0,0,0,0,0,0,0,0,0,0,0,4,1356.0880555555557,4,0.0,0.0,0.0,0.2725676940938102,0.1235815660315323,0.0,0.0,0.1117322881394139,0.2316342140946619,0.2918249140635646,0.3715212224225585,0.0942201141314231,0.0,0.1185762586440567,0.2395583641275469,0.0,0.4113605748320888,0.0,0.3355328043089146,0.0,0.4475188703167727,0.2134606639417079,0.114637636336607,7,129,19,0,0,1
159424,3,2,4,22,1,2,1,25.0,0,0,0,2071531.274414,0,4,0,6,104,0,0,0,0,0,0,0,0,0,0,0,0,0,0,0,0,0,0,0,0,0,0,0,0,0,0,0,0,0,0,0,0,0,0,0,0,0,0,0,0,0,0,0,0,0,0,0,0,0,0,0,0,0,0,0,0,0,0,0,0,0,0,0,0,0,0,0,0,0,0,0,0,0,0,0,0,0,0,0,0,0,0,0,0,0,0,0,0,0,0,0,0,0,0,0,0,0,0,0,0,0,0,0,0,0,0,0,0,0,0,0,0,0,0,0,0,0,0,0,0,0,0,0,0,0,0,0,0,0,0,0,0,0,0,0,0,0,0,0,0,0,0,0,0,0,0,0,0,0,0,0,0,0,0,170.1888888888889,4,0.3226798262568263,0.0,0.0,0.5366077796436741,0.0,0.0,0.0,0.0,0.0,0.2872598671331526,0.0,0.0,0.0,0.0,0.3537163922624781,0.0,0.0,0.0,0.3302840303881613,0.0,0.0,0.420242953956243,0.3385330442554966,184,130,47,8,0,1
159314,5,1,23,334,20,2,1,278.0,0,0,0,2072155.127858,0,23,0,6,217,0,0,0,0,0,0,0,0,0,0,0,0,0,0,0,0,0,0,1,0,0,0,0,0,0,0,0,0,0,0,0,0,0,0,0,0,0,0,0,0,0,0,0,0,0,0,0,0,0,0,0,0,0,0,0,0,0,0,0,0,0,0,0,0,0,0,0,0,0,0,0,0,0,0,0,0,0,0,0,0,0,0,0,0,0,0,0,0,0,0,0,0,0,0,0,0,0,0,0,0,0,0,0,0,0,0,0,0,0,0,0,0,0,0,0,0,0,0,0,0,0,0,0,0,0,0,0,0,0,0,0,0,0,0,0,0,0,0,0,0,0,0,0,0,0,0,0,0,0,0,0,0,0,1,256.5183333333333,4,0.0,0.0,0.0,0.2585621565589552,0.1172314875036085,0.0,0.0,0.105991069391556,0.1098659951764889,0.2768298692505267,0.3524310861430789,0.0893787357377247,0.0,0.1124833713460835,0.340873452316963,0.0,0.2926675088151939,0.0,0.3182918862296565,0.0,0.5943331708201285,0.134994843006544,0.0,172,129,47,0,4,1
157846,1,3,8,35,2,3,2,2587322.0,0,0,0,2368229.061156,0,8,0,6,230,0,0,0,0,0,0,0,0,0,0,0,0,0,0,0,0,0,0,0,0,0,1,0,0,0,0,0,0,0,0,0,0,0,0,0,0,0,0,0,0,0,0,0,0,0,0,0,0,0,0,0,0,0,0,0,0,0,0,0,0,0,0,0,0,0,0,0,0,0,0,0,0,0,0,0,0,0,0,0,0,0,0,0,0,0,0,0,0,0,0,0,0,0,0,0,0,0,0,0,0,0,0,0,0,0,0,0,0,0,0,0,0,0,0,0,0,0,0,0,0,0,0,0,0,0,0,0,0,0,0,0,0,0,0,0,0,0,0,0,0,0,0,0,0,0,0,0,0,0,0,0,0,0,1,719.0730555555556,4,0.1076509123321104,0.0,0.0,0.2685308113924625,0.1217512526931274,0.0,0.0,0.1100774693514737,0.1141017897661913,0.2875028209728111,0.3660187816400313,0.0928246606088745,0.0,0.1168200767571968,0.3540155525890073,0.0,0.4052680905628982,0.0,0.3305633724840882,0.0,0.4408908611093181,0.2102991900019978,0.0,56,156,47,0,2,1
156399,8,7,5,77,2,3,2,3.0,0,1,0,2480819.019344,0,5,0,6,179,0,0,0,0,0,0,0,0,0,0,0,0,0,0,0,0,0,0,0,0,0,1,0,0,0,0,0,0,0,0,0,0,0,0,0,0,0,0,0,0,0,0,0,0,0,0,0,0,0,0,0,0,0,0,0,0,0,0,0,0,0,0,0,0,0,0,0,0,0,0,0,0,0,0,0,0,0,0,0,0,0,0,0,0,0,0,0,0,0,0,0,0,0,0,0,0,0,0,0,0,0,0,0,0,0,0,0,0,0,0,0,0,0,0,0,0,0,0,0,0,0,0,0,0,0,0,0,0,0,0,0,0,0,0,0,0,0,0,0,0,0,0,0,0,0,0,0,0,0,0,0,0,0,1,1214.5961111111112,4,0.0,0.0,0.0,0.2871107214098014,0.1301753411908547,0.0,0.0,0.1176938373387495,0.1219966044270487,0.2049302819511851,0.3913439798631455,0.3969891594016467,0.1256152297546479,0.1249029723590542,0.2523401570867742,0.0,0.3249817402028838,0.1098760598088618,0.3534353761991705,0.1077247187235354,0.2828379191341572,0.2997999960862358,0.0,7,173,21,0,1,1
154629,4,30,7,140,2,4,1,544820.0,0,0,0,2585104.781685,0,7,0,6,89,0,0,0,0,0,0,0,0,0,0,0,0,0,0,0,1,0,0,0,0,0,1,0,0,0,0,0,0,1,0,0,0,0,0,1,0,0,0,0,0,0,1,0,0,0,0,0,0,0,0,0,0,0,0,0,0,0,0,0,0,0,0,0,0,0,0,0,0,0,0,0,0,0,0,0,0,0,0,1,0,0,0,0,0,0,0,0,0,0,0,0,0,0,0,0,0,0,0,0,0,0,0,0,0,0,0,0,0,0,0,0,0,0,0,0,0,0,0,0,0,0,0,0,0,0,1,0,0,0,0,0,0,0,0,0,0,0,0,0,0,0,0,0,0,0,0,0,0,0,0,0,0,0,7,1682.9458333333334,4,0.2873184463433659,0.0,0.0,0.2389013830388507,0.0,0.0,0.2933252057347693,0.0,0.0,0.2557800395485775,0.0,0.0,0.0,0.0,0.3149538210986495,0.0,0.2704134029395078,0.0,0.0,0.0,0.4706920711646684,0.5612849462179544,0.0,4,167,10,2,2,1
157313,8,24,6,228,26,4,2,3.0,0,1,0,2585110.93827,0,6,0,6,14,0,0,0,0,0,0,0,0,0,0,0,0,0,0,0,0,0,0,0,0,0,1,1,0,0,0,0,1,0,1,0,0,0,1,1,0,0,0,0,0,0,0,0,0,0,0,0,0,0,0,0,0,0,0,0,0,0,0,0,0,0,0,0,0,0,0,0,0,0,0,0,0,0,0,0,0,0,0,0,0,0,0,0,0,0,0,0,0,0,0,0,0,0,0,0,0,0,0,0,0,0,0,0,0,0,0,0,0,0,0,0,0,0,0,0,0,0,0,0,0,0,0,0,0,0,1,0,0,0,0,0,0,0,0,0,0,0,0,0,0,0,0,0,0,0,0,0,0,0,0,0,0,0,7,668.5719444444444,4,0.0,0.0,0.0,0.0,0.0,0.0,0.0,0.0,0.0,0.0,0.0,0.0,0.0,0.0,0.0,0.0,0.0,0.0,0.0,0.0,0.0,0.0,0.0,16,199,33,5,1,1
158019,1,6,3,385,3,4,1,15526.0,0,0,0,2585116.119597,0,3,0,6,3,0,0,0,0,0,0,0,0,0,0,0,0,0,0,0,1,0,0,0,0,0,1,0,0,0,0,0,0,0,0,0,1,1,0,1,0,0,0,0,0,0,0,0,0,0,0,0,0,0,0,0,0,0,0,0,0,0,0,0,0,0,0,0,0,0,0,0,0,0,0,0,0,0,0,0,0,0,0,1,0,0,0,0,0,0,0,0,0,0,0,0,0,0,0,0,0,0,0,0,0,0,0,0,0,0,0,0,0,0,0,0,0,0,0,0,0,0,0,0,0,0,0,0,0,0,1,0,0,0,0,0,0,0,0,0,0,0,0,0,0,0,0,0,0,0,0,0,0,0,0,0,0,0,7,221.27444444444444,4,0.0,0.0,0.0,0.0,0.0,0.0,0.0,0.0,0.0,0.0,1.0,0.0,0.0,0.0,0.0,0.0,0.0,0.0,0.0,0.0,0.0,0.0,0.0,89,151,58,9,4,1
156708,10,30,18,77,4,3,3,476421.0,0,0,0,2586325.149933,0,18,0,6,192,0,0,0,0,0,0,0,0,0,0,0,0,0,0,0,0,0,0,0,0,0,1,1,0,0,0,0,0,0,0,0,0,0,0,0,0,0,0,0,0,0,0,0,0,0,0,0,0,0,0,0,0,0,0,0,0,0,0,0,0,0,0,0,0,0,0,0,0,0,0,0,0,0,0,0,0,0,0,0,0,0,0,0,0,0,0,0,0,0,0,0,0,0,0,0,0,0,0,0,0,0,0,0,0,0,0,0,0,0,0,0,0,0,0,0,0,0,0,0,0,0,0,0,0,0,0,0,0,0,0,0,0,0,0,0,0,0,0,0,0,0,0,0,0,0,0,0,0,0,0,0,0,0,2,870.0138888888889,4,0.0,0.0,0.0,0.249194894531935,0.1129843924303074,0.0,0.0,0.1021511953251885,0.1058857392164762,0.4446679990429115,0.3396631143164794,0.1722813958699448,0.0,0.1084082923511374,0.328524193676788,0.0,0.376086224747522,0.0,0.3067607188729677,0.0,0.409143930502846,0.1951563181928783,0.0,11,185,25,0,0,1
158930,4,0,1,42,2,2,2,6865.0,0,0,0,2631518.901533,0,1,0,6,108,0,0,0,0,0,0,0,0,0,0,0,0,0,0,0,0,0,0,0,0,0,1,1,0,0,0,0,0,0,0,0,0,0,0,0,0,0,0,0,1,0,0,0,0,0,0,0,0,0,0,0,0,0,0,0,0,0,0,0,0,0,0,0,0,0,0,0,0,0,0,0,0,0,0,0,0,0,0,0,0,0,0,0,0,0,0,0,0,0,0,0,0,0,0,0,0,0,0,0,0,0,0,0,0,0,0,0,0,0,0,0,0,0,0,0,0,0,0,0,0,0,0,0,0,0,0,0,0,0,0,0,0,0,0,0,0,0,0,0,0,0,0,0,0,0,0,0,0,0,0,0,0,0,3,212.24166666666667,4,0.0,0.1393179011895147,0.0,0.0,0.0,0.0,0.0,0.1342061803676629,0.0,0.4673636445921489,0.5949989332196511,0.2263431966166459,0.0,0.0,0.0,0.0,0.3705763957405229,0.0,0.0,0.0,0.0,0.4273270935287855,0.1376959118559936,178,187,50,5,3,1
154202,4,30,91,1698,14,4,0,1113464.0,0,0,0,2656621.285215,1,91,0,6,265,0,0,0,0,0,0,0,0,0,0,0,0,0,0,0,1,0,0,0,0,0,1,1,0,0,0,0,1,0,0,0,1,1,0,0,0,0,0,0,0,0,0,0,0,0,0,0,0,0,0,0,0,0,0,0,0,0,0,0,0,0,0,0,0,0,0,0,0,0,0,0,0,0,0,0,0,0,0,1,0,0,0,0,0,0,0,0,0,0,0,0,0,0,0,0,0,0,0,0,0,0,0,0,0,0,0,0,0,0,0,0,0,0,0,0,0,0,0,0,0,0,0,0,0,0,0,0,0,0,0,0,0,0,0,0,0,0,0,0,0,0,0,0,0,0,0,0,0,0,0,0,0,0,7,2164.0275,4,0.1058125474226207,0.0,0.0,0.5278901701685693,0.11967209492485,0.0,0.0,0.1081976658960521,0.1121532626067649,0.2825931078453909,0.3597682439548016,0.0912394850158225,0.0,0.1148251291512556,0.2319799967949808,0.0,0.398347288681273,0.0,0.3249183102066544,0.0,0.2600170354640703,0.2067078906528471,0.1110111041490964,2,195,6,0,1,1
158839,3,0,2,12,2,1,1,700831.0,0,0,0,2667504.990878,0,2,0,6,189,0,0,0,0,0,0,0,0,0,0,0,0,0,0,0,0,0,0,1,0,0,0,0,0,0,0,0,0,0,0,0,0,0,0,0,0,0,0,0,0,0,0,0,0,0,0,0,0,0,0,0,0,0,0,0,0,0,0,0,0,0,0,0,0,0,0,0,0,0,0,0,0,0,0,0,0,0,0,0,0,0,0,0,0,0,0,0,0,0,0,0,0,0,0,0,0,0,0,0,0,0,0,0,0,0,0,0,0,0,0,0,0,0,0,0,0,0,0,0,0,0,0,0,0,0,0,0,0,0,0,0,0,0,0,0,0,0,0,0,0,0,0,0,0,0,0,0,0,0,0,0,0,0,1,290.50555555555553,4,0.0,0.0,0.0,0.2843251256636679,0.1289123584819813,0.0,0.0,0.1165519522463813,0.1208129731761291,0.3044130216486884,0.3875470957891936,0.0982843762153336,0.0,0.1236911430453513,0.3748378666671981,0.0,0.3218287135634219,0.0,0.3500062876731859,0.0,0.4668229647050042,0.1484456434483331,0.0,174,186,56,1,2,1
158985,9,1,2,136,2,1,1,1942.0,0,0,0,2669518.239031,0,2,0,6,194,0,0,0,0,0,0,0,0,0,0,0,0,0,0,0,0,0,0,0,0,0,1,0,0,0,0,0,0,0,0,0,0,0,0,0,1,0,0,0,0,0,0,0,0,0,0,0,0,0,0,0,0,0,0,0,0,0,0,0,0,0,0,0,0,0,0,0,0,0,0,0,0,0,0,0,0,0,0,0,0,0,0,0,0,0,0,0,0,0,0,0,0,0,0,0,0,0,0,0,0,0,0,0,0,0,0,0,0,0,0,0,0,0,0,0,0,0,0,0,0,0,0,0,0,0,0,0,0,0,0,0,0,0,0,0,0,0,0,0,0,0,0,0,0,0,0,0,0,0,0,0,0,0,2,240.93444444444444,4,0.0,0.0,0.0,0.2716016895644565,0.1231435817981917,0.0,0.0,0.1113362988172877,0.1154066407580067,0.290790660207102,0.3702045176501738,0.0938861895358845,0.0,0.118156013672235,0.3580640214680706,0.0,0.3074270068470082,0.0,0.3343436457412173,0.0,0.5351193876183111,0.1418027600442986,0.0,181,187,47,9,4,1
157855,4,8,1,98,2,3,2,4.0,0,0,0,2671980.465447,0,1,0,6,309,0,0,0,0,0,0,0,0,0,0,0,0,0,0,0,0,0,0,0,0,0,1,0,0,0,0,0,0,0,1,0,0,0,0,0,0,0,0,0,0,0,0,0,0,0,0,0,0,0,0,0,0,0,0,0,0,0,0,0,0,0,0,0,0,0,0,0,0,0,0,0,0,0,0,0,0,0,0,0,0,0,0,0,0,0,0,0,0,0,0,0,0,0,0,0,0,0,0,0,0,0,0,0,0,0,0,0,0,0,0,0,0,0,0,0,0,0,0,0,0,0,0,0,0,0,0,0,0,0,0,0,0,0,0,0,0,0,0,0,0,0,0,0,0,0,0,0,0,0,0,0,0,0,2,560.8144444444445,4,0.0,0.0,0.0,0.193848257207136,0.0878903542761605,0.0,0.0,0.0794632298651523,0.0823683247955659,0.3459064312379253,0.2642233215550882,0.0670086929375706,0.0848115084210199,0.0843306143111073,0.2555583753601489,0.0,0.2925567932033842,0.0,0.3181714769602414,0.0,0.4455812517080537,0.506039155091955,0.1630589867818189,57,180,49,0,2,1
159035,5,0,1,2,1,1,1,4.0,0,0,0,2689616.553106,1,1,0,6,6,0,0,0,0,0,0,0,0,0,0,0,0,0,0,0,0,0,0,1,0,0,0,0,0,0,0,0,0,0,0,0,0,0,0,0,0,0,0,0,0,0,0,0,0,0,0,0,0,0,0,0,0,0,0,0,0,0,0,0,0,0,0,0,0,0,0,0,0,0,0,0,0,0,0,0,0,0,0,0,0,0,0,0,0,0,0,0,0,0,0,0,0,0,0,0,0,0,0,0,0,0,0,0,0,0,0,0,0,0,0,0,0,0,0,0,0,0,0,0,0,0,0,0,0,0,0,0,0,0,0,0,0,0,0,0,0,0,0,0,0,0,0,0,0,0,0,0,0,0,0,0,0,0,1,210.985,4,0.0,0.0,0.0,0.0,0.0,0.0,0.0,0.0,0.0,0.5136502481817586,0.0,0.0,0.0,0.0,0.0,0.0,0.0,0.5508006415908729,0.0,0.5400161262729782,0.0,0.3757188565018093,0.0,177,189,45,0,5,0
158025,2,4,2,8,1,3,2,1026854.0,0,0,0,2769448.751978,0,2,0,6,233,0,0,0,0,0,0,0,0,0,0,0,0,0,0,0,0,0,0,1,0,0,0,0,0,0,0,0,0,0,0,0,0,0,0,0,0,0,0,1,0,0,0,0,0,0,0,0,0,0,0,0,0,0,0,0,0,0,0,0,0,0,0,0,0,0,0,0,0,0,0,0,0,0,0,0,0,0,0,0,0,0,0,0,0,0,0,0,0,0,0,0,0,0,0,0,0,0,0,0,0,0,0,0,0,0,0,0,0,0,0,0,0,0,0,0,0,0,0,0,0,0,0,0,0,0,0,0,0,0,0,0,0,0,0,0,0,0,0,0,0,0,0,0,0,0,0,0,0,0,0,0,0,0,2,547.7958333333333,4,0.0,0.0,0.0,0.2804883229495736,0.1271727609499326,0.0,0.0,0.1149791512296998,0.119182672152616,0.3003051444255936,0.3823173724381793,0.0969580855453274,0.0,0.1220220027882668,0.3697796469941492,0.0,0.317485821675864,0.0,0.3452831557608726,0.0,0.4605234594685219,0.2196636833421113,0.0,91,189,59,2,4,1
156297,5,6,17,234,7,3,2,79488.0,0,1,0,2848587.298003,0,17,0,6,347,0,0,0,0,0,0,0,0,0,0,0,0,0,0,0,0,0,0,1,0,0,0,0,0,0,0,0,0,0,0,0,0,0,0,0,0,0,0,0,0,0,0,0,0,0,0,0,0,0,0,0,0,0,0,0,0,0,0,0,0,0,0,0,0,0,0,0,0,0,0,0,0,0,0,0,0,0,0,0,0,0,0,0,0,0,0,0,0,0,0,0,0,0,0,0,0,0,0,0,0,0,0,0,0,0,0,0,0,0,0,0,0,0,0,0,0,0,0,0,0,0,0,0,0,0,0,0,0,0,0,0,0,0,0,0,0,0,0,0,0,0,0,0,0,0,0,0,0,0,0,0,0,0,1,1149.2669444444443,4,0.088127833254707,0.0,0.0,0.2198312866790935,0.0996710001192545,0.0,0.0,0.0901143209467551,0.0934088089430817,0.2353626190253122,0.2996392827303719,0.0759904030058423,0.0,0.0956341197880352,0.2898129046216268,0.0,0.5805984026144925,0.0841285044473666,0.2706139050686134,0.0824812929585352,0.3609329029325513,0.3443205737619724,0.0,6,187,18,0,6,0
157280,4,0,4,227,6,2,2,2098852.0,0,0,0,2915075.601954,0,4,0,6,419,0,0,0,0,0,0,0,0,0,0,0,0,0,0,0,0,0,0,1,0,0,0,0,0,0,0,0,0,0,0,0,0,0,0,0,0,0,0,0,0,0,0,0,0,0,0,0,0,0,0,0,0,0,0,0,0,0,0,0,0,0,0,0,0,0,0,0,0,0,0,0,0,0,0,0,0,0,0,0,0,0,0,0,0,0,0,0,0,0,0,0,0,0,0,0,0,0,0,0,0,0,0,0,0,0,0,0,0,0,0,0,0,0,0,0,0,0,0,0,0,0,0,0,0,0,0,0,0,0,0,0,0,0,0,0,0,0,0,0,0,0,0,0,0,0,0,0,0,0,0,0,0,0,1,775.3308333333333,4,0.0,0.0,0.0,0.2570519926761275,0.1165467826701007,0.0,0.0,0.1053720155940954,0.1092243094012984,0.3669506807448289,0.3503726693021841,0.1777134166114257,0.0,0.1118263984654183,0.3388825392492709,0.0,0.3879441979378252,0.0,0.3164328635591385,0.0,0.4220442109162939,0.2013095836856599,0.1081119791322887,14,184,31,1,0,1
157884,11,2,3,49,3,1,1,833.0,0,0,0,2919379.567511,0,3,0,6,186,0,0,0,0,0,0,0,0,0,0,0,0,0,0,0,0,0,0,0,0,0,1,0,0,0,0,0,0,0,0,1,0,0,0,0,0,0,0,0,0,0,0,0,0,0,0,0,0,0,0,0,0,0,0,0,0,0,0,0,0,0,0,0,0,0,0,0,0,0,0,0,0,0,0,0,0,0,0,0,0,0,0,0,0,0,0,0,0,0,0,0,0,0,0,0,0,0,0,0,0,0,0,0,0,0,0,0,0,0,0,0,0,0,0,0,0,0,0,0,0,0,0,0,0,0,0,0,0,0,0,0,0,0,0,0,0,0,0,0,0,0,0,0,0,0,0,0,0,0,0,0,0,0,2,553.0933333333334,4,0.0,0.0,0.0,0.2746013987634372,0.1245036430544668,0.0,0.0,0.1125659543480697,0.1166812512453729,0.3920030697318286,0.3742932473590363,0.0949231170559587,0.0,0.1194609896526711,0.3620186652729166,0.0,0.3108223893349924,0.0,0.338036309477437,0.0,0.450857935202416,0.1433689028927759,0.0,64,182,51,0,2,1
152237,30,30,2,1221,7,3,1,87427.0,0,0,0,3014443.000553,0,2,0,6,238,0,0,0,0,0,0,0,0,0,0,0,0,0,0,0,0,0,0,0,0,0,1,1,0,0,0,0,0,0,0,0,0,0,0,0,1,0,0,0,0,0,0,0,0,0,0,0,0,0,0,0,0,0,0,0,0,0,0,0,0,0,0,0,0,0,0,0,0,0,0,0,0,0,0,0,0,0,0,0,0,0,0,0,0,0,0,0,0,0,0,0,0,0,0,0,0,0,0,0,0,0,0,0,0,0,0,0,0,0,0,0,0,0,0,0,0,0,0,0,0,0,0,0,0,0,0,0,0,0,0,0,0,0,0,0,0,0,0,0,0,0,0,0,0,0,0,0,0,0,0,0,0,0,3,2837.023888888889,4,0.0,0.0,0.0,0.2344504822423155,0.106299309786806,0.0,0.0,0.1922141868163373,0.0996206710756088,0.3346862366796229,0.319565860693105,0.0810439082609526,0.0,0.1019939692927092,0.51514334981637,0.0,0.3538338813977937,0.0,0.2886102406225256,0.0,0.3849356223492602,0.1836092709639825,0.0,1,185,1,0,2,1
158104,10,17,2,667,5,3,2,11941.0,0,0,0,3146072.691265,0,2,0,6,319,0,0,0,0,0,0,0,0,0,0,0,0,0,0,0,0,0,0,0,0,0,1,1,0,0,0,0,0,0,0,0,0,0,0,0,1,0,0,0,0,0,0,0,0,0,0,0,0,0,0,0,0,0,0,0,0,0,0,0,0,0,0,0,0,0,0,0,0,0,0,0,0,0,0,0,0,0,0,0,0,0,0,0,0,0,0,0,0,0,0,0,0,0,0,0,0,0,0,0,0,0,0,0,0,0,0,0,0,0,0,0,0,0,0,0,0,0,0,0,0,0,0,0,0,0,0,0,0,0,0,0,0,0,0,0,0,0,0,0,0,0,0,0,0,0,0,0,0,0,0,0,0,0,3,368.50111111111113,4,0.0,0.0,0.0,0.2490822277765692,0.1129333095823783,0.0,0.0,0.1021050104153586,0.1058378658332778,0.4444669543916507,0.3395095447937997,0.1722035034800585,0.0,0.1083592784635259,0.4378342137558187,0.0,0.2819371406228411,0.0,0.3066220252816162,0.0,0.4089589471017457,0.130045389015586,0.0,103,190,61,3,0,1
155146,0,0,1,2,1,2,2,,0,0,0,3152423.598662,0,1,0,6,73,0,0,0,0,0,0,0,0,0,0,0,0,0,0,0,1,0,0,0,0,0,0,0,0,0,0,0,0,1,0,0,0,0,0,0,0,0,0,0,0,0,1,0,0,0,0,0,0,0,0,0,0,0,0,0,0,0,0,0,0,0,0,0,0,0,0,0,0,0,0,0,0,0,0,0,0,0,0,1,0,0,0,0,0,0,0,0,0,0,0,0,0,0,0,1,0,0,0,0,0,0,0,0,0,0,0,0,0,0,0,0,0,0,0,0,0,0,0,0,0,0,0,0,0,0,0,0,0,0,0,0,0,0,0,0,0,0,0,0,0,0,0,0,0,0,0,0,0,0,0,0,0,0,5,1631.3641666666667,4,0.0,0.0,0.0,0.0,0.2551581027940829,0.0,0.2303241703009644,0.0,0.0,0.0,0.5113850622721019,0.0,0.0,0.0,0.2473073438948112,0.0,0.2123334151058939,0.0,0.6927725268572519,0.0,0.1847978943484879,0.0,0.0,7,183,13,0,4,1
156196,3,16,11,120,3,2,2,1243121.0,0,1,0,3167938.032986,0,11,0,6,233,0,0,0,0,0,0,0,0,0,0,0,0,0,0,0,1,0,0,0,0,0,1,1,0,0,0,0,0,0,0,0,1,1,0,1,0,0,0,0,0,0,0,0,0,0,0,0,0,0,0,0,0,0,0,0,0,0,0,0,0,0,0,0,0,0,0,0,0,0,0,0,0,0,0,0,0,0,0,1,0,0,0,0,0,0,0,0,0,0,0,0,0,0,0,0,0,0,0,0,0,0,0,0,0,0,0,0,0,0,0,0,0,0,0,0,0,0,0,0,0,0,0,0,0,0,1,0,0,0,0,0,0,0,0,0,0,0,0,0,0,0,0,0,0,0,0,0,0,0,0,0,0,0,8,443.9794444444444,4,0.0,0.0,0.0,0.2325013981057171,0.1054155995190545,0.0,0.0,0.0953081152641065,0.0987924831025507,0.3319038511267715,0.3169091770995452,0.0803701566250055,0.0,0.1011460511068483,0.408688599525691,0.0,0.4386153919121228,0.0,0.2862109039426556,0.0,0.381735492803964,0.3034714181861217,0.0977863895881312,5,4,16,0,4,1
153368,10,2,6,174,2,2,1,2510475.0,0,0,0,3187524.719351,0,6,0,6,39,0,0,0,0,0,0,0,0,0,0,0,0,0,0,0,0,0,0,0,0,0,0,0,0,0,0,0,0,0,0,0,0,0,0,0,0,0,0,0,0,0,0,0,0,0,0,0,0,0,0,0,0,0,0,0,0,0,0,0,0,0,0,0,0,0,0,0,0,0,0,0,0,0,0,0,0,0,0,0,0,0,0,0,0,0,0,0,0,0,0,0,0,0,0,0,0,0,0,0,0,0,0,0,0,0,0,0,0,0,0,0,0,0,0,0,0,0,0,0,0,0,0,0,0,0,0,0,0,0,0,0,0,0,0,0,0,0,0,0,0,0,0,0,0,0,0,0,0,0,0,0,0,0,0,2356.8125,4,0.0,0.0,0.0,0.0,0.0,0.0,0.0,0.0,0.0,0.0,0.0,0.0,0.0,0.0,0.0,0.0,0.0,0.0,0.0,0.0,0.0,1.0,0.0,2,189,4,0,1,1
158022,4,0,10,4,1,2,2,840279.0,0,0,0,3188433.807595,0,10,0,6,210,0,0,0,0,0,0,0,0,0,0,0,0,0,0,0,0,0,0,1,0,0,0,0,0,0,0,0,0,0,0,0,0,0,0,0,0,0,0,1,0,0,0,0,0,0,0,0,0,0,0,0,0,0,0,0,0,0,0,0,0,0,0,0,0,0,0,0,0,0,0,0,0,0,0,0,0,0,0,0,0,0,0,0,0,0,0,0,0,0,0,0,0,0,0,0,0,0,0,0,0,0,0,0,0,0,0,0,0,0,0,0,0,0,0,0,0,0,0,0,0,0,0,0,0,0,0,0,0,0,0,0,0,0,0,0,0,0,0,0,0,0,0,0,0,0,0,0,0,0,0,0,0,0,2,431.73777777777775,4,0.0,0.0,0.0,0.2843251256636679,0.1289123584819813,0.0,0.0,0.1165519522463813,0.1208129731761291,0.3044130216486884,0.3875470957891936,0.0982843762153336,0.0,0.1236911430453513,0.3748378666671981,0.0,0.3218287135634219,0.0,0.3500062876731859,0.0,0.4668229647050042,0.1484456434483331,0.0,90,188,58,1,4,1
158017,2,0,5,12,1,1,1,1477.0,0,0,0,3203239.721448,0,5,0,6,174,0,0,0,0,0,0,0,0,0,0,0,0,0,0,0,0,0,0,0,0,0,0,0,0,0,0,0,0,0,0,0,0,0,0,0,0,0,0,0,0,0,0,0,0,0,0,0,0,0,0,0,0,0,0,0,0,0,0,0,0,0,0,0,0,0,0,0,0,0,0,0,0,0,0,0,0,0,0,0,0,0,0,0,0,0,0,0,0,0,0,0,0,0,0,0,0,0,0,0,0,0,0,0,0,0,0,0,0,0,0,0,0,0,0,0,0,0,0,0,0,0,0,0,0,0,0,0,0,0,0,0,0,0,0,0,0,0,0,0,0,0,0,0,0,0,0,0,0,0,0,0,0,0,0,428.5480555555555,4,0.0,0.0,0.0,0.1123335650698107,0.152795340644306,0.0,0.0,0.1381449804809358,0.1431954205793096,0.1202700601842741,0.3062307406060846,0.1164930571488541,0.0,0.1466068153499781,0.2961882020634189,0.0,0.3814523952326502,0.0,0.4148502950564545,0.0,0.5533090446301611,0.2639211972181269,0.0,87,193,58,0,4,1
157473,4,0,3,6,3,1,1,2.0,0,0,0,3605301.669438,0,3,0,6,715,0,0,0,0,0,0,0,0,0,0,0,0,0,0,0,0,0,0,0,0,0,0,0,0,0,0,0,0,0,0,0,0,0,0,0,0,0,0,0,0,0,0,0,0,0,0,0,0,0,0,0,0,0,0,0,0,0,0,0,0,0,0,0,0,0,0,0,0,0,0,0,0,0,0,0,0,0,0,0,0,0,0,0,0,0,0,0,0,0,0,0,0,0,0,0,0,0,0,0,0,0,0,0,0,0,0,0,0,0,0,0,0,0,0,0,0,0,0,0,0,0,0,0,0,0,0,0,0,0,0,0,0,0,0,0,0,0,0,0,0,0,0,0,0,0,0,0,0,0,0,0,0,0,0,530.7991666666667,4,0.1607357518252747,0.2843651458503852,0.0,0.044549864332944,0.0,0.3588492941011304,0.0,0.0,0.0,0.0476973633053899,0.0,0.0,0.0,0.0,0.0587319747697123,0.0,0.705966301498053,0.0,0.0,0.0501456885434953,0.1316606102039706,0.4884475069907003,0.0,19,192,39,0,2,1
153459,3,11,22,496,4,3,2,2433212.0,0,0,0,3605841.484355,0,22,0,6,182,0,0,0,0,0,0,0,0,0,0,0,0,0,0,0,0,0,0,1,0,0,0,0,0,0,0,0,0,0,0,0,0,0,0,0,0,0,0,0,0,0,0,0,0,0,0,0,0,0,0,0,0,0,0,0,0,0,0,0,0,0,0,0,0,0,0,0,0,0,0,0,0,0,0,0,0,0,0,0,0,0,0,0,0,0,0,0,0,0,0,0,0,0,0,0,0,0,0,0,0,0,0,0,0,0,0,0,0,0,0,0,0,0,0,0,0,0,0,0,0,0,0,0,0,0,0,0,0,0,0,0,0,0,0,0,0,0,0,0,0,0,0,0,0,0,0,0,0,0,0,0,0,0,1,2210.7991666666667,4,0.0,0.0,0.0,0.2634513331503125,0.1194482289328283,0.0,0.0,0.1079952646777442,0.1119434618056032,0.4701074529523478,0.3590952393175767,0.0910688068152157,0.0,0.114610330191961,0.3473190610860995,0.0,0.2982015867800172,0.0,0.3243104980020957,0.0,0.4325510526361127,0.1375474734268857,0.0,3,188,5,0,2,1
156947,5,3,5,2,1,3,2,3.0,0,0,0,3615744.057965,0,5,0,6,204,0,0,0,0,0,0,0,0,0,0,0,0,0,0,0,0,0,0,1,0,0,0,0,0,0,0,0,0,0,0,0,0,0,0,0,0,0,0,0,0,0,0,0,0,0,0,0,0,0,0,0,0,0,0,0,0,0,0,0,0,0,0,0,0,0,0,0,0,0,0,0,0,0,0,0,0,0,0,0,0,0,0,0,0,0,0,0,0,0,0,0,0,0,0,0,0,0,0,0,0,0,0,0,0,0,0,0,0,0,0,0,0,0,0,0,0,0,0,0,0,0,0,0,0,0,0,0,0,0,0,0,0,0,0,0,0,0,0,0,0,0,0,0,0,0,0,0,0,0,0,0,0,0,1,708.7597222222222,4,0.1102161045033763,0.0,0.0,0.2749295786690698,0.1246524390693907,0.0,0.0,0.1127004834671556,0.1168206986123392,0.2943536684909547,0.3747405703630354,0.1900731219554467,0.0,0.1196037591232111,0.3624513187551695,0.0,0.3111938574442585,0.0,0.3384403013166785,0.0,0.4513967617171198,0.2153103675585096,0.0,13,187,26,0,2,1
156181,2,0,11,263,22,1,1,342058.0,0,0,0,3617158.742343,0,11,0,6,333,0,0,0,0,0,0,0,0,0,0,0,0,0,0,0,0,0,1,1,0,0,0,0,0,0,0,0,0,0,0,0,0,0,0,0,0,0,0,0,0,0,0,0,0,0,0,0,0,0,0,0,0,0,0,0,0,0,0,0,0,0,0,0,0,0,0,0,0,0,0,0,0,0,0,0,0,0,0,0,0,0,0,0,0,0,0,0,0,0,0,0,0,0,0,0,0,0,0,0,0,0,0,0,0,0,0,0,0,0,0,0,0,0,0,0,0,0,0,0,0,0,0,0,0,0,1,0,0,0,0,0,0,0,0,0,0,0,0,0,0,0,0,0,0,0,0,0,0,0,0,0,0,0,3,1006.5219444444444,4,0.0,0.0,0.0976755187685716,0.2934022528900796,0.0997709303276501,0.0,0.0,0.0902046696225069,0.0935024606746034,0.2355985937375111,0.2999397012666654,0.0760665910324433,0.0,0.0957300026176316,0.3868046282999343,0.0,0.2490773618330896,0.0,0.2708852227427199,0.0,0.3612947744916176,0.5169986846837988,0.1851004805190409,4,185,15,0,3,1
157719,11,30,17,216,3,2,2,48186.0,0,0,0,3621262.856765,0,17,0,6,233,0,0,0,0,0,0,0,0,0,0,0,0,0,0,0,1,0,0,0,0,0,1,0,0,0,0,0,0,0,1,0,1,1,0,0,0,0,0,0,0,0,0,0,0,0,0,0,0,0,0,0,0,0,0,0,0,0,0,0,0,0,0,0,0,0,0,0,0,0,0,0,0,0,0,0,0,0,0,1,0,0,0,0,0,0,0,0,0,0,0,0,0,0,0,0,0,0,0,0,0,0,0,0,0,0,0,0,0,0,0,0,0,0,0,0,0,0,0,0,0,0,0,0,0,0,0,0,0,0,0,0,0,0,0,0,0,0,0,0,0,0,0,0,0,0,0,0,0,0,0,0,0,0,6,414.37444444444446,4,0.0,0.0,0.0,0.2588463323472281,0.1173603321528608,0.0,0.0,0.1061075601266855,0.1099867446945126,0.3695121631785692,0.3528184296857282,0.2684309054747581,0.0,0.1126069975222621,0.341248093305817,0.0,0.2929891684931849,0.0,0.3186417086819208,0.0,0.4249902712160855,0.1351432106812057,0.21773329970993,38,184,43,0,0,1
157748,0,0,2,80,2,1,1,,0,0,0,3626857.889018,0,2,0,6,26,0,0,0,0,0,0,0,0,0,0,0,0,0,0,0,0,0,0,0,0,0,1,1,0,0,0,0,1,0,0,0,0,0,0,1,0,0,0,0,0,0,0,1,0,0,0,0,0,0,0,0,0,0,0,0,0,0,0,0,0,0,0,0,0,0,0,0,0,0,0,0,0,0,0,0,0,0,0,0,0,0,0,0,0,0,0,0,0,0,0,0,0,0,0,0,0,0,0,0,0,0,0,0,0,0,0,0,0,0,0,0,0,0,0,0,0,0,0,0,0,0,0,0,0,0,1,0,0,0,0,0,0,0,0,0,0,0,0,0,0,0,0,0,0,0,0,0,0,0,0,0,0,0,6,195.05833333333337,4,0.0,0.0,0.0,0.0,0.0,0.0,0.0,0.0,0.0,0.0,0.0,0.0,0.0,0.0,0.0,0.0,0.0,0.0,0.0,0.0,0.0,0.0,0.0,41,110,44,7,0,1
158009,1,7,12,157,3,2,1,954381.0,0,1,0,3629246.547157,0,12,0,6,182,0,0,0,0,0,0,0,0,0,0,0,0,0,0,0,0,0,0,1,0,0,0,0,0,0,0,0,0,0,0,0,0,0,0,0,0,0,0,0,0,0,0,0,0,0,0,0,0,0,0,0,0,0,0,0,0,0,0,0,0,0,0,0,0,0,0,0,0,0,0,0,0,0,0,0,0,0,0,0,0,0,0,0,0,0,0,0,0,0,0,0,0,0,0,0,0,0,0,0,0,0,0,0,0,0,0,0,0,0,0,0,0,0,0,0,0,0,0,0,0,0,0,0,0,0,0,0,0,0,0,0,0,0,0,0,0,0,0,0,0,0,0,0,0,0,0,0,0,0,0,0,0,0,1,312.8847222222222,4,0.1135852982255422,0.0,0.0,0.2833338950315772,0.1284629367916396,0.0,0.0,0.1161456221162989,0.1203917880294186,0.4044690125818925,0.386196006778585,0.0979417315611436,0.0,0.1232599238570411,0.2490207235355266,0.0,0.320706735762741,0.0,0.3487860755904295,0.0,0.4651954995933685,0.1479281236946956,0.0,82,180,54,0,4,1
158016,3,1,11,660,65,1,1,1052247.0,0,0,0,3685325.570277,0,11,0,6,49,0,0,0,0,0,0,0,0,0,0,0,0,0,0,0,0,0,1,1,0,1,0,0,0,0,0,0,0,0,0,0,0,0,0,0,0,0,0,0,0,0,0,0,0,0,0,0,0,0,0,0,0,0,0,0,0,0,0,0,0,0,0,0,0,0,0,0,0,0,0,0,0,0,0,0,0,0,0,0,0,0,0,0,0,0,0,0,0,0,0,0,0,0,0,0,0,0,0,0,0,0,0,0,0,0,0,0,0,0,0,0,0,0,0,0,0,0,0,0,0,0,0,0,0,0,1,0,0,0,0,0,0,0,0,0,0,0,0,0,0,0,0,0,0,0,0,0,0,0,0,0,0,0,4,295.87888888888887,4,0.0,0.0,0.0,0.0,0.0,0.6982315975045473,0.0,0.0,0.0,0.0,0.0,0.0,0.0,0.0,0.0,0.0,0.5887007481758936,0.0,0.0,0.0,0.0,0.4073132275576022,0.0,86,175,57,4,4,1
157998,2,0,2,41,3,2,2,6371.0,0,0,0,3693931.182913,0,2,0,6,214,0,0,0,0,0,0,0,0,0,0,1,0,0,0,0,0,0,0,0,0,0,1,1,0,0,0,0,0,0,0,0,0,0,0,0,0,0,0,0,0,0,0,0,0,0,0,0,0,0,0,0,0,0,0,0,0,0,0,0,0,0,0,0,0,0,0,0,0,0,0,0,0,0,0,0,0,0,0,0,0,0,0,0,0,0,0,0,0,0,0,0,0,0,0,0,0,0,0,0,0,0,0,0,0,0,0,0,0,0,0,0,0,0,0,0,0,0,0,0,0,0,0,0,0,0,0,0,0,0,0,0,0,0,0,0,0,0,0,0,0,0,0,0,0,0,0,0,0,0,0,0,0,0,3,297.12333333333333,4,0.0,0.0,0.0,0.2711402456494126,0.1229343641876952,0.0,0.0,0.1111471414608105,0.1152105680008053,0.3870621530008167,0.3695755502005773,0.0937266794424919,0.0,0.117955269804911,0.3574556803926982,0.0,0.3069046966881237,0.0,0.3337756049418088,0.0,0.4451751952257239,0.2123427614929357,0.0,80,175,54,1,4,1
158159,0,12,6,84,4,4,3,,0,0,0,3694043.756767,0,6,0,6,246,0,0,0,0,0,0,0,0,0,0,0,0,0,0,0,0,0,0,0,0,0,1,1,0,0,0,0,0,0,1,0,0,0,0,0,0,0,0,0,0,0,0,0,0,0,0,0,0,0,0,0,0,0,0,0,0,0,0,0,0,0,0,0,0,0,0,0,0,0,0,0,0,0,0,0,0,0,0,0,0,0,0,0,0,0,0,0,0,0,0,0,0,0,0,0,0,0,0,0,0,0,0,0,0,0,0,0,0,0,0,0,0,0,0,0,0,0,0,0,0,0,0,0,0,0,0,0,0,0,0,0,0,0,0,0,0,0,0,0,0,0,0,0,0,0,0,0,0,0,0,0,0,0,3,207.6927777777778,4,0.1803815236347898,0.0,0.0,0.374961963106145,0.1020041353550138,0.0,0.0,0.0922237499401016,0.0955953565167456,0.4014534555327597,0.3066533486845553,0.0777692141607454,0.0,0.0978727582520951,0.2965969511220274,0.0,0.2546525410443232,0.0,0.276948534363459,0.0,0.5171344533220636,0.1761902778617113,0.0,117,174,60,0,1,1
158213,1,1,1,501,14,2,2,604024.0,0,0,0,3702644.168496,0,1,0,6,243,0,0,0,0,0,0,0,0,0,0,0,0,0,0,0,0,0,1,1,0,1,0,0,0,0,0,0,0,0,0,0,0,0,0,0,0,0,0,0,0,0,0,0,0,0,0,0,0,0,0,0,0,0,0,0,0,0,0,0,0,0,0,0,0,0,0,0,0,0,0,0,0,0,0,0,0,0,0,0,0,0,0,0,0,0,0,0,0,0,0,0,0,0,0,0,0,0,0,0,0,0,0,0,0,0,0,0,0,0,0,0,0,0,0,0,0,0,0,0,0,0,0,0,0,0,1,0,0,0,0,0,0,0,0,0,0,0,0,0,0,0,0,0,0,0,0,0,0,0,0,0,0,0,4,191.08138888888888,4,0.0,0.0,0.0,0.2753686985308344,0.12485153500544,0.0,0.0,0.1128804896380466,0.1170072856259091,0.2948238126742156,0.3753391091897852,0.0951883541813544,0.0,0.1197947912647033,0.3630302290847116,0.0,0.3116908989205683,0.0,0.3389808610449158,0.0,0.4521177364647834,0.2875390174788427,0.0,131,171,58,5,1,1
154476,1,11,4,236,5,6,3,313767.0,0,0,0,3744408.965875,0,4,0,6,268,0,0,0,0,0,0,0,0,0,0,0,0,0,0,0,0,0,0,1,0,0,0,0,0,0,0,0,0,0,0,0,0,0,0,1,0,0,0,0,0,0,0,0,0,0,0,0,0,0,0,0,0,0,0,0,0,0,0,0,0,0,0,0,0,0,0,0,0,0,0,0,0,0,0,0,0,0,0,0,0,0,0,0,0,0,0,0,0,0,0,0,0,0,0,0,0,0,0,0,0,0,0,0,0,0,0,0,0,0,0,0,0,0,0,0,0,0,0,0,0,0,0,0,0,0,1,0,0,0,0,0,0,0,0,0,0,0,0,0,0,0,0,0,0,0,0,0,0,0,0,0,0,0,3,742.0113888888889,4,0.0,0.0,0.0,0.3867090875059362,0.1051998068769524,0.0,0.0,0.0951130133048097,0.0985902484138918,0.3312244221875511,0.3162604432409444,0.1604112672924222,0.0,0.1009389985102106,0.3058889903800013,0.0,0.3501740139632645,0.0,0.2856250114614479,0.0,0.3809540552278165,0.363420230761018,0.0,3,2,8,0,5,0
154817,7,20,3,845,10,2,2,291835.0,0,0,0,3727215.215056,0,3,0,6,400,0,0,0,0,0,0,0,0,0,0,0,0,0,0,0,1,0,0,0,0,0,1,1,0,0,0,0,0,0,0,0,1,1,0,1,0,0,0,0,0,0,0,0,0,0,0,0,0,0,0,0,0,0,0,0,0,0,0,0,0,0,0,0,0,0,0,0,0,0,0,0,0,0,0,0,0,0,0,1,0,0,0,0,0,0,0,0,0,0,0,0,0,0,0,0,0,0,0,0,0,0,0,0,0,0,0,0,0,0,0,0,0,0,0,0,0,0,0,0,0,0,0,0,0,0,1,0,0,0,0,0,0,0,0,0,0,0,0,0,0,0,0,0,0,0,0,0,0,0,0,0,0,0,8,1231.2772222222222,4,0.0,0.0,0.0,0.2843251256636679,0.1289123584819813,0.0,0.0,0.1165519522463813,0.1208129731761291,0.3044130216486884,0.3875470957891936,0.0982843762153336,0.0,0.1236911430453513,0.3748378666671981,0.0,0.3218287135634219,0.0,0.3500062876731859,0.0,0.4668229647050042,0.1484456434483331,0.0,7,38,12,1,0,1
157100,12,2,1,74,4,4,2,2.0,0,0,0,3777277.203477,0,1,0,6,183,0,0,0,0,0,0,0,0,0,0,0,0,0,0,0,0,0,0,1,0,0,0,0,0,0,0,0,0,0,0,0,0,0,0,0,0,0,0,0,0,1,0,0,0,0,0,0,0,0,0,0,0,0,0,0,0,0,0,0,0,0,0,0,0,0,0,0,0,0,0,0,0,0,0,0,0,0,0,0,0,0,0,0,0,0,0,0,0,0,0,0,0,0,0,0,0,0,0,0,0,0,0,0,0,0,0,0,0,0,0,0,0,0,0,0,0,0,0,0,0,0,0,0,0,0,0,0,0,0,0,0,0,0,0,0,0,0,0,0,0,0,0,0,0,0,0,0,0,0,0,0,0,0,2,633.2763888888888,4,0.0,0.0,0.0,0.1515787003985186,0.0,0.0,0.0,0.3728153129452577,0.0,0.1622879093016806,0.0,0.1571913630365068,0.0,0.0,0.1998326266697133,0.16694075354816,0.0,0.1740255843002658,0.0,0.3412364286097753,0.4479686860378591,0.4748338226077953,0.3825095411346952,16,161,29,1,3,1
158131,4,0,4,26,3,1,1,2.0,0,0,0,3790460.263431,0,4,0,6,227,0,0,0,0,0,0,0,0,0,0,0,0,0,0,0,0,0,0,1,0,0,0,0,0,0,0,0,0,0,0,0,0,0,0,0,0,0,0,0,0,1,0,0,0,0,0,0,0,0,0,0,0,0,0,0,0,0,0,0,0,0,0,0,0,0,0,0,0,0,0,0,0,0,0,0,0,0,0,0,0,0,0,0,0,0,0,0,0,0,0,0,0,0,0,0,0,0,0,0,0,0,0,0,0,0,0,0,0,0,0,0,0,0,0,0,0,0,0,0,0,0,0,0,0,0,0,0,0,0,0,0,0,0,0,0,0,0,0,0,0,0,0,0,0,0,0,0,0,0,0,0,0,0,2,192.81333333333333,4,0.0,0.1544391890566914,0.0,0.0,0.0,0.0,0.0,0.2975453044499042,0.0,0.2590451824536369,0.0,0.3763650554111805,0.0,0.0,0.0,0.1332360437321343,0.0,0.1388904738210102,0.0,0.2723420780063351,0.3575254943745567,0.6631916567237788,0.0,107,157,62,5,0,1
158138,0,0,1,81,5,1,1,,0,0,0,3795279.645056,1,1,0,6,244,0,0,0,0,0,0,0,0,0,0,0,0,0,0,0,0,0,0,1,0,0,0,0,0,0,0,0,0,0,0,0,0,0,0,0,0,0,0,0,0,0,0,0,0,0,0,0,0,0,0,0,0,0,0,0,0,0,0,0,0,0,0,0,0,0,0,0,0,0,0,0,0,0,0,0,0,0,0,0,0,0,0,0,0,0,0,0,0,0,0,0,0,0,0,0,0,0,0,0,0,0,0,0,0,0,0,0,0,0,0,0,0,0,0,0,0,0,0,0,0,0,0,0,0,0,0,0,0,0,0,0,0,0,0,0,0,0,0,0,0,0,0,0,0,0,0,0,0,0,0,0,0,0,1,190.1027777777778,4,0.0,0.0,0.0,0.2622218722984223,0.1188907942083787,0.0,0.0,0.1074912780456665,0.1114210499344266,0.2807481481012827,0.3574194325051315,0.0906438116881507,0.0,0.1140754727193939,0.3456982107240444,0.0,0.2968099552686732,0.0,0.4303960303925679,0.0,0.4305324460900736,0.2738111481966717,0.1102863482629191,111,156,64,4,0,1
157218,26,1,3,8,3,3,3,3.0,0,1,0,3802579.273682,0,3,0,6,210,0,0,0,0,0,0,0,0,0,0,0,0,0,0,0,0,0,0,0,0,0,1,0,1,0,0,0,0,0,0,0,0,0,0,0,1,0,0,0,0,0,0,0,0,0,0,0,0,0,0,0,0,0,0,0,0,0,0,0,0,0,0,0,0,0,0,0,0,0,0,0,0,0,0,0,0,0,0,0,0,0,0,0,0,0,0,0,0,0,0,0,0,0,0,0,0,0,0,0,0,0,0,0,0,0,0,0,0,0,0,0,0,0,0,0,0,0,0,0,0,0,0,0,0,0,0,0,0,0,0,0,0,0,0,0,0,0,0,0,0,0,0,0,0,0,0,0,0,0,0,0,0,0,3,587.7616666666667,4,0.0,0.0,0.0,0.2585675286628497,0.117233923203167,0.0,0.0,0.1059932715507746,0.1098682778444107,0.3691141611996243,0.3524384085464639,0.1787611854903752,0.0,0.1124857083948045,0.3408805345892688,0.0,0.3902314526939307,0.0,0.3182984993284347,0.0,0.4245325137027163,0.2024964716586782,0.0,16,155,32,1,5,0
155488,7,6,16,105,2,3,3,3.0,0,2,0,3943727.156556,0,16,0,6,472,0,0,0,0,0,0,0,0,0,0,0,0,0,0,0,0,0,0,1,0,0,0,0,0,0,0,0,0,0,0,0,0,0,0,0,0,0,0,0,0,0,0,0,0,0,0,0,0,0,0,0,0,0,0,0,0,0,0,0,0,0,0,0,0,0,0,0,0,0,0,0,0,0,0,0,0,0,0,0,0,0,0,0,0,0,0,0,0,0,0,0,0,0,0,0,0,0,0,0,0,0,0,0,0,0,0,0,0,0,0,0,0,0,0,0,0,0,0,0,0,0,0,0,0,0,0,0,0,0,0,0,0,0,0,0,0,0,0,0,0,0,0,0,0,0,0,0,0,0,0,0,0,0,1,1217.8597222222222,4,0.0,0.0835175324962067,0.0,0.3925264537257157,0.0889852959674896,0.0,0.0,0.1609063721797101,0.0833944728138139,0.4202588975447627,0.2675150266912749,0.1356869800458116,0.0,0.0853812086138051,0.1724947548240184,0.0,0.3702518473856588,0.0,0.2416014528462303,0.0,0.3222373724897914,0.409874729556847,0.1650903824252167,3,152,14,0,5,0
157462,7,3,25,1112,27,4,4,171065.0,0,0,0,4234040.750904,1,25,0,6,194,0,0,0,0,0,0,0,0,0,0,0,0,0,0,0,0,0,1,1,0,1,0,0,0,0,0,0,0,0,0,0,0,0,0,1,0,0,0,0,0,0,0,0,0,0,0,0,0,0,0,0,0,0,0,0,0,0,0,0,0,0,0,0,0,0,0,0,0,0,0,0,0,0,0,0,0,0,0,0,0,0,0,0,0,0,0,0,0,0,0,0,0,0,0,0,0,0,0,0,0,0,0,0,0,0,0,0,0,0,0,0,0,0,0,0,0,0,0,0,0,0,0,0,0,0,1,0,0,0,0,0,0,0,0,0,0,0,0,0,0,0,0,0,0,0,0,0,0,0,0,0,0,0,5,358.44694444444445,4,0.0,0.1597304545003991,0.0,0.2502405861503236,0.0,0.0,0.0,0.0,0.0,0.0,0.6821768718805555,0.0,0.0,0.1632948058935517,0.0,0.0,0.4248724364447171,0.0,0.0,0.0,0.2465164878626964,0.3919504975995121,0.1578708148473031,18,138,37,0,2,1
157866,0,0,5,24,2,1,1,,0,0,0,4298021.634763,0,5,0,6,2,0,0,0,0,0,0,0,0,0,0,0,0,0,0,0,1,0,0,0,0,0,1,0,0,0,0,0,0,1,0,0,0,0,0,1,0,0,0,0,0,0,1,0,0,0,0,0,0,0,0,0,0,0,0,0,0,0,0,0,0,0,0,0,0,0,0,0,0,0,0,0,0,0,0,0,0,0,0,1,0,0,0,0,0,0,0,0,0,0,0,0,0,0,0,0,0,0,0,0,0,0,0,0,0,0,0,0,0,0,0,0,0,0,0,0,0,0,0,0,0,0,0,0,0,0,1,0,0,0,0,0,0,0,0,0,0,0,0,0,0,0,0,0,0,0,0,0,0,0,0,0,0,0,7,176.17916666666667,4,0.0,0.0,0.0,0.0,0.0,0.0,0.0,0.0,0.0,0.0,0.0,0.0,0.0,0.0,0.0,0.0,0.0,0.0,0.0,0.0,0.0,0.0,0.0,59,134,50,0,2,1
154574,0,3,1,14,3,4,1,,0,0,0,4302685.006281,0,1,0,6,60,0,0,0,0,0,0,0,0,0,0,0,0,0,0,0,0,0,0,0,0,0,0,0,0,0,0,0,0,0,0,0,0,0,0,1,0,0,0,0,0,0,0,0,0,0,0,0,0,0,0,0,0,0,0,0,0,0,0,0,0,0,0,0,0,0,0,0,0,0,0,0,0,0,0,0,0,0,0,0,0,0,0,0,0,0,0,0,0,0,0,0,0,0,0,0,0,0,0,0,0,0,0,0,0,0,0,0,0,0,0,0,0,0,0,0,0,0,0,0,0,0,0,0,0,0,1,0,0,0,0,0,0,0,0,0,0,0,0,0,0,0,0,0,0,0,0,0,0,0,0,0,0,0,2,1535.848611111111,4,0.0,0.0,0.0,0.0,0.0,0.0,0.0,0.0,0.0,0.6342450301298993,0.0,0.0,0.0,0.7731320985158506,0.0,0.0,0.0,0.0,0.0,0.0,0.0,0.0,0.0,3,126,9,0,1,1
157560,4,3,11,118,23,3,1,73210.0,0,0,0,4308148.438917,0,11,0,6,184,0,0,0,0,0,0,0,0,0,0,0,0,0,0,0,0,0,0,1,0,0,0,0,0,0,0,0,0,0,0,0,0,1,0,1,0,0,0,0,0,0,0,0,0,0,0,0,0,0,0,0,0,0,0,0,0,0,0,0,0,0,0,0,0,0,0,0,0,0,0,0,0,0,0,0,0,0,0,0,0,0,0,0,0,0,0,0,0,0,0,0,0,0,0,0,0,0,0,0,0,0,0,0,0,0,0,0,0,0,0,0,0,0,0,0,0,0,0,0,0,0,0,0,0,0,1,0,0,0,0,0,0,0,0,0,0,0,0,0,0,0,0,0,0,0,0,0,0,0,0,0,0,0,4,312.3666666666667,4,0.0,0.0,0.0,0.2823137469356068,0.1280004039896388,0.0,0.0,0.1157274379973673,0.1199583155240729,0.3022595367083062,0.3848055020493763,0.0975890908332949,0.0,0.1228161245840378,0.3721861808208404,0.0,0.3195520261724297,0.0,0.3475302659003291,0.0,0.4635205559615405,0.1473955061844934,0.1187366711290821,19,130,39,0,3,1
152069,30,16,4,209,4,3,3,780647.0,0,1,0,4355061.779172,0,4,0,6,169,0,0,0,0,0,0,0,0,0,0,0,0,0,0,0,0,0,0,0,0,0,1,1,0,0,0,0,0,0,0,0,0,0,0,0,0,0,0,0,0,0,0,0,0,0,0,0,0,0,0,0,0,0,0,0,0,0,0,0,0,0,0,0,0,0,0,0,0,0,0,0,0,0,0,0,0,0,0,0,0,0,0,0,0,0,0,0,0,0,0,0,0,0,0,0,0,0,0,0,0,0,0,0,0,0,0,0,0,0,0,0,0,0,0,0,0,0,0,0,0,0,0,0,0,0,0,0,0,0,0,0,0,0,0,0,0,0,0,0,0,0,0,0,0,0,0,0,0,0,0,0,0,0,2,2596.6730555555555,4,0.0,0.0,0.0,0.3075725204218125,0.1394526738334255,0.0,0.0,0.126081638507416,0.1306910550824497,0.4390704953195588,0.4192342718773219,0.106320442979052,0.0,0.1338045539644512,0.270323928475092,0.0,0.34814252994265,0.0,0.3786239988880446,0.0,0.3029952041908795,0.160583066988778,0.0,0,103,0,0,5,0
156338,4,10,6,36,2,3,2,3.0,0,0,0,4382516.960904,0,6,0,6,310,0,0,0,0,0,0,0,0,0,0,0,0,0,0,0,0,0,0,0,0,0,1,0,0,0,0,0,0,0,1,0,0,0,0,1,0,0,0,0,0,0,0,0,0,0,0,0,0,0,0,0,0,0,0,0,0,0,0,0,0,0,0,0,0,0,0,0,0,0,0,0,0,0,0,0,0,0,0,0,0,0,0,0,0,0,0,0,0,0,0,0,0,0,0,0,0,0,0,0,0,0,0,0,0,0,0,0,0,0,0,0,0,0,0,0,0,0,0,0,0,0,0,0,0,0,1,0,0,0,0,0,0,0,0,0,0,0,0,0,0,0,0,0,0,0,0,0,0,0,0,0,0,0,4,704.3038888888889,4,0.0,0.0,0.0,0.2482465273269398,0.1125544049192933,0.2221807267184815,0.0,0.1017624359817058,0.1054827672264674,0.4429757149847039,0.3383704499584502,0.0858128701394216,0.0,0.1079957202179544,0.2181826139906306,0.0,0.4683186800658288,0.0,0.3055932719792169,0.0,0.2445521047652364,0.3240226782353864,0.0,7,115,20,0,0,1
157424,0,0,1,1,1,1,1,,0,0,0,4387342.030829,0,1,0,6,22,0,0,0,0,0,0,0,0,0,0,0,0,0,0,0,0,0,0,0,0,0,0,0,0,0,0,0,0,0,0,0,0,0,0,1,0,0,1,0,0,0,0,0,0,0,0,0,0,0,0,0,0,0,0,0,0,0,0,0,0,0,0,0,0,0,0,0,0,0,0,0,0,0,0,0,0,0,0,0,0,0,0,0,0,0,0,0,0,0,0,0,0,0,0,0,0,0,0,0,0,0,0,0,0,0,0,0,0,0,0,0,0,0,0,0,0,0,0,0,0,0,0,0,0,0,1,0,0,0,0,0,0,0,0,0,0,0,0,0,0,0,0,0,0,0,0,0,0,0,0,0,0,0,3,326.06305555555554,4,0.0,0.0,0.0,0.0,0.0,0.0,0.0,0.0,0.0,0.0,0.0,0.6349546157432081,0.0,0.0,0.0,0.0,0.0,0.0,0.0,0.0,0.0,0.0,0.7725494391599769,15,109,34,2,2,1
157646,2,1,2,60,4,3,2,429343.0,1,0,0,4403730.842884,0,2,0,6,255,0,0,0,0,0,0,0,0,0,0,0,0,0,0,0,0,0,0,1,0,1,0,0,0,0,0,0,0,0,0,0,0,0,0,1,0,0,0,0,0,0,0,0,0,0,0,0,0,0,0,0,0,0,0,0,0,0,0,0,0,0,0,0,0,0,0,0,0,0,0,0,0,0,0,0,0,0,0,0,0,0,0,0,0,0,0,0,0,0,0,0,0,0,0,0,0,0,0,0,0,0,0,0,0,0,0,0,0,0,0,0,0,0,0,0,0,0,0,0,0,0,0,0,0,0,1,0,0,0,0,0,0,0,0,0,0,0,0,0,0,0,0,0,0,0,0,0,0,0,0,0,0,0,4,260.3383333333333,4,0.1094235074303237,0.0,0.0,0.2729524775881474,0.1237560259834769,0.0,0.0,0.1118900204796442,0.1159806059216266,0.3896491772703548,0.3720456984968763,0.0943531245561283,0.0,0.1187436526094281,0.3598448225841802,0.0,0.3089559690551374,0.0,0.3360064755755553,0.0,0.4481506321815631,0.142508004073897,0.0,32,104,43,0,4,1
157306,3,0,2,102,2,2,2,137361.0,0,0,0,4406879.693254,0,2,0,6,180,0,0,0,0,0,0,0,0,0,0,0,0,0,0,0,0,0,0,1,0,0,0,0,0,0,0,0,0,0,0,0,0,0,0,1,0,0,0,0,0,1,0,0,0,0,0,0,0,0,0,0,0,0,0,0,0,0,0,0,0,0,0,0,0,0,0,0,0,0,0,0,0,0,0,0,0,0,0,0,0,0,0,0,0,0,0,0,0,0,0,0,0,0,0,0,0,0,0,0,0,0,0,0,0,0,0,0,0,0,0,0,0,0,0,0,0,0,0,0,0,0,0,0,0,0,1,0,0,0,0,0,0,0,0,0,0,0,0,0,0,0,0,0,0,0,0,0,0,0,0,0,0,0,4,354.575,4,0.0,0.0,0.1239037118246979,0.2791407866254417,0.1265617910777537,0.0,0.0,0.1144267625200003,0.1186100886730476,0.3984832041543854,0.380480623794637,0.0964922745596269,0.0,0.1214357784514694,0.2453354218209458,0.0,0.3159605400790897,0.0,0.343624328792228,0.0,0.4583109891481077,0.2186083638575661,0.0,15,98,32,1,0,1
157022,1,0,1,59,2,1,1,1.0,0,0,0,4408099.618649,0,1,0,6,309,0,0,0,0,0,0,0,0,0,0,0,0,0,0,0,0,0,0,1,0,1,0,0,0,0,0,0,0,0,0,0,0,0,0,1,0,0,0,0,0,1,0,0,0,0,0,0,0,0,0,0,0,0,0,0,0,0,0,0,0,0,0,0,0,0,0,0,0,0,0,0,0,0,0,0,0,0,0,0,0,0,0,0,0,0,0,0,0,0,0,0,0,0,0,0,0,0,0,0,0,0,0,0,0,0,0,0,0,0,0,0,0,0,0,0,0,0,0,0,0,0,0,0,0,0,1,0,0,0,0,0,0,0,0,0,0,0,0,0,0,0,0,0,0,0,0,0,0,0,0,0,0,0,5,478.8269444444445,4,0.2242122064504664,0.0,0.0,0.1864294022779005,0.0,0.0,0.0,0.2292661692233116,0.0,0.1996008532102321,0.1270555552448455,0.2899987773060908,0.0,0.0,0.0,0.1026617355142265,0.0,0.1070186166554507,0.0,0.2098464469411285,0.4591373664730205,0.6570076051881626,0.1176138615317488,15,97,28,0,2,1
156545,0,0,1,11,3,1,1,,0,0,0,4408223.892018,0,1,0,6,7,0,0,0,0,0,0,0,0,0,0,0,0,0,0,0,0,0,0,1,0,0,0,0,0,0,0,0,0,0,0,0,0,0,0,1,0,0,0,0,0,1,0,0,0,0,0,0,0,0,0,0,0,0,0,0,0,0,0,0,0,0,0,0,0,0,0,0,0,0,0,0,0,0,0,0,0,0,0,0,0,0,0,0,0,0,0,0,0,0,0,0,0,0,0,0,0,0,0,0,0,0,0,0,0,0,0,0,0,0,0,0,0,0,0,0,0,0,0,0,0,0,0,0,0,0,1,0,0,0,0,0,0,0,0,0,0,0,0,0,0,0,0,0,0,0,0,0,0,0,0,0,0,0,4,621.5741666666667,4,0.0,0.0,0.0,0.0,0.0,0.0,0.0,0.0,0.0,0.0,0.0,0.0,0.0,0.0,0.0,0.0,0.0,0.0,0.0,1.0,0.0,0.0,0.0,10,96,25,0,3,1
157471,9,5,17,51,1,3,2,695018.0,0,1,0,4418877.015244,0,17,0,6,207,0,0,0,0,0,0,0,0,0,0,0,0,0,0,0,0,0,0,1,0,0,0,0,0,0,0,0,0,0,0,0,0,0,0,1,0,0,0,0,0,0,0,0,0,0,0,0,0,0,0,0,0,0,0,0,0,0,0,0,0,0,0,0,0,0,0,0,0,0,0,0,0,0,0,0,0,0,0,0,0,0,0,0,0,0,0,0,0,0,0,0,0,0,0,0,0,0,0,0,0,0,0,0,0,0,0,0,0,0,0,0,0,0,0,0,0,0,0,0,0,0,0,0,0,0,1,0,0,0,0,0,0,0,0,0,0,0,0,0,0,0,0,0,0,0,0,0,0,0,0,0,0,0,3,305.4916666666667,4,0.1117403501247288,0.0,0.0,0.2787317472210693,0.1263763335519489,0.0,0.0,0.1142590870779724,0.1184362831872571,0.2984244646087093,0.3799230858955228,0.0963508794486166,0.0,0.1212578323365796,0.3674638787440692,0.0,0.3154975467892822,0.0,0.3431207983247665,0.0,0.4576394023969031,0.2182880257370638,0.0,19,92,38,0,2,1
156956,0,0,1,1,1,2,1,,0,0,0,4454509.001664,0,1,0,6,22,0,0,0,0,0,0,0,0,0,0,0,0,0,0,0,0,0,0,0,0,0,0,0,0,0,0,0,0,0,0,0,0,0,0,1,0,0,1,0,0,0,0,0,0,0,0,0,0,0,0,0,0,0,0,0,0,0,0,0,0,0,0,0,0,0,0,0,0,0,0,0,0,0,0,0,0,0,0,0,0,0,0,0,0,0,0,0,0,0,0,0,0,0,0,0,0,0,0,0,0,0,0,0,0,0,0,0,0,0,0,0,0,0,0,0,0,0,0,0,0,0,0,0,0,0,1,0,0,0,0,0,0,0,0,0,0,0,0,0,0,0,0,0,0,0,0,0,0,0,0,0,0,0,3,474.8702777777778,4,0.0,0.0,0.0,0.0,0.0,0.0,0.0,0.0,0.0,0.0,0.0,0.6349546157432081,0.0,0.0,0.0,0.0,0.0,0.0,0.0,0.0,0.0,0.0,0.7725494391599769,14,86,27,1,2,1
154298,1,20,1,183,15,2,1,1031112.0,0,0,0,4477304.771411,0,1,0,6,43,0,0,0,0,0,0,0,0,0,0,0,0,0,0,0,0,0,0,0,0,0,1,1,0,0,0,0,1,0,0,0,0,0,0,1,0,0,0,0,0,0,0,0,0,0,0,0,0,0,0,0,0,0,0,0,0,0,0,0,0,0,0,0,0,0,0,0,0,0,0,0,0,0,0,0,0,0,0,0,0,0,0,0,0,0,0,0,0,0,0,0,0,0,0,0,0,0,0,0,0,0,0,0,0,0,0,0,0,0,0,0,0,0,0,0,0,0,0,0,0,0,0,0,0,0,1,0,0,0,0,0,0,0,0,0,0,0,0,0,0,0,0,0,0,0,0,0,0,0,0,0,0,0,5,1632.9941666666666,4,0.0,0.0,0.0,0.6211277397986427,0.0,0.0,0.0,0.0,0.0,0.0,0.0,0.0,0.0,0.0,0.0,0.0,0.0,0.0,0.0,0.0,0.0,0.0,0.783709340797103,2,79,7,1,2,1
156257,4,0,1,12,11,1,1,859861.0,0,0,0,4484697.892238,0,1,0,6,283,0,0,0,0,0,0,0,0,0,0,0,0,0,0,0,1,0,0,1,0,1,1,0,0,0,0,0,0,0,0,0,1,1,0,1,0,0,0,0,0,0,0,0,0,0,0,0,0,0,0,0,0,0,0,0,0,0,0,0,0,0,0,0,0,0,0,0,0,0,0,0,0,0,0,0,0,0,0,1,0,0,0,0,0,0,0,0,0,0,0,0,0,0,0,0,0,0,0,0,0,0,0,0,0,0,0,0,0,0,0,0,0,0,0,0,0,0,0,0,0,0,0,0,0,0,1,0,0,0,0,0,0,0,0,0,0,0,0,0,0,0,0,0,0,0,0,0,0,0,0,0,0,0,9,741.3752777777778,4,0.0,0.0,0.0,0.5436301896179988,0.105634576496208,0.0,0.0,0.0955060962372637,0.098997702058891,0.2494449795229281,0.3175674839720582,0.08053710738022,0.0,0.1013561590664239,0.3071531679847906,0.0,0.2637159094901155,0.0,0.2868054421216318,0.0,0.3825284616308531,0.3041018111650553,0.0979895186135929,6,76,17,0,4,1
156501,5,17,38,167,3,4,2,171023.0,0,1,0,4510201.47248,1,38,0,6,198,0,0,0,0,0,0,0,0,0,0,0,0,0,0,0,1,0,0,0,0,0,1,0,0,0,0,0,0,0,0,0,1,1,0,1,0,0,0,0,0,0,0,0,0,0,0,0,0,0,0,0,0,0,0,0,0,0,0,0,0,0,0,0,0,0,0,0,0,0,0,0,0,0,0,0,0,0,0,1,0,0,0,0,0,0,0,0,0,0,0,0,0,0,0,0,0,0,0,0,0,0,0,0,0,0,0,0,0,0,0,0,0,0,0,0,0,0,0,0,0,0,0,0,0,0,1,0,0,0,0,0,0,0,0,0,0,0,0,0,0,0,0,0,0,0,0,0,0,0,0,0,0,0,7,278.67055555555555,4,0.0989307653464582,0.0,0.0,0.2467787602970232,0.2237778454429007,0.0,0.1009990394562708,0.1011607617104632,0.1048590963553117,0.2642139625380763,0.3363698218099122,0.0853054982825444,0.0,0.1073571914167065,0.3253389014867927,0.0,0.279329836840078,0.0,0.3037864401415062,0.0,0.5672477560147052,0.1932641290995551,0.1037912210123925,9,2,24,0,2,1
157438,0,0,1,2,1,2,2,,0,0,0,4600689.267052,0,1,0,6,188,0,0,0,0,0,0,0,0,0,0,0,0,0,0,0,0,0,0,0,0,0,0,0,0,0,0,0,0,0,0,0,0,0,0,1,0,0,0,0,0,0,0,0,0,0,0,0,0,0,0,0,0,0,0,0,0,0,0,0,0,0,0,0,0,0,0,0,0,0,0,0,0,0,0,0,0,0,0,0,0,0,0,0,0,0,0,0,0,0,0,0,0,0,0,0,0,0,0,0,0,0,0,0,0,0,0,0,0,0,0,0,0,0,0,0,0,0,0,0,0,0,0,0,0,0,1,0,0,0,0,0,0,0,0,0,0,0,0,0,0,0,0,0,0,0,0,0,0,0,0,0,0,0,2,263.15527777777777,4,0.0,0.0,0.0,0.2520156989574548,0.1142633386734908,0.0,0.0,0.1033075133323718,0.1070843310349094,0.4497014948612882,0.3435079893001721,0.0871157823660107,0.0,0.1096354386432054,0.3322429797344015,0.0,0.3803433973879868,0.0,0.3102331495381217,0.0,0.4137753055236096,0.1973654236685769,0.0,16,69,35,2,2,1
152477,8,6,1,31,2,2,2,5578563.0,0,0,0,4800464.547059,0,1,0,6,236,0,0,0,0,0,0,0,0,0,0,0,0,0,0,0,0,0,0,0,0,0,1,0,0,0,0,0,0,0,0,0,0,0,0,1,0,0,0,0,0,0,0,0,0,0,0,0,0,0,0,0,0,0,0,0,0,0,0,0,0,0,0,0,0,0,0,0,0,0,0,0,0,0,0,0,0,0,0,0,0,0,0,0,0,0,0,0,0,0,0,0,0,0,0,0,0,0,0,0,0,0,0,0,0,0,0,0,0,0,0,0,0,0,0,0,0,0,0,0,0,0,0,0,0,0,1,0,0,0,0,0,0,0,0,0,0,0,0,0,0,0,0,0,0,0,0,0,0,0,0,0,0,0,3,2275.722777777778,4,0.1930710632229221,0.0,0.0,0.2408039474097057,0.1091799562908727,0.1077598075756876,0.0,0.0987115370606957,0.3069609916240226,0.257817022272708,0.3282259007373061,0.0832401487772461,0.0,0.1047579436935609,0.3174620523648934,0.0,0.2725669229371325,0.0,0.2964314022307672,0.0,0.5535140003265765,0.1257233135295159,0.0,2,51,2,0,0,1
160554,2,7,30,381,5,2,1,174223.0,0,0,0,52177.662644,0,30,0,6,243,0,0,0,0,0,0,0,0,0,0,0,0,0,0,0,0,0,0,0,0,0,0,0,0,0,0,0,0,0,0,0,0,0,0,0,0,0,0,0,0,0,0,0,0,0,0,0,0,0,0,0,0,0,0,0,0,0,0,0,0,0,0,0,0,0,0,0,0,0,0,0,0,0,0,0,0,0,0,0,0,0,0,0,0,0,0,0,0,0,0,0,0,0,0,0,0,0,0,0,0,0,0,0,0,0,0,0,0,0,0,0,0,0,0,0,0,0,0,0,0,0,0,0,0,0,0,0,0,0,0,0,0,0,0,0,0,0,0,0,0,0,0,0,0,0,0,0,0,0,0,0,0,0,0,217.39583333333337,4,0.0,0.1057016624715443,0.0,0.2483951422101241,0.1126217865657521,0.0,0.0,0.1018233569246846,0.1055459153772114,0.3545927249144358,0.3385730182901609,0.0858642427399119,0.0,0.1080603727692606,0.3274698462867359,0.0,0.2811594258027355,0.0,0.3057762179761101,0.0,0.5709631852192514,0.1296866628608822,0.1044710455328706,150,96,12,4,2,1
160484,4,8,11,980,9,3,2,848515.0,0,0,0,-18217.009027,3,11,0,6,274,0,0,0,0,0,1,0,0,0,0,0,0,0,0,0,0,0,0,1,0,0,1,0,0,0,1,1,0,0,0,0,0,0,0,0,0,0,0,0,0,0,0,0,0,0,0,0,0,0,0,0,0,0,0,0,0,0,0,0,0,0,0,0,0,0,1,0,0,0,0,0,0,0,0,0,0,0,0,0,0,0,0,0,0,0,0,0,0,0,0,0,0,0,0,0,0,0,0,0,0,0,0,0,0,0,0,0,0,0,0,0,0,0,0,0,0,0,0,0,0,0,0,0,0,0,0,0,0,0,0,0,0,0,0,0,0,0,0,0,0,0,0,0,0,0,0,0,0,0,0,0,0,0,6,258.2008333333333,4,0.0,0.0,0.0,0.0,0.0,0.0,0.0,0.0,0.0,0.0,0.0,0.0,0.0,0.1161961099370689,0.0,0.0,0.4031034468750377,0.0,0.0,0.1002153353385138,0.6139503255408685,0.3486265443330325,0.5616827325729492,153,94,7,62,2,1
160191,3,0,8,100,7,1,1,603238.0,0,0,0,64500.629822,0,8,0,6,27,0,0,0,0,0,0,0,0,0,0,0,0,0,0,0,0,0,0,1,1,0,0,0,0,0,0,0,0,0,0,0,0,0,0,0,0,0,0,0,0,0,0,0,0,0,0,0,0,0,0,0,0,0,0,0,0,0,0,0,0,0,0,0,0,0,0,0,0,0,0,0,0,0,0,0,0,0,0,0,0,0,0,0,0,0,0,0,0,0,0,0,0,0,0,0,0,0,0,0,0,0,0,0,0,0,0,0,0,0,0,0,0,0,0,0,0,0,0,0,0,0,0,0,0,0,0,0,0,0,0,0,0,0,0,0,0,0,0,0,0,0,0,0,0,0,0,0,0,0,0,0,0,0,2,361.8886111111111,4,0.0,0.0,0.0,0.0,0.0,0.0,0.0,0.0,0.0,0.0,0.0,0.0,0.0,0.9578176148785984,0.0,0.0,0.0,0.0,0.0,0.0,0.0,0.2873767851241168,0.0,106,100,13,2,3,1
153256,1,21,15,82,2,4,3,1633639.0,0,0,0,141345.344123,0,15,0,6,189,0,0,0,0,0,0,0,0,0,0,0,0,0,0,0,0,0,0,0,0,0,1,1,0,0,0,0,0,0,0,0,0,0,0,1,0,0,0,0,0,0,0,0,0,0,0,0,0,0,0,0,0,0,0,0,0,0,0,0,0,0,0,0,0,0,0,0,0,0,0,0,0,0,0,0,0,0,0,0,0,0,0,0,0,0,0,0,0,0,0,0,0,0,0,0,0,0,0,0,0,0,0,0,0,0,0,0,0,0,0,0,0,0,0,0,0,0,0,0,0,0,0,0,0,0,1,0,0,0,0,0,0,0,0,0,0,0,0,0,0,0,0,0,0,0,0,0,0,0,0,0,0,0,4,569.315,4,0.0,0.0,0.0,0.2617228618985537,0.1186645440400056,0.0,0.0,0.1072867212511864,0.1112090147514183,0.3736185093930158,0.3567392603578888,0.0904713157620114,0.0,0.1138583861477896,0.3450403441591571,0.0,0.3949934979463636,0.0,0.3221827373802873,0.0,0.4297131392710173,0.2049675624814186,0.0,3,1,3,0,0,1
57552,0,1,4,86,3,2,2,,0,0,0,141903.550491,0,4,0,7,171,0,0,0,0,0,0,0,0,0,0,0,1,0,0,0,0,0,0,1,0,0,0,0,0,0,0,0,0,0,0,0,0,0,0,0,0,0,0,0,0,0,0,0,1,0,0,0,1,0,0,1,0,0,0,0,0,0,0,0,0,0,0,0,0,0,0,0,0,0,0,0,0,0,0,0,0,0,0,0,0,0,0,0,0,0,0,0,0,0,0,0,1,0,0,0,0,0,0,0,0,0,0,0,0,0,0,0,0,0,0,0,0,0,0,0,0,0,0,0,0,0,0,0,0,0,0,0,0,0,0,0,0,0,0,0,0,0,0,0,0,0,0,0,0,0,0,0,0,0,0,0,0,0,6,183.37972222222223,4,0.116810429198739,0.1239928803346252,0.1293358875937421,0.1942525684939188,0.132110502126476,0.260784172690984,0.1192525005364243,0.1194434507009868,0.0,0.0,0.397161622246824,0.2014453609552118,0.1274826009734711,0.0,0.0,0.1069697460058092,0.0,0.4460378225318523,0.2391263178406668,0.4373045325422808,0.1913616878864828,0.3042567636707733,0.0,96,219,19,89,1,1
57165,1,30,24,15805,154,4,3,3099109.0,1,2,0,262864.851185,0,24,0,7,112,0,0,0,0,0,0,0,0,0,0,0,0,0,0,0,0,0,0,0,0,0,0,0,0,0,0,0,0,0,0,0,0,0,0,0,0,0,0,0,0,0,0,0,0,1,1,0,0,0,1,0,0,0,0,0,0,0,0,0,0,0,0,0,0,0,0,0,0,0,0,0,0,0,0,0,0,0,0,0,0,0,0,0,0,0,0,0,0,0,0,0,0,0,0,0,0,0,0,0,0,0,0,0,0,0,0,0,0,0,0,0,0,0,0,0,1,0,0,0,0,0,0,0,0,0,0,0,0,0,0,0,0,0,0,0,0,0,0,0,0,0,0,0,0,0,0,0,0,0,0,0,0,0,4,864.7775,4,0.1209944534998858,0.1284341723326762,0.1339685603817336,0.2012104871721896,0.1368425586314087,0.2701251820801124,0.1235239972138999,0.1237217870085736,0.0,0.0,0.4113875256217389,0.2086609177455724,0.1320488910222724,0.0,0.0,0.110801287588576,0.0,0.462014418983944,0.2476915660959134,0.4529683119129186,0.0991080291608527,0.2363661859851286,0.0,97,168,50,2,3,1
57321,0,1,9,86,10,2,2,,0,0,0,270494.348676,0,9,0,7,151,0,0,0,0,0,0,0,0,0,0,0,0,0,0,0,0,0,0,0,0,0,0,0,0,0,0,0,0,0,0,0,0,0,0,0,0,0,0,0,0,0,0,0,0,0,0,0,1,0,0,0,0,0,0,0,0,0,0,0,0,0,0,0,0,0,0,0,0,0,0,0,0,0,0,0,0,0,0,0,0,0,0,0,0,0,0,0,0,0,0,0,0,0,0,0,0,0,0,0,0,0,0,0,0,0,0,0,0,0,0,0,0,0,0,0,0,0,0,0,0,0,0,0,0,0,0,0,0,0,0,0,0,0,0,0,0,0,0,0,0,0,0,0,0,0,0,0,0,0,0,0,0,0,1,652.7411111111111,4,0.1121806939129917,0.1190784714312046,0.1242097107051405,0.1865534445640406,0.1268743544853084,0.2504480948719589,0.1145259747164759,0.2294187132931715,0.0,0.2996004888390739,0.3814202780083539,0.193461153533307,0.1224298783690403,0.0,0.0,0.1027300423167838,0.1055802840757211,0.4283592893741646,0.2296486405557542,0.4199721398885081,0.0918885714345903,0.2191482501419289,0.0,114,222,41,18,1,1
57142,6,9,7,49,6,3,2,71472.0,0,1,0,288423.920778,0,7,0,7,173,0,0,0,0,0,0,0,0,0,0,0,1,0,0,0,0,0,0,0,0,0,0,0,0,0,0,0,0,0,0,0,0,0,0,0,0,0,0,0,0,0,0,0,1,1,0,0,0,0,1,0,0,0,0,0,0,0,0,0,0,0,0,0,0,0,0,0,0,0,0,0,0,0,0,0,0,0,0,0,0,0,0,0,0,0,0,0,0,0,0,0,0,0,0,0,0,0,0,0,0,0,0,0,0,0,0,0,0,0,0,0,0,0,0,0,1,0,0,0,0,0,0,0,0,0,0,0,0,0,0,0,0,0,0,0,0,0,0,0,0,0,0,0,0,0,0,0,0,0,0,0,0,0,5,876.5327777777778,4,0.1072273013785194,0.1138205042103815,0.1187251711444118,0.2674741311412855,0.1212721562959216,0.1196947193486805,0.1094690251792966,0.1096443097920172,0.0,0.0,0.3645784820479163,0.1849187831824378,0.1170239281617799,0.0,0.0,0.0981939478523241,0.1009183358145188,0.4094448787742129,0.2195083942976694,0.4014280679109933,0.087831187335144,0.4887671919120857,0.1124953647832945,90,169,47,20,1,1
57320,2,1,1,10,2,3,2,975769.0,0,0,0,288454.155597,0,1,0,7,200,0,0,0,0,0,0,0,0,0,0,0,1,0,0,0,0,0,0,0,0,0,0,0,0,0,0,0,0,0,0,0,0,0,0,0,0,0,0,0,0,0,0,0,1,0,1,0,1,0,0,0,0,0,0,0,0,0,0,0,0,0,0,0,0,0,0,0,0,0,0,0,0,0,0,0,0,0,0,0,0,0,0,0,0,0,0,0,0,0,0,0,0,0,0,0,0,0,0,0,0,0,0,0,0,0,0,0,0,0,0,0,0,0,0,0,0,0,0,0,0,0,0,0,0,0,0,0,0,0,0,0,0,0,0,0,0,0,0,0,0,0,0,0,0,0,0,0,0,0,0,0,0,0,4,514.8425,4,0.1027316177801057,0.218096779155206,0.1137474201633569,0.1708398878097478,0.1161876187108597,0.1146763184407529,0.1048793535685599,0.1050472890813001,0.0,0.0,0.3492929206190084,0.2657486317854782,0.112117504632555,0.0,0.0,0.0940770026793327,0.0966871661285546,0.3922782187697631,0.3154577076817638,0.3845975260839668,0.0841487181947716,0.4682748115213388,0.0,113,131,40,25,0,1
57456,0,15,8,420,3,3,2,,0,1,0,288466.434954,0,8,0,7,156,0,0,0,0,0,0,0,0,0,0,0,1,0,0,0,0,0,0,1,0,0,0,0,0,0,0,0,0,0,0,0,0,0,0,0,0,0,0,0,0,0,0,0,1,0,0,0,1,0,0,1,0,0,0,0,0,0,0,0,0,0,0,0,0,0,0,0,0,0,0,0,0,0,0,0,0,0,0,0,0,0,0,0,0,0,0,0,0,0,0,0,1,0,0,0,0,0,0,0,0,0,0,0,0,0,0,0,0,0,0,0,0,0,0,0,0,0,0,0,0,0,0,0,0,0,0,0,0,0,0,0,0,0,0,0,0,0,0,0,0,0,0,0,0,0,0,0,0,0,0,0,0,0,6,237.62,4,0.1051327570071926,0.1115971702891644,0.1164060310023178,0.2622493756111633,0.1189032641471617,0.2347132807139701,0.1073306916804937,0.1075025523387341,0.0,0.0,0.3574569206762963,0.2719599567710404,0.1147380195648961,0.0,0.0,0.0962758581668772,0.1978940575834265,0.4014469113239484,0.2152205863809883,0.3935866983220353,0.0861155205535064,0.4107598005873033,0.0,80,168,49,26,0,1
57174,3,30,26,291,5,4,2,1583408.0,1,2,0,469410.589718,0,26,0,7,112,0,0,0,0,0,0,0,0,0,0,0,1,0,0,0,0,0,0,0,0,0,0,0,0,0,0,0,0,0,0,0,0,0,0,0,0,0,0,0,0,0,0,0,0,1,1,1,1,0,0,0,0,1,0,0,0,0,0,0,0,0,0,0,0,0,0,0,0,0,0,0,0,0,0,0,0,0,0,0,0,0,0,0,0,0,0,0,0,0,0,0,0,0,0,0,0,0,0,0,0,0,0,0,0,0,0,0,0,0,0,0,0,0,0,0,1,0,0,0,0,0,0,0,0,0,0,0,0,0,0,0,0,0,0,0,0,0,0,0,0,0,0,0,0,0,0,0,0,0,0,0,0,0,7,800.1072222222223,4,0.1209944534998858,0.1284341723326762,0.1339685603817336,0.2012104871721896,0.1368425586314087,0.2701251820801124,0.1235239972138999,0.1237217870085736,0.0,0.0,0.4113875256217389,0.2086609177455724,0.1320488910222724,0.0,0.0,0.110801287588576,0.0,0.462014418983944,0.2476915660959134,0.4529683119129186,0.0991080291608527,0.2363661859851286,0.0,102,149,55,0,4,1
57297,9,1,10,284,10,2,2,53.0,0,1,0,615150.5555,0,10,0,7,159,0,0,0,0,0,0,0,0,0,0,0,1,0,0,0,0,0,0,0,0,0,0,0,0,0,0,0,0,0,0,0,0,0,0,0,0,0,0,0,0,0,0,0,1,0,1,0,1,0,0,0,0,0,0,0,0,0,0,0,0,0,0,0,0,0,0,0,0,0,0,0,0,0,0,0,0,0,0,0,0,0,0,0,0,0,0,0,0,0,0,0,0,0,0,0,0,0,0,0,0,0,0,0,0,0,0,0,0,0,0,0,0,0,0,0,0,0,0,0,0,0,0,0,0,0,0,0,0,0,0,0,0,0,0,0,0,0,0,0,0,0,0,0,0,0,0,0,0,0,0,0,0,0,4,640.8372222222222,4,0.1176987335015368,0.1249358047795833,0.1303194438244979,0.1957297944026523,0.1331151583741134,0.1313836746150155,0.1201593759761649,0.1203517782529571,0.0,0.0,0.4001819037436734,0.2029772856484317,0.1284520635784232,0.0,0.1290194428048653,0.1077832151994244,0.0,0.4494297912086514,0.2409447936266657,0.440630087465372,0.1928169296136662,0.229927901059238,0.2469625140158494,108,167,37,42,4,1
57361,8,7,5,76,2,3,2,311251.0,0,2,0,664877.40017,0,5,0,7,149,0,0,0,0,0,0,0,0,0,0,0,0,0,0,0,0,0,0,0,0,0,0,0,0,0,0,0,0,0,0,0,0,0,0,0,0,0,0,0,0,0,0,0,0,1,0,0,0,0,0,0,0,0,0,0,0,0,0,0,0,0,0,0,0,0,0,0,0,0,0,0,0,0,0,0,0,0,0,0,0,0,0,0,0,0,0,0,0,0,0,0,0,0,0,0,0,0,0,0,0,0,0,0,0,0,0,0,0,0,0,0,0,0,0,0,1,0,0,0,0,0,0,0,0,0,0,0,0,0,0,0,0,0,0,0,0,0,0,0,0,0,0,0,0,0,0,0,0,0,0,0,0,0,2,482.73277777777776,4,0.1175442052287347,0.1247717748571757,0.1301483456489473,0.195472818085532,0.1329403896667928,0.2624223583926846,0.120001617092291,0.1201937667615094,0.0,0.0,0.3996564994631646,0.2027107940011881,0.1282834171118715,0.0,0.0,0.1076417051458637,0.0,0.4488397287048746,0.2406284539202635,0.4400515782126809,0.0962818888182315,0.3061680341084995,0.1233191367811287,118,163,50,44,3,1
57328,7,17,20,124,62,5,2,1660.0,0,0,0,690858.204117,0,20,0,7,208,0,0,0,0,0,0,0,0,0,0,0,1,0,0,0,0,0,0,0,0,0,0,0,0,0,0,0,0,0,0,0,0,0,0,0,0,0,0,0,0,0,0,0,1,1,0,1,0,0,0,0,0,0,0,0,0,0,0,0,0,0,0,0,0,0,0,0,0,0,0,0,0,0,0,0,0,0,0,0,0,0,0,0,0,0,0,0,0,0,0,0,0,0,0,0,0,0,0,0,0,0,0,0,0,0,0,0,0,0,0,0,0,0,0,0,1,0,0,0,0,0,0,0,0,0,0,0,0,0,0,0,0,0,0,0,0,0,0,0,0,0,0,0,0,0,0,0,0,0,0,0,0,0,5,526.7952777777778,4,0.1190055461129866,0.1263229708131537,0.1317663845658336,0.1979029882523425,0.1345931400189724,0.2656848630862574,0.1214935091757166,0.1216880477008295,0.0,0.0,0.4046251355706276,0.2052309486134606,0.1298782707401923,0.0,0.1304519495954114,0.1089799355101266,0.0,0.4544198238253155,0.2436200109854862,0.4455224167042118,0.0974788909185842,0.232480797525405,0.1248522731534257,117,154,45,49,1,1
57145,6,0,1,6,1,2,2,21139.0,0,0,0,692574.435261,0,1,0,7,112,0,0,0,0,0,0,0,0,0,0,0,1,0,0,0,0,0,0,0,0,0,0,0,0,0,0,0,0,0,0,0,0,0,0,0,0,0,0,0,0,0,0,0,1,1,0,0,0,0,0,0,0,0,0,0,0,0,0,0,0,0,0,0,0,0,0,0,0,0,0,0,0,0,0,0,0,0,0,0,0,0,0,0,0,0,0,0,0,0,0,0,0,0,0,0,0,0,0,0,0,0,0,0,0,0,0,0,0,0,0,0,0,0,0,0,1,0,0,0,0,0,0,0,0,0,0,0,0,0,0,0,0,0,0,0,0,0,0,0,0,0,0,0,0,0,0,0,0,0,0,0,0,0,4,851.4036111111111,4,0.1209944534998858,0.1284341723326762,0.1339685603817336,0.2012104871721896,0.1368425586314087,0.2701251820801124,0.1235239972138999,0.1237217870085736,0.0,0.0,0.4113875256217389,0.2086609177455724,0.1320488910222724,0.0,0.0,0.110801287588576,0.0,0.462014418983944,0.2476915660959134,0.4529683119129186,0.0991080291608527,0.2363661859851286,0.0,91,150,49,1,2,1
57116,2,0,1,2,1,3,2,117472.0,0,0,0,800001.090423,0,1,0,7,112,0,0,0,0,0,0,0,0,0,0,0,1,0,0,0,0,0,0,0,0,0,0,0,0,0,0,0,0,0,0,0,0,0,0,0,0,0,0,0,0,0,0,0,1,1,0,0,0,0,0,0,0,0,0,0,0,0,0,0,0,0,0,0,0,0,0,0,0,0,0,0,0,0,0,0,0,0,0,0,0,0,0,0,0,0,0,0,0,0,0,0,0,0,0,0,0,0,0,0,0,0,0,0,0,0,0,0,0,0,0,0,0,0,0,0,1,0,0,0,0,0,0,0,0,0,0,0,0,0,0,0,0,0,0,0,0,0,0,0,0,0,0,0,0,0,0,0,0,0,0,0,0,0,4,886.4883333333333,4,0.1209944534998858,0.1284341723326762,0.1339685603817336,0.2012104871721896,0.1368425586314087,0.2701251820801124,0.1235239972138999,0.1237217870085736,0.0,0.0,0.4113875256217389,0.2086609177455724,0.1320488910222724,0.0,0.0,0.110801287588576,0.0,0.462014418983944,0.2476915660959134,0.4529683119129186,0.0991080291608527,0.2363661859851286,0.0,90,130,49,0,6,0
56785,5,0,4,352,1,2,3,4394435.0,0,0,0,876100.489957,0,4,0,7,94,0,0,0,0,0,0,0,0,0,0,0,1,0,0,0,0,0,0,0,0,0,0,0,0,0,0,0,0,0,0,0,0,0,0,0,0,0,0,0,0,0,0,0,1,1,0,0,0,0,0,0,0,0,0,1,0,0,0,0,0,0,0,0,0,0,0,0,0,0,0,0,0,0,0,0,0,0,0,0,0,0,0,0,0,0,0,0,0,0,0,0,0,0,0,0,0,0,0,0,0,0,0,0,0,0,0,0,0,0,0,0,0,0,0,0,1,0,0,0,0,0,0,0,0,0,0,0,0,0,0,0,0,0,1,0,0,0,0,0,0,0,0,0,0,0,0,0,0,0,0,0,0,0,6,1313.7525,4,0.2027655568068043,0.0,0.2245078923426339,0.1685968045918562,0.0,0.0,0.2070046299610106,0.0,0.0,0.0,0.4596090607637871,0.0,0.0,0.0,0.2222683148828494,0.0,0.0,0.3871277079578691,0.4150877735551294,0.3795478607659804,0.3321754697928243,0.0,0.0,93,132,55,10,1,1
57324,8,3,6,323,4,3,2,8621.0,0,1,0,890291.347571,0,6,0,7,255,0,0,0,0,0,0,0,0,0,0,0,1,0,0,0,0,0,0,0,0,0,0,0,0,0,0,0,0,0,0,0,0,0,0,0,0,0,0,0,0,0,0,0,1,0,0,0,1,0,0,0,0,0,0,0,0,0,0,0,0,0,0,0,0,0,0,0,0,0,0,0,0,0,0,0,0,0,0,0,0,0,0,0,0,0,0,0,0,0,0,0,0,0,0,0,0,0,0,0,0,0,0,0,0,0,0,0,0,0,0,0,0,0,0,0,0,0,0,0,0,0,0,0,0,0,0,0,0,0,0,0,0,0,0,0,0,0,0,0,0,0,0,0,0,0,0,0,0,0,0,0,0,0,3,419.8263888888889,4,0.1052982026424661,0.2235455777237973,0.116589217197535,0.1751080486682519,0.1190903801957932,0.1175413225100089,0.1074995961682568,0.1076717272806981,0.0,0.0937398164964913,0.3580194445652128,0.181591957026005,0.1149185808388256,0.2285339501283279,0.0,0.0964273658507747,0.099102740051485,0.4020786615145006,0.2155592753648157,0.3942060790287986,0.0862510390865542,0.4114062063136207,0.2209429793532507,115,122,43,65,1,1
57139,4,30,4,664,45,2,2,531000.0,0,0,0,930963.209489,0,4,0,7,188,0,0,0,0,0,0,0,0,0,0,0,1,0,0,0,0,0,0,0,0,0,0,0,0,0,0,0,0,0,0,0,0,0,0,0,0,0,0,0,0,0,0,0,1,1,0,0,0,0,0,0,0,0,0,0,0,0,0,0,0,0,0,0,0,0,0,0,0,0,0,0,0,0,0,0,0,0,0,0,0,0,0,0,0,0,0,0,0,0,0,0,0,0,0,0,0,0,0,0,0,0,0,0,0,0,0,0,0,0,0,0,0,0,0,0,1,0,0,0,0,0,0,0,0,0,0,0,0,0,0,0,0,0,0,0,0,0,0,0,0,0,0,0,0,0,0,0,0,0,0,0,0,0,4,793.7305555555556,4,0.1108941389211616,0.1177128086197575,0.1227851997864845,0.1844139385851143,0.1254192838452133,0.2475758069994864,0.1132125226479768,0.1133938014449239,0.0,0.0,0.3770459231569082,0.1912424258349696,0.2420515592547062,0.0,0.0,0.1015518730245162,0.0,0.4234466099921978,0.2270148932096811,0.415155649330675,0.2725042157567128,0.2888465700336114,0.1163423535786617,89,132,47,28,1,1
57253,0,0,1,445,28,2,2,,0,0,0,1047294.065848,0,1,0,7,131,0,0,0,0,0,0,0,0,0,0,0,1,0,0,0,0,0,0,0,0,0,0,0,0,0,0,0,0,0,0,0,0,0,0,0,0,0,0,0,0,0,0,0,1,1,0,0,0,0,0,0,0,0,0,0,0,0,0,0,0,0,0,0,0,0,0,0,0,0,0,0,0,0,0,0,0,0,0,0,0,0,0,0,0,0,0,0,0,0,0,0,0,0,0,0,0,0,0,0,0,0,0,0,0,0,0,0,0,0,0,0,0,0,0,0,1,0,0,0,0,0,0,0,0,0,0,0,0,0,0,0,0,0,0,0,0,0,0,0,0,0,0,0,0,0,0,0,0,0,0,0,0,0,4,566.6944444444445,4,0.118448313578345,0.125731475109728,0.1311494005776885,0.1969763256945127,0.1339629200081594,0.2644408181277738,0.1209246269826446,0.1211182545989892,0.0,0.0,0.4027305155530056,0.2042699735545823,0.1292701276715431,0.0,0.0,0.1084696469759122,0.0,0.4522920447554128,0.2424792826694969,0.4434362989255999,0.0970224549688761,0.3085229700705286,0.0,113,128,47,39,2,1
57430,0,0,1,2,1,2,2,,0,0,0,1048212.912766,0,1,0,7,164,0,0,0,0,0,0,0,0,0,0,0,1,0,0,0,0,0,0,0,0,0,0,0,0,0,0,0,0,0,0,0,0,0,0,0,0,0,0,0,0,0,0,0,1,0,0,0,1,0,0,0,0,0,0,0,0,0,0,0,0,0,0,0,0,0,0,0,0,0,0,0,0,0,0,0,0,0,0,0,0,0,0,0,0,0,0,0,0,0,0,0,0,0,0,0,0,0,0,0,0,0,0,0,0,0,0,0,0,0,0,0,0,0,0,0,0,0,0,0,0,0,0,0,0,0,0,0,0,0,0,0,0,0,0,0,0,0,0,0,0,0,0,0,0,0,0,0,0,0,0,0,0,0,3,195.73305555555555,4,0.1011449567992878,0.3220925034919822,0.111990623208906,0.2523019705933955,0.1143931335752584,0.225810349826643,0.1032595214117566,0.1034248632076731,0.0,0.0,0.343898189571276,0.2616442188124215,0.1103858812656582,0.0,0.0,0.0926240097977925,0.0,0.3862195918660284,0.20705703466269,0.3786575253213709,0.2485471946351606,0.329316027563484,0.1061141954040246,88,130,51,0,4,1
57426,4,4,4,64,1,3,2,376433.0,0,1,0,1098656.734198,0,4,0,7,112,0,0,0,0,0,0,0,0,0,0,0,1,0,0,0,0,0,0,0,0,0,0,0,0,0,0,0,0,0,0,0,0,0,0,0,0,0,0,0,0,0,0,0,1,1,0,0,0,0,0,0,0,0,0,0,0,0,0,0,0,0,0,0,0,0,0,0,0,0,0,0,0,0,0,0,0,0,0,0,0,0,0,0,0,0,0,0,0,0,0,0,0,0,0,0,0,0,0,0,0,0,0,0,0,0,0,0,0,0,0,0,0,0,0,0,1,0,0,0,0,0,0,0,0,0,0,0,0,0,0,0,0,0,0,0,0,0,0,0,0,0,0,0,0,0,0,0,0,0,0,0,0,0,4,199.94944444444445,4,0.1209944534998858,0.1284341723326762,0.1339685603817336,0.2012104871721896,0.1368425586314087,0.2701251820801124,0.1235239972138999,0.1237217870085736,0.0,0.0,0.4113875256217389,0.2086609177455724,0.1320488910222724,0.0,0.0,0.110801287588576,0.0,0.462014418983944,0.2476915660959134,0.4529683119129186,0.0991080291608527,0.2363661859851286,0.0,91,123,50,0,3,1
57425,3,0,2,73,4,2,2,2099.0,0,0,0,1101714.30666,0,2,0,7,127,0,0,0,0,0,0,0,0,0,0,0,0,0,0,0,0,0,0,1,0,0,0,0,0,0,0,0,0,0,0,0,0,0,0,0,0,0,0,0,0,0,0,0,0,0,0,0,1,0,0,1,0,0,0,0,0,0,0,0,0,0,0,0,0,0,0,0,0,0,0,0,0,0,0,0,0,0,0,0,0,0,0,0,0,0,0,0,0,0,0,0,1,0,0,0,0,0,0,0,0,0,0,0,0,0,0,0,0,0,0,0,0,0,0,0,0,0,0,0,0,0,0,0,0,0,0,0,0,0,0,0,0,0,0,0,0,0,0,0,0,0,0,0,0,0,0,0,0,0,0,0,0,0,4,206.51416666666665,4,0.122863494757533,0.1304181373826259,0.1360380169505117,0.2043186519774174,0.1389564107997178,0.2742978949230003,0.1254321131681779,0.2512659165741814,0.0,0.1093769994516882,0.1392474548364006,0.211884171810895,0.2681773876497292,0.0,0.0,0.1125128716481186,0.1156345376959192,0.4691513082026691,0.1257588697342193,0.4599654629300338,0.1006389835980816,0.3200232166308276,0.0,91,121,51,9,3,1
55932,0,30,28,13583,134,3,2,,1,1,0,1116382.349008,0,28,0,7,127,0,0,0,0,0,0,0,0,0,0,0,0,0,0,0,0,0,0,0,0,0,0,0,0,0,0,0,0,0,0,0,0,0,0,0,0,0,0,0,0,0,0,0,0,1,1,0,0,0,1,0,0,0,0,0,0,0,0,0,0,0,0,0,0,0,0,0,0,0,0,0,0,0,0,0,0,0,0,0,0,0,0,0,0,0,0,0,0,0,0,0,0,0,0,0,0,0,0,0,0,0,0,0,0,0,0,0,0,0,0,0,0,0,0,0,1,0,0,0,0,0,0,0,0,0,0,0,0,0,0,0,0,0,0,0,0,0,0,0,0,0,0,0,0,0,0,0,0,0,0,0,0,0,4,2440.2383333333332,4,0.2433071564123873,0.1291338253636207,0.134698362331012,0.2023065936417605,0.1375880168624211,0.1357983527884452,0.1241969017647326,0.1243957690314436,0.0,0.0,0.4136285843989034,0.2097976108926438,0.1327682354549774,0.0,0.0,0.1114048843984117,0.0,0.4645312708677624,0.2490408810937124,0.4554358845736491,0.0996479262282291,0.2376538052801626,0.0,70,92,47,1,4,1
57400,2,27,14,1117,11,4,2,836097.0,0,0,0,1116862.779231,0,14,0,7,112,0,0,0,0,0,0,0,0,0,0,0,1,0,0,0,0,0,0,0,0,0,0,0,0,0,0,0,0,0,0,0,0,0,0,0,0,0,0,0,0,0,0,0,1,1,1,1,1,0,0,0,0,0,0,0,0,0,0,0,0,0,0,0,0,0,0,0,0,0,0,0,0,0,0,0,0,0,0,0,0,0,0,0,0,0,0,0,0,0,0,0,0,0,0,0,0,0,0,0,0,0,0,0,0,0,0,0,0,0,0,0,0,0,0,0,1,0,0,0,0,0,0,0,0,0,0,0,0,0,0,0,0,0,0,0,0,0,0,0,0,0,0,0,0,0,0,0,0,0,0,0,0,0,7,245.51388888888889,4,0.1209944534998858,0.1284341723326762,0.1339685603817336,0.2012104871721896,0.1368425586314087,0.2701251820801124,0.1235239972138999,0.1237217870085736,0.0,0.0,0.4113875256217389,0.2086609177455724,0.1320488910222724,0.0,0.0,0.110801287588576,0.0,0.462014418983944,0.2476915660959134,0.4529683119129186,0.0991080291608527,0.2363661859851286,0.0,97,115,55,5,1,1
57211,9,2,17,885,5,3,2,341210.0,0,1,0,1117676.575646,0,17,0,7,163,0,0,0,0,0,0,0,0,0,0,0,1,0,0,0,0,0,0,0,0,0,0,0,0,0,0,0,0,0,0,0,0,0,0,0,0,0,0,0,0,0,0,0,1,1,1,1,1,0,0,0,0,0,0,0,0,0,0,0,0,0,0,0,0,0,0,0,0,0,0,0,0,0,0,0,0,0,0,0,0,0,0,0,0,0,0,0,0,0,0,0,0,0,0,0,0,0,0,0,0,0,0,0,0,0,0,0,0,0,0,0,0,0,0,0,1,0,0,0,0,0,0,0,0,0,0,0,0,0,0,0,0,0,0,0,0,0,0,0,0,0,0,0,0,0,0,0,0,0,0,0,0,0,7,598.0627777777778,4,0.1159430381480053,0.1230721550578268,0.1283754871208815,0.1928101207548818,0.1311294983921478,0.2588476858625665,0.1183669755670149,0.1185565078062688,0.0,0.0,0.3942124469103851,0.1999495021992519,0.1265359623217073,0.0,0.0,0.1061754282293816,0.0,0.4427257106065154,0.2373506542332932,0.4340572707988358,0.189940706757789,0.3019974654579038,0.1216393045694628,110,111,55,39,0,1
56800,10,17,28,632,5,5,2,611355.0,0,1,0,1136970.666513,0,28,0,7,112,0,0,0,0,0,0,0,0,0,0,0,1,0,0,0,0,0,0,0,0,0,0,0,0,0,0,0,0,0,0,0,0,0,0,0,0,0,0,0,0,0,0,0,1,1,1,1,1,0,0,0,0,0,0,0,0,0,0,0,0,0,0,0,0,0,0,0,0,0,0,0,0,0,0,0,0,0,0,0,0,0,0,0,0,0,0,0,0,0,0,0,0,0,0,0,0,0,0,0,0,0,0,0,0,0,0,0,0,0,0,0,0,0,0,0,1,0,0,0,0,0,0,0,0,0,0,0,0,0,0,0,0,0,0,0,0,0,0,0,0,0,0,0,0,0,0,0,0,0,0,0,0,0,7,1220.6733333333334,4,0.1209944534998858,0.1284341723326762,0.1339685603817336,0.2012104871721896,0.1368425586314087,0.2701251820801124,0.1235239972138999,0.1237217870085736,0.0,0.0,0.4113875256217389,0.2086609177455724,0.1320488910222724,0.0,0.0,0.110801287588576,0.0,0.462014418983944,0.2476915660959134,0.4529683119129186,0.0991080291608527,0.2363661859851286,0.0,94,108,58,31,2,1
56075,0,1,4,730,4,2,2,,1,0,0,1138812.740076,0,4,0,7,112,0,0,0,0,0,0,0,0,0,0,0,1,0,0,0,0,0,0,0,0,0,0,0,0,0,0,0,0,0,0,0,0,0,0,0,0,0,0,0,0,0,0,0,1,1,1,1,1,0,0,0,0,0,0,0,0,0,0,0,0,0,0,0,0,0,0,0,0,0,0,0,0,0,0,0,0,0,0,0,0,0,0,0,0,0,0,0,0,0,0,0,0,0,0,0,0,0,0,0,0,0,0,0,0,0,0,0,0,0,0,0,0,0,0,0,1,0,0,0,0,0,0,0,0,0,0,0,0,0,0,0,0,0,0,0,0,0,0,0,0,0,0,0,0,0,0,0,0,0,0,0,0,0,7,284.04055555555556,4,0.1209944534998858,0.1284341723326762,0.1339685603817336,0.2012104871721896,0.1368425586314087,0.2701251820801124,0.1235239972138999,0.1237217870085736,0.0,0.0,0.4113875256217389,0.2086609177455724,0.1320488910222724,0.0,0.0,0.110801287588576,0.0,0.462014418983944,0.2476915660959134,0.4529683119129186,0.0991080291608527,0.2363661859851286,0.0,53,96,41,9,2,1
56330,10,30,18,142,5,5,4,2340431.0,0,5,0,1142417.494618,0,18,0,7,80,0,0,0,0,0,0,0,0,0,0,0,1,0,0,0,0,0,0,0,0,0,0,0,0,0,0,0,0,0,0,0,0,0,0,0,0,0,0,0,0,0,0,0,1,1,1,1,1,0,0,0,0,0,0,0,0,0,0,0,0,0,0,0,0,0,0,0,0,0,0,0,0,0,0,0,0,0,0,0,0,0,0,0,0,0,0,0,0,0,0,0,0,0,0,0,0,0,0,0,0,0,0,0,0,0,0,0,0,0,0,0,0,0,0,0,1,0,0,0,0,0,0,0,0,0,0,0,0,0,0,0,0,0,0,0,0,0,0,0,0,0,0,0,0,0,0,0,0,0,0,0,0,0,7,1846.5913888888888,4,0.0,0.0,0.1740446833414466,0.1307008727460985,0.177778425899128,0.0,0.1604756736871994,0.0,0.0,0.0,0.5344523478003974,0.0,0.1715507530876939,0.0,0.0,0.1439470197875446,0.0,0.4501680451487123,0.321787440759781,0.441353886609407,0.1287557730167815,0.2047160810227249,0.0,105,107,35,2,4,1
55678,2,0,8,665,4,2,2,243045.0,1,0,0,1147911.470867,0,8,0,7,112,0,0,0,0,0,0,0,0,0,0,0,1,0,0,0,0,0,0,0,0,0,0,0,0,0,0,0,0,0,0,0,0,0,0,0,0,0,0,0,0,0,0,0,1,1,1,1,1,0,0,0,0,0,0,0,0,0,0,0,0,0,0,0,0,0,0,0,0,0,0,0,0,0,0,0,0,0,0,0,0,0,0,0,0,0,0,0,0,0,0,0,0,0,0,0,0,0,0,0,0,0,0,0,0,0,0,0,0,0,0,0,0,0,0,0,1,0,0,0,0,0,0,0,0,0,0,0,0,0,0,0,0,0,0,0,0,0,0,0,0,0,0,0,0,0,0,0,0,0,0,0,0,0,7,409.8591666666667,4,0.1209944534998858,0.1284341723326762,0.1339685603817336,0.2012104871721896,0.1368425586314087,0.2701251820801124,0.1235239972138999,0.1237217870085736,0.0,0.0,0.4113875256217389,0.2086609177455724,0.1320488910222724,0.0,0.0,0.110801287588576,0.0,0.462014418983944,0.2476915660959134,0.4529683119129186,0.0991080291608527,0.2363661859851286,0.0,16,19,16,2,5,0
55988,4,30,9,558,4,3,1,14466.0,0,3,0,1147907.00525,0,9,0,7,112,0,0,0,0,0,0,0,0,0,0,0,0,0,0,0,0,0,0,0,0,0,0,0,0,0,0,0,0,0,0,0,0,0,0,0,0,0,0,0,0,0,0,0,0,1,1,1,1,0,0,0,0,0,0,0,0,0,0,0,0,0,0,0,0,0,0,0,0,0,0,0,0,0,0,0,0,0,0,0,0,0,0,0,0,0,0,0,0,0,0,0,0,0,0,0,0,0,0,0,0,0,0,0,0,0,0,0,0,0,0,0,0,0,0,0,1,0,0,0,0,0,0,0,0,0,0,0,0,0,0,0,0,0,0,0,0,0,0,0,0,0,0,0,0,0,0,0,0,0,0,0,0,0,5,489.5419444444444,4,0.1209944534998858,0.1284341723326762,0.1339685603817336,0.2012104871721896,0.1368425586314087,0.2701251820801124,0.1235239972138999,0.1237217870085736,0.0,0.0,0.4113875256217389,0.2086609177455724,0.1320488910222724,0.0,0.0,0.110801287588576,0.0,0.462014418983944,0.2476915660959134,0.4529683119129186,0.0991080291608527,0.2363661859851286,0.0,39,99,37,9,1,1
55639,1,5,9,264,4,2,2,492726.0,0,1,0,1147914.320715,0,9,0,7,112,0,0,0,0,0,0,0,0,0,0,0,1,0,0,0,0,0,0,0,0,0,0,0,0,0,0,0,0,0,0,0,0,0,0,0,0,0,0,0,0,0,0,0,1,1,1,1,1,0,0,0,0,0,0,0,0,0,0,0,0,0,0,0,0,0,0,0,0,0,0,0,0,0,0,0,0,0,0,0,0,0,0,0,0,0,0,0,0,0,0,0,0,0,0,0,0,0,0,0,0,0,0,0,0,0,0,0,0,0,0,0,0,0,0,0,1,0,0,0,0,0,0,0,0,0,0,0,0,0,0,0,0,0,0,0,0,0,0,0,0,0,0,0,0,0,0,0,0,0,0,0,0,0,7,456.6055555555555,4,0.1209944534998858,0.1284341723326762,0.1339685603817336,0.2012104871721896,0.1368425586314087,0.2701251820801124,0.1235239972138999,0.1237217870085736,0.0,0.0,0.4113875256217389,0.2086609177455724,0.1320488910222724,0.0,0.0,0.110801287588576,0.0,0.462014418983944,0.2476915660959134,0.4529683119129186,0.0991080291608527,0.2363661859851286,0.0,11,5,11,1,2,1
55633,2,4,8,305,4,2,2,607831.0,0,1,0,1147917.718464,0,8,0,7,112,0,0,0,0,0,0,0,0,0,0,0,1,0,0,0,0,0,0,0,0,0,0,0,0,0,0,0,0,0,0,0,0,0,0,0,0,0,0,0,0,0,0,0,1,1,1,1,1,0,0,0,0,0,0,0,0,0,0,0,0,0,0,0,0,0,0,0,0,0,0,0,0,0,0,0,0,0,0,0,0,0,0,0,0,0,0,0,0,0,0,0,0,0,0,0,0,0,0,0,0,0,0,0,0,0,0,0,0,0,0,0,0,0,0,0,1,0,0,0,0,0,0,0,0,0,0,0,0,0,0,0,0,0,0,0,0,0,0,0,0,0,0,0,0,0,0,0,0,0,0,0,0,0,7,460.6022222222222,4,0.1209944534998858,0.1284341723326762,0.1339685603817336,0.2012104871721896,0.1368425586314087,0.2701251820801124,0.1235239972138999,0.1237217870085736,0.0,0.0,0.4113875256217389,0.2086609177455724,0.1320488910222724,0.0,0.0,0.110801287588576,0.0,0.462014418983944,0.2476915660959134,0.4529683119129186,0.0991080291608527,0.2363661859851286,0.0,10,6,10,0,2,1
56290,4,21,10,238,5,4,2,3026639.0,0,0,0,1157022.141757,0,10,0,7,112,0,0,0,0,0,0,0,0,0,0,0,1,0,0,0,0,0,0,0,0,0,0,0,0,0,0,0,0,0,0,0,0,0,0,0,0,0,0,0,0,0,0,0,1,1,1,1,1,0,0,0,0,0,0,0,0,0,0,0,0,0,0,0,0,0,0,0,0,0,0,0,0,0,0,0,0,0,0,0,0,0,0,0,0,0,0,0,0,0,0,0,0,0,0,0,0,0,0,0,0,0,0,0,0,0,0,0,0,0,0,0,0,0,0,0,1,0,0,0,0,0,0,0,0,0,0,0,0,0,0,0,0,0,0,0,0,0,0,0,0,0,0,0,0,0,0,0,0,0,0,0,0,0,7,1886.1486111111112,4,0.1209944534998858,0.1284341723326762,0.1339685603817336,0.2012104871721896,0.1368425586314087,0.2701251820801124,0.1235239972138999,0.1237217870085736,0.0,0.0,0.4113875256217389,0.2086609177455724,0.1320488910222724,0.0,0.0,0.110801287588576,0.0,0.462014418983944,0.2476915660959134,0.4529683119129186,0.0991080291608527,0.2363661859851286,0.0,99,105,33,1,2,1
56693,1,0,2,25,1,2,2,3692992.0,0,0,0,1169121.334471,0,2,0,7,141,0,0,0,0,0,0,0,0,0,0,0,1,0,0,0,0,0,0,0,0,0,0,0,0,0,0,0,0,0,0,0,0,0,0,0,0,0,0,0,0,0,0,0,1,1,0,0,0,0,0,0,0,0,0,0,0,0,0,0,0,0,0,0,0,0,0,0,0,0,0,0,0,0,0,0,0,0,0,0,0,0,0,0,0,0,0,0,0,0,0,0,0,0,0,0,0,0,0,0,0,0,0,0,0,0,0,0,0,0,0,0,0,0,0,0,1,0,0,0,0,0,0,0,0,0,0,0,0,0,0,0,0,0,0,0,0,0,0,0,0,0,0,0,0,0,0,0,0,0,0,0,0,0,4,1394.1463888888889,4,0.118448313578345,0.125731475109728,0.1311494005776885,0.1969763256945127,0.1339629200081594,0.2644408181277738,0.1209246269826446,0.1211182545989892,0.0,0.0,0.4027305155530056,0.2042699735545823,0.1292701276715431,0.0,0.0,0.1084696469759122,0.0,0.4522920447554128,0.2424792826694969,0.4434362989255999,0.0970224549688761,0.3085229700705286,0.0,125,100,59,20,2,1
57117,9,30,30,12486,129,3,2,115951.0,0,2,0,1180652.790247,0,30,0,7,110,0,0,0,0,0,0,0,0,0,0,0,0,0,0,0,0,0,0,0,0,0,0,0,0,0,0,0,0,0,0,0,0,0,0,0,0,0,0,0,0,0,0,0,0,1,1,0,0,0,1,0,0,0,0,0,0,0,0,0,0,0,0,0,0,0,0,0,0,0,0,0,0,0,0,0,0,0,0,0,0,0,0,0,0,0,0,0,0,0,0,0,0,0,0,0,0,0,0,0,0,0,0,0,0,0,0,0,0,0,0,0,0,0,0,0,1,0,0,0,0,0,0,0,0,0,0,0,0,0,0,0,0,0,0,0,0,0,0,0,0,0,0,0,0,0,0,0,0,0,0,0,0,0,4,292.03833333333336,4,0.1244476039832885,0.13209965047194,0.137791988527912,0.2069529825589305,0.1407480099460721,0.1389172425389368,0.1270493402222173,0.1272527748865964,0.0,0.0,0.4231284194550903,0.214616046498487,0.1358175323002527,0.0,0.0,0.1139635277469522,0.0,0.4752001912908944,0.2547606194818991,0.4658959106581754,0.1019365467408442,0.2431120159449734,0.0,91,115,50,1,6,0
57173,3,4,5,368,2,3,2,2380005.0,0,0,0,1195061.494447,0,5,0,7,131,0,0,0,0,0,0,0,0,0,0,0,1,0,1,0,0,0,0,0,0,0,0,0,0,0,0,0,0,0,0,0,0,0,0,0,0,0,0,0,0,0,0,0,1,1,0,0,0,0,0,0,1,0,0,0,0,0,0,0,0,0,0,0,0,0,0,0,0,0,0,0,0,0,0,0,0,0,0,0,0,0,0,0,0,0,0,0,0,0,0,0,0,0,0,0,0,0,0,0,0,0,0,0,0,0,0,0,0,0,0,0,0,0,0,0,1,0,0,0,0,0,0,0,0,0,0,0,0,0,0,0,0,0,0,0,0,0,0,0,0,0,0,0,0,0,0,0,0,0,0,0,0,0,6,666.905,4,0.118448313578345,0.125731475109728,0.1311494005776885,0.1969763256945127,0.1339629200081594,0.2644408181277738,0.1209246269826446,0.1211182545989892,0.0,0.0,0.4027305155530056,0.2042699735545823,0.1292701276715431,0.0,0.0,0.1084696469759122,0.0,0.4522920447554128,0.2424792826694969,0.4434362989255999,0.0970224549688761,0.3085229700705286,0.0,102,98,55,31,4,1
57208,2,16,17,380,5,4,2,1538806.0,0,1,0,1275688.017522,0,17,0,7,112,0,0,0,0,0,0,0,0,0,0,0,1,0,0,0,0,0,0,0,0,0,0,0,0,0,0,0,0,0,0,0,0,0,0,0,0,0,0,0,0,0,0,0,1,1,1,1,1,0,0,0,0,0,0,0,0,0,0,0,0,0,0,0,0,0,0,0,0,0,0,0,0,0,0,0,0,0,0,0,0,0,0,0,0,0,0,0,0,0,0,0,0,0,0,0,0,0,0,0,0,0,0,0,0,0,0,0,0,0,0,0,0,0,0,0,1,0,0,0,0,0,0,0,0,0,0,0,0,0,0,0,0,0,0,0,0,0,0,0,0,0,0,0,0,0,0,0,0,0,0,0,0,0,7,512.6677777777778,4,0.1209944534998858,0.1284341723326762,0.1339685603817336,0.2012104871721896,0.1368425586314087,0.2701251820801124,0.1235239972138999,0.1237217870085736,0.0,0.0,0.4113875256217389,0.2086609177455724,0.1320488910222724,0.0,0.0,0.110801287588576,0.0,0.462014418983944,0.2476915660959134,0.4529683119129186,0.0991080291608527,0.2363661859851286,0.0,108,76,57,31,0,1
57358,0,5,4,22,1,4,2,,0,1,0,1295228.239211,0,4,0,7,127,0,0,0,0,0,0,0,0,0,0,0,1,0,0,0,0,0,0,0,0,0,0,0,0,0,0,0,0,0,0,0,0,0,0,0,0,0,0,0,0,0,0,0,0,0,0,0,1,0,0,0,0,1,0,0,0,0,0,0,0,0,0,0,0,0,0,0,0,0,0,0,0,0,0,0,0,0,0,0,0,0,0,0,0,0,0,0,0,0,0,0,0,0,0,0,0,0,0,0,0,0,0,0,0,0,0,0,0,0,0,0,0,0,0,0,0,0,0,0,0,0,0,0,0,0,0,0,0,0,0,0,0,0,0,0,0,0,0,0,0,0,0,0,0,0,0,0,0,0,0,0,0,0,3,319.8613888888889,4,0.2684987087176695,0.1425040918366507,0.1486447701972328,0.2232530269920062,0.1518336139688828,0.0,0.1370560087186493,0.1372754663174535,0.0,0.1195130546064454,0.4564548878767334,0.0,0.1465148017182202,0.0,0.0,0.1229395306199547,0.1263504839895309,0.3844709550247596,0.274826092160798,0.3769431262775484,0.1099652797442785,0.3496800273939136,0.0,122,87,48,2,3,1
57344,4,30,9,2139,15,5,2,43557.0,0,1,0,1328264.642874,4,9,0,7,112,0,0,0,0,0,0,0,0,0,0,0,1,0,0,0,0,0,0,0,0,0,0,0,0,0,0,0,0,0,0,0,0,0,0,0,0,0,0,0,0,0,0,0,0,1,1,1,1,0,0,0,0,1,0,0,1,0,0,0,0,0,0,0,0,0,0,0,0,0,0,0,0,0,0,0,0,0,0,0,0,0,0,0,0,0,0,0,0,0,0,0,0,0,0,0,0,0,0,0,0,0,0,0,0,0,0,0,0,0,0,0,0,0,0,0,1,0,0,0,0,0,0,0,0,0,0,0,0,0,0,0,0,0,0,0,0,0,0,0,0,0,0,0,0,0,0,0,0,0,0,0,0,0,8,320.15055555555557,4,0.1209944534998858,0.1284341723326762,0.1339685603817336,0.2012104871721896,0.1368425586314087,0.2701251820801124,0.1235239972138999,0.1237217870085736,0.0,0.0,0.4113875256217389,0.2086609177455724,0.1320488910222724,0.0,0.0,0.110801287588576,0.0,0.462014418983944,0.2476915660959134,0.4529683119129186,0.0991080291608527,0.2363661859851286,0.0,118,87,44,4,2,1
56782,4,18,24,1059,12,3,2,716465.0,0,0,0,1328273.200753,2,24,0,7,112,0,0,0,0,0,0,0,0,0,0,0,1,0,0,0,0,0,0,0,0,0,0,0,0,0,0,0,0,0,0,0,0,0,0,0,0,0,0,0,0,0,0,0,1,1,1,1,1,0,0,0,0,0,0,0,0,0,0,0,0,0,0,0,0,0,0,0,0,0,0,0,0,0,0,0,0,0,0,0,0,0,0,0,0,0,0,0,0,0,0,0,0,0,0,0,0,0,0,0,0,0,0,0,0,0,0,0,0,0,0,0,0,0,0,0,1,0,0,0,0,0,0,0,0,0,0,0,0,0,0,0,0,0,0,0,0,0,0,0,0,0,0,0,0,0,0,0,0,0,0,0,0,0,7,541.6088888888889,4,0.1209944534998858,0.1284341723326762,0.1339685603817336,0.2012104871721896,0.1368425586314087,0.2701251820801124,0.1235239972138999,0.1237217870085736,0.0,0.0,0.4113875256217389,0.2086609177455724,0.1320488910222724,0.0,0.0,0.110801287588576,0.0,0.462014418983944,0.2476915660959134,0.4529683119129186,0.0991080291608527,0.2363661859851286,0.0,96,82,59,3,1,1
57101,1,0,2,8,1,3,2,21103.0,0,0,0,1346561.276331,0,2,0,7,261,0,0,0,0,0,0,0,0,0,0,0,1,0,0,0,0,0,0,0,0,0,0,0,0,0,0,0,0,0,0,0,0,0,0,0,0,0,0,0,0,0,0,0,1,1,0,0,0,0,0,0,0,0,0,0,0,0,0,0,0,0,0,0,0,0,0,0,0,0,0,0,0,0,0,0,0,0,0,0,0,0,0,0,0,0,0,0,0,0,0,0,0,0,0,0,0,0,0,0,0,0,0,0,0,0,0,0,0,0,0,0,0,0,0,0,1,0,0,0,0,0,0,0,0,0,0,0,0,0,0,0,0,0,0,0,0,0,0,0,0,0,0,0,0,0,0,0,0,0,0,0,0,0,4,780.5066666666667,4,0.0878757126380973,0.2798370692462057,0.0972985320740832,0.3653373034684516,0.0993858562199878,0.1961862068066456,0.0897128667396976,0.0898565172844683,0.0,0.0782297605322233,0.4979700988865016,0.1515460115419991,0.2877129504534748,0.0,0.0,0.080472631814268,0.0,0.3355513012613331,0.1798931459709044,0.3289813050137973,0.0719800655215611,0.2861129365324147,0.0,101,87,41,1,4,1
57290,3,0,1,3,1,2,2,5065.0,0,0,0,1357755.775954,0,1,0,7,140,0,0,0,0,0,0,0,0,0,0,0,0,0,0,0,0,0,0,1,0,0,0,0,0,0,0,0,0,0,0,0,0,0,0,0,0,0,0,0,0,0,0,0,0,0,0,0,0,0,0,1,0,0,0,0,0,0,0,0,0,0,0,0,0,0,0,0,0,0,0,0,0,0,0,0,0,0,0,0,0,0,0,0,0,0,0,0,0,0,0,0,1,0,0,0,0,0,0,0,0,0,0,0,0,0,0,0,0,0,0,0,0,0,0,0,0,0,0,0,0,0,0,0,0,0,0,0,0,0,0,0,0,0,0,0,0,0,0,0,0,0,0,0,0,0,0,0,0,0,0,0,0,0,3,437.6172222222222,4,0.1209944534998858,0.1284341723326762,0.1339685603817336,0.2012104871721896,0.1368425586314087,0.2701251820801124,0.1235239972138999,0.1237217870085736,0.0,0.0,0.4113875256217389,0.2086609177455724,0.1320488910222724,0.0,0.0,0.110801287588576,0.0,0.462014418983944,0.2476915660959134,0.4529683119129186,0.0991080291608527,0.2363661859851286,0.0,107,91,39,41,4,1
57205,2,3,7,382,5,4,2,1890089.0,0,0,0,1365414.498754,0,7,0,7,112,0,0,0,0,0,0,0,0,0,0,0,1,0,0,0,0,0,0,0,0,0,0,0,0,0,0,0,0,0,0,0,0,0,0,0,0,0,0,0,0,0,0,0,1,1,1,1,1,0,0,0,0,0,0,0,0,0,0,0,0,0,0,0,0,0,0,0,0,0,0,0,0,0,0,0,0,0,0,0,0,0,0,0,0,0,0,0,0,0,0,0,0,0,0,0,0,0,0,0,0,0,0,0,0,0,0,0,0,0,0,0,0,0,0,0,1,0,0,0,0,0,0,0,0,0,0,0,0,0,0,0,0,0,0,0,0,0,0,0,0,0,0,0,0,0,0,0,0,0,0,0,0,0,7,534.8169444444444,4,0.1209944534998858,0.1284341723326762,0.1339685603817336,0.2012104871721896,0.1368425586314087,0.2701251820801124,0.1235239972138999,0.1237217870085736,0.0,0.0,0.4113875256217389,0.2086609177455724,0.1320488910222724,0.0,0.0,0.110801287588576,0.0,0.462014418983944,0.2476915660959134,0.4529683119129186,0.0991080291608527,0.2363661859851286,0.0,108,91,55,30,0,1
57170,2,0,2,18,1,2,2,32808.0,0,0,0,1370067.415518,0,2,0,7,114,0,0,0,0,0,0,0,0,0,0,0,1,0,1,0,0,0,0,0,0,0,0,0,0,0,0,0,0,0,0,0,0,0,0,0,0,0,0,0,0,0,0,0,1,1,0,0,0,0,0,0,1,0,0,0,0,0,0,0,0,0,0,0,0,0,0,0,0,0,0,0,0,0,0,0,0,0,0,0,0,0,0,0,0,0,0,0,0,0,0,0,0,0,0,0,0,0,0,0,0,0,0,0,0,0,0,0,0,0,0,0,0,0,0,0,1,0,0,0,0,0,0,0,0,0,0,0,0,0,0,0,0,0,0,0,0,0,0,0,0,0,0,0,0,0,0,0,0,0,0,0,0,0,6,607.7155555555555,4,0.1209944534998858,0.1284341723326762,0.1339685603817336,0.2012104871721896,0.1368425586314087,0.2701251820801124,0.1235239972138999,0.1237217870085736,0.0,0.0,0.4113875256217389,0.2086609177455724,0.1320488910222724,0.0,0.0,0.110801287588576,0.0,0.462014418983944,0.2476915660959134,0.4529683119129186,0.0991080291608527,0.2363661859851286,0.0,100,78,53,21,4,1
57336,2,18,15,1474,5,3,2,834683.0,0,0,0,1380990.901512,0,15,0,7,112,0,0,0,0,0,0,0,0,0,0,0,1,0,0,0,0,0,0,0,0,0,0,0,0,0,0,0,0,0,0,0,0,0,0,0,0,0,0,0,0,0,0,0,1,1,1,1,1,0,0,0,0,0,0,0,0,0,0,0,0,0,0,0,0,0,0,0,0,0,0,0,0,0,0,0,0,0,0,0,0,0,0,0,0,0,0,0,0,0,0,0,0,0,0,0,0,0,0,0,0,0,0,0,0,0,0,0,0,0,0,0,0,0,0,0,1,0,0,0,0,0,0,0,0,0,0,0,0,0,0,0,0,0,0,0,0,0,0,0,0,0,0,0,0,0,0,0,0,0,0,0,0,0,7,325.03527777777776,4,0.1209944534998858,0.1284341723326762,0.1339685603817336,0.2012104871721896,0.1368425586314087,0.2701251820801124,0.1235239972138999,0.1237217870085736,0.0,0.0,0.4113875256217389,0.2086609177455724,0.1320488910222724,0.0,0.0,0.110801287588576,0.0,0.462014418983944,0.2476915660959134,0.4529683119129186,0.0991080291608527,0.2363661859851286,0.0,118,83,46,40,1,1
56243,30,25,18,443,31,4,2,40294.0,1,4,0,1378220.089864,0,18,0,7,144,0,0,0,0,0,0,0,0,0,0,0,1,0,0,0,0,0,0,1,0,0,0,0,0,0,0,0,0,0,0,0,0,0,0,0,0,0,0,0,0,0,0,0,1,0,0,0,1,0,0,1,0,0,0,0,0,0,0,0,0,0,0,0,0,0,0,0,0,0,0,0,0,0,0,0,0,0,0,0,0,0,0,0,0,0,0,0,0,0,0,0,1,0,0,0,0,0,0,0,0,0,0,0,0,0,0,0,0,0,0,0,0,0,0,0,0,0,0,0,0,0,0,0,0,0,0,0,0,0,0,0,0,0,0,0,0,0,0,0,0,0,0,0,0,0,0,0,0,0,0,0,0,0,6,1885.7922222222223,4,0.1199647919735706,0.1273411988773664,0.1328284893423529,0.1994981880432668,0.1356780298971603,0.2678264196225667,0.1224728092971915,0.1226689159027934,0.0,0.0,0.407886622106859,0.2068852155308552,0.1309251563489441,0.1301827908645921,0.0,0.1098583697969249,0.0,0.4580826811391915,0.2455837134743718,0.4491135563441674,0.0982646208753981,0.2343547122291767,0.0,92,87,40,11,0,1
57189,3,19,17,3571,36,6,2,290034.0,1,1,0,1381019.312385,0,17,0,7,112,0,0,0,0,0,0,0,0,0,0,0,1,0,0,0,0,0,0,0,0,0,0,0,0,0,0,0,0,0,0,0,0,0,0,0,0,0,0,0,0,0,0,0,1,1,1,1,1,0,0,0,0,0,0,0,0,0,0,0,0,0,0,0,0,0,0,0,0,0,0,0,0,0,0,0,0,0,0,0,0,0,0,0,0,0,0,0,0,0,0,0,0,0,0,0,0,0,0,0,0,0,0,0,0,0,0,0,0,0,0,0,0,0,0,0,1,0,0,0,0,0,0,0,0,0,0,0,0,0,0,0,0,0,0,0,0,0,0,0,0,0,0,0,0,0,0,0,0,0,0,0,0,0,7,574.2711111111112,4,0.1209944534998858,0.1284341723326762,0.1339685603817336,0.2012104871721896,0.1368425586314087,0.2701251820801124,0.1235239972138999,0.1237217870085736,0.0,0.0,0.4113875256217389,0.2086609177455724,0.1320488910222724,0.0,0.0,0.110801287588576,0.0,0.462014418983944,0.2476915660959134,0.4529683119129186,0.0991080291608527,0.2363661859851286,0.0,105,85,50,38,5,0
57202,1,4,17,300,5,3,2,1897494.0,0,0,0,1388729.285547,0,17,0,7,112,0,0,0,0,0,0,0,0,0,0,0,1,0,0,0,0,0,0,0,0,0,0,0,0,0,0,0,0,0,0,0,0,0,0,0,0,0,0,0,0,0,0,0,1,1,1,1,1,0,0,0,0,0,0,0,0,0,0,0,0,0,0,0,0,0,0,0,0,0,0,0,0,0,0,0,0,0,0,0,0,0,0,0,0,0,0,0,0,0,0,0,0,0,0,0,0,0,0,0,0,0,0,0,0,0,0,0,0,0,0,0,0,0,0,0,1,0,0,0,0,0,0,0,0,0,0,0,0,0,0,0,0,0,0,0,0,0,0,0,0,0,0,0,0,0,0,0,0,0,0,0,0,0,7,530.6169444444445,4,0.1209944534998858,0.1284341723326762,0.1339685603817336,0.2012104871721896,0.1368425586314087,0.2701251820801124,0.1235239972138999,0.1237217870085736,0.0,0.0,0.4113875256217389,0.2086609177455724,0.1320488910222724,0.0,0.0,0.110801287588576,0.0,0.462014418983944,0.2476915660959134,0.4529683119129186,0.0991080291608527,0.2363661859851286,0.0,107,86,53,29,0,1
57349,1,0,2,60,5,2,2,1112639.0,1,0,0,1399051.251456,0,2,0,7,242,0,0,0,0,0,0,0,0,0,0,0,0,0,0,0,0,0,0,0,0,0,0,0,0,0,0,0,0,0,0,0,0,0,0,0,0,0,0,0,0,0,0,0,0,0,1,0,1,0,0,0,0,0,0,0,0,0,0,0,0,0,0,0,0,0,0,0,0,0,0,0,0,0,0,0,0,0,0,0,0,0,0,0,0,0,0,0,0,0,0,0,0,0,0,0,0,0,0,0,0,0,0,0,0,0,0,0,0,0,0,0,0,0,0,0,0,0,0,0,0,0,0,0,0,0,0,0,0,0,0,0,0,0,0,0,0,0,0,0,0,0,0,0,0,0,0,0,0,0,0,0,0,0,2,309.06805555555553,4,0.1011298600304656,0.3220444283707063,0.1119739076295797,0.1681762082127552,0.1143760594002617,0.11288832282916,0.1032441090256845,0.1034094261428928,0.0,0.0,0.3438468597607683,0.1744034440839732,0.2207388104161851,0.0,0.0,0.1852203697095691,0.1903593029801705,0.3861619452163337,0.2070261295905616,0.3786010073762015,0.1656733978626847,0.3951202491217271,0.1060983569329089,120,84,48,67,2,1
57390,3,1,5,682,7,2,2,153431.0,0,0,0,1390983.393769,0,5,0,7,127,0,0,0,0,0,0,0,0,0,0,0,1,0,0,0,0,0,0,0,0,0,0,0,0,0,0,0,0,0,0,0,0,0,0,0,0,0,0,0,0,0,0,0,1,1,0,1,0,0,0,0,0,0,0,0,0,0,0,0,0,0,0,0,0,0,0,0,0,0,0,0,0,0,0,0,0,0,0,0,0,0,0,0,0,0,0,0,0,0,0,0,0,0,0,0,0,0,0,0,0,0,0,0,0,0,0,0,0,0,0,0,0,0,0,0,1,0,0,0,0,0,0,0,0,0,0,0,0,0,0,0,0,0,0,0,0,0,0,0,0,0,0,0,0,0,0,0,0,0,0,0,0,0,5,182.67361111111111,4,0.118448313578345,0.125731475109728,0.1311494005776885,0.1969763256945127,0.1339629200081594,0.2644408181277738,0.1209246269826446,0.1211182545989892,0.0,0.0,0.4027305155530056,0.2042699735545823,0.1292701276715431,0.0,0.0,0.1084696469759122,0.0,0.4522920447554128,0.2424792826694969,0.4434362989255999,0.0970224549688761,0.3085229700705286,0.0,100,81,52,53,0,1
57353,1,3,3,118,58,3,2,1088082.0,0,0,0,1407916.458036,0,3,0,7,143,0,0,0,0,0,0,0,0,0,0,0,1,0,0,0,0,0,0,0,0,0,0,0,0,0,0,0,0,0,0,0,0,0,0,0,0,0,0,0,0,0,0,0,1,1,0,0,0,0,0,0,0,0,0,0,0,0,0,0,0,0,0,0,0,0,0,0,0,0,0,0,0,0,0,0,0,0,0,0,0,0,0,0,0,0,0,0,0,0,0,0,0,0,0,0,0,0,0,0,0,0,0,0,0,0,0,0,0,0,0,0,0,0,0,0,1,0,0,0,0,0,0,0,0,0,0,0,0,0,0,0,0,0,0,0,0,0,0,0,0,0,0,0,0,0,0,0,0,0,0,0,0,0,4,302.9513888888889,4,0.112922330754092,0.1198657101111846,0.1250308724778855,0.1877867664708402,0.1277131324621153,0.2521038301634923,0.1152831164237517,0.1154677107085959,0.1196890928695684,0.0,0.5119225098629209,0.1947401429367186,0.1232392735072122,0.0,0.0,0.1034092000346798,0.0,0.4311912118658713,0.2311668687499644,0.42274861416686,0.0924960551956092,0.2205970592934751,0.0,121,80,49,0,2,1
57369,5,0,6,346,7,2,2,162555.0,0,0,0,1430763.56999,0,6,0,7,135,0,0,0,0,0,0,0,0,0,0,0,0,0,0,0,0,0,0,0,0,0,0,0,0,0,0,0,0,0,0,0,0,0,0,0,0,0,0,0,0,0,0,0,0,1,1,0,0,0,0,0,0,0,0,0,0,0,0,0,0,0,0,0,0,0,0,0,0,0,0,0,0,0,0,0,0,0,0,0,0,0,0,0,0,0,0,0,0,0,0,0,0,0,0,0,0,0,0,0,0,0,0,0,0,0,0,0,0,0,0,0,0,0,0,0,1,0,0,0,0,0,0,0,0,0,0,0,0,0,0,0,0,0,0,0,0,0,0,0,0,0,0,0,0,0,0,0,0,0,0,0,0,0,3,219.5369444444445,4,0.1192502242383376,0.1265826937310923,0.132037299266979,0.1983098813237039,0.1348698665939984,0.2662311172429533,0.1217433026100428,0.1219382411108139,0.0,0.0,0.4054570541061497,0.2056529081389694,0.1301453034361169,0.0,0.0,0.1092040007507178,0.0,0.4553541213790644,0.2441208993014755,0.4464384209853698,0.1953586194967614,0.2329587833636836,0.0,104,75,53,0,5,0
56246,12,14,28,904,5,3,2,17871.0,2,0,0,1463933.291351,0,28,0,7,119,0,0,0,0,0,0,0,0,0,0,0,0,0,0,0,0,0,0,0,0,0,0,0,0,0,0,0,0,0,0,0,0,0,0,0,0,0,0,0,0,0,0,0,0,1,1,1,1,0,0,0,0,0,0,0,0,0,0,0,0,0,0,0,0,0,0,0,0,0,0,0,0,0,0,0,0,0,0,0,0,0,0,0,0,0,0,0,0,0,0,0,0,0,0,0,0,0,0,0,0,0,0,0,0,0,0,0,0,0,0,0,0,0,0,0,1,0,0,0,0,0,0,0,0,0,0,0,0,0,0,0,0,0,0,0,0,0,0,0,0,0,0,0,0,0,0,0,0,0,0,0,0,0,5,1854.683888888889,4,0.2335702140552373,0.1239660011513615,0.1293078501530775,0.1942104584116794,0.1320818632047239,0.2607276398840106,0.119226648972948,0.1194175577433236,0.0,0.0,0.3970755255290055,0.201401691619036,0.1274549652883798,0.0,0.0,0.1069465570985203,0.0,0.4459411304287088,0.239074480024632,0.4372097336422107,0.1913202044894969,0.2281431051548929,0.0,95,74,40,18,0,1
57360,0,27,11,270,5,4,3,,0,2,0,1471635.324611,0,11,0,7,112,0,0,0,0,0,0,0,0,0,0,0,1,0,0,0,0,0,0,0,0,0,0,0,0,0,0,0,0,0,0,0,0,0,0,0,0,0,0,0,0,0,0,0,1,1,1,1,1,0,0,0,0,0,0,0,0,0,0,0,0,0,0,0,0,0,0,0,0,0,0,0,0,0,0,0,0,0,0,0,0,0,0,0,0,0,0,0,0,0,0,0,0,0,0,0,0,0,0,0,0,0,0,0,0,0,0,0,0,0,0,0,0,0,0,0,1,0,0,0,0,0,0,0,0,0,0,0,0,0,0,0,0,0,0,0,0,0,0,0,0,0,0,0,0,0,0,0,0,0,0,0,0,0,7,264.6275,4,0.1209944534998858,0.1284341723326762,0.1339685603817336,0.2012104871721896,0.1368425586314087,0.2701251820801124,0.1235239972138999,0.1237217870085736,0.0,0.0,0.4113875256217389,0.2086609177455724,0.1320488910222724,0.0,0.0,0.110801287588576,0.0,0.462014418983944,0.2476915660959134,0.4529683119129186,0.0991080291608527,0.2363661859851286,0.0,123,73,49,52,3,1
57104,0,0,2,113,8,2,2,,0,0,0,1490318.584462,0,2,0,7,137,0,0,0,0,0,0,0,0,0,0,0,1,0,0,0,0,0,0,1,0,0,0,0,0,0,0,0,0,0,0,0,0,0,0,0,0,0,0,0,0,0,0,0,1,0,1,0,1,0,0,1,0,0,0,0,0,0,0,0,0,0,0,0,0,0,0,0,0,0,0,0,0,0,0,0,0,0,0,0,0,0,0,0,0,0,0,0,0,0,0,0,1,0,0,0,0,0,0,0,0,0,0,0,0,0,0,0,0,0,0,0,0,0,0,0,0,0,0,0,0,0,0,0,0,0,0,0,0,0,0,0,0,0,0,0,0,0,0,0,0,0,0,0,0,0,0,0,0,0,0,0,0,0,7,737.3641666666666,4,0.2289812976452345,0.1215304610750426,0.126767359629019,0.1903948367871311,0.129486872092627,0.2556051658988555,0.1168842221862336,0.1170713802027182,0.0,0.0,0.3892742465753473,0.1974447849928583,0.1249508780950963,0.0,0.0,0.1048453953007808,0.0,0.4371797967989183,0.2343774221868613,0.4286199443600498,0.1875613672186652,0.2982144190401843,0.0,104,73,43,12,4,1
56439,4,18,5,200,1,4,2,6077.0,1,1,0,1644704.395336,0,5,0,7,120,0,0,0,0,0,0,0,0,0,0,0,1,0,0,0,0,0,0,0,0,0,0,0,0,0,0,0,0,0,0,0,0,0,0,0,0,0,0,0,0,0,0,0,1,1,0,1,0,0,0,0,0,0,0,0,0,0,0,0,0,0,0,0,0,0,0,0,0,0,0,0,0,0,0,0,0,0,0,0,0,0,0,0,0,0,0,0,0,0,0,0,0,0,0,0,0,0,0,0,0,0,0,0,0,0,0,0,0,0,0,0,0,0,0,0,1,0,0,0,0,0,0,0,0,0,0,0,0,0,0,0,0,0,0,0,0,0,0,0,0,0,0,0,0,0,0,0,0,0,0,0,0,0,5,535.185,4,0.1154751265462379,0.1225754724615629,0.1278574018544792,0.1920319964804064,0.1306002987557426,0.2578030536255611,0.1178892816750951,0.1180780490186288,0.0,0.0,0.3926215227771479,0.2987138482585094,0.1260253008300225,0.0,0.0,0.1057469357947799,0.0,0.4409390013766858,0.2363927776192521,0.4323055448126751,0.0945870812921892,0.3007786935501699,0.0,103,100,36,0,2,1
56720,3,0,7,1861,13,2,2,435410.0,1,0,0,1713989.680418,0,7,0,7,112,0,0,0,0,0,0,0,0,0,0,0,1,0,0,0,0,0,0,0,0,0,0,0,0,0,0,0,0,0,0,0,0,0,0,0,0,0,0,0,0,0,0,0,1,0,1,0,1,0,0,0,0,0,0,0,0,0,0,0,0,0,0,0,0,0,0,0,0,0,0,0,0,0,0,0,0,0,0,0,0,0,0,0,0,0,0,0,0,0,0,0,0,0,0,0,0,0,0,0,0,0,0,0,0,0,0,0,0,0,0,0,0,0,0,0,0,0,0,0,0,0,0,0,0,0,0,0,0,0,0,0,0,0,0,0,0,0,0,0,0,0,0,0,0,0,0,0,0,0,0,0,0,0,4,1208.368333333333,4,0.1244476039832885,0.13209965047194,0.137791988527912,0.2069529825589305,0.1407480099460721,0.1389172425389368,0.1270493402222173,0.1272527748865964,0.0,0.0,0.4231284194550903,0.214616046498487,0.1358175323002527,0.0,0.0,0.1139635277469522,0.0,0.4752001912908944,0.2547606194818991,0.4658959106581754,0.1019365467408442,0.2431120159449734,0.0,111,73,63,6,3,1
57346,0,0,3,81,8,2,2,,0,0,0,1722247.763696,0,3,0,7,161,0,0,0,0,0,0,0,0,0,0,0,1,0,0,0,0,0,0,1,0,0,0,0,0,0,0,0,0,0,0,0,0,0,0,0,0,0,0,0,0,0,0,0,1,0,0,0,1,0,0,1,0,0,0,0,0,0,0,0,0,0,0,0,0,0,0,0,0,0,0,0,0,0,0,0,0,0,0,0,0,0,0,0,0,0,0,0,0,0,0,0,1,0,0,0,0,0,0,0,0,0,0,0,0,0,0,0,0,0,0,0,0,0,0,0,0,0,0,0,0,0,0,0,0,0,0,0,0,0,0,0,0,0,0,0,0,0,0,0,0,0,0,0,0,0,0,0,0,0,0,0,0,0,6,221.79194444444445,4,0.1244476039832885,0.13209965047194,0.137791988527912,0.2069529825589305,0.1407480099460721,0.1389172425389368,0.1270493402222173,0.1272527748865964,0.0,0.0,0.4231284194550903,0.214616046498487,0.1358175323002527,0.0,0.0,0.1139635277469522,0.0,0.4752001912908944,0.2547606194818991,0.4658959106581754,0.1019365467408442,0.2431120159449734,0.0,119,71,45,66,2,1
57201,13,10,6,246,9,3,2,170825.0,0,1,0,1718048.945031,0,6,0,7,121,0,0,0,0,0,0,0,0,0,0,0,1,0,0,0,0,0,0,0,0,0,0,0,0,0,0,0,0,0,0,0,0,0,0,0,0,0,0,0,0,0,0,0,1,0,0,0,0,0,0,0,0,0,1,0,0,0,0,0,0,0,0,0,0,0,0,0,0,0,0,0,0,0,0,0,0,0,0,0,0,0,0,0,0,0,0,0,0,0,0,0,0,0,0,0,0,0,0,0,0,0,0,0,0,0,0,0,0,0,0,0,0,0,0,0,0,0,0,0,0,0,0,0,0,0,0,0,0,0,0,0,0,0,0,0,0,0,0,0,0,0,0,0,0,0,0,0,0,0,0,0,0,0,3,440.2130555555556,4,0.2366517132817009,0.1256014885280412,0.1310138127127049,0.1967726831362121,0.1338244234063383,0.1320837139444791,0.1207996099263387,0.1209930373621641,0.0,0.0,0.4023141555046405,0.204058790510874,0.1291364826793438,0.0,0.0,0.1083575064111501,0.1113638819825239,0.4518244458763686,0.2422285972062383,0.4429778554957199,0.0969221490012792,0.3082040058158237,0.0,106,71,52,21,0,1
56165,4,30,20,418,5,6,2,1215609.0,0,6,0,1751452.594488,1,20,0,7,112,0,0,0,0,0,0,0,0,0,0,0,1,0,0,0,0,0,0,0,0,0,0,0,0,0,0,0,0,0,0,0,0,0,0,0,0,0,0,0,0,0,0,0,1,1,1,1,1,0,0,0,0,0,0,0,0,0,0,0,0,0,0,0,0,0,0,0,0,0,0,0,0,0,0,0,0,0,0,0,0,0,0,0,0,0,0,0,0,0,0,0,0,0,0,0,0,0,0,0,0,0,0,0,0,0,0,0,0,0,0,0,0,0,0,0,1,0,0,0,0,0,0,0,0,0,0,0,0,0,0,0,0,0,0,0,0,0,0,0,0,0,0,0,0,0,0,0,0,0,0,0,0,0,7,1844.986388888889,4,0.1209944534998858,0.1284341723326762,0.1339685603817336,0.2012104871721896,0.1368425586314087,0.2701251820801124,0.1235239972138999,0.1237217870085736,0.0,0.0,0.4113875256217389,0.2086609177455724,0.1320488910222724,0.0,0.0,0.110801287588576,0.0,0.462014418983944,0.2476915660959134,0.4529683119129186,0.0991080291608527,0.2363661859851286,0.0,90,74,37,0,4,1
57311,0,1,4,211,2,2,2,,0,0,0,1813965.021632,0,4,0,7,122,0,0,0,0,0,0,0,0,0,0,0,1,0,0,0,0,0,0,0,0,0,0,0,0,0,0,0,0,0,0,0,0,0,0,0,0,0,0,0,0,0,0,0,1,1,1,1,1,0,0,0,0,0,0,0,0,0,0,0,0,0,0,0,0,0,0,0,0,0,0,0,0,0,0,0,0,0,0,0,0,0,0,0,0,0,0,0,0,0,0,0,0,0,0,0,0,0,0,0,0,0,0,0,0,0,0,0,0,0,0,0,0,0,0,0,1,0,0,0,0,0,0,0,0,0,0,0,0,0,0,0,0,0,0,0,0,0,0,0,0,0,0,0,0,0,0,0,0,0,0,0,0,0,7,246.28972222222225,4,0.1244476039832885,0.13209965047194,0.137791988527912,0.2069529825589305,0.1407480099460721,0.1389172425389368,0.1270493402222173,0.1272527748865964,0.0,0.0,0.4231284194550903,0.214616046498487,0.1358175323002527,0.0,0.0,0.1139635277469522,0.0,0.4752001912908944,0.2547606194818991,0.4658959106581754,0.1019365467408442,0.2431120159449734,0.0,110,84,40,35,0,1
57130,1,3,3,121,6,2,2,1449253.0,0,1,0,1917504.479878,0,3,0,7,112,0,0,0,0,0,0,0,0,0,0,0,1,0,0,0,0,0,0,0,0,0,0,0,0,0,0,0,0,0,0,0,0,0,0,0,0,0,0,0,0,0,0,0,1,0,0,0,1,0,0,0,0,0,0,0,0,0,0,0,0,0,0,0,0,0,0,0,0,0,0,0,0,0,0,0,0,0,0,0,0,0,0,0,0,0,0,0,0,0,0,0,0,0,0,0,0,0,0,0,0,0,0,0,0,0,0,0,0,0,0,0,0,0,0,0,0,0,0,0,0,0,0,0,0,0,0,0,0,0,0,0,0,0,0,0,0,0,0,0,0,0,0,0,0,0,0,0,0,0,0,0,0,0,3,547.79,4,0.1209944534998858,0.1284341723326762,0.1339685603817336,0.2012104871721896,0.1368425586314087,0.2701251820801124,0.1235239972138999,0.1237217870085736,0.0,0.0,0.4113875256217389,0.2086609177455724,0.1320488910222724,0.0,0.0,0.110801287588576,0.0,0.462014418983944,0.2476915660959134,0.4529683119129186,0.0991080291608527,0.2363661859851286,0.0,93,89,56,14,0,1
57188,6,30,9,240,1,4,3,28498.0,0,3,0,1981910.506444,0,9,0,7,112,0,0,0,0,0,0,0,0,0,0,0,1,0,0,0,0,0,0,0,0,0,0,0,0,0,0,0,0,0,0,0,0,0,0,0,0,0,0,0,0,0,0,0,1,1,0,1,0,0,0,0,0,0,0,0,0,0,0,0,0,0,0,0,0,0,0,0,0,0,0,0,0,0,0,0,0,0,0,0,0,0,0,0,0,0,0,0,0,0,0,0,0,0,0,0,0,0,0,0,0,0,0,0,0,0,0,0,0,0,0,0,0,0,0,0,1,0,0,0,0,0,0,0,0,0,0,0,0,0,0,0,0,0,0,0,0,0,0,0,0,0,0,0,0,0,0,0,0,0,0,0,0,0,5,392.63055555555553,4,0.1209944534998858,0.1284341723326762,0.1339685603817336,0.2012104871721896,0.1368425586314087,0.2701251820801124,0.1235239972138999,0.1237217870085736,0.0,0.0,0.4113875256217389,0.2086609177455724,0.1320488910222724,0.0,0.0,0.110801287588576,0.0,0.462014418983944,0.2476915660959134,0.4529683119129186,0.0991080291608527,0.2363661859851286,0.0,104,102,50,1,5,0
57307,3,5,8,162,11,2,2,33555.0,0,0,0,2083639.335545,0,8,0,7,110,0,0,0,0,0,0,0,0,0,0,0,1,0,0,0,0,0,0,0,0,0,0,0,0,0,0,0,0,0,0,0,0,0,0,0,0,0,0,0,0,0,0,0,1,1,1,1,1,0,0,0,0,0,0,0,0,0,0,0,0,0,0,0,0,0,0,0,0,0,0,0,0,0,0,0,0,0,0,0,0,0,0,0,0,0,0,0,0,0,0,0,0,0,0,0,0,0,0,0,0,0,0,0,0,0,0,0,0,0,0,0,0,0,0,0,1,0,0,0,0,0,0,0,0,0,0,0,0,0,0,0,0,0,0,0,0,0,0,0,0,0,0,0,0,0,0,0,0,0,0,0,0,0,7,174.2436111111111,4,0.1244476039832885,0.13209965047194,0.137791988527912,0.2069529825589305,0.1407480099460721,0.1389172425389368,0.1270493402222173,0.1272527748865964,0.0,0.0,0.4231284194550903,0.214616046498487,0.1358175323002527,0.0,0.0,0.1139635277469522,0.0,0.4752001912908944,0.2547606194818991,0.4658959106581754,0.1019365467408442,0.2431120159449734,0.0,106,104,36,32,0,1
57016,8,26,11,376,1,5,2,160013.0,1,0,0,2483687.081099,0,11,0,7,78,0,0,0,0,0,0,0,0,0,0,0,1,0,0,0,0,0,0,0,0,0,0,0,0,0,0,0,0,0,0,0,0,0,0,0,0,0,0,0,0,0,0,0,1,1,0,1,0,0,0,0,0,0,0,0,0,0,0,0,0,0,0,0,0,0,0,0,0,0,0,0,0,0,0,0,0,0,0,0,0,0,0,0,0,0,0,0,0,0,0,0,0,0,0,0,0,0,0,0,0,0,0,0,0,0,0,0,0,0,0,0,0,0,0,0,1,0,0,0,0,0,0,0,0,0,0,0,0,0,0,0,0,0,0,0,0,0,0,0,0,0,0,0,0,0,0,0,0,0,0,0,0,0,5,643.1413888888889,4,0.0,0.0,0.2267611342127152,0.1702889026972027,0.0,0.2286129390857229,0.2090822028011537,0.0,0.0,0.0,0.464221862428689,0.0,0.0,0.2222444707275528,0.0,0.0,0.1927506700691507,0.3910130607244794,0.4192537435857324,0.3833571394628403,0.1677546510768216,0.1333613007678714,0.0,105,119,35,0,4,1
57184,3,0,7,105,3,3,3,71.0,0,0,0,2533471.95375,0,7,0,7,328,0,0,0,0,0,0,0,0,0,0,0,0,0,0,0,0,0,0,0,0,0,0,0,0,0,0,0,0,0,0,0,0,0,0,0,0,0,0,0,0,0,0,0,0,0,0,0,1,0,0,0,0,0,0,0,0,0,0,0,0,0,0,0,0,0,0,0,0,0,0,0,0,0,0,0,0,0,0,0,0,0,0,0,0,0,0,0,0,0,0,0,0,0,0,0,0,0,0,0,0,0,0,0,0,0,0,0,0,0,0,0,0,0,0,0,0,0,0,0,0,0,0,0,0,0,0,0,0,0,0,0,0,0,0,0,0,0,0,0,0,0,0,0,0,0,0,0,0,0,0,0,0,0,1,278.75555555555553,4,0.1880222872018001,0.1995834200522482,0.1040918587897493,0.156337976298803,0.1063249186891371,0.1049419066254002,0.0959765667295161,0.0961302468714729,0.0,0.0836917167493949,0.3196428483135446,0.243190298414296,0.205200600476222,0.0,0.0,0.0860911839951744,0.0884797811588232,0.358979297252059,0.1924531804178669,0.3519505877014672,0.0770056716810734,0.4897426796083881,0.2958896966662793,103,122,54,60,4,1
56780,11,30,26,196,5,4,2,735667.0,0,2,0,2890546.760712,3,26,0,7,112,0,0,0,0,0,0,0,0,0,0,0,1,0,0,0,0,0,0,0,0,0,0,0,0,0,0,0,0,0,0,0,0,0,0,0,0,0,0,0,0,0,0,0,1,1,1,1,1,0,0,0,0,0,0,0,0,0,0,0,0,0,0,0,0,0,0,0,0,0,0,0,0,0,0,0,0,0,0,0,0,0,0,0,0,0,0,0,0,0,0,0,0,0,0,0,0,0,0,0,0,0,0,0,0,0,0,0,0,0,0,0,0,0,0,0,1,0,0,0,0,0,0,0,0,0,0,0,0,0,0,0,0,0,0,0,0,0,0,0,0,0,0,0,0,0,0,0,0,0,0,0,0,0,7,760.8838888888889,4,0.1209944534998858,0.1284341723326762,0.1339685603817336,0.2012104871721896,0.1368425586314087,0.2701251820801124,0.1235239972138999,0.1237217870085736,0.0,0.0,0.4113875256217389,0.2086609177455724,0.1320488910222724,0.0,0.0,0.110801287588576,0.0,0.462014418983944,0.2476915660959134,0.4529683119129186,0.0991080291608527,0.2363661859851286,0.0,96,117,59,0,1,1
56799,3,27,23,334,5,5,2,614441.0,0,2,0,2940746.220497,0,23,0,7,123,0,0,0,0,0,0,0,0,0,0,0,1,0,0,0,0,0,0,0,0,0,0,0,0,0,0,0,0,0,0,0,0,0,0,0,0,0,0,0,0,0,0,0,1,1,1,1,1,0,0,0,0,0,0,0,1,0,0,0,0,0,0,0,0,0,0,0,0,0,0,0,0,0,0,0,0,0,0,0,0,0,0,0,0,0,0,0,0,0,0,0,0,0,0,0,0,0,0,0,0,0,0,0,0,0,0,0,0,0,0,0,0,0,0,0,1,0,0,0,0,0,0,0,0,0,0,0,0,0,0,0,0,0,0,0,0,0,0,0,0,0,0,0,0,0,0,0,0,0,0,0,0,0,8,720.6588888888889,4,0.1209944534998858,0.1284341723326762,0.1339685603817336,0.2012104871721896,0.1368425586314087,0.2701251820801124,0.1235239972138999,0.1237217870085736,0.0,0.0,0.4113875256217389,0.2086609177455724,0.1320488910222724,0.0,0.0,0.110801287588576,0.0,0.462014418983944,0.2476915660959134,0.4529683119129186,0.0991080291608527,0.2363661859851286,0.0,93,110,58,22,2,1
57045,0,1,3,6,1,3,2,,0,0,0,2947172.709698,0,3,0,7,141,0,0,0,0,0,0,0,0,0,0,0,1,0,0,0,0,0,0,0,0,0,0,0,0,0,0,0,0,0,0,0,0,0,0,0,0,0,0,0,0,0,0,0,1,1,0,1,0,0,0,0,0,0,0,0,0,0,0,0,0,0,0,0,0,0,0,0,0,0,0,0,0,0,0,0,0,0,0,0,0,0,0,0,0,0,0,0,0,0,0,0,0,0,0,0,0,0,0,0,0,0,0,0,0,0,0,0,0,0,0,0,0,0,0,0,1,0,0,0,0,0,0,0,0,0,0,0,0,0,0,0,0,0,0,0,0,0,0,0,0,0,0,0,0,0,0,0,0,0,0,0,0,0,5,417.4794444444444,4,0.1183085061544461,0.1255830711932259,0.1309946017520512,0.1967438297489609,0.1338048003171439,0.2641286922017959,0.1207818967058375,0.2419505915575992,0.0,0.0,0.4022551629354465,0.2040288687391586,0.1291175469974005,0.0,0.0,0.1083416176147775,0.0,0.4517581934601355,0.2421930784776876,0.4429129002824015,0.0969079370067392,0.2311191096817586,0.0,103,114,35,24,0,1
57153,2,7,10,3949,23,4,2,380335.0,1,0,0,2995651.573566,0,10,0,7,113,0,0,0,0,0,0,0,0,0,0,0,1,0,0,0,0,0,0,0,0,0,0,0,0,0,0,0,0,0,0,0,0,0,0,0,0,0,0,0,0,0,0,0,1,1,1,1,1,0,0,0,0,0,0,0,0,0,0,0,0,0,0,0,0,0,0,0,0,0,0,0,0,0,0,0,0,0,0,0,0,0,0,0,0,0,0,0,0,0,0,0,0,0,0,0,0,0,0,0,0,0,0,0,0,0,0,0,0,0,0,0,0,0,0,0,1,0,0,0,0,0,0,0,0,0,0,0,0,0,0,0,0,0,0,0,0,0,0,0,0,0,0,0,0,0,0,0,0,0,0,0,0,0,7,191.1927777777778,4,0.1209944534998858,0.1284341723326762,0.1339685603817336,0.2012104871721896,0.1368425586314087,0.2701251820801124,0.1235239972138999,0.1237217870085736,0.0,0.0,0.4113875256217389,0.2086609177455724,0.1320488910222724,0.0,0.0,0.110801287588576,0.0,0.462014418983944,0.2476915660959134,0.4529683119129186,0.0991080291608527,0.2363661859851286,0.0,91,113,44,4,3,1
57050,3,30,10,261,1,6,2,816381.0,0,0,0,2981700.633668,3,10,0,7,120,0,0,0,0,0,0,0,0,0,0,0,1,0,0,0,0,0,0,0,0,0,0,0,0,0,0,0,0,0,0,0,0,0,0,0,0,0,0,0,0,0,0,0,0,1,0,1,0,0,0,0,0,1,0,0,0,0,0,0,0,0,0,0,0,0,0,0,0,0,0,0,0,0,0,0,0,0,0,0,0,0,0,0,0,0,0,0,0,0,0,0,0,0,0,0,0,0,0,0,0,0,0,0,0,0,0,0,0,0,0,0,0,0,0,0,1,0,0,0,0,0,0,0,0,0,0,0,0,0,0,0,0,0,0,0,0,0,0,0,0,0,0,0,0,0,0,0,0,0,0,0,0,0,5,399.6086111111111,4,0.1209944534998858,0.1284341723326762,0.1339685603817336,0.2012104871721896,0.1368425586314087,0.2701251820801124,0.1235239972138999,0.1237217870085736,0.0,0.0,0.4113875256217389,0.2086609177455724,0.1320488910222724,0.0,0.0,0.110801287588576,0.0,0.462014418983944,0.2476915660959134,0.4529683119129186,0.0991080291608527,0.2363661859851286,0.0,105,112,39,0,1,1
57112,1,5,2,971,23,3,2,38620.0,0,0,0,3008473.075297,0,2,0,7,134,0,0,0,0,0,0,0,0,0,0,0,1,0,0,0,0,0,0,0,0,0,0,0,0,0,0,0,0,0,0,0,0,0,0,0,0,0,0,0,0,0,0,0,1,1,1,1,0,0,0,0,0,0,0,0,0,0,0,0,0,0,0,0,0,0,0,0,0,0,0,0,0,0,0,0,0,0,0,0,0,0,0,0,0,0,0,0,0,0,0,0,0,0,0,0,0,0,0,0,0,0,0,0,0,0,0,0,0,0,0,0,0,0,0,0,1,0,0,0,0,0,0,0,0,0,0,0,0,0,0,0,0,0,0,0,0,0,0,0,0,0,0,0,0,0,0,0,0,0,0,0,0,0,6,284.99083333333334,4,0.1131527233817648,0.2402205382867229,0.1252859698625925,0.1881699031478859,0.1279737023952699,0.2526181913486525,0.11551832570381,0.1157032966117901,0.0,0.0,0.3847252294868972,0.1951374664151213,0.1234907155370232,0.0,0.0,0.1036201832579486,0.0,0.4320709605893323,0.2316385127725994,0.4236111376678582,0.1853695452008538,0.2210471379963153,0.2374238040015592,93,111,48,26,5,0
56941,5,12,27,387,9,5,2,21967.0,0,0,0,3095537.664369,0,27,0,7,1076,0,0,0,0,0,0,0,0,0,0,0,0,0,0,0,0,0,0,0,0,0,0,0,0,0,0,0,0,0,0,0,0,0,0,0,0,0,0,0,0,0,0,0,0,0,1,1,1,0,0,0,0,0,0,0,0,0,0,0,0,0,0,0,0,0,0,0,0,0,0,0,0,0,0,0,0,0,0,0,0,0,0,0,0,0,0,0,0,0,0,0,0,0,0,0,0,0,0,0,0,0,0,0,0,0,0,0,0,0,0,0,0,0,0,0,0,0,0,0,0,0,0,0,0,0,0,0,0,0,0,0,0,0,0,0,0,0,0,0,0,0,0,0,0,0,0,0,0,0,0,0,0,0,3,535.9941666666666,4,0.0573897072032969,0.1218369823055902,0.0635435446201024,0.2385938076296943,0.0649067303966454,0.0640624617880916,0.0585895123919319,0.058683327422917,0.0,0.0,0.2601707098641808,0.2474284694008914,0.1878990393298177,0.1868336232918976,0.0,0.052554916928177,0.1620391542838772,0.219141220628059,0.1174842816657208,0.2148504996807859,0.0470086075064798,0.523191494587618,0.5418833046507336,122,107,45,17,0,1
56622,1,30,14,219,1,6,3,1640498.0,0,5,0,3097032.263277,0,14,0,7,146,0,0,0,0,0,0,0,0,0,0,0,1,0,0,0,0,0,0,0,0,0,0,0,0,0,0,0,0,0,0,0,0,0,0,0,0,0,0,0,0,0,0,0,1,1,0,1,0,0,0,0,0,0,0,0,0,0,0,0,0,0,0,0,0,0,0,0,0,0,0,0,0,0,0,0,0,0,0,0,0,0,0,0,0,0,0,0,0,0,0,0,0,0,0,0,0,0,0,0,0,0,0,0,0,0,0,0,0,0,0,0,0,0,0,0,1,0,0,0,0,0,0,0,0,0,0,0,0,0,0,0,0,0,0,0,0,0,0,0,0,0,0,0,0,0,0,0,0,0,0,0,0,0,5,1006.8869444444445,4,0.1116652743226994,0.1185313596705544,0.1236390232190066,0.1856963157960604,0.126291424165247,0.2492973990619606,0.1139997796208031,0.1141823189938206,0.0,0.0,0.3796678242075895,0.3851445739288793,0.1218673684081246,0.0,0.0,0.1022580441995081,0.0,0.4263911720294961,0.2285935088383643,0.4180425577052906,0.091466384976392,0.29085515063068,0.0,140,107,59,0,2,1
56482,2,2,7,194,5,3,2,3628370.0,0,1,0,3190419.466707,0,7,0,7,127,0,0,0,0,0,0,0,0,0,0,0,1,0,0,0,0,0,0,0,0,0,0,0,0,0,0,0,0,0,0,0,0,0,0,0,0,0,0,0,0,0,0,0,1,1,1,1,1,0,0,0,0,0,0,0,0,0,0,0,0,0,0,0,0,0,0,0,0,0,0,0,0,0,0,0,0,0,0,0,0,0,0,0,0,0,0,0,0,0,0,0,0,0,0,0,0,0,0,0,0,0,0,0,0,0,0,0,0,0,0,0,0,0,0,0,1,0,0,0,0,0,0,0,0,0,0,0,0,0,0,0,0,0,0,0,0,0,0,0,0,0,0,0,0,0,0,0,0,0,0,0,0,0,7,1135.2758333333334,4,0.1244476039832885,0.13209965047194,0.137791988527912,0.2069529825589305,0.1407480099460721,0.1389172425389368,0.1270493402222173,0.1272527748865964,0.0,0.0,0.4231284194550903,0.214616046498487,0.1358175323002527,0.0,0.0,0.1139635277469522,0.0,0.4752001912908944,0.2547606194818991,0.4658959106581754,0.1019365467408442,0.2431120159449734,0.0,115,104,50,20,3,1
57082,0,0,1,416,1,2,2,,0,0,0,3199220.537156,0,1,0,7,137,0,0,0,0,0,0,0,0,0,0,0,1,0,0,0,0,0,0,0,0,0,0,0,0,0,0,0,0,0,0,0,0,0,0,0,0,0,0,0,0,0,0,0,1,0,0,0,1,0,0,0,0,0,0,0,0,0,0,0,0,0,0,0,0,0,0,0,0,0,0,0,0,0,0,0,0,0,0,0,0,0,0,0,0,0,0,0,0,0,0,0,0,0,0,0,0,0,0,0,0,0,0,0,0,0,0,0,0,0,0,0,0,0,0,0,0,0,0,0,0,0,0,0,0,0,0,0,0,0,0,0,0,0,0,0,0,0,0,0,0,0,0,0,0,0,0,0,0,0,0,0,0,0,3,291.19444444444446,4,0.1244476039832885,0.13209965047194,0.137791988527912,0.2069529825589305,0.1407480099460721,0.1389172425389368,0.1270493402222173,0.1272527748865964,0.0,0.0,0.4231284194550903,0.214616046498487,0.1358175323002527,0.0,0.0,0.1139635277469522,0.0,0.4752001912908944,0.2547606194818991,0.4658959106581754,0.1019365467408442,0.2431120159449734,0.0,105,104,43,54,3,1
57124,0,0,1,8,3,2,2,,0,0,0,3203695.42843,0,1,0,7,112,0,0,0,0,0,0,0,0,0,0,0,0,0,0,0,0,0,0,0,0,0,0,0,0,0,0,0,0,0,0,0,0,0,0,0,0,0,0,0,0,0,0,0,0,1,1,0,1,0,0,0,0,0,0,0,0,0,0,0,0,0,0,0,0,0,0,0,0,0,0,0,0,0,0,0,0,0,0,0,0,0,0,0,0,0,0,0,0,0,0,0,0,0,0,0,0,0,0,0,0,0,0,0,0,0,0,0,0,0,0,0,0,0,0,0,1,0,0,0,0,0,0,0,0,0,0,0,0,0,0,0,0,0,0,0,0,0,0,0,0,0,0,0,0,0,0,0,0,0,0,0,0,0,4,181.59833333333333,4,0.1209944534998858,0.1284341723326762,0.1339685603817336,0.2012104871721896,0.1368425586314087,0.2701251820801124,0.1235239972138999,0.1237217870085736,0.0,0.0,0.4113875256217389,0.2086609177455724,0.1320488910222724,0.0,0.0,0.110801287588576,0.0,0.462014418983944,0.2476915660959134,0.4529683119129186,0.0991080291608527,0.2363661859851286,0.0,93,99,54,13,0,1
57084,2,8,6,98,2,3,2,439692.0,0,1,0,3203723.039584,0,6,0,7,112,0,0,0,0,0,0,0,0,0,0,0,1,0,0,0,0,0,0,1,0,0,0,0,0,0,0,0,0,0,0,0,0,0,0,0,0,0,0,0,0,0,0,0,1,0,0,0,1,0,0,1,0,0,0,0,0,0,0,0,0,0,0,0,0,0,0,0,0,0,0,0,0,0,0,0,0,0,0,0,0,0,0,0,0,0,0,0,0,0,0,0,1,0,0,0,0,0,0,0,0,0,0,0,0,0,0,0,0,0,0,0,0,0,0,0,0,0,0,0,0,0,0,0,0,0,0,0,0,0,0,0,0,0,0,0,0,0,0,0,0,0,0,0,0,0,0,0,0,0,0,0,0,0,6,281.8152777777778,4,0.1209944534998858,0.1284341723326762,0.1339685603817336,0.2012104871721896,0.1368425586314087,0.2701251820801124,0.1235239972138999,0.1237217870085736,0.0,0.0,0.4113875256217389,0.2086609177455724,0.1320488910222724,0.0,0.0,0.110801287588576,0.0,0.462014418983944,0.2476915660959134,0.4529683119129186,0.0991080291608527,0.2363661859851286,0.0,105,104,45,11,3,1
56976,2,30,34,3252,31,5,2,109476.0,0,1,0,3214549.834483,2,34,0,7,112,0,0,0,0,0,0,0,0,0,0,0,1,0,0,0,0,0,0,0,0,0,0,0,0,0,0,0,0,0,0,0,0,0,0,0,0,0,0,0,0,0,0,0,1,1,1,1,1,0,0,0,0,0,0,0,0,0,0,0,0,0,0,0,0,0,0,0,0,0,0,0,0,0,0,0,0,0,0,0,0,0,0,0,0,0,0,0,0,0,0,0,0,0,0,0,0,0,0,0,0,0,0,0,0,0,0,0,0,0,0,0,0,0,0,0,1,0,0,0,0,0,0,0,0,0,0,0,0,0,0,0,0,0,0,0,0,0,0,0,0,0,0,0,0,0,0,0,0,0,0,0,0,0,7,491.7247222222222,4,0.1209944534998858,0.1284341723326762,0.1339685603817336,0.2012104871721896,0.1368425586314087,0.2701251820801124,0.1235239972138999,0.1237217870085736,0.0,0.0,0.4113875256217389,0.2086609177455724,0.1320488910222724,0.0,0.0,0.110801287588576,0.0,0.462014418983944,0.2476915660959134,0.4529683119129186,0.0991080291608527,0.2363661859851286,0.0,123,94,37,34,1,1
57110,0,0,1,103,1,2,2,,0,0,0,3249799.40482,0,1,0,7,144,0,0,0,0,0,0,0,0,0,0,0,0,0,0,0,0,0,0,0,0,0,0,0,0,0,0,0,0,0,0,0,0,0,0,0,0,0,0,0,0,0,0,0,0,1,0,0,0,0,0,0,0,0,0,0,0,0,0,0,0,0,0,0,0,0,0,0,0,0,0,0,0,0,0,0,0,0,0,0,0,0,0,0,0,0,0,0,0,0,0,0,0,0,0,0,0,0,0,0,0,0,0,0,0,0,0,0,0,0,0,0,0,0,0,0,1,0,0,0,0,0,0,0,0,0,0,0,0,0,0,0,0,0,0,0,0,0,0,0,0,0,0,0,0,0,0,0,0,0,0,0,0,0,2,221.50861111111112,4,0.1199084950845873,0.1272814403997476,0.1327661557976912,0.1994045678472087,0.1356143591245867,0.1338503672307052,0.1224153354497814,0.1226113500267837,0.0,0.0,0.4076952097140666,0.2067881287621507,0.1308637159973973,0.0,0.0,0.1098068156338526,0.0,0.4578677128187285,0.2454684663353895,0.4489027970404881,0.1964370148171869,0.3123263128243279,0.0,92,101,47,25,5,0
57119,0,0,2,192,1,2,2,,0,1,0,3251941.991797,0,2,0,7,158,0,0,0,0,0,0,0,0,0,0,0,0,0,0,0,0,0,0,0,0,0,0,0,0,0,0,0,0,0,0,0,0,0,0,0,0,0,0,0,0,0,0,0,0,1,0,0,0,0,0,0,0,0,0,0,0,0,0,0,0,0,0,0,0,0,0,0,0,0,0,0,0,0,0,0,0,0,0,0,0,0,0,0,0,0,0,0,0,0,0,0,0,0,0,0,0,0,0,0,0,0,0,0,0,0,0,0,0,0,0,0,0,0,0,0,1,0,0,0,0,0,0,0,0,0,0,0,0,0,0,0,0,0,0,0,0,0,0,0,0,0,0,0,0,0,0,0,0,0,0,0,0,0,2,200.66972222222225,4,0.1079944543081237,0.1146348279146198,0.1195745850687601,0.1795918418959002,0.1221397925115662,0.2411021397245437,0.110252216421523,0.1104287551001618,0.0,0.0,0.3671868424839067,0.1862417763421415,0.1178611706193346,0.0,0.0,0.0988964720583414,0.0,0.4123742338379415,0.221078857282313,0.4043000670601298,0.3538382865389777,0.2812937456661243,0.2266004156735958,92,100,51,27,6,0
56978,4,30,31,2961,20,3,2,104389.0,0,1,0,3318750.726749,0,31,0,7,112,0,0,0,0,0,0,0,0,0,0,0,1,0,0,0,0,0,0,0,0,0,0,0,0,0,0,0,0,0,0,0,0,0,0,0,0,0,0,0,0,0,0,0,1,1,1,1,1,0,0,0,0,0,0,0,0,0,0,0,0,0,0,0,0,0,0,0,0,0,0,0,0,0,0,0,0,0,0,0,0,0,0,0,0,0,0,0,0,0,0,0,0,0,0,0,0,0,0,0,0,0,0,0,0,0,0,0,0,0,0,0,0,0,0,0,1,0,0,0,0,0,0,0,0,0,0,0,0,0,0,0,0,0,0,0,0,0,0,0,0,0,0,0,0,0,0,0,0,0,0,0,0,0,7,474.01916666666665,4,0.1209944534998858,0.1284341723326762,0.1339685603817336,0.2012104871721896,0.1368425586314087,0.2701251820801124,0.1235239972138999,0.1237217870085736,0.0,0.0,0.4113875256217389,0.2086609177455724,0.1320488910222724,0.0,0.0,0.110801287588576,0.0,0.462014418983944,0.2476915660959134,0.4529683119129186,0.0991080291608527,0.2363661859851286,0.0,125,95,36,23,1,1
57047,1,0,4,27666,113,2,2,125932.0,0,0,0,3528708.672147,0,4,0,7,112,0,0,0,0,0,0,0,0,0,0,0,1,0,0,0,0,0,0,0,0,0,0,0,0,0,0,0,0,0,0,0,0,0,0,0,0,0,0,0,0,0,0,0,1,1,1,1,1,0,0,0,0,0,0,0,0,0,0,0,0,0,0,0,0,0,0,0,0,0,0,0,0,0,0,0,0,0,0,0,0,0,0,0,0,0,0,0,0,0,0,0,0,0,0,0,0,0,0,0,0,0,0,0,0,0,0,0,0,0,0,0,0,0,0,0,1,0,0,0,0,0,0,0,0,0,0,0,0,0,0,0,0,0,0,0,0,0,0,0,0,0,0,0,0,0,0,0,0,0,0,0,0,0,7,260.66527777777776,4,0.1209944534998858,0.1284341723326762,0.1339685603817336,0.2012104871721896,0.1368425586314087,0.2701251820801124,0.1235239972138999,0.1237217870085736,0.0,0.0,0.4113875256217389,0.2086609177455724,0.1320488910222724,0.0,0.0,0.110801287588576,0.0,0.462014418983944,0.2476915660959134,0.4529683119129186,0.0991080291608527,0.2363661859851286,0.0,105,92,37,34,0,1
57025,4,3,7,3093,18,2,2,1010848.0,0,1,0,3528785.087436,0,7,0,7,112,0,0,0,0,0,0,0,0,0,0,0,1,0,0,0,0,0,0,0,0,0,0,0,0,0,0,0,0,0,0,0,0,0,0,0,0,0,0,0,0,0,0,0,1,1,1,1,1,0,0,0,0,0,0,0,0,0,0,0,0,0,0,0,0,0,0,0,0,0,0,0,0,0,0,0,0,0,0,0,0,0,0,0,0,0,0,0,0,0,0,0,0,0,0,0,0,0,0,0,0,0,0,0,0,0,0,0,0,0,0,0,0,0,0,0,1,0,0,0,0,0,0,0,0,0,0,0,0,0,0,0,0,0,0,0,0,0,0,0,0,0,0,0,0,0,0,0,0,0,0,0,0,0,7,338.7572222222222,4,0.1209944534998858,0.1284341723326762,0.1339685603817336,0.2012104871721896,0.1368425586314087,0.2701251820801124,0.1235239972138999,0.1237217870085736,0.0,0.0,0.4113875256217389,0.2086609177455724,0.1320488910222724,0.0,0.0,0.110801287588576,0.0,0.462014418983944,0.2476915660959134,0.4529683119129186,0.0991080291608527,0.2363661859851286,0.0,102,91,41,33,4,1
56974,1,21,4,200,1,3,3,1499276.0,0,3,0,3531802.425213,0,4,0,7,112,0,0,0,0,0,0,0,0,0,0,0,1,0,0,0,0,0,0,0,0,0,0,0,0,0,0,0,0,0,0,0,0,0,0,0,0,0,0,0,0,0,0,0,1,1,0,1,0,0,0,0,0,0,0,0,0,0,0,0,0,0,0,0,0,0,0,0,0,0,0,0,0,0,0,0,0,0,0,0,0,0,0,0,0,0,0,0,0,0,0,0,0,0,0,0,0,0,0,0,0,0,0,0,0,0,0,0,0,0,0,0,0,0,0,0,1,0,0,0,0,0,0,0,0,0,0,0,0,0,0,0,0,0,0,0,0,0,0,0,0,0,0,0,0,0,0,0,0,0,0,0,0,0,5,417.7330555555555,4,0.1209944534998858,0.1284341723326762,0.1339685603817336,0.2012104871721896,0.1368425586314087,0.2701251820801124,0.1235239972138999,0.1237217870085736,0.0,0.0,0.4113875256217389,0.2086609177455724,0.1320488910222724,0.0,0.0,0.110801287588576,0.0,0.462014418983944,0.2476915660959134,0.4529683119129186,0.0991080291608527,0.2363661859851286,0.0,121,90,37,0,1,1
57023,1,0,1,24,1,2,2,352031.0,0,0,0,3533148.98922,0,1,0,7,224,0,0,0,0,0,0,0,0,0,0,0,0,0,0,0,0,0,0,1,0,0,0,0,0,0,0,0,0,0,0,0,0,0,0,0,0,0,0,0,0,0,0,0,0,0,0,0,0,0,0,1,0,0,0,0,0,0,0,0,0,0,0,0,0,0,0,0,0,0,0,0,0,0,0,0,0,0,0,0,0,0,0,0,0,0,0,0,0,0,0,0,1,0,0,0,0,0,0,0,0,0,0,0,0,0,0,0,0,0,0,0,0,0,0,0,0,0,0,0,0,0,0,0,0,0,0,0,0,0,0,0,0,0,0,0,0,0,0,0,0,0,0,0,0,0,0,0,0,0,0,0,0,0,3,339.41027777777776,4,0.0,0.0,0.2336582734305575,0.1754683893549756,0.0,0.2355664025764956,0.21544162178051,0.0,0.0,0.0,0.4783415784208185,0.0,0.0,0.0,0.0,0.0,0.0,0.4029060666629729,0.432005714716728,0.3950172838266831,0.1728570562439789,0.0,0.2213976400356831,102,89,40,16,4,1
57051,2,0,24,7908,60,2,3,202863.0,0,1,0,3692131.001005,0,24,0,7,165,0,0,0,0,0,0,0,0,0,0,0,1,0,0,0,0,0,0,0,0,0,0,0,0,0,0,0,0,0,0,0,0,0,0,0,0,0,0,0,0,0,0,0,1,1,1,1,1,0,0,0,0,0,0,0,0,0,0,0,0,0,0,0,0,0,0,0,0,0,0,0,0,0,0,0,0,0,0,0,0,0,0,0,0,0,0,0,0,0,0,0,0,0,0,0,0,0,0,0,0,0,0,0,0,0,0,0,0,0,0,0,0,0,0,0,1,0,0,0,0,0,0,0,0,0,0,0,0,0,0,0,0,0,0,0,0,0,0,0,0,0,0,0,0,0,0,0,0,0,0,0,0,0,7,203.51333333333332,4,0.1177190894896563,0.1249574124186983,0.1303419825636272,0.1957636458575573,0.1331381806318878,0.2628127948255782,0.1201801575322365,0.1203725930849897,0.0,0.0,0.4002511151772711,0.2030123905564649,0.1284742793542633,0.0,0.0,0.107801856299314,0.1107928153759955,0.4495075200611059,0.2409864650126749,0.4407062944096502,0.0964251386443999,0.3066235560992153,0.0,105,79,39,35,1,1
57052,0,0,2,20345,65,2,2,,0,0,0,3692161.160678,0,2,0,7,112,0,0,0,0,0,0,0,0,0,0,0,1,0,0,0,0,0,0,0,0,0,0,0,0,0,0,0,0,0,0,0,0,0,0,0,0,0,0,0,0,0,0,0,1,1,1,1,1,0,0,0,0,0,0,0,0,0,0,0,0,0,0,0,0,0,0,0,0,0,0,0,0,0,0,0,0,0,0,0,0,0,0,0,0,0,0,0,0,0,0,0,0,0,0,0,0,0,0,0,0,0,0,0,0,0,0,0,0,0,0,0,0,0,0,0,1,0,0,0,0,0,0,0,0,0,0,0,0,0,0,0,0,0,0,0,0,0,0,0,0,0,0,0,0,0,0,0,0,0,0,0,0,0,7,203.3986111111111,4,0.1209944534998858,0.1284341723326762,0.1339685603817336,0.2012104871721896,0.1368425586314087,0.2701251820801124,0.1235239972138999,0.1237217870085736,0.0,0.0,0.4113875256217389,0.2086609177455724,0.1320488910222724,0.0,0.0,0.110801287588576,0.0,0.462014418983944,0.2476915660959134,0.4529683119129186,0.0991080291608527,0.2363661859851286,0.0,105,81,39,36,1,1
56801,4,8,11,6779,37,5,2,4433.0,0,0,0,3692122.252353,1,11,0,7,112,0,0,0,0,0,0,0,0,0,0,0,1,0,0,0,0,0,0,0,0,0,0,0,0,0,0,0,0,0,0,0,0,0,0,0,0,0,0,0,0,0,0,0,1,1,1,1,1,0,0,0,0,0,0,0,0,0,0,0,0,0,0,0,0,0,0,0,0,0,0,0,0,0,0,0,0,0,0,0,0,0,0,0,0,0,0,0,0,0,0,0,0,0,0,0,0,0,0,0,0,0,0,0,0,0,0,0,0,0,0,0,0,0,0,0,1,0,0,0,0,0,0,0,0,0,0,0,0,0,0,0,0,0,0,0,0,0,0,0,0,0,0,0,0,0,0,0,0,0,0,0,0,0,7,509.01722222222224,4,0.1209944534998858,0.1284341723326762,0.1339685603817336,0.2012104871721896,0.1368425586314087,0.2701251820801124,0.1235239972138999,0.1237217870085736,0.0,0.0,0.4113875256217389,0.2086609177455724,0.1320488910222724,0.0,0.0,0.110801287588576,0.0,0.462014418983944,0.2476915660959134,0.4529683119129186,0.0991080291608527,0.2363661859851286,0.0,95,80,59,32,2,1
56742,4,4,19,3924,34,5,3,1064227.0,0,1,0,3704489.410373,2,19,0,7,112,0,0,0,0,0,0,0,0,0,0,0,1,0,0,0,0,0,0,0,0,0,0,0,0,0,0,0,0,0,0,0,0,0,0,0,0,0,0,0,0,0,0,0,1,1,1,1,1,0,0,0,0,0,0,0,0,0,0,0,0,0,0,0,0,0,0,0,0,0,0,0,0,0,0,0,0,0,0,0,0,0,0,0,0,0,0,0,0,0,0,0,0,0,0,0,0,0,0,0,0,0,0,0,0,0,0,0,0,0,0,0,0,0,0,0,1,0,0,0,0,0,0,0,0,0,0,0,0,0,0,0,0,0,0,0,0,0,0,0,0,0,0,0,0,0,0,0,0,0,0,0,0,0,7,633.0133333333333,4,0.1209944534998858,0.1284341723326762,0.1339685603817336,0.2012104871721896,0.1368425586314087,0.2701251820801124,0.1235239972138999,0.1237217870085736,0.0,0.0,0.4113875256217389,0.2086609177455724,0.1320488910222724,0.0,0.0,0.110801287588576,0.0,0.462014418983944,0.2476915660959134,0.4529683119129186,0.0991080291608527,0.2363661859851286,0.0,115,75,77,32,4,1
56808,1,10,9,105,6,3,2,1009526.0,0,1,0,3715827.062535,0,9,0,7,208,0,0,0,0,0,0,0,0,0,0,0,1,0,0,0,0,0,0,0,0,0,0,0,0,0,0,0,0,0,0,0,0,0,0,0,0,0,0,0,0,0,0,0,1,0,0,1,1,0,0,0,0,0,0,0,0,0,0,0,0,0,0,0,0,0,0,0,0,0,0,0,0,0,0,0,0,0,0,0,0,0,0,0,0,0,0,0,0,0,0,0,0,0,0,0,0,0,0,0,0,0,0,0,0,0,0,0,0,0,0,0,0,0,0,0,0,0,0,0,0,0,0,0,0,0,0,0,0,0,0,0,0,0,0,0,0,0,0,0,0,0,0,0,0,0,0,0,0,0,0,0,0,0,4,488.92333333333335,4,0.1244476039832885,0.13209965047194,0.137791988527912,0.2069529825589305,0.1407480099460721,0.1389172425389368,0.1270493402222173,0.1272527748865964,0.0,0.0,0.4231284194550903,0.214616046498487,0.1358175323002527,0.0,0.0,0.1139635277469522,0.0,0.4752001912908944,0.2547606194818991,0.4658959106581754,0.1019365467408442,0.2431120159449734,0.0,95,79,58,16,2,1
57040,1,0,9,24118,102,2,2,60919.0,0,0,0,3796672.516954,0,9,0,7,112,0,0,0,0,0,0,0,0,0,0,0,1,0,0,0,0,0,0,0,0,0,0,0,0,0,0,0,0,0,0,0,0,0,0,0,0,0,0,0,0,0,0,0,1,1,1,1,1,0,0,0,0,0,0,0,0,0,0,0,0,0,0,0,0,0,0,0,0,0,0,0,0,0,0,0,0,0,0,0,0,0,0,0,0,0,0,0,0,0,0,0,0,0,0,0,0,0,0,0,0,0,0,0,0,0,0,0,0,0,0,0,0,0,0,0,1,0,0,0,0,0,0,0,0,0,0,0,0,0,0,0,0,0,0,0,0,0,0,0,0,0,0,0,0,0,0,0,0,0,0,0,0,0,7,194.01527777777775,4,0.1209944534998858,0.1284341723326762,0.1339685603817336,0.2012104871721896,0.1368425586314087,0.2701251820801124,0.1235239972138999,0.1237217870085736,0.0,0.0,0.4113875256217389,0.2086609177455724,0.1320488910222724,0.0,0.0,0.110801287588576,0.0,0.462014418983944,0.2476915660959134,0.4529683119129186,0.0991080291608527,0.2363661859851286,0.0,104,77,40,24,0,1
56333,13,11,19,938,5,4,2,410374.0,0,2,0,3828247.309516,0,19,0,7,112,0,0,0,0,0,0,0,0,0,0,0,1,0,0,0,0,0,0,0,0,0,0,0,0,0,0,0,0,0,0,0,0,0,0,0,0,0,0,0,0,0,0,0,1,1,1,1,1,0,0,0,0,0,0,0,0,0,0,0,0,0,0,0,0,0,0,0,0,0,0,0,0,0,0,0,0,0,0,0,0,0,0,0,0,0,0,0,0,0,0,0,0,0,0,0,0,0,0,0,0,0,0,0,0,0,0,0,0,0,0,0,0,0,0,0,1,0,0,0,0,0,0,0,0,0,0,0,0,0,0,0,0,0,0,0,0,0,0,0,0,0,0,0,0,0,0,0,0,0,0,0,0,0,7,1098.9458333333334,4,0.1209944534998858,0.1284341723326762,0.1339685603817336,0.2012104871721896,0.1368425586314087,0.2701251820801124,0.1235239972138999,0.1237217870085736,0.0,0.0,0.4113875256217389,0.2086609177455724,0.1320488910222724,0.0,0.0,0.110801287588576,0.0,0.462014418983944,0.2476915660959134,0.4529683119129186,0.0991080291608527,0.2363661859851286,0.0,108,82,38,19,4,1
57020,3,9,22,1233,13,3,2,8891.0,0,1,0,4155548.695115,0,22,0,7,112,0,0,0,0,0,0,0,0,0,0,0,1,0,0,0,0,0,0,1,0,0,0,0,0,0,0,0,0,0,0,0,0,0,0,0,0,0,0,0,0,0,0,0,1,0,1,0,1,0,0,1,0,0,0,0,0,0,0,0,0,0,0,0,0,0,0,0,0,0,0,0,0,0,0,0,0,0,0,0,0,0,0,0,0,0,0,0,0,0,0,0,1,0,0,0,0,0,0,0,0,0,0,0,0,0,0,0,0,0,0,0,0,0,0,0,0,0,0,0,0,0,0,0,0,0,0,0,0,0,0,0,0,0,0,0,0,0,0,0,0,0,0,0,0,0,0,0,0,0,0,0,0,0,7,170.95833333333334,4,0.1209944534998858,0.1284341723326762,0.1339685603817336,0.2012104871721896,0.1368425586314087,0.2701251820801124,0.1235239972138999,0.1237217870085736,0.0,0.0,0.4113875256217389,0.2086609177455724,0.1320488910222724,0.0,0.0,0.110801287588576,0.0,0.462014418983944,0.2476915660959134,0.4529683119129186,0.0991080291608527,0.2363661859851286,0.0,103,121,37,10,4,1
56644,6,19,15,504,11,3,2,600013.0,1,2,0,4217286.42546,0,15,0,7,296,0,0,0,0,0,0,0,0,0,0,0,1,0,0,0,0,0,0,1,0,0,0,0,0,0,0,0,0,0,0,0,0,0,0,0,0,0,0,0,0,0,0,0,1,0,1,0,1,0,0,1,0,0,0,0,0,0,0,0,0,0,0,0,0,0,0,0,0,0,0,0,0,0,0,0,0,0,0,0,0,0,0,0,0,0,0,0,0,0,0,0,1,0,0,0,0,0,0,0,0,0,0,0,0,0,0,0,0,0,0,0,0,0,0,0,0,0,0,0,0,0,0,0,0,0,0,0,0,0,0,0,0,0,0,0,0,0,0,0,0,0,0,0,0,0,0,0,0,0,0,0,0,0,7,621.2441666666666,4,0.3712741200739171,0.1970515298053773,0.102771362518168,0.3087093846602207,0.1049760940996101,0.3108318802606155,0.0947590200356724,0.0949107506106139,0.0,0.0,0.4207838656139755,0.1600701445167411,0.101298725691333,0.0,0.0,0.0849990420274604,0.0873573377469273,0.3544253308890058,0.1900117434971461,0.347485786666649,0.1520575747672204,0.241764932684674,0.0,126,118,61,11,4,1
56819,0,0,1,18,1,2,2,,0,0,0,4226033.82484,0,1,0,7,112,0,0,0,0,0,0,0,0,0,0,0,0,0,0,0,0,0,0,0,0,0,0,0,0,0,0,0,0,0,0,0,0,0,0,0,0,0,0,0,0,0,0,0,0,0,0,0,1,0,0,0,0,0,0,0,0,0,0,0,0,0,0,0,0,0,0,0,0,0,0,0,0,0,0,0,0,0,0,0,0,0,0,0,0,0,0,0,0,0,0,0,0,0,0,0,0,0,0,0,0,0,0,0,0,0,0,0,0,0,0,0,0,0,0,0,0,0,0,0,0,0,0,0,0,0,0,0,0,0,0,0,0,0,0,0,0,0,0,0,0,0,0,0,0,0,0,0,0,0,0,0,0,0,1,340.02472222222224,4,0.1209944534998858,0.1284341723326762,0.1339685603817336,0.2012104871721896,0.1368425586314087,0.2701251820801124,0.1235239972138999,0.1237217870085736,0.0,0.0,0.4113875256217389,0.2086609177455724,0.1320488910222724,0.0,0.0,0.110801287588576,0.0,0.462014418983944,0.2476915660959134,0.4529683119129186,0.0991080291608527,0.2363661859851286,0.0,96,118,56,2,3,1
56825,2,0,2,569,7,2,2,5117.0,0,0,0,4247980.905826,0,2,0,7,273,0,0,0,0,0,0,0,0,0,0,0,1,0,0,0,0,0,0,0,0,0,0,0,0,0,0,0,0,0,0,0,0,0,0,0,0,0,0,0,0,0,0,0,1,0,0,0,1,0,0,0,0,0,0,0,0,0,0,0,0,0,0,0,0,0,0,0,0,0,0,0,0,0,0,0,0,0,0,0,0,0,0,0,0,0,0,0,0,0,0,0,0,0,0,0,0,0,0,0,0,0,0,0,0,0,0,0,0,0,0,0,0,0,0,0,0,0,0,0,0,0,0,0,0,0,0,0,0,0,0,0,0,0,0,0,0,0,0,0,0,0,0,0,0,0,0,0,0,0,0,0,0,0,3,331.30333333333334,4,0.0992054873935551,0.1053054441397432,0.1098431865564427,0.1649760288278881,0.1121996284335699,0.1107402015975701,0.1012795049189312,0.4057667050464834,0.0,0.0,0.3373038912645013,0.1710847683191986,0.1082692157757077,0.0,0.0,0.0908479308026175,0.0,0.3788137744528561,0.2030866856044871,0.3713967116451281,0.081260421888069,0.3876016132265518,0.3122383203540606,96,120,57,48,3,1
56995,0,0,4,56,6,2,2,,0,0,0,4252187.437702,0,4,0,7,6,0,0,0,0,0,0,0,0,0,0,0,0,0,0,0,0,0,0,0,0,0,0,0,0,0,0,0,0,0,0,0,0,0,0,0,0,0,0,0,0,0,0,0,0,1,1,0,1,0,0,0,0,0,0,0,0,0,0,0,0,0,0,0,0,0,0,0,0,0,0,0,0,0,0,0,0,0,0,0,0,0,0,0,0,0,0,0,0,0,0,0,0,0,0,0,0,0,0,0,0,0,0,0,0,0,0,0,0,0,0,0,0,0,0,0,1,0,0,0,0,0,0,0,0,0,0,0,0,0,0,0,0,0,0,0,0,0,0,0,0,0,0,0,0,0,0,0,0,0,0,0,0,0,4,192.51777777777775,4,1.0,0.0,0.0,0.0,0.0,0.0,0.0,0.0,0.0,0.0,0.0,0.0,0.0,0.0,0.0,0.0,0.0,0.0,0.0,0.0,0.0,0.0,0.0,124,118,37,10,2,1
56570,26,16,14,68,8,4,2,101.0,0,5,0,4433194.703776,2,14,0,7,229,0,0,0,0,0,0,0,0,0,0,0,1,0,0,0,0,0,0,1,0,0,0,0,0,0,0,0,0,0,0,0,0,0,0,0,0,0,0,0,0,0,0,0,1,1,0,0,1,0,0,1,0,0,0,0,0,0,0,0,0,0,0,0,0,0,0,0,0,0,0,0,0,0,0,0,0,0,0,0,0,0,0,0,0,0,0,0,0,0,0,0,1,0,0,0,0,0,0,0,0,0,0,0,0,0,0,0,0,0,0,0,0,0,0,0,1,0,0,0,0,0,0,0,0,0,0,0,0,0,0,0,0,0,0,0,0,0,0,0,0,0,0,0,0,0,0,0,0,0,0,0,0,0,8,691.2733333333333,4,0.0939792582689636,0.0997578641257679,0.1040565544274975,0.3125699037170666,0.1062888569501171,0.2098126279125816,0.0959440147939575,0.0960976428129196,0.0,0.0,0.3195344365026763,0.243107816667009,0.1025655017609884,0.0,0.0,0.0860619848399111,0.0,0.4485719298459227,0.1923879069480973,0.4397890227769904,0.2309386620530804,0.3671824318586182,0.0,139,125,59,0,0,1
56253,5,0,16,720,16,2,2,67.0,0,0,0,4509877.006067,0,16,0,7,270,0,0,0,0,0,0,0,0,0,0,0,1,0,0,0,0,0,0,1,0,0,0,0,0,0,0,0,0,0,0,0,0,0,0,0,0,0,0,0,0,0,0,0,1,0,0,0,1,0,0,1,0,0,0,0,0,0,0,0,0,0,0,0,0,0,0,0,0,0,0,0,0,0,0,0,0,0,0,0,0,0,0,0,0,0,0,0,0,0,0,0,1,0,0,0,0,0,0,0,0,0,0,0,0,0,0,0,0,0,0,0,0,0,0,0,0,0,0,0,0,0,0,0,0,0,0,0,0,0,0,0,0,0,0,0,0,0,0,0,0,0,0,0,0,0,0,0,0,0,0,0,0,0,6,844.4194444444445,4,0.1057676665825241,0.2245422384935646,0.1171090212578158,0.1758887544391072,0.1196213354989863,0.1180653714586177,0.1079788748520834,0.1081517733978543,0.0,0.0,0.3596156467305398,0.1824015708037229,0.2308618729907142,0.1147764255864513,0.0,0.0968572798470793,0.0,0.4038712983108641,0.2165203298195856,0.3959636165214759,0.0866355827124426,0.3443670243760602,0.3328920549574466,96,141,38,18,0,1
56795,3,6,20,1084,206,2,2,543038.0,0,0,0,4520212.355137,0,20,0,7,402,0,0,0,0,0,0,0,0,0,0,0,1,0,0,0,0,0,0,1,0,0,0,0,0,0,0,0,0,0,0,0,0,0,0,0,0,0,0,0,0,0,0,0,1,1,1,1,1,0,0,1,0,0,0,0,0,0,0,0,0,0,0,0,0,0,0,0,0,0,0,0,0,0,0,0,0,0,0,0,0,0,0,0,0,0,0,0,0,0,0,0,1,0,0,0,0,0,0,0,0,0,0,0,0,0,0,0,0,0,0,0,0,0,0,0,1,0,0,0,0,0,0,0,0,0,0,0,0,0,0,0,0,0,0,0,0,0,0,0,0,0,0,0,0,0,0,0,0,0,0,0,0,0,10,193.83694444444444,4,0.4597722842159693,0.0976085615111897,0.10181463569302,0.2293766431916308,0.1039988428229561,0.3079382609617184,0.0938768823061387,0.0940272003795069,0.0,0.0,0.3126500048256194,0.1585800076010473,0.2007114160933105,0.1995733519368243,0.1007989842573624,0.0842077626123881,0.0,0.3511258881914982,0.1882428720173627,0.3442509460912614,0.0753210145314159,0.2993928457001591,0.0,93,146,55,45,2,1
56745,2,2,8,20641,84,3,2,1059287.0,0,0,0,4611505.074224,0,8,0,7,112,0,0,0,0,0,0,0,0,0,0,0,0,0,0,0,0,0,0,0,0,0,0,0,0,0,0,0,0,0,0,0,0,0,0,0,0,0,0,0,0,0,0,0,0,1,1,1,1,0,0,0,0,0,0,0,0,0,0,0,0,0,0,0,0,0,0,0,0,0,0,0,0,0,0,0,0,0,0,0,0,0,0,0,0,0,0,0,0,0,0,0,0,0,0,0,0,0,0,0,0,0,0,0,0,0,0,0,0,0,0,0,0,0,0,0,1,0,0,0,0,0,0,0,0,0,0,0,0,0,0,0,0,0,0,0,0,0,0,0,0,0,0,0,0,0,0,0,0,0,0,0,0,0,5,369.8519444444444,4,0.1209944534998858,0.1284341723326762,0.1339685603817336,0.2012104871721896,0.1368425586314087,0.2701251820801124,0.1235239972138999,0.1237217870085736,0.0,0.0,0.4113875256217389,0.2086609177455724,0.1320488910222724,0.0,0.0,0.110801287588576,0.0,0.462014418983944,0.2476915660959134,0.4529683119129186,0.0991080291608527,0.2363661859851286,0.0,115,130,77,29,4,1
56732,0,0,4,13700,84,2,2,,0,0,0,4686349.996376,0,4,0,7,112,0,0,0,0,0,0,0,0,0,0,0,1,0,0,0,0,0,0,0,0,0,0,0,0,0,0,0,0,0,0,0,0,0,0,0,0,0,0,0,0,0,0,0,1,1,1,1,1,0,0,0,0,0,0,0,0,0,0,0,0,0,0,0,0,0,0,0,0,0,0,0,0,0,0,0,0,0,0,0,0,0,0,0,0,0,0,0,0,0,0,0,0,0,0,0,0,0,0,0,0,0,0,0,0,0,0,0,0,0,0,0,0,0,0,0,1,0,0,0,0,0,0,0,0,0,0,0,0,0,0,0,0,0,0,0,0,0,0,0,0,0,0,0,0,0,0,0,0,0,0,0,0,0,7,310.4511111111111,4,0.1209944534998858,0.1284341723326762,0.1339685603817336,0.2012104871721896,0.1368425586314087,0.2701251820801124,0.1235239972138999,0.1237217870085736,0.0,0.0,0.4113875256217389,0.2086609177455724,0.1320488910222724,0.0,0.0,0.110801287588576,0.0,0.462014418983944,0.2476915660959134,0.4529683119129186,0.0991080291608527,0.2363661859851286,0.0,118,149,71,26,3,1
56767,3,20,14,368,5,5,2,798777.0,0,1,0,4648366.037844,0,14,0,7,112,0,0,0,0,0,0,0,0,0,0,0,1,0,0,0,0,0,0,0,0,0,0,0,0,0,0,0,0,0,0,0,0,0,0,0,0,0,0,0,0,0,0,0,1,1,1,1,1,0,0,0,0,0,0,0,0,0,0,0,0,0,0,0,0,0,0,0,0,0,0,0,0,0,0,0,0,0,0,0,0,0,0,0,0,0,0,0,0,0,0,0,0,0,0,0,0,0,0,0,0,0,0,0,0,0,0,0,0,0,0,0,0,0,0,0,1,0,0,0,0,0,0,0,0,0,0,0,0,0,0,0,0,0,0,0,0,0,0,0,0,0,0,0,0,0,0,0,0,0,0,0,0,0,7,297.5547222222222,4,0.1209944534998858,0.1284341723326762,0.1339685603817336,0.2012104871721896,0.1368425586314087,0.2701251820801124,0.1235239972138999,0.1237217870085736,0.0,0.0,0.4113875256217389,0.2086609177455724,0.1320488910222724,0.0,0.0,0.110801287588576,0.0,0.462014418983944,0.2476915660959134,0.4529683119129186,0.0991080291608527,0.2363661859851286,0.0,101,131,62,21,0,1
56729,1,2,5,14871,71,4,2,1117669.0,0,0,0,4686372.29856,0,5,0,7,112,0,0,0,0,0,0,0,0,0,0,0,1,0,0,0,0,0,0,0,0,0,0,0,0,0,0,0,0,0,0,0,0,0,0,0,0,0,0,0,0,0,0,0,1,1,1,1,1,0,0,0,0,0,0,0,0,0,0,0,0,0,0,0,0,0,0,0,0,0,0,0,0,0,0,0,0,0,0,0,0,0,0,0,0,0,0,0,0,0,0,0,0,0,0,0,0,0,0,0,0,0,0,0,0,0,0,0,0,0,0,0,0,0,0,0,1,0,0,0,0,0,0,0,0,0,0,0,0,0,0,0,0,0,0,0,0,0,0,0,0,0,0,0,0,0,0,0,0,0,0,0,0,0,7,311.1025,4,0.1209944534998858,0.1284341723326762,0.1339685603817336,0.2012104871721896,0.1368425586314087,0.2701251820801124,0.1235239972138999,0.1237217870085736,0.0,0.0,0.4113875256217389,0.2086609177455724,0.1320488910222724,0.0,0.0,0.110801287588576,0.0,0.462014418983944,0.2476915660959134,0.4529683119129186,0.0991080291608527,0.2363661859851286,0.0,116,147,69,25,3,1
56426,5,30,7,200,1,4,2,1521538.0,1,2,0,4830081.472858,2,7,0,7,112,0,0,0,0,0,0,0,0,0,0,0,0,0,0,0,0,0,0,0,0,0,0,0,0,0,0,0,0,0,0,0,0,0,0,0,0,0,0,0,0,0,0,0,0,1,0,1,0,0,0,0,0,0,0,0,0,0,0,0,0,0,0,0,0,0,0,0,0,0,0,0,0,0,0,0,0,0,0,0,0,0,0,0,0,0,0,0,0,0,0,0,0,0,0,0,0,0,0,0,0,0,0,0,0,0,0,0,0,0,0,0,0,0,0,0,1,0,0,0,0,0,0,0,0,0,0,0,0,0,0,0,0,0,0,0,0,0,0,0,0,0,0,0,0,0,0,0,0,0,0,0,0,0,3,646.01,4,0.1209944534998858,0.1284341723326762,0.1339685603817336,0.2012104871721896,0.1368425586314087,0.2701251820801124,0.1235239972138999,0.1237217870085736,0.0,0.0,0.4113875256217389,0.2086609177455724,0.1320488910222724,0.0,0.0,0.110801287588576,0.0,0.462014418983944,0.2476915660959134,0.4529683119129186,0.0991080291608527,0.2363661859851286,0.0,99,140,31,0,1,1
56456,0,30,14,1551,16,4,2,,0,1,0,4859892.074121,1,14,0,7,112,0,0,0,0,0,0,0,0,0,0,0,1,0,0,0,0,0,0,0,0,0,0,0,0,0,0,0,0,0,0,0,0,0,0,0,0,0,0,0,0,0,0,0,1,1,1,1,1,0,0,0,0,0,0,0,0,0,0,0,0,0,0,0,0,0,0,0,0,0,0,0,0,0,0,0,0,0,0,0,0,0,0,0,0,0,0,0,0,0,0,0,0,0,0,0,0,0,0,0,0,0,0,0,0,0,0,0,0,0,0,0,0,0,0,0,1,0,0,0,0,0,0,0,0,0,0,0,0,0,0,0,0,0,0,0,0,0,0,0,0,0,0,0,0,0,0,0,0,0,0,0,0,0,7,450.5372222222222,4,0.1209944534998858,0.1284341723326762,0.1339685603817336,0.2012104871721896,0.1368425586314087,0.2701251820801124,0.1235239972138999,0.1237217870085736,0.0,0.0,0.4113875256217389,0.2086609177455724,0.1320488910222724,0.0,0.0,0.110801287588576,0.0,0.462014418983944,0.2476915660959134,0.4529683119129186,0.0991080291608527,0.2363661859851286,0.0,108,92,46,2,2,1
56694,8,8,12,951,409,4,2,143090.0,0,0,0,4921213.303922,0,12,0,7,154,0,0,0,0,0,0,0,0,0,0,0,1,0,0,0,0,0,0,1,0,0,0,0,0,0,0,0,0,0,0,0,0,0,0,0,0,0,0,0,0,0,0,0,1,1,1,1,1,0,0,1,0,0,0,0,0,0,0,0,0,0,0,0,0,0,0,0,0,0,0,0,0,0,0,0,0,0,0,0,0,0,0,0,0,0,0,0,0,0,0,0,1,0,0,0,0,0,0,0,0,0,0,0,0,0,0,0,0,0,0,0,0,0,0,0,1,0,0,0,0,0,0,0,0,0,0,0,0,0,0,0,0,0,0,0,0,0,0,0,0,0,0,0,0,0,0,0,0,0,0,0,0,0,10,350.91833333333335,4,0.1177190894896563,0.1249574124186983,0.1303419825636272,0.1957636458575573,0.1331381806318878,0.2628127948255782,0.1201801575322365,0.1203725930849897,0.0,0.0,0.4002511151772711,0.2030123905564649,0.1284742793542633,0.0,0.0,0.107801856299314,0.1107928153759955,0.4495075200611059,0.2409864650126749,0.4407062944096502,0.0964251386443999,0.3066235560992153,0.0,125,150,60,30,2,1
56779,0,0,3,25,1,2,2,,0,0,0,4995467.704504,0,3,0,7,84,0,0,0,0,0,0,0,0,0,0,0,1,0,0,0,0,0,0,0,0,0,0,0,0,0,0,0,0,0,0,0,0,0,0,0,0,0,0,0,0,0,0,0,1,1,0,0,0,0,0,0,0,0,0,0,0,0,0,0,0,0,0,0,0,0,0,0,0,0,0,0,0,0,0,0,0,0,0,0,0,0,0,0,0,0,0,0,0,0,0,0,0,0,0,0,0,0,0,0,0,0,0,0,0,0,0,0,0,0,0,0,0,0,0,0,1,0,0,0,0,0,0,0,0,0,0,0,0,0,0,0,0,0,0,0,0,0,0,0,0,0,0,0,0,0,0,0,0,0,0,0,0,0,4,183.4638888888889,4,0.0,0.0,0.2339453908380582,0.1756840035008401,0.0,0.2358558646777472,0.2157063547129466,0.2160517492643761,0.0,0.0,0.478929360705946,0.0,0.0,0.0,0.0,0.0,0.0,0.4034011543978438,0.4325365598651314,0.3955026778886399,0.1730694616047149,0.0,0.0,95,147,58,9,1,1
56765,8,5,13,873,90,2,2,256906.0,0,0,0,5009423.640905,0,13,0,7,53,0,0,0,0,0,0,0,0,0,0,0,1,0,0,0,0,0,0,0,0,0,0,0,0,0,0,0,0,0,0,0,0,0,0,0,0,0,0,0,0,0,0,0,1,0,0,0,1,0,0,0,0,0,0,0,0,0,0,0,0,0,0,0,0,0,0,0,0,0,0,0,0,0,0,0,0,0,0,0,0,0,0,0,0,0,0,0,0,0,0,0,0,0,0,0,0,0,0,0,0,0,0,0,0,0,0,0,0,0,0,0,0,0,0,0,0,0,0,0,0,0,0,0,0,0,0,0,0,0,0,0,0,0,0,0,0,0,0,0,0,0,0,0,0,0,0,0,0,0,0,0,0,0,3,193.61555555555557,4,0.0,0.0,0.2396043879204565,0.1799336929675735,0.0,0.2415610749633467,0.220924160576112,0.0,0.0,0.0,0.4905143714009673,0.0,0.0,0.0,0.0,0.0,0.0,0.4131591836011365,0.4429993568518083,0.4050696477367522,0.1772559068890817,0.0,0.0,100,151,62,3,0,1
55770,5,30,31,15929,154,4,4,1467519.0,0,3,0,5010767.085514,0,31,0,7,299,0,0,0,0,0,0,0,0,0,0,0,1,0,0,0,0,0,0,0,0,0,0,0,0,0,0,0,0,0,0,0,0,0,0,0,0,0,0,0,0,0,0,0,1,1,1,0,0,0,1,0,0,0,0,0,0,0,0,0,0,0,0,0,0,0,0,0,0,0,0,0,0,0,0,0,0,0,0,0,0,0,0,0,0,0,0,0,0,0,0,0,0,0,0,0,0,0,0,0,0,0,0,0,0,0,0,0,0,0,0,0,0,0,0,0,1,0,0,0,0,0,0,0,0,0,0,0,0,0,0,0,0,0,0,0,0,0,0,0,0,0,0,0,0,0,0,0,0,0,0,0,0,0,6,1993.9719444444445,4,0.0984552611328743,0.1045090878931087,0.1090125143297685,0.163728422949813,0.111351135977144,0.1099027458324268,0.1005135942192791,0.1006745391660987,0.0,0.0,0.3347530823959096,0.1697909660370087,0.1074504464613046,0.0,0.1079250604884809,0.1803218145599088,0.0,0.3759490534684743,0.5038771843456189,0.3685880810589862,0.080645902428953,0.2564469570408237,0.3098770660154655,22,138,32,0,1,1
56612,2,2,3,200,1,2,2,4325.0,1,1,0,5020961.897545,0,3,0,7,82,0,0,0,0,0,0,0,0,0,0,0,1,0,0,0,0,0,0,0,0,0,0,0,0,0,0,0,0,0,0,0,0,0,0,0,0,0,0,0,0,0,0,0,1,1,0,0,0,0,0,0,0,0,0,0,0,0,0,0,0,0,0,0,0,0,0,0,0,0,0,0,0,0,0,0,0,0,0,0,0,0,0,0,0,0,0,0,0,0,0,0,0,0,0,0,0,0,0,0,0,0,0,0,0,0,0,0,0,0,0,0,0,0,0,0,1,0,0,0,0,0,0,0,0,0,0,0,0,0,0,0,0,0,0,0,0,0,0,0,0,0,0,0,0,0,0,0,0,0,0,0,0,0,4,221.97,4,0.0,0.0,0.1714257341884174,0.128734142516787,0.1751032930022387,0.1728256522609353,0.1580609051253792,0.0,0.0,0.0,0.526410139921744,0.0,0.1689693315189631,0.0,0.0,0.1417809672640437,0.0,0.4433941110191067,0.316945322464332,0.4347125841270199,0.1268183118073036,0.2016356019370519,0.0,145,94,64,0,2,1
56519,14,30,39,216,1,5,2,2578.0,1,3,0,5027774.883716,0,39,0,7,115,0,0,0,0,0,0,0,0,0,0,0,1,0,0,0,0,0,0,0,0,0,0,0,0,0,0,0,0,0,0,0,0,0,0,0,0,0,0,0,0,0,0,0,0,1,0,1,0,0,0,0,0,1,0,0,0,0,0,0,0,0,0,0,0,0,0,0,0,0,0,0,0,0,0,0,0,0,0,0,0,0,0,0,0,0,0,0,0,0,0,0,0,0,0,0,0,0,0,0,0,0,0,0,0,0,0,0,0,0,0,0,0,0,0,0,1,0,0,0,0,0,0,0,0,0,0,0,0,0,0,0,0,0,0,0,0,0,0,0,0,0,0,0,0,0,0,0,0,0,0,0,0,0,5,598.1855555555555,4,0.1209944534998858,0.1284341723326762,0.1339685603817336,0.2012104871721896,0.1368425586314087,0.2701251820801124,0.1235239972138999,0.1237217870085736,0.0,0.0,0.4113875256217389,0.2086609177455724,0.1320488910222724,0.0,0.0,0.110801287588576,0.0,0.462014418983944,0.2476915660959134,0.4529683119129186,0.0991080291608527,0.2363661859851286,0.0,124,150,53,0,4,1
56523,6,0,4,164,76,2,2,4988.0,0,0,0,5036091.236024,0,4,0,7,130,0,0,0,0,0,0,0,0,0,0,0,1,0,0,0,0,0,0,0,0,0,0,0,0,0,0,0,0,0,0,0,0,0,0,0,0,0,0,0,0,0,0,0,1,1,0,0,0,0,0,0,0,0,0,0,0,0,0,0,0,0,0,0,0,0,0,0,0,0,0,0,0,0,0,0,0,0,0,0,0,0,0,0,0,0,0,0,0,0,0,0,0,0,0,0,0,0,0,0,0,0,0,0,0,0,0,0,0,0,0,0,0,0,0,0,1,0,0,0,0,0,0,0,0,0,0,0,0,0,0,0,0,0,0,0,0,0,0,0,0,0,0,0,0,0,0,0,0,0,0,0,0,0,4,593.7127777777778,4,0.2368438229243165,0.1257034495776297,0.1311201673905938,0.1969324196929841,0.1339330596878903,0.2643818742982349,0.1208976728964699,0.1210912573532399,0.0,0.0,0.4026407469649829,0.2042244417997406,0.1292413133741744,0.0,0.0,0.1084454691034235,0.0,0.4521912289079327,0.242425234063818,0.4433374570229,0.0970008286742381,0.2313406502505947,0.0,126,144,53,1,4,1
56477,15,17,16,200,1,4,2,2266.0,1,4,0,5051123.004931,1,16,0,7,177,0,0,0,0,0,0,0,0,0,0,0,1,0,0,0,0,0,0,0,0,0,0,0,0,0,0,0,0,0,0,0,0,0,0,0,0,0,0,0,0,0,0,0,1,1,0,1,0,0,0,0,0,0,0,0,0,0,0,0,0,0,0,0,0,0,0,0,0,0,0,0,0,0,0,0,0,0,0,0,0,0,0,0,0,0,0,0,0,0,0,0,0,0,0,0,0,0,0,0,0,0,0,0,0,0,0,0,0,0,0,0,0,0,0,0,1,0,0,0,0,0,0,0,0,0,0,0,0,0,0,0,0,0,0,0,0,0,0,0,0,0,0,0,0,0,0,0,0,0,0,0,0,0,5,599.8891666666667,4,0.1057859555391389,0.2245810655131131,0.1171292713198451,0.263878752715212,0.119642019981171,0.2361715737784255,0.1079975461627145,0.1081704746054671,0.0,0.0,0.3596778301479637,0.1824331110137198,0.1154508963891298,0.1147962723046004,0.0,0.0968740280523313,0.0995617948816272,0.4039411342530895,0.2165577697201359,0.3960320850963966,0.2599516902580549,0.3444265710576868,0.0,112,124,47,0,3,1
56691,0,2,2,8,1,3,2,,0,1,0,5065732.366005,0,2,0,7,118,0,0,0,0,0,0,0,0,0,0,0,1,0,0,0,0,0,0,0,0,0,0,0,0,0,0,0,0,0,0,0,0,0,0,0,0,0,0,0,0,0,0,0,1,1,0,0,0,0,0,0,0,0,0,0,0,0,0,0,0,0,0,0,0,0,0,0,0,0,0,0,0,0,0,0,0,0,0,0,0,0,0,0,0,0,0,0,0,0,0,0,0,0,0,0,0,0,0,0,0,0,0,0,0,0,0,0,0,0,0,0,0,0,0,0,1,0,0,0,0,0,0,0,0,0,0,0,0,0,0,0,0,0,0,0,0,0,0,0,0,0,0,0,0,0,0,0,0,0,0,0,0,0,4,313.9488888888889,4,0.1209944534998858,0.1284341723326762,0.1339685603817336,0.2012104871721896,0.1368425586314087,0.2701251820801124,0.1235239972138999,0.1237217870085736,0.0,0.0,0.4113875256217389,0.2086609177455724,0.1320488910222724,0.0,0.0,0.110801287588576,0.0,0.462014418983944,0.2476915660959134,0.4529683119129186,0.0991080291608527,0.2363661859851286,0.0,124,146,58,11,1,1
56679,0,9,4,26,3,4,2,,0,2,0,5080204.562568,0,4,0,7,197,0,0,0,0,0,0,0,0,0,0,0,0,0,0,0,0,0,0,1,0,0,0,0,0,0,0,0,0,0,0,0,0,0,0,0,0,0,0,0,0,0,0,0,0,1,0,0,0,0,0,1,0,0,0,0,0,0,0,0,0,0,0,0,0,0,0,0,0,0,0,0,0,0,0,0,0,0,0,0,0,0,0,0,0,0,0,0,0,0,0,0,1,0,0,0,0,0,0,0,0,0,0,0,0,0,0,0,0,0,0,0,0,0,0,0,1,0,0,0,0,0,0,0,0,0,0,0,0,0,0,0,0,0,0,0,0,0,0,0,0,0,0,0,0,0,0,0,0,0,0,0,0,0,5,334.84833333333336,4,0.1191882882505251,0.126516949417182,0.1319687219489033,0.1982068834595807,0.1347998181017043,0.1330464212788084,0.1216800717712342,0.1218749090251633,0.0,0.1061052134676159,0.4052464684798165,0.2055460964655034,0.1300777087797634,0.1293401484515992,0.0,0.1091472825541461,0.1121755704395053,0.4551176202949597,0.2439941081852283,0.4462065505232572,0.0976285772271066,0.3104503861454478,0.0,125,143,63,13,0,1
56557,18,30,22,200,1,5,1,699988.0,1,6,0,5079556.774938,0,22,0,7,112,0,0,0,0,0,0,0,0,0,0,0,1,0,0,0,0,0,0,0,0,0,0,0,0,0,0,0,0,0,0,0,0,0,0,0,0,0,0,0,0,0,0,0,1,1,0,0,0,0,0,0,0,0,0,0,0,0,0,0,0,0,0,0,0,0,0,0,0,0,0,0,0,0,0,0,0,0,0,0,0,0,0,0,0,0,0,0,0,0,0,0,0,0,0,0,0,0,0,0,0,0,0,0,0,0,0,0,0,0,0,0,0,0,0,0,1,0,0,0,0,0,0,0,0,0,0,0,0,0,0,0,0,0,0,0,0,0,0,0,0,0,0,0,0,0,0,0,0,0,0,0,0,0,4,537.2213888888889,4,0.1209944534998858,0.1284341723326762,0.1339685603817336,0.2012104871721896,0.1368425586314087,0.2701251820801124,0.1235239972138999,0.1237217870085736,0.0,0.0,0.4113875256217389,0.2086609177455724,0.1320488910222724,0.0,0.0,0.110801287588576,0.0,0.462014418983944,0.2476915660959134,0.4529683119129186,0.0991080291608527,0.2363661859851286,0.0,136,144,56,0,6,0
56625,0,6,4,12,1,3,2,,0,2,0,5080316.218499,0,4,0,7,151,0,0,0,0,0,0,0,0,0,0,0,0,0,0,0,0,0,0,0,0,0,0,0,0,0,0,0,0,0,0,0,0,0,0,0,0,0,0,0,0,0,0,0,0,1,0,0,0,0,0,0,0,0,0,0,0,0,0,0,0,0,0,0,0,0,0,0,0,0,0,0,0,0,0,0,0,0,0,0,0,0,0,0,0,0,0,0,0,0,0,0,0,0,0,0,0,0,0,0,0,0,0,0,0,0,0,0,0,0,0,0,0,0,0,0,1,0,0,0,0,0,0,0,0,0,0,0,0,0,0,0,0,0,0,0,0,0,0,0,0,0,0,0,0,0,0,0,0,0,0,0,0,0,2,453.41777777777776,4,0.1136656908462165,0.1206547780016168,0.1258539422840336,0.1890229540972496,0.128553859404949,0.2537634126850697,0.1160420174088171,0.1162278268653963,0.0,0.0,0.3864693459304288,0.196022104171729,0.1240505493380943,0.0,0.0,0.1040899358284856,0.1069779077896826,0.4340297145502862,0.3490329369986352,0.4255315397996732,0.093104950492511,0.2960656464880604,0.0,143,142,62,17,2,1
56487,12,30,16,321,1,5,2,12654.0,1,3,0,5089312.730878,0,16,0,7,112,0,0,0,0,0,0,0,0,0,0,0,1,0,0,0,0,0,0,0,0,0,0,0,0,0,0,0,0,0,0,0,0,0,0,0,0,0,0,0,0,0,0,0,1,1,0,0,0,0,0,0,0,0,0,0,0,0,0,0,0,0,0,0,0,0,0,0,0,0,0,0,0,0,0,0,0,0,0,0,0,0,0,0,0,0,0,0,0,0,0,0,0,0,0,0,0,0,0,0,0,0,0,0,0,0,0,0,0,0,0,0,0,0,0,0,1,0,0,0,0,0,0,0,0,0,0,0,0,0,0,0,0,0,0,0,0,0,0,0,0,0,0,0,0,0,0,0,0,0,0,0,0,0,4,602.2063888888889,4,0.1209944534998858,0.1284341723326762,0.1339685603817336,0.2012104871721896,0.1368425586314087,0.2701251820801124,0.1235239972138999,0.1237217870085736,0.0,0.0,0.4113875256217389,0.2086609177455724,0.1320488910222724,0.0,0.0,0.110801287588576,0.0,0.462014418983944,0.2476915660959134,0.4529683119129186,0.0991080291608527,0.2363661859851286,0.0,115,137,51,0,3,1
56718,0,22,73,8238,93,3,2,,0,2,0,5091216.874107,0,73,0,7,112,0,0,0,0,0,0,0,0,0,0,0,1,0,0,0,0,0,0,0,0,0,0,0,0,0,0,0,0,0,0,0,0,0,0,0,0,0,0,0,0,0,0,0,1,1,1,1,1,0,0,0,0,0,0,0,0,0,0,0,0,0,0,0,0,0,0,0,0,0,0,0,0,0,0,0,0,0,0,0,0,0,0,0,0,0,0,0,0,0,0,0,0,0,0,0,0,0,0,0,0,0,0,0,0,0,0,0,0,0,0,0,0,0,0,0,1,0,0,0,0,0,0,0,0,0,0,0,0,0,0,0,0,0,0,0,0,0,0,0,0,0,0,0,0,0,0,0,0,0,0,0,0,0,7,272.4658333333333,4,0.1209944534998858,0.1284341723326762,0.1339685603817336,0.2012104871721896,0.1368425586314087,0.2701251820801124,0.1235239972138999,0.1237217870085736,0.0,0.0,0.4113875256217389,0.2086609177455724,0.1320488910222724,0.0,0.0,0.110801287588576,0.0,0.462014418983944,0.2476915660959134,0.4529683119129186,0.0991080291608527,0.2363661859851286,0.0,111,137,64,30,3,1
56541,1,2,2,3,1,4,2,1962221.0,0,0,0,5113820.720032,1,2,0,7,53,0,0,0,0,0,0,0,0,0,0,0,1,0,0,0,0,0,0,0,0,0,0,0,0,0,0,0,0,0,0,0,0,0,0,0,0,0,0,0,0,0,0,0,1,1,0,0,0,0,0,0,0,0,0,0,0,0,0,0,0,0,0,0,0,0,0,0,0,0,0,0,0,0,0,0,0,0,0,0,0,0,0,0,0,0,0,0,0,0,0,0,0,0,0,0,0,0,0,0,0,0,0,0,0,0,0,0,0,0,0,0,0,0,0,0,1,0,0,0,0,0,0,0,0,0,0,0,0,0,0,0,0,0,0,0,0,0,0,0,0,0,0,0,0,0,0,0,0,0,0,0,0,0,4,545.0602777777777,4,0.0,0.0,0.2396043879204565,0.1799336929675735,0.0,0.2415610749633467,0.220924160576112,0.0,0.0,0.0,0.4905143714009673,0.0,0.0,0.0,0.0,0.0,0.0,0.4131591836011365,0.4429993568518083,0.4050696477367522,0.1772559068890817,0.0,0.0,129,133,48,1,5,0
55846,17,12,5,313,26,4,2,688583.0,0,2,0,5124155.340406,0,5,0,7,137,0,0,0,0,0,0,0,0,0,0,0,1,0,0,0,0,0,0,0,0,0,0,0,0,0,0,0,0,0,0,0,0,0,0,0,0,0,0,0,0,0,0,0,1,1,1,0,0,0,0,0,0,0,0,0,0,0,0,0,0,0,0,0,0,0,0,0,0,0,0,0,0,0,0,0,0,0,0,0,0,0,0,0,0,0,0,0,0,0,0,0,0,0,0,0,0,0,0,0,0,0,0,0,0,0,0,0,0,0,0,0,0,0,0,0,1,0,0,0,0,0,0,0,0,0,0,0,0,0,0,0,0,0,0,0,0,0,0,0,0,0,0,0,0,0,0,0,0,0,0,0,0,0,5,1812.4647222222225,4,0.1209944534998858,0.1284341723326762,0.1339685603817336,0.2012104871721896,0.1368425586314087,0.2701251820801124,0.1235239972138999,0.1237217870085736,0.0,0.0,0.4113875256217389,0.2086609177455724,0.1320488910222724,0.0,0.0,0.110801287588576,0.0,0.462014418983944,0.2476915660959134,0.4529683119129186,0.0991080291608527,0.2363661859851286,0.0,37,130,37,2,1,1
55580,1,5,2,58,10,3,2,1931302.0,0,1,0,5124379.504322,0,2,0,7,185,0,0,0,0,0,0,0,0,0,0,0,1,0,1,0,0,0,0,0,0,0,0,0,0,0,0,0,0,0,0,0,0,0,0,0,0,0,0,0,0,0,0,0,1,1,0,0,0,0,0,0,1,0,0,0,0,0,0,0,0,0,0,0,0,0,0,0,0,0,0,0,0,0,0,0,0,0,0,0,0,0,0,0,0,0,0,0,0,0,0,0,0,0,0,0,0,0,0,0,0,0,0,0,0,0,0,0,0,0,0,0,0,0,0,0,1,0,0,0,0,0,0,0,0,0,0,0,0,0,0,0,0,0,0,0,0,0,0,0,0,0,0,0,0,0,0,0,0,0,0,0,0,0,6,2399.369722222222,4,0.0,0.1833009209611298,0.1911995853735946,0.1435835453128716,0.0,0.0,0.176293131639914,0.0,0.0,0.1537278873462144,0.3914208134735384,0.0,0.0,0.1873912423405904,0.0,0.0,0.0,0.3296928962087918,0.3535047671120023,0.3232376058171626,0.1414467247296993,0.1124470712330317,0.543500596268366,3,129,3,1,5,0
56562,1,30,12,200,1,3,2,1685601.0,1,5,0,5298821.139203,0,12,0,7,112,0,0,0,0,0,0,0,0,0,0,0,1,0,0,0,0,0,0,0,0,0,0,0,0,0,0,0,0,0,0,0,0,0,0,0,0,0,0,0,0,0,0,0,1,1,0,1,0,0,0,0,0,0,0,0,0,0,0,0,0,0,0,0,0,0,0,0,0,0,0,0,0,0,0,0,0,0,0,0,0,0,0,0,0,0,0,0,0,0,0,0,0,0,0,0,0,0,0,0,0,0,0,0,0,0,0,0,0,0,0,0,0,0,0,0,1,0,0,0,0,0,0,0,0,0,0,0,0,0,0,0,0,0,0,0,0,0,0,0,0,0,0,0,0,0,0,0,0,0,0,0,0,0,5,468.615,4,0.1209944534998858,0.1284341723326762,0.1339685603817336,0.2012104871721896,0.1368425586314087,0.2701251820801124,0.1235239972138999,0.1237217870085736,0.0,0.0,0.4113875256217389,0.2086609177455724,0.1320488910222724,0.0,0.0,0.110801287588576,0.0,0.462014418983944,0.2476915660959134,0.4529683119129186,0.0991080291608527,0.2363661859851286,0.0,139,118,59,0,6,0
56552,6,30,6,200,1,4,3,13105.0,1,2,0,5301155.293804,0,6,0,7,112,0,0,0,0,0,0,0,0,0,0,0,1,0,0,0,0,0,0,0,0,0,0,0,0,0,0,0,0,0,0,0,0,0,0,0,0,0,0,0,0,0,0,0,0,1,0,1,0,0,0,0,0,1,0,0,0,0,0,0,0,0,0,0,0,0,0,0,0,0,0,0,0,0,0,0,0,0,0,0,0,0,0,0,0,0,0,0,0,0,0,0,0,0,0,0,0,0,0,0,0,0,0,0,0,0,0,0,0,0,0,0,0,0,0,0,1,0,0,0,0,0,0,0,0,0,0,0,0,0,0,0,0,0,0,0,0,0,0,0,0,0,0,0,0,0,0,0,0,0,0,0,0,0,5,478.6283333333334,4,0.1209944534998858,0.1284341723326762,0.1339685603817336,0.2012104871721896,0.1368425586314087,0.2701251820801124,0.1235239972138999,0.1237217870085736,0.0,0.0,0.4113875256217389,0.2086609177455724,0.1320488910222724,0.0,0.0,0.110801287588576,0.0,0.462014418983944,0.2476915660959134,0.4529683119129186,0.0991080291608527,0.2363661859851286,0.0,132,115,52,0,6,0
56452,3,22,8,210,1,4,2,21.0,1,4,0,5329792.674698,1,8,0,7,126,0,0,0,0,0,0,0,0,0,0,0,1,0,0,0,0,0,0,0,0,0,0,0,0,0,0,0,0,0,0,0,0,0,0,0,0,0,0,0,0,0,0,0,0,1,0,1,0,0,0,0,0,1,0,0,0,0,0,0,0,0,0,0,0,0,0,0,0,0,0,0,0,0,0,0,0,0,0,0,0,0,0,0,0,0,0,0,0,0,0,0,0,0,0,0,0,0,0,0,0,0,0,0,0,0,0,0,0,0,0,0,0,0,0,0,1,0,0,0,0,0,0,0,0,0,0,0,0,0,0,0,0,0,0,0,0,0,0,0,0,0,0,0,0,0,0,0,0,0,0,0,0,0,5,563.1680555555556,4,0.1209944534998858,0.1284341723326762,0.1339685603817336,0.2012104871721896,0.1368425586314087,0.2701251820801124,0.1235239972138999,0.1237217870085736,0.0,0.0,0.4113875256217389,0.2086609177455724,0.1320488910222724,0.0,0.0,0.110801287588576,0.0,0.462014418983944,0.2476915660959134,0.4529683119129186,0.0991080291608527,0.2363661859851286,0.0,106,114,43,0,2,1
56724,0,6,8,6941,64,2,2,,1,2,0,5382129.80092,0,8,0,7,112,0,0,0,0,0,0,0,0,0,0,0,1,0,0,0,0,0,0,0,0,0,0,0,0,0,0,0,0,0,0,0,0,0,0,0,0,0,0,0,0,0,0,0,1,1,1,1,1,0,0,0,0,0,0,0,0,0,0,0,0,0,0,0,0,0,0,0,0,0,0,0,0,0,0,0,0,0,0,0,0,0,0,0,0,0,0,0,0,0,0,0,0,0,0,0,0,0,0,0,0,0,0,0,0,0,0,0,0,0,0,0,0,0,0,0,1,0,0,0,0,0,0,0,0,0,0,0,0,0,0,0,0,0,0,0,0,0,0,0,0,0,0,0,0,0,0,0,0,0,0,0,0,0,7,187.00194444444443,4,0.1209944534998858,0.1284341723326762,0.1339685603817336,0.2012104871721896,0.1368425586314087,0.2701251820801124,0.1235239972138999,0.1237217870085736,0.0,0.0,0.4113875256217389,0.2086609177455724,0.1320488910222724,0.0,0.0,0.110801287588576,0.0,0.462014418983944,0.2476915660959134,0.4529683119129186,0.0991080291608527,0.2363661859851286,0.0,111,109,64,19,3,1
56627,0,8,3,90,4,3,2,,0,1,0,5383347.55097,0,3,0,7,131,0,0,0,0,0,0,0,0,0,0,0,0,0,0,0,0,0,0,0,0,0,0,0,0,0,0,0,0,0,0,0,0,0,0,0,0,0,0,0,0,0,0,0,0,0,0,0,0,0,0,0,0,0,1,0,0,0,0,0,0,0,0,0,0,0,0,0,0,0,0,0,0,0,0,0,0,0,0,0,0,0,0,0,0,0,0,0,0,0,0,0,0,0,0,0,0,0,0,0,0,0,0,0,0,0,0,0,0,0,0,0,0,0,0,0,0,0,0,0,0,0,0,0,0,0,0,0,0,0,0,0,0,0,0,0,0,0,0,0,0,0,0,0,0,0,0,0,0,0,0,0,0,0,1,358.6311111111111,4,0.0,0.0,0.1402891666504968,0.1053517761417094,0.1432987594852116,0.1414348134269408,0.129351831363257,0.0,0.0,0.0,0.4307966956981108,0.2185054924800515,0.1382789277264095,0.0,0.0,0.1160288671857878,0.0,0.4838121543971484,0.2593775979598423,0.4743392540479231,0.103783923479743,0.3300238519816306,0.0,145,108,62,5,3,1
56438,2,17,10,200,1,5,2,32433.0,1,2,0,5422289.882333,0,10,0,7,83,0,0,0,0,0,0,0,0,0,0,0,1,0,0,0,0,0,0,0,0,0,0,0,0,0,0,0,0,0,0,0,0,0,0,0,0,0,0,0,0,0,0,0,0,1,0,1,0,0,0,0,0,1,0,0,0,0,0,0,0,0,0,0,0,0,0,0,0,0,0,0,0,0,0,0,0,0,0,0,0,0,0,0,0,0,0,0,0,0,0,0,0,0,0,0,0,0,0,0,0,0,0,0,0,0,0,0,0,0,0,0,0,0,0,0,1,0,0,0,0,0,0,0,0,0,0,0,0,0,0,0,0,0,0,0,0,0,0,0,0,0,0,0,0,0,0,0,0,0,0,0,0,0,5,545.4333333333333,4,0.1530811544786487,0.1624938235306327,0.1694958842646261,0.2545697986855173,0.0,0.341760085115123,0.1562815116920961,0.1565317536596981,0.0,0.0,0.3469893345722655,0.2639960201406812,0.0,0.0,0.0,0.0,0.0,0.4384025378728062,0.3133772647902634,0.4298187445216629,0.1253906363737676,0.0996828300352699,0.0,102,104,35,0,2,1
56554,5,17,3,200,1,2,2,984567.0,1,1,0,5460091.275337,0,3,0,7,112,0,0,0,0,0,0,0,0,0,0,0,1,0,0,0,0,0,0,0,0,0,0,0,0,0,0,0,0,0,0,0,0,0,0,0,0,0,0,0,0,0,0,0,1,1,0,1,0,0,0,0,0,0,0,0,0,0,0,0,0,0,0,0,0,0,0,0,0,0,0,0,0,0,0,0,0,0,0,0,0,0,0,0,0,0,0,0,0,0,0,0,0,0,0,0,0,0,0,0,0,0,0,0,0,0,0,0,0,0,0,0,0,0,0,0,1,0,0,0,0,0,0,0,0,0,0,0,0,0,0,0,0,0,0,0,0,0,0,0,0,0,0,0,0,0,0,0,0,0,0,0,0,0,5,415.5213888888889,4,0.1209944534998858,0.1284341723326762,0.1339685603817336,0.2012104871721896,0.1368425586314087,0.2701251820801124,0.1235239972138999,0.1237217870085736,0.0,0.0,0.4113875256217389,0.2086609177455724,0.1320488910222724,0.0,0.0,0.110801287588576,0.0,0.462014418983944,0.2476915660959134,0.4529683119129186,0.0991080291608527,0.2363661859851286,0.0,133,98,53,0,6,0
56575,4,24,5,210,1,4,2,7074.0,1,1,0,5573397.246192,0,5,0,7,87,0,0,0,0,0,0,0,0,0,0,0,1,0,0,0,0,0,0,0,0,0,0,0,0,0,0,0,0,0,0,0,0,0,0,0,0,0,0,0,0,0,0,0,0,1,0,1,0,0,0,0,0,1,0,0,0,0,0,0,0,0,0,0,0,0,0,0,0,0,0,0,0,0,0,0,0,0,0,0,0,0,0,0,0,0,0,0,0,0,0,0,0,0,0,0,0,0,0,0,0,0,0,0,0,0,0,0,0,0,0,0,0,0,0,0,1,0,0,0,0,0,0,0,0,0,0,0,0,0,0,0,0,0,0,0,0,0,0,0,0,0,0,0,0,0,0,0,0,0,0,0,0,0,5,372.56111111111113,4,0.0,0.0,0.237260337078522,0.1781734008120181,0.0,0.2391978818429669,0.2187628584852086,0.0,0.0,0.0,0.4857156670231279,0.0,0.0,0.0,0.0,0.0,0.0,0.4091172453854861,0.4386654920823966,0.4011068494881046,0.1755218115271922,0.1395360244746963,0.0,139,102,61,0,0,1
56470,6,30,39,208,1,6,2,64495.0,2,1,0,5606372.377744,1,39,0,7,112,0,0,0,0,0,0,0,0,0,0,0,1,0,0,0,0,0,0,0,0,0,0,0,0,0,0,0,0,0,0,0,0,0,0,0,0,0,0,0,0,0,0,0,1,1,0,1,0,0,0,0,0,0,0,0,0,0,0,0,0,0,0,0,0,0,0,0,0,0,0,0,0,0,0,0,0,0,0,0,0,0,0,0,0,0,0,0,0,0,0,0,0,0,0,0,0,0,0,0,0,0,0,0,0,0,0,0,0,0,0,0,0,0,0,0,1,0,0,0,0,0,0,0,0,0,0,0,0,0,0,0,0,0,0,0,0,0,0,0,0,0,0,0,0,0,0,0,0,0,0,0,0,0,5,477.4144444444444,4,0.1209944534998858,0.1284341723326762,0.1339685603817336,0.2012104871721896,0.1368425586314087,0.2701251820801124,0.1235239972138999,0.1237217870085736,0.0,0.0,0.4113875256217389,0.2086609177455724,0.1320488910222724,0.0,0.0,0.110801287588576,0.0,0.462014418983944,0.2476915660959134,0.4529683119129186,0.0991080291608527,0.2363661859851286,0.0,109,105,44,0,2,1
56653,5,30,27,249,1,5,1,7648.0,1,4,0,5621147.566993,2,27,0,7,143,0,0,0,0,0,0,0,0,0,0,0,1,0,0,0,0,0,0,0,0,0,0,0,0,0,0,0,0,0,0,0,0,0,0,0,0,0,0,0,0,0,0,0,0,1,0,0,0,0,0,0,0,1,0,0,0,0,0,0,0,0,0,0,0,0,0,0,0,0,0,0,0,0,0,0,0,0,0,0,0,0,0,0,0,0,0,0,0,0,0,0,0,0,0,0,0,0,0,0,0,0,0,0,0,0,0,0,0,0,0,0,0,0,0,0,1,0,0,0,0,0,0,0,0,0,0,0,0,0,0,0,0,0,0,0,0,0,0,0,0,0,0,0,0,0,0,0,0,0,0,0,0,0,4,246.11277777777775,4,0.1158250080750636,0.1229468675401751,0.1282448008084402,0.192613839951997,0.1309960084948046,0.2585841787841669,0.118246477924524,0.1184358172198601,0.0,0.0,0.3938111384350632,0.2996189302535333,0.1264071486464652,0.0,0.0,0.2121346831768016,0.0,0.4422750156036007,0.2371090311442367,0.4336154002721392,0.0948736735099204,0.2262675239111299,0.0,127,106,63,0,5,0
56432,9,30,13,206,1,5,1,34657.0,1,0,0,5628593.60768,2,13,0,7,112,0,0,0,0,0,0,0,0,0,0,0,1,0,0,0,0,0,0,0,0,0,0,0,0,0,0,0,0,0,0,0,0,0,0,0,0,0,0,0,0,0,0,0,1,1,0,1,0,0,0,0,0,0,0,0,0,0,0,0,0,0,0,0,0,0,0,0,0,0,0,0,0,0,0,0,0,0,0,0,0,0,0,0,0,0,0,0,0,0,0,0,0,0,0,0,0,0,0,0,0,0,0,0,0,0,0,0,0,0,0,0,0,0,0,0,1,0,0,0,0,0,0,0,0,0,0,0,0,0,0,0,0,0,0,0,0,0,0,0,0,0,0,0,0,0,0,0,0,0,0,0,0,0,5,489.1961111111111,4,0.1209944534998858,0.1284341723326762,0.1339685603817336,0.2012104871721896,0.1368425586314087,0.2701251820801124,0.1235239972138999,0.1237217870085736,0.0,0.0,0.4113875256217389,0.2086609177455724,0.1320488910222724,0.0,0.0,0.110801287588576,0.0,0.462014418983944,0.2476915660959134,0.4529683119129186,0.0991080291608527,0.2363661859851286,0.0,100,102,33,0,2,1
56536,7,11,4,200,1,2,2,1149416.0,1,2,0,5696803.644242,0,4,0,7,116,0,0,0,0,0,0,0,0,0,0,0,1,0,0,0,0,0,0,0,0,0,0,0,0,0,0,0,0,0,0,0,0,0,0,0,0,0,0,0,0,0,0,0,1,1,0,1,0,0,0,0,0,0,0,0,0,0,0,0,0,0,0,0,0,0,0,0,0,0,0,0,0,0,0,0,0,0,0,0,0,0,0,0,0,0,0,0,0,0,0,0,0,0,0,0,0,0,0,0,0,0,0,0,0,0,0,0,0,0,0,0,0,0,0,0,1,0,0,0,0,0,0,0,0,0,0,0,0,0,0,0,0,0,0,0,0,0,0,0,0,0,0,0,0,0,0,0,0,0,0,0,0,0,5,395.4408333333334,4,0.1209944534998858,0.1284341723326762,0.1339685603817336,0.2012104871721896,0.1368425586314087,0.2701251820801124,0.1235239972138999,0.1237217870085736,0.0,0.0,0.4113875256217389,0.2086609177455724,0.1320488910222724,0.0,0.0,0.110801287588576,0.0,0.462014418983944,0.2476915660959134,0.4529683119129186,0.0991080291608527,0.2363661859851286,0.0,126,105,46,0,5,0
56561,0,30,13,200,1,4,0,,1,2,0,5699933.779583,0,13,0,7,116,0,0,0,0,0,0,0,0,0,0,0,1,0,0,0,0,0,0,0,0,0,0,0,0,0,0,0,0,0,0,0,0,0,0,0,0,0,0,0,0,0,0,0,1,1,0,1,0,0,0,0,0,0,0,0,0,0,0,0,0,0,0,0,0,0,0,0,0,0,0,0,0,0,0,0,0,0,0,0,0,0,0,0,0,0,0,0,0,0,0,0,0,0,0,0,0,0,0,0,0,0,0,0,0,0,0,0,0,0,0,0,0,0,0,0,1,0,0,0,0,0,0,0,0,0,0,0,0,0,0,0,0,0,0,0,0,0,0,0,0,0,0,0,0,0,0,0,0,0,0,0,0,0,5,358.70916666666665,4,0.1209944534998858,0.1284341723326762,0.1339685603817336,0.2012104871721896,0.1368425586314087,0.2701251820801124,0.1235239972138999,0.1237217870085736,0.0,0.0,0.4113875256217389,0.2086609177455724,0.1320488910222724,0.0,0.0,0.110801287588576,0.0,0.462014418983944,0.2476915660959134,0.4529683119129186,0.0991080291608527,0.2363661859851286,0.0,138,104,58,0,6,0
56495,3,4,4,200,1,4,2,70184.0,1,0,0,5701245.146709,1,4,0,7,112,0,0,0,0,0,0,0,0,0,0,0,1,0,0,0,0,0,0,0,0,0,0,0,0,0,0,0,0,0,0,0,0,0,0,0,0,0,0,0,0,0,0,0,1,1,0,1,0,0,0,0,0,0,0,0,0,0,0,0,0,0,0,0,0,0,0,0,0,0,0,0,0,0,0,0,0,0,0,0,0,0,0,0,0,0,0,0,0,0,0,0,0,0,0,0,0,0,0,0,0,0,0,0,0,0,0,0,0,0,0,0,0,0,0,0,1,0,0,0,0,0,0,0,0,0,0,0,0,0,0,0,0,0,0,0,0,0,0,0,0,0,0,0,0,0,0,0,0,0,0,0,0,0,5,312.4683333333333,4,0.1209944534998858,0.1284341723326762,0.1339685603817336,0.2012104871721896,0.1368425586314087,0.2701251820801124,0.1235239972138999,0.1237217870085736,0.0,0.0,0.4113875256217389,0.2086609177455724,0.1320488910222724,0.0,0.0,0.110801287588576,0.0,0.462014418983944,0.2476915660959134,0.4529683119129186,0.0991080291608527,0.2363661859851286,0.0,116,96,54,0,3,1
56670,8,7,9,79,7,2,2,2865.0,0,5,0,5712638.036621,1,9,0,7,162,0,0,0,0,0,0,0,0,0,0,0,0,0,0,0,0,0,0,0,0,0,0,0,0,0,0,0,0,0,0,0,0,0,0,0,0,0,0,0,0,0,0,0,0,0,0,0,1,0,0,0,0,0,0,0,0,0,0,0,0,0,0,0,0,0,0,0,0,0,0,0,0,0,0,0,0,0,0,0,0,0,0,0,0,0,0,0,0,0,0,0,0,0,0,0,0,0,0,0,0,0,0,0,0,0,0,0,0,0,0,0,0,0,0,0,0,0,0,0,0,0,0,0,0,0,0,0,0,0,0,0,0,0,0,0,0,0,0,0,0,0,0,0,0,0,0,0,0,0,0,0,0,0,1,178.92333333333335,4,0.2104717804728051,0.2234132899689898,0.1165202230982785,0.262506637246214,0.1190199059812026,0.2349435299651795,0.1074359810416924,0.1076080102919602,0.0,0.0,0.3578075790969658,0.1814844962006526,0.1148505753734542,0.0,0.0,0.0963703029472707,0.0,0.4018407230863313,0.2154317136708814,0.3939727993653975,0.2585999947095308,0.3426356234303414,0.0,130,101,61,19,0,1
56558,7,30,5,200,1,4,2,431336.0,1,3,0,5719549.361912,1,5,0,7,112,0,0,0,0,0,0,0,0,0,0,0,1,0,0,0,0,0,0,0,0,0,0,0,0,0,0,0,0,0,0,0,0,0,0,0,0,0,0,0,0,0,0,0,0,1,0,1,0,0,0,0,0,1,0,0,0,0,0,0,0,0,0,0,0,0,0,0,0,0,0,0,0,0,0,0,0,0,0,0,0,0,0,0,0,0,0,0,0,0,0,0,0,0,0,0,0,0,0,0,0,0,0,0,0,0,0,0,0,0,0,0,0,0,0,0,1,0,0,0,0,0,0,0,0,0,0,0,0,0,0,0,0,0,0,0,0,0,0,0,0,0,0,0,0,0,0,0,0,0,0,0,0,0,5,356.9144444444444,4,0.1209944534998858,0.1284341723326762,0.1339685603817336,0.2012104871721896,0.1368425586314087,0.2701251820801124,0.1235239972138999,0.1237217870085736,0.0,0.0,0.4113875256217389,0.2086609177455724,0.1320488910222724,0.0,0.0,0.110801287588576,0.0,0.462014418983944,0.2476915660959134,0.4529683119129186,0.0991080291608527,0.2363661859851286,0.0,137,99,57,0,6,0
56574,0,0,1,2,1,2,2,,1,0,0,5813516.269973,0,1,0,7,7,0,0,0,0,0,0,0,0,0,0,0,0,0,0,0,0,0,0,0,0,0,0,0,0,0,0,0,0,0,0,0,0,0,0,0,0,0,0,0,0,0,0,0,0,0,0,0,0,0,0,0,0,0,0,0,0,0,0,0,0,0,0,0,0,0,0,0,0,0,0,0,0,0,0,0,0,0,0,0,0,0,0,0,0,0,0,0,0,0,0,0,0,0,0,0,0,0,0,0,0,0,0,0,0,0,0,0,0,0,0,0,0,0,0,0,0,0,0,0,0,0,0,0,0,0,0,0,0,0,0,0,0,0,0,0,0,0,0,0,0,0,0,0,0,0,0,0,0,0,0,0,0,0,0,306.8988888888889,4,0.0,0.0,0.0,0.0,0.0,0.0,0.0,0.0,0.0,0.0,0.0,0.0,0.0,0.0,0.0,0.0,0.8223548294979172,0.0,0.0,0.0,0.0,0.5689749857431797,0.0,139,95,60,35,0,1
56607,0,0,1,16,1,2,2,,0,0,0,5873307.443609,0,1,0,7,218,0,0,0,0,0,0,0,0,0,0,0,0,0,0,0,0,0,0,0,0,0,0,0,0,0,0,0,0,0,0,0,0,0,0,0,0,0,0,0,0,0,0,0,0,1,0,0,0,0,0,0,0,0,0,0,0,0,0,0,0,0,0,0,0,0,0,0,0,0,0,0,0,0,0,0,0,0,0,0,0,0,0,0,0,0,0,0,0,0,0,0,0,0,0,0,0,0,0,0,0,0,0,0,0,0,0,0,0,0,0,0,0,0,0,0,1,0,0,0,0,0,0,0,0,0,0,0,0,0,0,0,0,0,0,0,0,0,0,0,0,0,0,0,0,0,0,0,0,0,0,0,0,0,2,236.69222222222223,4,0.0,0.0,0.1273103694378446,0.0956051979048992,0.1300415309722172,0.1283500271522405,0.1173848974336302,0.0,0.0,0.0,0.3909417084112032,0.2974358138551431,0.1254861069791369,0.124774581729255,0.1260403854260813,0.105294502060006,0.0,0.439052462748394,0.3530720718703262,0.4304559440584493,0.1883647890336697,0.2994918247946778,0.0,143,89,63,8,1,1
56603,0,2,2,4,1,4,2,,0,0,0,5953972.515158,0,2,0,7,131,0,0,0,0,0,0,0,0,0,0,0,1,0,1,0,0,0,0,0,0,0,0,0,0,0,0,0,0,0,0,0,0,0,0,0,0,0,0,0,0,0,0,0,1,1,0,0,0,0,0,0,1,0,0,0,0,0,0,0,0,0,0,0,0,0,0,0,0,0,0,0,0,0,0,0,0,0,0,0,0,0,0,0,0,0,0,0,0,0,0,0,0,0,0,0,0,0,0,0,0,0,0,0,0,0,0,0,0,0,0,0,0,0,0,0,1,0,0,0,0,0,0,0,0,0,0,0,0,0,0,0,0,0,0,0,0,0,0,0,0,0,0,0,0,0,0,0,0,0,0,0,0,0,6,244.0036111111111,4,0.1174623198799967,0.1246848545340772,0.130057679821139,0.1953366449764742,0.1328477788047938,0.2622395459240325,0.119918019825666,0.1201100356367956,0.0,0.0,0.3993780849571476,0.2025695786683911,0.1281940504576238,0.0,0.1287602900271323,0.1075667182203282,0.0,0.4485270514645043,0.2404608238373752,0.4397450231011422,0.0962148155326733,0.3059547468928805,0.0,144,89,68,15,1,1
56446,2,7,3,200,1,3,2,292087.0,1,2,0,5954753.305295,0,3,0,7,156,0,0,0,0,0,0,0,0,0,0,0,1,0,0,0,0,0,0,0,0,0,0,0,0,0,0,0,0,0,0,0,0,0,0,0,0,0,0,0,0,0,0,0,1,1,0,1,0,0,0,0,0,0,0,0,0,0,0,0,0,0,0,0,0,0,0,0,0,0,0,0,0,0,0,0,0,0,0,0,0,0,0,0,0,0,0,0,0,0,0,0,0,0,0,0,0,0,0,0,0,0,0,0,0,0,0,0,0,0,0,0,0,0,0,0,1,0,0,0,0,0,0,0,0,0,0,0,0,0,0,0,0,0,0,0,0,0,0,0,0,0,0,0,0,0,0,0,0,0,0,0,0,0,5,392.34222222222223,4,0.108468677363147,0.230276420086794,0.120099658558855,0.2705706929183635,0.1226761302884996,0.2421608625451307,0.1107363537156968,0.1109136676073968,0.0,0.0,0.3687992258912091,0.2805893961734041,0.1183787201986886,0.1177074949093099,0.0,0.0993307442384362,0.102086672580232,0.4141850432006666,0.2220496542715951,0.4060754213056393,0.0888480135096114,0.2825289570506659,0.1137977294089876,105,89,39,0,2,1
56568,1,9,11,200,1,4,2,949417.0,1,1,0,5970878.246399,1,11,0,7,112,0,0,0,0,0,0,0,0,0,0,0,1,0,0,0,0,0,0,0,0,0,0,0,0,0,0,0,0,0,0,0,0,0,0,0,0,0,0,0,0,0,0,0,1,1,0,1,0,0,0,0,0,0,0,0,0,0,0,0,0,0,0,0,0,0,0,0,0,0,0,0,0,0,0,0,0,0,0,0,0,0,0,0,0,0,0,0,0,0,0,0,0,0,0,0,0,0,0,0,0,0,0,0,0,0,0,0,0,0,0,0,0,0,0,0,1,0,0,0,0,0,0,0,0,0,0,0,0,0,0,0,0,0,0,0,0,0,0,0,0,0,0,0,0,0,0,0,0,0,0,0,0,0,5,263.7241666666667,4,0.1209944534998858,0.1284341723326762,0.1339685603817336,0.2012104871721896,0.1368425586314087,0.2701251820801124,0.1235239972138999,0.1237217870085736,0.0,0.0,0.4113875256217389,0.2086609177455724,0.1320488910222724,0.0,0.0,0.110801287588576,0.0,0.462014418983944,0.2476915660959134,0.4529683119129186,0.0991080291608527,0.2363661859851286,0.0,139,93,58,0,0,1
56540,8,30,8,201,1,4,2,57037.0,1,3,0,5974443.363341,0,8,0,7,112,0,0,0,0,0,0,0,0,0,0,0,1,0,0,0,0,0,0,0,0,0,0,0,0,0,0,0,0,0,0,0,0,0,0,0,0,0,0,0,0,0,0,0,1,1,0,1,0,0,0,0,0,0,0,0,0,0,0,0,0,0,0,0,0,0,0,0,0,0,0,0,0,0,0,0,0,0,0,0,0,0,0,0,0,0,0,0,0,0,0,0,0,0,0,0,0,0,0,0,0,0,0,0,0,0,0,0,0,0,0,0,0,0,0,0,1,0,0,0,0,0,0,0,0,0,0,0,0,0,0,0,0,0,0,0,0,0,0,0,0,0,0,0,0,0,0,0,0,0,0,0,0,0,5,306.4166666666667,4,0.1209944534998858,0.1284341723326762,0.1339685603817336,0.2012104871721896,0.1368425586314087,0.2701251820801124,0.1235239972138999,0.1237217870085736,0.0,0.0,0.4113875256217389,0.2086609177455724,0.1320488910222724,0.0,0.0,0.110801287588576,0.0,0.462014418983944,0.2476915660959134,0.4529683119129186,0.0991080291608527,0.2363661859851286,0.0,128,94,47,0,5,0
56631,0,21,10,380,10,4,2,,0,1,0,5979204.490065,0,10,0,7,191,0,0,0,0,0,0,0,0,0,0,0,1,0,0,0,0,0,0,0,0,0,0,0,0,0,0,0,0,0,0,0,0,0,0,0,0,0,0,0,0,0,0,0,1,1,1,1,1,0,0,0,0,0,0,0,0,0,0,0,0,0,0,0,0,0,0,0,0,0,0,0,0,0,0,0,0,0,0,0,0,0,0,0,0,0,0,0,0,0,0,0,0,0,0,0,0,0,0,0,0,0,0,0,0,0,0,0,0,0,0,0,0,0,0,0,1,0,0,0,0,0,0,0,0,0,0,0,0,0,0,0,0,0,0,0,0,0,0,0,0,0,0,0,0,0,0,0,0,0,0,0,0,0,7,186.71583333333336,4,0.3068724511049647,0.1085804848330037,0.1132593528220003,0.1701068481529256,0.1156890809674865,0.2283685307667902,0.1044293373204033,0.1045965522555769,0.0,0.0,0.3477941748287621,0.1764055718428879,0.1116364309314815,0.0,0.1121295346626332,0.0936733371499119,0.0,0.3905950316958751,0.2094027613311272,0.3829472953202399,0.0837876529406418,0.4662655383267884,0.1073163516044381,144,92,64,27,3,1
56556,3,30,7,236,1,3,2,147790.0,1,2,0,5984233.368248,0,7,0,7,95,0,0,0,0,0,0,0,0,0,0,0,1,0,0,0,0,0,0,0,0,0,0,0,0,0,0,0,0,0,0,0,0,0,0,0,0,0,0,0,0,0,0,0,0,1,0,1,0,0,0,0,0,1,0,0,0,0,0,0,0,0,0,0,0,0,0,0,0,0,0,0,0,0,0,0,0,0,0,0,0,0,0,0,0,0,0,0,0,0,0,0,0,0,0,0,0,0,0,0,0,0,0,0,0,0,0,0,0,0,0,0,0,0,0,0,1,0,0,0,0,0,0,0,0,0,0,0,0,0,0,0,0,0,0,0,0,0,0,0,0,0,0,0,0,0,0,0,0,0,0,0,0,0,5,287.1352777777778,4,0.0,0.0,0.1475009143722286,0.1107675217028987,0.1506652192548321,0.1487054546165518,0.1360013310887763,0.0,0.0,0.0,0.4529423621305762,0.0,0.1453873364924182,0.0,0.0,0.1219934825481906,0.0,0.508683149681569,0.2727112419311926,0.4987232825255487,0.1091190715284308,0.2602418691380997,0.0,135,92,55,0,6,0
55687,4,17,13,181,6,3,2,6642063.0,0,1,0,6039323.386877,0,13,0,7,113,0,0,0,0,0,0,0,0,0,0,0,0,0,0,0,0,0,0,1,0,0,0,0,0,0,0,0,0,0,0,0,0,0,0,0,0,0,0,0,0,0,0,0,0,0,1,0,1,0,0,1,0,0,0,0,0,0,0,0,0,0,0,0,0,0,0,0,0,0,0,0,0,0,0,0,0,0,0,0,0,0,0,0,0,0,0,0,0,0,0,0,1,0,0,0,0,0,0,0,0,0,0,0,0,0,0,0,0,0,0,0,0,0,0,0,0,0,0,0,0,0,0,0,0,0,0,0,0,0,0,0,0,0,0,0,0,0,0,0,0,0,0,0,0,0,0,0,0,0,0,0,0,0,5,1919.1463888888889,4,0.1244476039832885,0.13209965047194,0.137791988527912,0.2069529825589305,0.1407480099460721,0.1389172425389368,0.1270493402222173,0.1272527748865964,0.0,0.0,0.4231284194550903,0.214616046498487,0.1358175323002527,0.0,0.0,0.1139635277469522,0.0,0.4752001912908944,0.2547606194818991,0.4658959106581754,0.1019365467408442,0.2431120159449734,0.0,18,96,18,0,0,1
56539,2,30,10,236,1,4,2,847608.0,1,3,0,6049239.499389,0,10,0,7,112,0,0,0,0,0,0,0,0,0,0,0,1,0,0,0,0,0,0,0,0,0,0,0,0,0,0,0,0,0,0,0,0,0,0,0,0,0,0,0,0,0,0,0,0,1,0,1,0,0,0,0,0,1,0,0,0,0,0,0,0,0,0,0,0,0,0,0,0,0,0,0,0,0,0,0,0,0,0,0,0,0,0,0,0,0,0,0,0,0,0,0,0,0,0,0,0,0,0,0,0,0,0,0,0,0,0,0,0,0,0,0,0,0,0,0,1,0,0,0,0,0,0,0,0,0,0,0,0,0,0,0,0,0,0,0,0,0,0,0,0,0,0,0,0,0,0,0,0,0,0,0,0,0,5,241.2763888888889,4,0.1209944534998858,0.1284341723326762,0.1339685603817336,0.2012104871721896,0.1368425586314087,0.2701251820801124,0.1235239972138999,0.1237217870085736,0.0,0.0,0.4113875256217389,0.2086609177455724,0.1320488910222724,0.0,0.0,0.110801287588576,0.0,0.462014418983944,0.2476915660959134,0.4529683119129186,0.0991080291608527,0.2363661859851286,0.0,127,98,46,0,5,0
56611,6,30,62,368,1,4,2,5451.0,1,3,0,6127912.628449,0,62,0,7,112,0,0,0,0,0,0,0,0,0,0,0,1,0,0,0,0,0,0,0,0,0,0,0,0,0,0,0,0,0,0,0,0,0,0,0,0,0,0,0,0,0,0,0,1,1,0,1,0,0,0,0,0,0,0,0,0,0,0,0,0,0,0,0,0,0,0,0,0,0,0,0,0,0,0,0,0,0,0,0,0,0,0,0,0,0,0,0,0,0,0,0,0,0,0,0,0,0,0,0,0,0,0,0,0,0,0,0,0,0,0,0,0,0,0,0,1,0,0,0,0,0,0,0,0,0,0,0,0,0,0,0,0,0,0,0,0,0,0,0,0,0,0,0,0,0,0,0,0,0,0,0,0,0,5,178.55388888888888,4,0.1209944534998858,0.1284341723326762,0.1339685603817336,0.2012104871721896,0.1368425586314087,0.2701251820801124,0.1235239972138999,0.1237217870085736,0.0,0.0,0.4113875256217389,0.2086609177455724,0.1320488910222724,0.0,0.0,0.110801287588576,0.0,0.462014418983944,0.2476915660959134,0.4529683119129186,0.0991080291608527,0.2363661859851286,0.0,144,94,63,0,2,1
56602,0,1,1,498,14,2,2,,0,0,0,6205981.474892,0,1,0,7,151,0,0,0,0,0,0,0,0,0,0,0,0,0,0,0,0,0,0,1,0,0,0,0,0,0,0,0,0,0,0,0,0,0,0,0,0,0,0,0,0,0,0,0,0,0,1,0,1,0,0,1,0,0,0,0,0,0,0,0,0,0,0,0,0,0,0,0,0,0,0,0,0,0,0,0,0,0,0,0,0,0,0,0,0,0,0,0,0,0,0,0,1,0,0,0,0,0,0,0,0,0,0,0,0,0,0,0,0,0,0,0,0,0,0,0,0,0,0,0,0,0,0,0,0,0,0,0,0,0,0,0,0,0,0,0,0,0,0,0,0,0,0,0,0,0,0,0,0,0,0,0,0,0,5,174.73944444444444,4,0.117011169969368,0.124205964273462,0.1295581535842332,0.1945863949387286,0.1323375363406892,0.1306161674320564,0.1194574380494642,0.2392974327304649,0.0,0.0,0.1326147171527121,0.2017915483399784,0.3831050461752343,0.0,0.0,0.1071535753898332,0.110126547933286,0.4468043463503067,0.1197686303052528,0.4380560480487663,0.2875358194534239,0.3047796342537109,0.0,143,98,67,4,1,1
56582,0,21,12,803,12,3,2,,0,1,0,6218788.890481,0,12,0,7,276,0,0,0,0,0,0,0,0,0,0,0,1,0,0,0,0,0,0,0,0,0,0,0,0,0,0,0,0,0,0,0,0,0,0,0,0,0,0,0,0,0,0,0,1,1,1,1,1,0,0,0,0,0,0,0,0,0,0,0,0,0,0,0,0,0,0,0,0,0,0,0,0,0,0,0,0,0,0,0,0,0,0,0,0,0,0,0,0,0,0,0,0,0,0,0,0,0,0,0,0,0,0,0,0,0,0,0,0,0,0,0,0,0,0,0,1,0,0,0,0,0,0,0,0,0,0,0,0,0,0,0,0,0,0,0,0,0,0,0,0,0,0,0,0,0,0,0,0,0,0,0,0,0,7,187.4275,4,0.3563042043552005,0.0945531680612452,0.0986275815433768,0.2962621032040818,0.1007434174971085,0.1988660126421599,0.0909382998000692,0.0910839125397078,0.0,0.0,0.3028632733946905,0.1536160545521044,0.0972143220013835,0.0,0.0,0.0815718478694905,0.0,0.3401347648486625,0.1823503967133941,0.3334750257258755,0.2188898320578987,0.3480253160281601,0.3738093836873289,141,97,62,25,0,1
56101,4,4,9,109,9,4,3,18998.0,0,0,0,6223634.40307,0,9,0,7,165,0,0,0,0,0,0,0,0,0,0,0,1,0,0,0,0,0,0,0,0,0,0,0,0,0,0,0,0,0,0,0,0,0,0,0,0,0,0,0,0,0,0,0,1,0,0,0,1,0,0,0,0,0,0,0,1,0,0,0,0,0,0,0,0,0,0,0,0,0,0,0,0,0,0,0,0,0,0,0,0,0,0,0,0,0,0,0,0,0,0,0,0,0,0,0,0,0,0,0,0,0,0,0,0,0,0,0,0,0,0,0,0,0,0,0,0,0,0,0,0,0,0,0,0,0,0,0,0,0,0,0,0,0,0,0,0,0,0,0,0,0,0,0,0,0,0,0,0,0,0,0,0,0,4,760.5497222222223,4,0.2271583829048896,0.1205629599246306,0.1257581676520377,0.1888791079567244,0.1284560301407026,0.1267851495838713,0.1159537096346489,0.1161393776905537,0.0,0.0,0.3861752434278577,0.1958729316901255,0.1239561470850054,0.1232532969396604,0.0,0.1040107235676893,0.1068964977872282,0.433699418689609,0.2325115490255938,0.4252077110352554,0.0930340977865204,0.3698004263051395,0.119159322392441,68,96,44,4,4,1
55781,0,3,3,112,4,3,2,,0,0,0,6331734.827873,0,3,0,7,135,0,0,0,0,0,0,0,0,0,0,0,1,0,0,0,0,0,0,1,0,0,0,0,0,0,0,0,0,0,0,0,0,0,0,0,0,0,0,0,0,0,0,0,1,0,0,0,1,0,0,1,0,0,0,0,0,0,0,0,0,0,0,0,0,0,0,0,0,0,0,0,0,0,0,0,0,0,0,0,0,0,0,0,0,0,0,0,0,0,0,0,1,0,0,0,0,0,0,0,0,0,0,0,0,0,0,0,0,0,0,0,0,0,0,0,0,0,0,0,0,0,0,0,0,0,0,0,0,0,0,0,0,0,0,0,0,0,0,0,0,0,0,0,0,0,0,0,0,0,0,0,0,0,6,1141.7497222222223,4,0.1216822018708673,0.1291642090429972,0.1347300552808808,0.2023541940180343,0.1376203897142176,0.1358303045532084,0.124226123843705,0.1244250379015588,0.0,0.0,0.4137259063689911,0.2098469738176976,0.1327994742685578,0.0,0.0,0.1114310966652521,0.0,0.464640569644862,0.2490994775014429,0.4555430433126898,0.0996713722202651,0.316946296589444,0.0,21,104,33,0,2,1
56450,4,25,9,243,1,4,2,113805.0,1,1,0,6348621.034874,0,9,0,7,112,0,0,0,0,0,0,0,0,0,0,0,1,0,0,0,0,0,0,0,0,0,0,0,0,0,0,0,0,0,0,0,0,0,0,0,0,0,0,0,0,0,0,0,1,1,0,1,0,0,0,0,0,0,0,0,0,0,0,0,0,0,0,0,0,0,0,0,0,0,0,0,0,0,0,0,0,0,0,0,0,0,0,0,0,0,0,0,0,0,0,0,0,0,0,0,0,0,0,0,0,0,0,0,0,0,0,0,0,0,0,0,0,0,0,0,1,0,0,0,0,0,0,0,0,0,0,0,0,0,0,0,0,0,0,0,0,0,0,0,0,0,0,0,0,0,0,0,0,0,0,0,0,0,5,270.4219444444444,4,0.1209944534998858,0.1284341723326762,0.1339685603817336,0.2012104871721896,0.1368425586314087,0.2701251820801124,0.1235239972138999,0.1237217870085736,0.0,0.0,0.4113875256217389,0.2086609177455724,0.1320488910222724,0.0,0.0,0.110801287588576,0.0,0.462014418983944,0.2476915660959134,0.4529683119129186,0.0991080291608527,0.2363661859851286,0.0,107,101,43,0,2,1
56545,4,21,23,200,1,3,3,152668.0,1,1,0,6386156.618682,0,23,0,7,112,0,0,0,0,0,0,0,0,0,0,0,1,0,0,0,0,0,0,0,0,0,0,0,0,0,0,0,0,0,0,0,0,0,0,0,0,0,0,0,0,0,0,0,1,1,0,0,0,0,0,0,0,0,0,0,0,0,0,0,0,0,0,0,0,0,0,0,0,0,0,0,0,0,0,0,0,0,0,0,0,0,0,0,0,0,0,0,0,0,0,0,0,0,0,0,0,0,0,0,0,0,0,0,0,0,0,0,0,0,0,0,0,0,0,0,1,0,0,0,0,0,0,0,0,0,0,0,0,0,0,0,0,0,0,0,0,0,0,0,0,0,0,0,0,0,0,0,0,0,0,0,0,0,4,184.95416666666668,4,0.1209944534998858,0.1284341723326762,0.1339685603817336,0.2012104871721896,0.1368425586314087,0.2701251820801124,0.1235239972138999,0.1237217870085736,0.0,0.0,0.4113875256217389,0.2086609177455724,0.1320488910222724,0.0,0.0,0.110801287588576,0.0,0.462014418983944,0.2476915660959134,0.4529683119129186,0.0991080291608527,0.2363661859851286,0.0,131,100,50,0,6,0
56303,3,30,8,26,11,3,2,339021.0,0,3,0,6564119.057712,0,8,0,7,53,0,0,0,0,0,0,0,0,0,0,0,1,0,0,0,0,0,0,0,0,0,0,0,0,0,0,0,0,0,0,0,0,0,0,0,0,0,0,0,0,0,0,0,1,1,0,0,0,0,0,0,0,0,0,0,0,0,0,0,0,0,0,0,0,0,0,0,0,0,0,0,0,0,0,0,0,0,0,0,0,0,0,0,0,0,0,0,0,0,0,0,0,0,0,0,0,0,0,0,0,0,0,0,0,0,0,0,0,0,0,0,0,0,0,0,1,0,0,0,0,0,0,0,0,0,0,0,0,0,0,0,0,0,0,0,0,0,0,0,0,0,0,0,0,0,0,0,0,0,0,0,0,0,4,358.2680555555556,4,0.0,0.0,0.2396043879204565,0.1799336929675735,0.0,0.2415610749633467,0.220924160576112,0.0,0.0,0.0,0.4905143714009673,0.0,0.0,0.0,0.0,0.0,0.0,0.4131591836011365,0.4429993568518083,0.4050696477367522,0.1772559068890817,0.0,0.0,97,109,25,0,3,1
56454,0,4,1,200,1,3,2,,1,0,0,6639141.096126,0,1,0,7,112,0,0,0,0,0,0,0,0,0,0,0,1,0,0,0,0,0,0,0,0,0,0,0,0,0,0,0,0,0,0,0,0,0,0,0,0,0,0,0,0,0,0,0,1,1,0,1,0,0,0,0,0,0,0,0,0,0,0,0,0,0,0,0,0,0,0,0,0,0,0,0,0,0,0,0,0,0,0,0,0,0,0,0,0,0,0,0,0,0,0,0,0,0,0,0,0,0,0,0,0,0,0,0,0,0,0,0,0,0,0,0,0,0,0,0,1,0,0,0,0,0,0,0,0,0,0,0,0,0,0,0,0,0,0,0,0,0,0,0,0,0,0,0,0,0,0,0,0,0,0,0,0,0,5,198.37444444444444,4,0.1209944534998858,0.1284341723326762,0.1339685603817336,0.2012104871721896,0.1368425586314087,0.2701251820801124,0.1235239972138999,0.1237217870085736,0.0,0.0,0.4113875256217389,0.2086609177455724,0.1320488910222724,0.0,0.0,0.110801287588576,0.0,0.462014418983944,0.2476915660959134,0.4529683119129186,0.0991080291608527,0.2363661859851286,0.0,107,105,45,0,2,1
56497,7,17,10,233,1,4,2,82.0,1,2,0,6581663.440768,0,10,0,7,183,0,0,0,0,0,0,0,0,0,0,0,1,0,0,0,0,0,0,0,0,0,0,0,0,0,0,0,0,0,0,0,0,0,0,0,0,0,0,0,0,0,0,0,1,1,0,0,0,0,0,0,0,0,0,0,0,0,0,0,0,0,0,0,0,0,0,0,0,0,0,0,0,0,0,0,0,0,0,0,0,0,0,0,0,0,0,0,0,0,0,0,0,0,0,0,0,0,0,0,0,0,0,0,0,0,0,0,0,0,0,0,0,0,0,0,1,0,0,0,0,0,0,0,0,0,0,0,0,0,0,0,0,0,0,0,0,0,0,0,0,0,0,0,0,0,0,0,0,0,0,0,0,0,4,183.5413888888889,4,0.2044824220231813,0.1085278286295705,0.1132044275973424,0.3400487093689167,0.1156329774439869,0.2282577832431233,0.1043786942196767,0.1045458280638176,0.0,0.0,0.4635006823092988,0.1763200238027221,0.111582292744249,0.0,0.1120751573443043,0.0936279101811078,0.0962256135732403,0.3904056122851898,0.2093012112743459,0.3827615846861641,0.16749404008651,0.2663082413920537,0.0,117,104,55,0,3,1
56396,1,11,5,353,4,6,3,168116.0,0,0,0,6736031.261163,2,5,0,7,112,0,0,0,0,0,0,0,0,0,0,0,1,0,0,0,0,0,0,0,0,0,0,0,0,0,0,0,0,0,0,0,0,0,0,0,0,0,0,0,0,0,0,0,1,1,1,1,1,0,0,0,0,0,0,0,0,0,0,0,0,0,0,0,0,0,0,0,0,0,0,0,0,0,0,0,0,0,0,0,0,0,0,0,0,0,0,0,0,0,0,0,0,0,0,0,0,0,0,0,0,0,0,0,0,0,0,0,0,0,0,0,0,0,0,0,1,0,0,0,0,0,0,0,0,0,0,0,0,0,0,0,0,0,0,0,0,0,0,0,0,0,0,0,0,0,0,0,0,0,0,0,0,0,7,200.20888888888888,4,0.1209944534998858,0.1284341723326762,0.1339685603817336,0.2012104871721896,0.1368425586314087,0.2701251820801124,0.1235239972138999,0.1237217870085736,0.0,0.0,0.4113875256217389,0.2086609177455724,0.1320488910222724,0.0,0.0,0.110801287588576,0.0,0.462014418983944,0.2476915660959134,0.4529683119129186,0.0991080291608527,0.2363661859851286,0.0,99,111,33,25,1,1
55730,2,8,12,1173,3,3,3,3572569.0,1,3,0,6778812.706415,0,12,0,7,112,0,0,0,0,0,0,0,0,0,0,0,1,0,0,0,0,0,0,0,0,0,0,0,0,0,0,0,0,0,0,0,0,0,0,0,0,0,0,0,0,0,0,0,1,1,1,0,0,0,0,0,0,0,0,0,0,0,0,0,0,0,0,0,0,0,0,0,0,0,0,0,0,0,0,0,0,0,0,0,0,0,0,0,0,0,0,0,0,0,0,0,0,0,0,0,0,0,0,0,0,0,0,0,0,0,0,0,0,0,0,0,0,0,0,0,1,0,0,0,0,0,0,0,0,0,0,0,0,0,0,0,0,0,0,0,0,0,0,0,0,0,0,0,0,0,0,0,0,0,0,0,0,0,5,1618.6244444444444,4,0.1209944534998858,0.1284341723326762,0.1339685603817336,0.2012104871721896,0.1368425586314087,0.2701251820801124,0.1235239972138999,0.1237217870085736,0.0,0.0,0.4113875256217389,0.2086609177455724,0.1320488910222724,0.0,0.0,0.110801287588576,0.0,0.462014418983944,0.2476915660959134,0.4529683119129186,0.0991080291608527,0.2363661859851286,0.0,21,113,24,1,4,1
55869,6,0,5,4,1,2,2,412958.0,1,1,0,6808381.079122,0,5,0,7,112,0,0,0,0,0,0,0,0,0,0,0,1,0,0,0,0,0,0,0,0,0,0,0,0,0,0,0,0,0,0,0,0,0,0,0,0,0,0,0,0,0,0,0,1,1,0,0,0,0,0,0,0,0,0,0,0,0,0,0,0,0,0,0,0,0,0,0,0,0,0,0,0,0,0,0,0,0,0,0,0,0,0,0,0,0,0,0,0,0,0,0,0,0,0,0,0,0,0,0,0,0,0,0,0,0,0,0,0,0,0,0,0,0,0,0,1,0,0,0,0,0,0,0,0,0,0,0,0,0,0,0,0,0,0,0,0,0,0,0,0,0,0,0,0,0,0,0,0,0,0,0,0,0,4,1316.3580555555557,4,0.1209944534998858,0.1284341723326762,0.1339685603817336,0.2012104871721896,0.1368425586314087,0.2701251820801124,0.1235239972138999,0.1237217870085736,0.0,0.0,0.4113875256217389,0.2086609177455724,0.1320488910222724,0.0,0.0,0.110801287588576,0.0,0.462014418983944,0.2476915660959134,0.4529683119129186,0.0991080291608527,0.2363661859851286,0.0,48,110,42,5,3,1
56130,2,2,8,72,5,2,2,131198.0,0,2,0,6808654.013453,0,8,0,7,112,0,0,0,0,0,0,0,0,0,0,0,1,0,0,0,0,0,0,1,0,0,0,0,0,0,0,0,0,0,0,0,0,0,0,0,0,0,0,0,0,0,0,0,1,0,1,0,1,0,0,1,0,0,0,0,0,0,0,0,0,0,0,0,0,0,0,0,0,0,0,0,0,0,0,0,0,0,0,0,0,0,0,0,0,0,0,0,0,0,0,0,1,0,0,0,0,0,0,0,0,0,0,0,0,0,0,0,0,0,0,0,0,0,0,0,0,0,0,0,0,0,0,0,0,0,0,0,0,0,0,0,0,0,0,0,0,0,0,0,0,0,0,0,0,0,0,0,0,0,0,0,0,0,7,532.3694444444444,4,0.1209944534998858,0.1284341723326762,0.1339685603817336,0.2012104871721896,0.1368425586314087,0.2701251820801124,0.1235239972138999,0.1237217870085736,0.0,0.0,0.4113875256217389,0.2086609177455724,0.1320488910222724,0.0,0.0,0.110801287588576,0.0,0.462014418983944,0.2476915660959134,0.4529683119129186,0.0991080291608527,0.2363661859851286,0.0,85,109,49,14,0,1
55856,0,0,4,76,14,2,2,,0,0,0,6826433.997698,0,4,0,7,127,0,0,0,0,0,0,0,0,0,0,0,1,0,0,0,0,0,0,0,0,0,0,0,0,0,0,0,0,0,0,0,0,0,0,0,0,0,0,0,0,0,0,0,1,1,0,0,0,0,0,0,0,0,0,0,0,0,0,0,0,0,0,0,0,0,0,0,0,0,0,0,0,0,0,0,0,0,0,0,0,0,0,0,0,0,0,0,0,0,0,0,0,0,0,0,0,0,0,0,0,0,0,0,0,0,0,0,0,0,0,0,0,0,0,0,1,0,0,0,0,0,0,0,0,0,0,0,0,0,0,0,0,0,0,0,0,0,0,0,0,0,0,0,0,0,0,0,0,0,0,0,0,0,4,1326.0533333333333,4,0.1236908401220436,0.1312963546401161,0.1369540776807012,0.2056945048288291,0.139892123580565,0.1380724890403369,0.1262767552451044,0.1264789528265892,0.0,0.110113528667783,0.4205553823996538,0.2133109698008664,0.134991628089336,0.0,0.0,0.1132705173832457,0.0,0.4723105066355442,0.2532114242871234,0.4630628051824346,0.1013166722535545,0.2416336557193619,0.0,41,110,39,8,2,1
56276,2,0,8,400,12,2,2,754662.0,0,0,0,6867215.793893,0,8,0,7,417,0,0,0,0,0,0,0,0,0,0,0,0,0,0,0,0,0,0,1,0,0,0,0,0,0,0,0,0,0,0,0,0,0,0,0,0,0,0,0,0,0,0,0,0,0,1,0,1,0,0,1,0,0,0,0,1,0,0,0,0,0,0,0,0,0,0,0,0,0,0,0,0,0,0,0,0,0,0,0,0,0,0,0,0,0,0,0,0,0,0,0,1,0,0,0,0,0,0,0,0,0,0,0,0,0,0,0,0,0,0,0,0,0,0,0,0,0,0,0,0,0,0,0,0,0,0,0,0,0,0,0,0,0,0,0,0,0,0,0,0,0,0,0,0,0,0,0,0,0,0,0,0,0,6,226.07861111111112,4,0.1114013434456786,0.1182512001858617,0.1233467913140557,0.5557722177660622,0.1259929230731007,0.0,0.1137303309314232,0.1139124388562837,0.0,0.0,0.3787704453006062,0.1921171251167058,0.2431586479359904,0.0,0.0,0.1020163481534301,0.0,0.3190375187289137,0.2280532076065362,0.3127908575090258,0.0912501959834291,0.2901676884320906,0.1168744769956621,100,114,32,0,2,1
56326,0,0,1,38,3,2,2,,0,0,0,7171932.376649,0,1,0,7,134,0,0,0,0,0,0,0,0,0,0,0,1,0,0,0,0,0,0,1,0,0,0,0,0,0,0,0,0,0,0,0,0,0,0,0,0,0,0,0,0,0,0,0,1,0,0,0,0,0,0,1,0,0,0,0,0,0,0,0,0,0,0,0,0,0,0,0,0,0,0,0,0,0,0,0,0,0,0,0,0,0,0,0,0,0,0,0,0,0,0,0,1,0,0,0,0,0,0,0,0,0,0,0,0,0,0,0,0,0,0,0,0,0,0,0,0,0,0,0,0,0,0,0,0,0,0,0,0,0,0,0,0,0,0,0,0,0,0,0,0,0,0,0,0,0,0,0,0,0,0,0,0,0,5,174.7488888888889,4,0.1206350341158071,0.1280526529342311,0.1335706008384198,0.2006127825065814,0.1364360617489785,0.1346613816302072,0.123157063708162,0.1233542659594886,0.0,0.0,0.410165480752742,0.2080410812458978,0.1316566339418307,0.1309101208686373,0.0,0.1104721474553859,0.0,0.4606419846854838,0.2469557873262877,0.4516227494762481,0.0988136243698242,0.3142187330117696,0.0,105,110,35,24,4,1
55662,12,30,78,3456,26,3,0,1900588.0,0,1,0,7175869.722121,0,78,0,7,36,0,0,0,0,0,0,0,0,0,0,0,0,0,0,0,0,0,0,0,0,0,0,0,0,0,0,0,0,0,0,0,0,0,0,0,0,0,0,0,0,0,0,0,0,0,0,0,0,0,0,0,0,0,1,0,0,0,0,0,0,0,0,0,0,0,0,0,0,0,0,0,0,0,0,0,0,0,0,0,0,0,0,0,0,0,0,0,0,0,0,0,0,0,0,0,0,0,0,0,0,0,0,0,0,0,0,0,0,0,0,0,0,0,0,0,0,0,0,0,0,0,0,0,0,0,0,0,0,0,0,0,0,0,0,0,0,0,0,0,0,0,0,0,0,0,0,0,0,0,0,0,0,0,1,1704.4525,4,0.9253960273651126,0.0,0.0,0.0,0.0,0.0,0.0,0.0,0.0,0.0,0.0,0.0,0.0,0.0,0.0,0.0,0.0,0.0,0.0,0.0,0.3790015732643704,0.0,0.0,13,109,13,0,3,1
56135,9,2,27,850,24,2,2,592487.0,0,0,0,7273859.496346,0,27,0,7,112,0,0,0,0,0,0,0,0,0,0,0,0,0,0,0,0,0,0,1,0,0,0,0,0,0,0,0,0,0,0,0,0,0,0,0,0,0,0,0,0,0,0,0,0,0,1,0,1,0,0,1,0,0,0,0,0,0,0,0,0,0,0,0,0,0,0,0,0,0,0,0,0,0,0,0,0,0,0,0,0,0,0,0,0,0,0,0,0,0,0,0,1,0,0,0,0,0,0,0,0,0,0,0,0,0,0,0,0,0,0,0,0,0,0,0,0,0,0,0,0,0,0,0,0,0,0,0,0,0,0,0,0,0,0,0,0,0,0,0,0,0,0,0,0,0,0,0,0,0,0,0,0,0,5,386.8652777777778,4,0.1209944534998858,0.1284341723326762,0.1339685603817336,0.2012104871721896,0.1368425586314087,0.2701251820801124,0.1235239972138999,0.1237217870085736,0.0,0.0,0.4113875256217389,0.2086609177455724,0.1320488910222724,0.0,0.0,0.110801287588576,0.0,0.462014418983944,0.2476915660959134,0.4529683119129186,0.0991080291608527,0.2363661859851286,0.0,88,99,43,4,1,1
56270,1,30,15,482,4,4,0,4187.0,0,1,0,7347317.746195,1,15,0,7,130,0,0,0,0,0,0,0,0,0,0,0,1,0,0,0,0,0,0,0,0,0,0,0,0,0,0,0,0,0,0,0,0,0,0,0,0,0,0,0,0,0,0,0,1,1,1,1,1,0,0,0,0,0,0,0,0,0,0,0,0,0,0,0,0,0,0,0,0,0,0,0,0,0,0,0,0,0,0,0,0,0,0,0,0,0,0,0,0,0,0,0,0,0,0,0,0,0,0,0,0,0,0,0,0,0,0,0,0,0,0,0,0,0,0,0,1,0,0,0,0,0,0,0,0,0,0,0,0,0,0,0,0,0,0,0,0,0,0,0,0,0,0,0,0,0,0,0,0,0,0,0,0,0,7,194.80555555555551,4,0.1225520937307663,0.1300875888989604,0.1356932247220202,0.2038008005347336,0.1386042218188961,0.1368013395479879,0.125114201904892,0.1253145379761306,0.0,0.0,0.4166835845885361,0.211347145342718,0.1337488422113542,0.0,0.0,0.1122277045704212,0.0,0.4679622308500221,0.2508802605942207,0.4587996673638544,0.20076782245566,0.2394090815052159,0.0,101,101,36,18,1,1
56054,10,30,21,287,4,5,2,865922.0,0,2,0,7352151.926798,0,21,0,7,129,0,0,0,0,0,0,0,0,0,0,0,1,0,0,0,0,0,0,0,0,0,0,0,0,0,0,0,0,0,0,0,0,0,0,0,0,0,0,0,0,0,0,0,1,1,1,1,1,0,0,0,0,0,0,0,0,0,0,0,0,0,0,0,0,0,0,0,0,0,0,0,0,0,0,0,0,0,0,0,0,0,0,0,0,0,0,0,0,0,0,0,0,0,0,0,0,0,0,0,0,0,0,0,0,0,0,0,0,0,0,0,0,0,0,0,1,0,0,0,0,0,0,0,0,0,0,0,0,0,0,0,0,0,0,0,0,0,0,0,0,0,0,0,0,0,0,0,0,0,0,0,0,0,7,532.1997222222222,4,0.1192502242383376,0.1265826937310923,0.132037299266979,0.1983098813237039,0.1348698665939984,0.2662311172429533,0.1217433026100428,0.1219382411108139,0.0,0.0,0.4054570541061497,0.2056529081389694,0.1301453034361169,0.0,0.0,0.1092040007507178,0.0,0.4553541213790644,0.2441208993014755,0.4464384209853698,0.1953586194967614,0.2329587833636836,0.0,43,101,39,13,1,1
56163,3,19,14,459,8,3,3,443137.0,1,1,0,7419463.641186,0,14,0,7,208,0,0,0,0,0,0,0,0,0,0,0,1,0,0,0,0,0,0,0,0,0,0,0,0,0,0,0,0,0,0,0,0,0,0,0,0,0,0,0,0,0,0,0,1,0,1,0,1,0,0,0,0,0,0,0,0,0,0,0,0,0,0,0,0,0,0,0,0,0,0,0,0,0,0,0,0,0,0,0,0,0,0,0,0,0,0,0,0,0,0,0,0,0,0,0,0,0,0,0,0,0,0,0,0,0,0,0,0,0,0,0,0,0,0,0,0,0,0,0,0,0,0,0,0,0,0,0,0,0,0,0,0,0,0,0,0,0,0,0,0,0,0,0,0,0,0,0,0,0,0,0,0,0,4,277.26166666666666,4,0.1884807277152135,0.1000350246004739,0.1043456580913954,0.2350787450322013,0.1065841626917387,0.1051977785343527,0.0962105791286947,0.0963646339773112,0.0,0.0,0.4272296123734826,0.1625221672762335,0.1028504627854214,0.1022672850696123,0.0,0.0863010936137546,0.266086544139298,0.3598545693051024,0.1929224244428804,0.352808722183944,0.2315802863477013,0.4295696843554349,0.0988703807069388,92,105,35,7,4,1
56018,3,0,1,4,1,3,2,32211.0,0,0,0,7438017.71766,0,1,0,7,53,0,0,0,0,0,0,0,0,0,0,0,1,0,0,0,0,0,0,0,0,0,0,0,0,0,0,0,0,0,0,0,0,0,0,0,0,0,0,0,0,0,0,0,1,0,0,0,1,0,0,0,0,0,0,0,0,0,0,0,0,0,0,0,0,0,0,0,0,0,0,0,0,0,0,0,0,0,0,0,0,0,0,0,0,0,0,0,0,0,0,0,0,0,0,0,0,0,0,0,0,0,0,0,0,0,0,0,0,0,0,0,0,0,0,0,0,0,0,0,0,0,0,0,0,0,0,0,0,0,0,0,0,0,0,0,0,0,0,0,0,0,0,0,0,0,0,0,0,0,0,0,0,0,3,616.16,4,0.0,0.0,0.2396043879204565,0.1799336929675735,0.0,0.2415610749633467,0.220924160576112,0.0,0.0,0.0,0.4905143714009673,0.0,0.0,0.0,0.0,0.0,0.0,0.4131591836011365,0.4429993568518083,0.4050696477367522,0.1772559068890817,0.0,0.0,40,104,38,0,3,1
56257,0,0,1,10,1,2,2,,0,0,0,7491344.7529,0,1,0,7,151,0,0,0,0,0,0,0,0,0,0,0,1,0,0,0,0,0,0,0,0,0,0,0,0,0,0,0,0,0,0,0,0,0,0,0,0,0,0,0,0,0,0,0,1,1,0,0,0,0,0,0,0,0,0,0,0,0,0,0,0,0,0,0,0,0,0,0,0,0,0,0,0,0,0,0,0,0,0,0,0,0,0,0,0,0,0,0,0,0,0,0,0,0,0,0,0,0,0,0,0,0,0,0,0,0,0,0,0,0,0,0,0,0,0,0,1,0,0,0,0,0,0,0,0,0,0,0,0,0,0,0,0,0,0,0,0,0,0,0,0,0,0,0,0,0,0,0,0,0,0,0,0,0,4,168.8372222222222,4,0.0,0.0,0.1300168330912776,0.0976376481628902,0.1328060557989629,0.1310785926645279,0.1198803576209576,0.0,0.0,0.0,0.3992526537732972,0.2025059583972208,0.1281537890308778,0.0,0.0,0.1075329351427948,0.0,0.4483861842482669,0.2403853032043219,0.4396069140237605,0.192369195409657,0.3823233210349623,0.2463890500318801,97,110,40,7,0,1
55562,3,0,5,11497,110,2,2,1840.0,0,0,0,7858003.577705,0,5,0,7,314,0,0,0,0,0,0,0,0,0,0,0,1,0,1,0,0,0,0,0,0,0,0,0,0,0,0,0,0,0,0,0,0,0,0,0,0,0,0,0,0,0,0,0,1,1,1,0,0,0,0,0,1,0,0,0,0,0,0,0,0,0,0,0,0,0,0,0,0,0,0,0,0,0,0,0,0,0,0,0,0,0,0,0,0,0,0,0,0,0,0,0,0,0,0,0,0,0,0,0,0,0,0,0,0,0,0,0,0,0,0,0,0,0,0,0,1,0,0,0,0,0,0,0,0,0,0,0,0,0,0,0,0,0,0,0,0,0,0,0,0,0,0,0,0,0,0,0,0,0,0,0,0,0,7,1675.5183333333334,4,0.0,0.0,0.1101898337553733,0.4964899988810575,0.1125537121791062,0.2221793592596219,0.1015991265339796,0.0,0.0,0.1771891954383235,0.3383683673850585,0.1716246839714733,0.2172217915586341,0.0,0.0,0.0911346320694748,0.0936631595396456,0.3800092490011381,0.2037275940933239,0.3725687791517247,0.16303373307796,0.2592165471747425,0.1044078978723356,0,113,0,0,3,1
55715,2,4,1,26,1,5,2,14.0,0,0,0,7867433.165138,0,1,0,7,236,0,0,0,0,0,0,0,0,0,0,0,1,0,0,0,0,0,0,0,0,0,0,0,0,0,0,0,0,0,0,0,0,0,0,0,0,0,0,0,0,0,0,0,1,1,0,0,0,0,0,0,0,0,0,0,0,0,0,0,0,0,0,0,0,0,0,0,0,0,0,0,0,0,0,0,0,0,0,0,0,0,0,0,0,0,0,0,0,0,0,0,0,0,0,0,0,0,0,0,0,0,0,0,0,0,0,0,0,0,0,0,0,0,0,0,1,0,0,0,0,0,0,0,0,0,0,0,0,0,0,0,0,0,0,0,0,0,0,0,0,0,0,0,0,0,0,0,0,0,0,0,0,0,4,1372.747777777778,4,0.0996830404450138,0.3174370830603102,0.1103719471149578,0.3315403731422322,0.1127397323767965,0.2225465603721575,0.1017670418273725,0.1019299938266728,0.0,0.0,0.3389275968353759,0.1719083321695007,0.1087903995905466,0.0,0.0,0.0912852524439234,0.093817958871596,0.3806372993271091,0.2040642995346149,0.3731845324361722,0.3266063656141466,0.2596449605288334,0.104580455288938,21,115,21,0,2,1
55564,0,2,1,44,8,3,2,,0,0,0,7868154.987072,0,1,0,7,124,0,0,0,0,0,0,0,0,0,0,0,1,0,1,0,0,0,0,0,0,0,0,0,0,0,0,0,0,0,0,0,0,0,0,0,0,0,0,0,0,0,0,0,1,1,0,0,0,0,0,0,1,0,0,0,0,0,0,0,0,0,0,0,0,0,0,0,0,0,0,0,0,0,0,0,0,0,0,0,0,0,0,0,0,0,0,0,0,0,0,0,0,0,0,0,0,0,0,0,0,0,0,0,0,0,0,0,0,0,0,0,0,0,0,0,1,0,0,0,0,0,0,0,0,0,0,0,0,0,0,0,0,0,0,0,0,0,0,0,0,0,0,0,0,0,0,0,0,0,0,0,0,0,6,1673.618333333333,4,0.0,0.0,0.1980747290671214,0.1487465141766541,0.0,0.1996922714637919,0.1826322699274682,0.0,0.0,0.3185112517547079,0.4054955005708429,0.0,0.0,0.3882588917087662,0.0,0.0,0.0,0.3415479744075309,0.3662160711950779,0.3348605650552921,0.2930657158437138,0.0,0.0,1,114,1,0,3,1
56068,1,7,13,814,4,2,2,1282502.0,0,1,0,7870198.416745,0,13,0,7,112,0,0,0,0,0,0,0,0,0,0,0,1,0,0,0,0,0,0,0,0,0,0,0,0,0,0,0,0,0,0,0,0,0,0,0,0,0,0,0,0,0,0,0,1,1,1,1,1,0,0,0,0,0,0,0,0,0,0,0,0,0,0,0,0,0,0,0,0,0,0,0,0,0,0,0,0,0,0,0,0,0,0,0,0,0,0,0,0,0,0,0,0,0,0,0,0,0,0,0,0,0,0,0,0,0,0,0,0,0,0,0,0,0,0,0,1,0,0,0,0,0,0,0,0,0,0,0,0,0,0,0,0,0,0,0,0,0,0,0,0,0,0,0,0,0,0,0,0,0,0,0,0,0,7,361.3263888888889,4,0.1209944534998858,0.1284341723326762,0.1339685603817336,0.2012104871721896,0.1368425586314087,0.2701251820801124,0.1235239972138999,0.1237217870085736,0.0,0.0,0.4113875256217389,0.2086609177455724,0.1320488910222724,0.0,0.0,0.110801287588576,0.0,0.462014418983944,0.2476915660959134,0.4529683119129186,0.0991080291608527,0.2363661859851286,0.0,50,112,39,13,2,1
56093,0,10,15,801,11,2,2,,0,0,0,7938670.373064,0,15,0,7,112,0,0,0,0,0,0,0,0,0,0,0,1,0,0,0,0,0,0,0,0,0,0,0,0,0,0,0,0,0,0,0,0,0,0,0,0,0,0,0,0,0,0,0,0,1,1,1,1,0,0,0,0,1,0,0,0,0,0,0,0,0,0,0,0,0,0,0,0,0,0,0,0,0,0,0,0,0,0,0,0,0,0,0,0,0,0,0,0,0,0,0,0,0,0,0,0,0,0,0,0,0,0,0,0,0,0,0,0,0,0,0,0,0,0,0,1,0,0,0,0,0,0,0,0,0,0,0,0,0,0,0,0,0,0,0,0,0,0,0,0,0,0,0,0,0,0,0,0,0,0,0,0,0,7,270.5286111111111,4,0.1209944534998858,0.1284341723326762,0.1339685603817336,0.2012104871721896,0.1368425586314087,0.2701251820801124,0.1235239972138999,0.1237217870085736,0.0,0.0,0.4113875256217389,0.2086609177455724,0.1320488910222724,0.0,0.0,0.110801287588576,0.0,0.462014418983944,0.2476915660959134,0.4529683119129186,0.0991080291608527,0.2363661859851286,0.0,64,110,45,1,4,1
55751,2,0,2,226,3,2,2,366650.0,0,0,0,7972159.767749,0,2,0,7,149,0,0,0,0,0,0,0,0,0,0,0,1,0,0,0,0,0,0,0,0,0,0,0,0,0,0,0,0,0,0,0,0,0,0,0,0,0,0,0,0,0,0,0,1,0,0,0,1,0,0,0,0,0,0,0,0,0,0,0,0,0,0,0,0,0,0,0,0,0,0,0,0,0,0,0,0,0,0,0,0,0,0,0,0,0,0,0,0,0,0,0,0,0,0,0,0,0,0,0,0,0,0,0,0,0,0,0,0,0,0,0,0,0,0,0,0,0,0,0,0,0,0,0,0,0,0,0,0,0,0,0,0,0,0,0,0,0,0,0,0,0,0,0,0,0,0,0,0,0,0,0,0,0,3,1224.4872222222225,4,0.1179492364553313,0.1252017106835884,0.1305968079442612,0.2942195610080681,0.1333984727257254,0.1316633037800227,0.120415116014419,0.1206079277887243,0.0,0.0,0.4010336270032242,0.2034092903786055,0.1287254532776164,0.0,0.0,0.1080126145563561,0.1110094211141806,0.4503863307301202,0.2414576061328777,0.4415678982230332,0.096613654824486,0.3072230211591869,0.0,18,110,28,2,0,1
56014,6,3,9,193,5,5,4,110575.0,0,2,0,7982283.082011,0,9,0,7,112,0,0,0,0,0,0,0,0,0,0,0,1,0,0,0,0,0,0,0,0,0,0,0,0,0,0,0,0,0,0,0,0,0,0,0,0,0,0,0,0,0,0,0,1,1,1,1,1,0,0,0,0,0,0,0,0,0,0,0,0,0,0,0,0,0,0,0,0,0,0,0,0,0,0,0,0,0,0,0,0,0,0,0,0,0,0,0,0,0,0,0,0,0,0,0,0,0,0,0,0,0,0,0,0,0,0,0,0,0,0,0,0,0,0,0,1,0,0,0,0,0,0,0,0,0,0,0,0,0,0,0,0,0,0,0,0,0,0,0,0,0,0,0,0,0,0,0,0,0,0,0,0,0,7,455.5963888888889,4,0.1209944534998858,0.1284341723326762,0.1339685603817336,0.2012104871721896,0.1368425586314087,0.2701251820801124,0.1235239972138999,0.1237217870085736,0.0,0.0,0.4113875256217389,0.2086609177455724,0.1320488910222724,0.0,0.0,0.110801287588576,0.0,0.462014418983944,0.2476915660959134,0.4529683119129186,0.0991080291608527,0.2363661859851286,0.0,44,106,37,11,3,1
56058,5,14,19,28717,80,4,2,792895.0,0,1,0,8035827.117154,0,19,0,7,257,0,0,0,0,0,0,0,0,0,0,0,1,0,0,0,0,0,0,1,0,0,0,0,0,0,0,0,0,0,0,0,0,0,0,0,0,0,0,0,0,0,0,0,1,1,1,0,1,0,0,1,0,0,0,0,0,0,0,0,0,0,0,0,0,0,0,0,0,0,0,0,0,0,0,0,0,0,0,0,0,0,0,0,0,0,0,0,0,0,0,0,1,0,0,0,0,0,0,0,0,0,0,0,0,0,0,0,0,0,0,0,0,0,0,0,1,0,0,0,0,0,0,0,0,0,0,0,0,0,0,0,0,0,0,0,0,0,0,0,0,0,0,0,0,0,0,0,0,0,0,0,0,0,9,332.1513888888889,4,0.390323489919859,0.1035809347448849,0.1080443659092748,0.1622743383885737,0.1103622180801551,0.2178533823966696,0.0996209253538755,0.0997804409363968,0.0,0.0,0.3317801148428759,0.1682830395700933,0.2129923417684147,0.1058923214507999,0.0,0.0893601814136623,0.0,0.3726102213670461,0.199760885118514,0.3653146223126756,0.0799296800435147,0.4447965062367799,0.0,45,108,41,8,1,1
55885,0,14,20,243,4,4,2,,0,2,0,8043739.782508,0,20,0,7,112,0,0,0,0,0,0,0,0,0,0,0,1,0,0,0,0,0,0,0,0,0,0,0,0,0,0,0,0,0,0,0,0,0,0,0,0,0,0,0,0,0,0,0,1,1,1,1,1,0,0,0,0,0,0,0,0,0,0,0,0,0,0,0,0,0,0,0,0,0,0,0,0,0,0,0,0,0,0,0,0,0,0,0,0,0,0,0,0,0,0,0,0,0,0,0,0,0,0,0,0,0,0,0,0,0,0,0,0,0,0,0,0,0,0,0,1,0,0,0,0,0,0,0,0,0,0,0,0,0,0,0,0,0,0,0,0,0,0,0,0,0,0,0,0,0,0,0,0,0,0,0,0,0,7,917.5744444444445,4,0.1209944534998858,0.1284341723326762,0.1339685603817336,0.2012104871721896,0.1368425586314087,0.2701251820801124,0.1235239972138999,0.1237217870085736,0.0,0.0,0.4113875256217389,0.2086609177455724,0.1320488910222724,0.0,0.0,0.110801287588576,0.0,0.462014418983944,0.2476915660959134,0.4529683119129186,0.0991080291608527,0.2363661859851286,0.0,53,105,38,3,5,0
56011,3,10,15,761,4,4,4,116288.0,0,3,0,8067149.118769,0,15,0,7,112,0,0,0,0,0,0,0,0,0,0,0,1,0,0,0,0,0,0,0,0,0,0,0,0,0,0,0,0,0,0,0,0,0,0,0,0,0,0,0,0,0,0,0,1,1,1,1,1,0,0,0,0,0,0,0,0,0,0,0,0,0,0,0,0,0,0,0,0,0,0,0,0,0,0,0,0,0,0,0,0,0,0,0,0,0,0,0,0,0,0,0,0,0,0,0,0,0,0,0,0,0,0,0,0,0,0,0,0,0,0,0,0,0,0,0,1,0,0,0,0,0,0,0,0,0,0,0,0,0,0,0,0,0,0,0,0,0,0,0,0,0,0,0,0,0,0,0,0,0,0,0,0,0,7,450.5052777777778,4,0.1209944534998858,0.1284341723326762,0.1339685603817336,0.2012104871721896,0.1368425586314087,0.2701251820801124,0.1235239972138999,0.1237217870085736,0.0,0.0,0.4113875256217389,0.2086609177455724,0.1320488910222724,0.0,0.0,0.110801287588576,0.0,0.462014418983944,0.2476915660959134,0.4529683119129186,0.0991080291608527,0.2363661859851286,0.0,41,103,34,11,3,1
55928,6,6,10,3400,1418,3,2,1028.0,0,1,0,8471404.675155,0,10,0,7,345,0,0,0,0,0,0,0,0,0,0,0,1,0,0,0,0,0,0,1,0,0,0,0,0,0,0,0,0,0,0,0,0,0,0,0,0,0,0,0,0,0,0,0,1,1,0,0,1,0,0,1,0,0,0,0,0,0,0,0,0,0,0,0,0,0,0,0,0,0,0,0,0,0,0,0,0,0,0,0,0,0,0,0,0,0,0,0,0,0,0,0,1,0,0,0,0,0,0,0,0,0,0,0,0,0,0,0,0,0,0,0,0,0,0,0,1,0,0,0,0,0,0,0,0,0,0,0,0,0,0,0,0,0,0,0,0,0,0,0,0,0,0,0,0,0,0,0,0,0,0,0,0,0,8,647.2408333333333,4,0.2028475267452867,0.2153202353799291,0.1122993259153276,0.252997442222412,0.1147084588133799,0.2264327971720734,0.1035441567929183,0.1037099543543125,0.0,0.0,0.3448461466306459,0.174910294929887,0.2213803209859625,0.2201250610053922,0.0,0.0928793283386212,0.0954562623513266,0.3872842080800096,0.2076277884021772,0.3797012966615441,0.1661548774704594,0.3302237888212029,0.1064066997081561,69,94,47,5,4,1
56012,2,4,9,687,4,4,2,110059.0,0,1,0,8562546.66874,0,9,0,7,112,0,0,0,0,0,0,0,0,0,0,0,1,0,0,0,0,0,0,0,0,0,0,0,0,0,0,0,0,0,0,0,0,0,0,0,0,0,0,0,0,0,0,0,1,1,1,1,1,0,0,0,0,0,0,0,0,0,0,0,0,0,0,0,0,0,0,0,0,0,0,0,0,0,0,0,0,0,0,0,0,0,0,0,0,0,0,0,0,0,0,0,0,0,0,0,0,0,0,0,0,0,0,0,0,0,0,0,0,0,0,0,0,0,0,0,1,0,0,0,0,0,0,0,0,0,0,0,0,0,0,0,0,0,0,0,0,0,0,0,0,0,0,0,0,0,0,0,0,0,0,0,0,0,7,312.8833333333333,4,0.1209944534998858,0.1284341723326762,0.1339685603817336,0.2012104871721896,0.1368425586314087,0.2701251820801124,0.1235239972138999,0.1237217870085736,0.0,0.0,0.4113875256217389,0.2086609177455724,0.1320488910222724,0.0,0.0,0.110801287588576,0.0,0.462014418983944,0.2476915660959134,0.4529683119129186,0.0991080291608527,0.2363661859851286,0.0,42,86,35,12,3,1
56010,6,0,10,934,4,2,2,110235.0,0,2,0,8564492.625429,1,10,0,7,118,0,0,0,0,0,0,0,0,0,0,0,1,0,0,0,0,0,0,0,0,0,0,0,0,0,0,0,0,0,0,0,0,0,0,0,0,0,0,0,0,0,0,0,1,1,1,1,1,0,0,0,0,0,0,0,0,0,0,0,0,0,0,0,0,0,0,0,0,0,0,0,0,0,0,0,0,0,0,0,0,0,0,0,0,0,0,0,0,0,0,0,0,0,0,0,0,0,0,0,0,0,0,0,0,0,0,0,0,0,0,0,0,0,0,0,1,0,0,0,0,0,0,0,0,0,0,0,0,0,0,0,0,0,0,0,0,0,0,0,0,0,0,0,0,0,0,0,0,0,0,0,0,0,7,312.3852777777778,4,0.1244476039832885,0.13209965047194,0.137791988527912,0.2069529825589305,0.1407480099460721,0.1389172425389368,0.1270493402222173,0.1272527748865964,0.0,0.0,0.4231284194550903,0.214616046498487,0.1358175323002527,0.0,0.0,0.1139635277469522,0.0,0.4752001912908944,0.2547606194818991,0.4658959106581754,0.1019365467408442,0.2431120159449734,0.0,40,85,33,10,3,1
56046,2,9,4,294,4,2,2,249368.0,0,0,0,8583768.289492,0,4,0,7,112,0,0,0,0,0,0,0,0,0,0,0,1,0,0,0,0,0,0,0,0,0,0,0,0,0,0,0,0,0,0,0,0,0,0,0,0,0,0,0,0,0,0,0,1,1,1,1,1,0,0,0,0,0,0,0,0,0,0,0,0,0,0,0,0,0,0,0,0,0,0,0,0,0,0,0,0,0,0,0,0,0,0,0,0,0,0,0,0,0,0,0,0,0,0,0,0,0,0,0,0,0,0,0,0,0,0,0,0,0,0,0,0,0,0,0,1,0,0,0,0,0,0,0,0,0,0,0,0,0,0,0,0,0,0,0,0,0,0,0,0,0,0,0,0,0,0,0,0,0,0,0,0,0,7,213.20416666666668,4,0.1209944534998858,0.1284341723326762,0.1339685603817336,0.2012104871721896,0.1368425586314087,0.2701251820801124,0.1235239972138999,0.1237217870085736,0.0,0.0,0.4113875256217389,0.2086609177455724,0.1320488910222724,0.0,0.0,0.110801287588576,0.0,0.462014418983944,0.2476915660959134,0.4529683119129186,0.0991080291608527,0.2363661859851286,0.0,43,84,38,12,0,1
55936,5,3,2,4,1,3,2,66658.0,0,0,0,8751811.421924,0,2,0,7,69,0,0,0,0,0,0,0,0,0,0,0,1,0,0,0,0,0,0,0,0,0,0,0,0,0,0,0,0,0,0,0,0,0,0,0,0,0,0,0,0,0,0,0,1,0,0,0,1,0,0,0,0,0,0,0,0,0,0,0,0,0,0,0,0,0,0,0,0,0,0,0,0,0,0,0,0,0,0,0,0,0,0,0,0,0,0,0,0,0,0,0,0,0,0,0,0,0,0,0,0,0,0,0,0,0,0,0,0,0,0,0,0,0,0,0,0,0,0,0,0,0,0,0,0,0,0,0,0,0,0,0,0,0,0,0,0,0,0,0,0,0,0,0,0,0,0,0,0,0,0,0,0,0,3,524.7466666666667,4,0.0,0.0,0.2396043879204565,0.1799336929675735,0.0,0.2415610749633467,0.220924160576112,0.0,0.0,0.0,0.4905143714009673,0.0,0.0,0.0,0.0,0.0,0.0,0.4131591836011365,0.4429993568518083,0.4050696477367522,0.1772559068890817,0.0,0.0,68,70,48,8,6,0
55993,4,0,3,46,1,2,2,590013.0,0,0,0,8754996.425737,0,3,0,7,162,0,0,0,0,0,0,0,0,0,0,0,1,0,0,0,0,0,0,0,0,0,0,0,0,0,0,0,0,0,0,0,0,0,0,0,0,0,0,0,0,0,0,0,1,0,0,0,1,0,0,0,0,0,0,0,0,0,0,0,0,0,0,0,0,0,0,0,0,0,0,0,0,0,0,0,0,0,0,0,0,0,0,0,0,0,0,0,0,0,0,0,0,0,0,0,0,0,0,0,0,0,0,0,0,0,0,0,0,0,0,0,0,0,0,0,0,0,0,0,0,0,0,0,0,0,0,0,0,0,0,0,0,0,0,0,0,0,0,0,0,0,0,0,0,0,0,0,0,0,0,0,0,0,3,300.7913888888889,4,0.1161839361250968,0.1233278653933787,0.1286422163324801,0.1932107275424436,0.1314019496872343,0.2593855006800419,0.1186129098242502,0.1188028358597488,0.0,0.1034306434382988,0.3950315127423826,0.2003649426721742,0.1267988695030227,0.0,0.0,0.106396031779934,0.0,0.4436455737547914,0.2378438040884243,0.4349591232959545,0.1903353516865072,0.3026249337361001,0.0,38,70,36,7,1,1
55918,2,1,8,269,10,3,2,1319408.0,0,0,0,9008672.14927,0,8,0,7,123,0,0,0,0,0,0,0,0,0,0,0,1,0,0,0,0,0,0,0,0,0,0,0,0,0,0,0,0,0,0,0,0,0,0,0,0,0,0,0,0,0,0,0,1,0,0,0,1,0,0,0,0,0,0,0,0,0,0,0,0,0,0,0,0,0,0,0,0,0,0,0,0,0,0,0,0,0,0,0,0,0,0,0,0,0,0,0,0,0,0,0,0,0,0,0,0,0,0,0,0,0,0,0,0,0,0,0,0,0,0,0,0,0,0,0,0,0,0,0,0,0,0,0,0,0,0,0,0,0,0,0,0,0,0,0,0,0,0,0,0,0,0,0,0,0,0,0,0,0,0,0,0,0,3,529.2977777777778,4,0.1236050834769648,0.1312053249820274,0.1368591254415526,0.2055518938591902,0.1397951343517799,0.2759535227808943,0.1261892057477401,0.2527825262854454,0.0,0.0,0.1400879350939421,0.2131630782261098,0.2697960728896388,0.0,0.0,0.1131919852983513,0.1163324933327927,0.4719830469429383,0.1265179345756308,0.4627417570547476,0.1012464279420562,0.3219548368234491,0.0,65,60,41,1,3,1
55587,0,2,5,4,2,3,2,,0,0,0,9057784.40879,0,5,0,7,61,0,0,0,0,0,0,0,0,0,0,0,1,0,1,0,0,0,0,0,0,0,0,0,0,0,0,0,0,0,0,0,0,0,0,0,0,0,0,0,0,0,0,0,1,1,0,0,0,0,0,0,1,0,0,0,0,0,0,0,0,0,0,0,0,0,0,0,0,0,0,0,0,0,0,0,0,0,0,0,0,0,0,0,0,0,0,0,0,0,0,0,0,0,0,0,0,0,0,0,0,0,0,0,0,0,0,0,0,0,0,0,0,0,0,0,1,0,0,0,0,0,0,0,0,0,0,0,0,0,0,0,0,0,0,0,0,0,0,0,0,0,0,0,0,0,0,0,0,0,0,0,0,0,6,1279.975,4,0.0,0.0,0.2469166726577932,0.1854249379662094,0.0,0.0,0.2276663591706801,0.0,0.0,0.0,0.5054839668352143,0.0,0.0,0.0,0.0,0.0,0.0,0.4257680411373351,0.4565188815311012,0.4174316275335793,0.182665430787192,0.0,0.0,7,58,7,4,6,0
55919,0,1,4,8,1,2,2,,0,1,0,9081675.907809,0,4,0,7,112,0,0,0,0,0,0,0,0,0,0,0,1,0,0,0,0,0,0,0,0,0,0,0,0,0,0,0,0,0,0,0,0,0,0,0,0,0,0,0,0,0,0,0,1,0,0,0,1,0,0,0,0,0,0,0,0,0,0,0,0,0,0,0,0,0,0,0,0,0,0,0,0,0,0,0,0,0,0,0,0,0,0,0,0,0,0,0,0,0,0,0,0,0,0,0,0,0,0,0,0,0,0,0,0,0,0,0,0,0,0,0,0,0,0,0,0,0,0,0,0,0,0,0,0,0,0,0,0,0,0,0,0,0,0,0,0,0,0,0,0,0,0,0,0,0,0,0,0,0,0,0,0,0,3,504.7355555555555,4,0.1209944534998858,0.1284341723326762,0.1339685603817336,0.2012104871721896,0.1368425586314087,0.2701251820801124,0.1235239972138999,0.1237217870085736,0.0,0.0,0.4113875256217389,0.2086609177455724,0.1320488910222724,0.0,0.0,0.110801287588576,0.0,0.462014418983944,0.2476915660959134,0.4529683119129186,0.0991080291608527,0.2363661859851286,0.0,66,54,42,1,3,1
55860,0,0,1,10,1,2,2,,0,0,0,9089548.412319,0,1,0,7,318,0,0,0,0,0,0,0,0,0,0,0,1,0,0,0,0,0,0,0,0,0,0,0,0,0,0,0,0,0,0,0,0,0,0,0,0,0,0,0,0,0,0,0,1,0,0,0,1,0,0,0,0,0,0,0,0,0,0,0,0,0,0,0,0,0,0,0,0,0,0,0,0,0,0,0,0,0,0,0,0,0,0,0,0,0,0,0,0,0,0,0,0,0,0,0,0,0,0,0,0,0,0,0,0,0,0,0,0,0,0,0,0,0,0,0,0,0,0,0,0,0,0,0,0,0,0,0,0,0,0,0,0,0,0,0,0,0,0,0,0,0,0,0,0,0,0,0,0,0,0,0,0,0,3,692.2047222222222,4,0.0900058360514993,0.1910802474659844,0.0996570663611871,0.2245158880809295,0.1017949876277417,0.1004708982453767,0.09188752310593,0.0920346557662884,0.0,0.0801260642950251,0.3060245913237431,0.1552195146943747,0.1964581101421175,0.0976720814375814,0.0,0.0824233031888673,0.0,0.3436851264305003,0.1842537888680072,0.3369558722672937,0.1474497510589994,0.4102677133251409,0.4721390554955804,44,56,41,7,2,1
55997,3,0,3,58,1,2,2,522147.0,0,0,0,9096353.554954,0,3,0,7,255,0,0,0,0,0,0,0,0,0,0,0,1,0,0,0,0,0,0,0,0,0,0,0,0,0,0,0,0,0,0,0,0,0,0,0,0,0,0,0,0,0,0,0,1,0,0,0,1,0,0,0,0,0,0,0,0,0,0,0,0,0,0,0,0,0,0,0,0,0,0,0,0,0,0,0,0,0,0,0,0,0,0,0,0,0,0,0,0,0,0,0,0,0,0,0,0,0,0,0,0,0,0,0,0,0,0,0,0,0,0,0,0,0,0,0,0,0,0,0,0,0,0,0,0,0,0,0,0,0,0,0,0,0,0,0,0,0,0,0,0,0,0,0,0,0,0,0,0,0,0,0,0,0,3,192.43166666666667,4,0.0965724303677891,0.1025104854451341,0.1069277896192996,0.4817919797056702,0.1092216881230369,0.2156019931694028,0.0985914004702834,0.0987492675511377,0.0,0.0859718558733105,0.3283513584556167,0.249815896926411,0.1053955942980825,0.1047979853007625,0.0,0.0884366954086803,0.0908903687119478,0.368759509346299,0.2965447071444743,0.3615393061060158,0.158207305676773,0.2515427374514075,0.0,39,55,31,11,2,1
55955,1,30,8,567,10,4,2,14393.0,0,1,0,9173233.89922,0,8,0,7,112,0,0,0,0,0,0,0,0,0,0,0,1,0,0,0,0,0,0,0,0,0,0,0,0,0,0,0,0,0,0,0,0,0,0,0,0,0,0,0,0,0,0,0,0,1,1,1,1,0,0,0,0,1,0,0,0,0,0,0,0,0,0,0,0,0,0,0,0,0,0,0,0,0,0,0,0,0,0,0,0,0,0,0,0,0,0,0,0,0,0,0,0,0,0,0,0,0,0,0,0,0,0,0,0,0,0,0,0,0,0,0,0,0,0,0,1,0,0,0,0,0,0,0,0,0,0,0,0,0,0,0,0,0,0,0,0,0,0,0,0,0,0,0,0,0,0,0,0,0,0,0,0,0,7,332.71944444444443,4,0.1209944534998858,0.1284341723326762,0.1339685603817336,0.2012104871721896,0.1368425586314087,0.2701251820801124,0.1235239972138999,0.1237217870085736,0.0,0.0,0.4113875256217389,0.2086609177455724,0.1320488910222724,0.0,0.0,0.110801287588576,0.0,0.462014418983944,0.2476915660959134,0.4529683119129186,0.0991080291608527,0.2363661859851286,0.0,56,52,43,0,2,1
55838,0,30,25,226,4,5,2,,0,1,0,9227370.7449,1,25,0,7,116,0,0,0,0,0,0,0,0,0,0,0,1,0,0,0,0,0,0,0,0,0,0,0,0,0,0,0,0,0,0,0,0,0,0,0,0,0,0,0,0,0,0,0,1,1,1,1,1,0,0,0,0,0,0,0,0,0,0,0,0,0,0,0,0,0,0,0,0,0,0,0,0,0,0,0,0,0,0,0,0,0,0,0,0,0,0,0,0,0,0,0,0,0,0,0,0,0,0,0,0,0,0,0,0,0,0,0,0,0,0,0,0,0,0,0,1,0,0,0,0,0,0,0,0,0,0,0,0,0,0,0,0,0,0,0,0,0,0,0,0,0,0,0,0,0,0,0,0,0,0,0,0,0,7,681.7775,4,0.1209944534998858,0.1284341723326762,0.1339685603817336,0.2012104871721896,0.1368425586314087,0.2701251820801124,0.1235239972138999,0.1237217870085736,0.0,0.0,0.4113875256217389,0.2086609177455724,0.1320488910222724,0.0,0.0,0.110801287588576,0.0,0.462014418983944,0.2476915660959134,0.4529683119129186,0.0991080291608527,0.2363661859851286,0.0,33,48,35,2,1,1
55957,4,6,8,3834,17,2,2,86464.0,2,2,0,9229451.937699,1,8,0,7,80,0,0,0,0,0,0,0,0,0,0,0,1,0,0,0,0,0,0,0,0,0,0,0,0,0,0,0,0,0,0,0,0,0,0,0,0,0,0,0,0,0,0,0,1,1,1,1,1,0,0,0,0,0,0,0,0,0,0,0,0,0,0,0,0,0,0,0,0,0,0,0,0,0,0,0,0,0,0,0,0,0,0,0,0,0,0,0,0,0,0,0,0,0,0,0,0,0,0,0,0,0,0,0,0,0,0,0,0,0,0,0,0,0,0,0,1,0,0,0,0,0,0,0,0,0,0,0,0,0,0,0,0,0,0,0,0,0,0,0,0,0,0,0,0,0,0,0,0,0,0,0,0,0,7,291.96972222222223,4,0.0,0.0,0.1740446833414466,0.1307008727460985,0.177778425899128,0.0,0.1604756736871994,0.0,0.0,0.0,0.5344523478003974,0.0,0.1715507530876939,0.0,0.0,0.1439470197875446,0.0,0.4501680451487123,0.321787440759781,0.441353886609407,0.1287557730167815,0.2047160810227249,0.0,52,46,42,6,3,1
55886,0,24,15,353,4,4,2,,0,0,0,9227627.025415,1,15,0,7,112,0,0,0,0,0,0,0,0,0,0,0,1,0,0,0,0,0,0,0,0,0,0,0,0,0,0,0,0,0,0,0,0,0,0,0,0,0,0,0,0,0,0,0,1,1,1,1,1,0,0,0,0,0,0,0,0,0,0,0,0,0,0,0,0,0,0,0,0,0,0,0,0,0,0,0,0,0,0,0,0,0,0,0,0,0,0,0,0,0,0,0,0,0,0,0,0,0,0,0,0,0,0,0,0,0,0,0,0,0,0,0,0,0,0,0,1,0,0,0,0,0,0,0,0,0,0,0,0,0,0,0,0,0,0,0,0,0,0,0,0,0,0,0,0,0,0,0,0,0,0,0,0,0,7,588.7255555555555,4,0.1209944534998858,0.1284341723326762,0.1339685603817336,0.2012104871721896,0.1368425586314087,0.2701251820801124,0.1235239972138999,0.1237217870085736,0.0,0.0,0.4113875256217389,0.2086609177455724,0.1320488910222724,0.0,0.0,0.110801287588576,0.0,0.462014418983944,0.2476915660959134,0.4529683119129186,0.0991080291608527,0.2363661859851286,0.0,54,47,39,4,5,0
55920,2,1,5,19,4,3,2,1630030.0,0,1,0,9257258.215457,0,5,0,7,161,0,0,0,0,0,0,0,0,0,0,0,1,0,0,0,0,0,0,0,0,0,0,0,0,0,0,0,0,0,0,0,0,0,0,0,0,0,0,0,0,0,0,0,0,0,0,0,1,0,0,0,0,1,0,0,0,0,0,0,0,0,0,0,0,0,0,0,0,0,0,0,0,0,0,0,0,0,0,0,0,0,0,0,0,0,0,0,0,0,0,0,0,0,0,0,0,0,0,0,0,0,0,0,0,0,0,0,0,0,0,0,0,0,0,0,0,0,0,0,0,0,0,0,0,0,0,0,0,0,0,0,0,0,0,0,0,0,0,0,0,0,0,0,0,0,0,0,0,0,0,0,0,0,3,452.78333333333336,4,0.1178305147984056,0.1250756890577687,0.1304653558900189,0.1959489431171277,0.1332642006592897,0.2630615564914528,0.1202939123294968,0.120486530029351,0.0,0.0,0.4006299671058682,0.3048068235163989,0.1285958848330811,0.0,0.0,0.1079038945938164,0.0,0.449932994930348,0.241214567280411,0.4411234386055084,0.0965164084706551,0.2301853396576534,0.0,67,46,42,0,3,1
55670,6,28,23,391,4,4,3,351255.0,0,1,0,9267726.568123,2,23,0,7,126,0,0,0,0,0,0,0,0,0,0,0,1,0,0,0,0,0,0,0,0,0,0,0,0,0,0,0,0,0,0,0,0,0,0,0,0,0,0,0,0,0,0,0,1,1,1,1,1,0,0,0,0,0,0,0,0,0,0,0,0,0,0,0,0,0,0,0,0,0,0,0,0,0,0,0,0,0,0,0,0,0,0,0,0,0,0,0,0,0,0,0,0,0,0,0,0,0,0,0,0,0,0,0,0,0,0,0,0,0,0,0,0,0,0,0,1,0,0,0,0,0,0,0,0,0,0,0,0,0,0,0,0,0,0,0,0,0,0,0,0,0,0,0,0,0,0,0,0,0,0,0,0,0,7,690.7955555555556,4,0.2433071564123873,0.1291338253636207,0.134698362331012,0.2023065936417605,0.1375880168624211,0.1357983527884452,0.1241969017647326,0.1243957690314436,0.0,0.0,0.4136285843989034,0.2097976108926438,0.1327682354549774,0.0,0.0,0.1114048843984117,0.0,0.4645312708677624,0.2490408810937124,0.4554358845736491,0.0996479262282291,0.2376538052801626,0.0,14,61,14,0,4,1
55768,3,10,16,130,4,3,2,1381755.0,0,0,0,9267756.743962,0,16,0,7,113,0,0,0,0,0,0,0,0,0,0,0,1,0,0,0,0,0,0,0,0,0,0,0,0,0,0,0,0,0,0,0,0,0,0,0,0,0,0,0,0,0,0,0,1,1,1,1,1,0,0,0,0,0,0,0,0,0,0,0,0,0,0,0,0,0,0,0,0,0,0,0,0,0,0,0,0,0,0,0,0,0,0,0,0,0,0,0,0,0,0,0,0,0,0,0,0,0,0,0,0,0,0,0,0,0,0,0,0,0,0,0,0,0,0,0,1,0,0,0,0,0,0,0,0,0,0,0,0,0,0,0,0,0,0,0,0,0,0,0,0,0,0,0,0,0,0,0,0,0,0,0,0,0,7,673.8888888888889,4,0.1244476039832885,0.13209965047194,0.137791988527912,0.2069529825589305,0.1407480099460721,0.1389172425389368,0.1270493402222173,0.1272527748865964,0.0,0.0,0.4231284194550903,0.214616046498487,0.1358175323002527,0.0,0.0,0.1139635277469522,0.0,0.4752001912908944,0.2547606194818991,0.4658959106581754,0.1019365467408442,0.2431120159449734,0.0,21,41,31,1,1,1
55887,0,2,9,253,4,4,3,,0,0,0,9267797.672161,0,9,0,7,112,0,0,0,0,0,0,0,0,0,0,0,1,0,0,0,0,0,0,0,0,0,0,0,0,0,0,0,0,0,0,0,0,0,0,0,0,0,0,0,0,0,0,0,1,1,1,1,1,0,0,0,0,0,0,0,0,0,0,0,0,0,0,0,0,0,0,0,0,0,0,0,0,0,0,0,0,0,0,0,0,0,0,0,0,0,0,0,0,0,0,0,0,0,0,0,0,0,0,0,0,0,0,0,0,0,0,0,0,0,0,0,0,0,0,0,1,0,0,0,0,0,0,0,0,0,0,0,0,0,0,0,0,0,0,0,0,0,0,0,0,0,0,0,0,0,0,0,0,0,0,0,0,0,7,413.78527777777776,4,0.1209944534998858,0.1284341723326762,0.1339685603817336,0.2012104871721896,0.1368425586314087,0.2701251820801124,0.1235239972138999,0.1237217870085736,0.0,0.0,0.4113875256217389,0.2086609177455724,0.1320488910222724,0.0,0.0,0.110801287588576,0.0,0.462014418983944,0.2476915660959134,0.4529683119129186,0.0991080291608527,0.2363661859851286,0.0,55,40,40,5,5,0
55888,0,15,9,171,4,5,3,,1,2,0,9267802.243934,0,9,0,7,112,0,0,0,0,0,0,0,0,0,0,0,1,0,0,0,0,0,0,0,0,0,0,0,0,0,0,0,0,0,0,0,0,0,0,0,0,0,0,0,0,0,0,0,1,1,1,1,1,0,0,0,0,0,0,0,0,0,0,0,0,0,0,0,0,0,0,0,0,0,0,0,0,0,0,0,0,0,0,0,0,0,0,0,0,0,0,0,0,0,0,0,0,0,0,0,0,0,0,0,0,0,0,0,0,0,0,0,0,0,0,0,0,0,0,0,1,0,0,0,0,0,0,0,0,0,0,0,0,0,0,0,0,0,0,0,0,0,0,0,0,0,0,0,0,0,0,0,0,0,0,0,0,0,7,420.0602777777778,4,0.1209944534998858,0.1284341723326762,0.1339685603817336,0.2012104871721896,0.1368425586314087,0.2701251820801124,0.1235239972138999,0.1237217870085736,0.0,0.0,0.4113875256217389,0.2086609177455724,0.1320488910222724,0.0,0.0,0.110801287588576,0.0,0.462014418983944,0.2476915660959134,0.4529683119129186,0.0991080291608527,0.2363661859851286,0.0,56,42,41,6,5,0
55889,1,21,17,158,4,4,2,781527.0,0,1,0,9267805.388633,0,17,0,7,112,0,0,0,0,0,0,0,0,0,0,0,1,0,0,0,0,0,0,0,0,0,0,0,0,0,0,0,0,0,0,0,0,0,0,0,0,0,0,0,0,0,0,0,1,1,1,1,1,0,0,0,0,0,0,0,0,0,0,0,0,0,0,0,0,0,0,0,0,0,0,0,0,0,0,0,0,0,0,0,0,0,0,0,0,0,0,0,0,0,0,0,0,0,0,0,0,0,0,0,0,0,0,0,0,0,0,0,0,0,0,0,0,0,0,0,1,0,0,0,0,0,0,0,0,0,0,0,0,0,0,0,0,0,0,0,0,0,0,0,0,0,0,0,0,0,0,0,0,0,0,0,0,0,7,341.2238888888889,4,0.1209944534998858,0.1284341723326762,0.1339685603817336,0.2012104871721896,0.1368425586314087,0.2701251820801124,0.1235239972138999,0.1237217870085736,0.0,0.0,0.4113875256217389,0.2086609177455724,0.1320488910222724,0.0,0.0,0.110801287588576,0.0,0.462014418983944,0.2476915660959134,0.4529683119129186,0.0991080291608527,0.2363661859851286,0.0,57,46,42,7,5,0
55890,1,9,19,136,4,4,3,1558091.0,0,1,0,9267811.248462,0,19,0,7,112,0,0,0,0,0,0,0,0,0,0,0,1,0,0,0,0,0,0,0,0,0,0,0,0,0,0,0,0,0,0,0,0,0,0,0,0,0,0,0,0,0,0,0,1,1,1,1,1,0,0,0,0,0,0,0,0,0,0,0,0,0,0,0,0,0,0,0,0,0,0,0,0,0,0,0,0,0,0,0,0,0,0,0,0,0,0,0,0,0,0,0,0,0,0,0,0,0,0,0,0,0,0,0,0,0,0,0,0,0,0,0,0,0,0,0,1,0,0,0,0,0,0,0,0,0,0,0,0,0,0,0,0,0,0,0,0,0,0,0,0,0,0,0,0,0,0,0,0,0,0,0,0,0,7,456.42027777777776,4,0.1209944534998858,0.1284341723326762,0.1339685603817336,0.2012104871721896,0.1368425586314087,0.2701251820801124,0.1235239972138999,0.1237217870085736,0.0,0.0,0.4113875256217389,0.2086609177455724,0.1320488910222724,0.0,0.0,0.110801287588576,0.0,0.462014418983944,0.2476915660959134,0.4529683119129186,0.0991080291608527,0.2363661859851286,0.0,58,49,43,8,5,0
55946,1,13,10,652,12,3,2,225904.0,0,1,0,9600675.03871,0,10,0,7,224,0,0,0,0,0,0,0,0,0,0,0,1,0,0,0,0,0,0,0,0,0,0,0,0,0,0,0,0,0,0,0,0,0,0,0,0,0,0,0,0,0,0,0,1,0,1,0,1,0,0,0,0,0,0,0,0,0,0,0,0,0,0,0,0,0,0,0,0,0,0,0,0,0,0,0,0,0,0,0,0,0,0,0,0,0,0,0,0,0,0,0,0,0,0,0,0,0,0,0,0,0,0,0,0,0,0,0,0,0,0,0,0,0,0,0,0,0,0,0,0,0,0,0,0,0,0,0,0,0,0,0,0,0,0,0,0,0,0,0,0,0,0,0,0,0,0,0,0,0,0,0,0,0,4,254.75694444444449,4,0.3158028174200825,0.1117403106848856,0.1165553394955244,0.2625857504431176,0.1190557757228446,0.2350143363034205,0.107468359666522,0.107640440762275,0.0,0.0,0.3579154137092852,0.1815391912698269,0.114885188578969,0.1142337721434828,0.0,0.1927986932848848,0.0,0.4019618282308828,0.2154966396162279,0.3940915333066716,0.0862259768460613,0.3427388855795464,0.0,65,49,41,6,0,1
55945,0,0,1,2,1,2,2,,0,0,0,9760324.434179,0,1,0,7,116,0,0,0,0,0,0,0,0,0,0,0,1,0,0,0,0,0,0,0,0,0,0,0,0,0,0,0,0,0,0,0,0,0,0,0,0,0,0,0,0,0,0,0,1,1,0,0,0,0,0,0,0,0,0,0,0,0,0,0,0,0,0,0,0,0,0,0,0,0,0,0,0,0,0,0,0,0,0,0,0,0,0,0,0,0,0,0,0,0,0,0,0,0,0,0,0,0,0,0,0,0,0,0,0,0,0,0,0,0,0,0,0,0,0,0,1,0,0,0,0,0,0,0,0,0,0,0,0,0,0,0,0,0,0,0,0,0,0,0,0,0,0,0,0,0,0,0,0,0,0,0,0,0,4,197.1536111111111,4,0.0,0.0,0.1401258413036922,0.1052291250790105,0.1431319303554334,0.1412701543124508,0.129201239316689,0.0,0.0,0.0,0.4302951600385365,0.2182511072970036,0.1381179427097763,0.0,0.0,0.1158937858004968,0.0,0.4832488978764073,0.2590756292679497,0.4737870259249673,0.20732619543785,0.2472297274266084,0.1327730883104047,65,45,41,6,0,1
55950,0,30,5,530,31,4,2,,0,0,0,9775764.381916,0,5,0,7,143,0,0,0,0,0,0,0,0,0,0,0,0,0,0,0,0,0,0,0,0,0,0,0,0,0,0,0,0,0,0,0,0,0,0,0,0,0,0,0,0,0,0,0,0,1,0,0,0,0,0,0,0,0,0,0,0,0,0,0,0,0,0,0,0,0,0,0,0,0,0,0,0,0,0,0,0,0,0,0,0,0,0,0,0,0,0,0,0,0,0,0,0,0,0,0,0,0,0,0,0,0,0,0,0,0,0,0,0,0,0,0,0,0,0,0,1,0,0,0,0,0,0,0,0,0,0,0,0,0,0,0,0,0,0,0,0,0,0,0,0,0,0,0,0,0,0,0,0,0,0,0,0,0,2,178.14333333333337,4,0.1199084950845873,0.1272814403997476,0.1327661557976912,0.1994045678472087,0.1356143591245867,0.1338503672307052,0.1224153354497814,0.1226113500267837,0.0,0.0,0.4076952097140666,0.2067881287621507,0.1308637159973973,0.0,0.0,0.1098068156338526,0.0,0.4578677128187285,0.2454684663353895,0.4489027970404881,0.1964370148171869,0.3123263128243279,0.0,60,49,41,9,1,1
55863,0,2,1,164,2,3,2,,0,0,0,9796686.866352,0,1,0,7,125,0,0,0,0,0,0,0,0,0,0,0,1,0,0,0,0,0,0,0,0,0,0,0,0,0,0,0,0,0,0,0,0,0,0,0,0,0,0,0,0,0,0,0,1,0,0,0,0,0,0,0,0,0,1,0,0,0,0,0,0,0,0,0,0,0,0,0,0,0,0,0,0,0,0,0,0,0,0,0,0,0,0,0,0,0,0,0,0,0,0,0,0,0,0,0,0,0,0,0,0,0,0,0,0,0,0,0,0,0,0,0,0,0,0,0,0,0,0,0,0,0,0,0,0,0,0,0,0,0,0,0,0,0,0,0,0,0,0,0,0,0,0,0,0,0,0,0,0,0,0,0,0,0,3,488.94388888888886,4,0.1209944534998858,0.1284341723326762,0.1339685603817336,0.2012104871721896,0.1368425586314087,0.2701251820801124,0.1235239972138999,0.1237217870085736,0.0,0.0,0.4113875256217389,0.2086609177455724,0.1320488910222724,0.0,0.0,0.110801287588576,0.0,0.462014418983944,0.2476915660959134,0.4529683119129186,0.0991080291608527,0.2363661859851286,0.0,45,47,40,8,2,1
55686,0,12,11,2,1,2,3,,0,0,0,9812052.735013,0,11,0,7,113,0,0,0,0,0,0,0,0,0,0,0,1,0,1,0,0,0,0,0,0,0,0,0,0,0,0,0,0,0,0,0,0,0,0,0,0,0,0,0,0,0,0,0,1,1,0,0,0,0,0,0,1,0,0,0,0,0,0,0,0,0,0,0,0,0,0,0,0,0,0,0,0,0,0,0,0,0,0,0,0,0,0,0,0,0,0,0,0,0,0,0,0,0,0,0,0,0,0,0,0,0,0,0,0,0,0,0,0,0,0,0,0,0,0,0,1,0,0,0,0,0,0,0,0,0,0,0,0,0,0,0,0,0,0,0,0,0,0,0,0,0,0,0,0,0,0,0,0,0,0,0,0,0,6,865.2605555555556,4,0.1244476039832885,0.13209965047194,0.137791988527912,0.2069529825589305,0.1407480099460721,0.1389172425389368,0.1270493402222173,0.1272527748865964,0.0,0.0,0.4231284194550903,0.214616046498487,0.1358175323002527,0.0,0.0,0.1139635277469522,0.0,0.4752001912908944,0.2547606194818991,0.4658959106581754,0.1019365467408442,0.2431120159449734,0.0,17,39,17,2,0,1
55921,0,30,5,461,51,2,2,,0,0,0,9824562.616379,0,5,0,7,126,0,0,0,0,0,0,0,0,0,0,0,1,0,0,0,0,0,0,0,0,0,0,0,0,0,0,0,0,0,0,0,0,0,0,0,0,0,0,0,0,0,0,0,1,1,0,0,0,0,0,0,0,0,0,0,0,0,0,0,0,0,0,0,0,0,0,0,0,0,0,0,0,0,0,0,0,0,0,0,0,0,0,0,0,0,0,0,0,0,0,0,0,0,0,0,0,0,0,0,0,0,0,0,0,0,0,0,0,0,0,0,0,0,0,0,1,0,0,0,0,0,0,0,0,0,0,0,0,0,0,0,0,0,0,0,0,0,0,0,0,0,0,0,0,0,0,0,0,0,0,0,0,0,4,294.46444444444444,4,0.118448313578345,0.125731475109728,0.1311494005776885,0.1969763256945127,0.1339629200081594,0.2644408181277738,0.1209246269826446,0.1211182545989892,0.0,0.0,0.4027305155530056,0.2042699735545823,0.1292701276715431,0.0,0.0,0.1084696469759122,0.0,0.4522920447554128,0.2424792826694969,0.4434362989255999,0.0970224549688761,0.3085229700705286,0.0,68,46,42,8,3,1
55916,0,30,4,192,22,3,2,,0,0,0,9826718.450202,0,4,0,7,127,0,0,0,0,0,0,0,0,0,0,0,1,0,0,0,0,0,0,0,0,0,0,0,0,0,0,0,0,0,0,0,0,0,0,0,0,0,0,0,0,0,0,0,1,1,0,0,0,0,0,0,0,0,0,0,0,0,0,0,0,0,0,0,0,0,0,0,0,0,0,0,0,0,0,0,0,0,0,0,0,0,0,0,0,0,0,0,0,0,0,0,0,0,0,0,0,0,0,0,0,0,0,0,0,0,0,0,0,0,0,0,0,0,0,0,1,0,0,0,0,0,0,0,0,0,0,0,0,0,0,0,0,0,0,0,0,0,0,0,0,0,0,0,0,0,0,0,0,0,0,0,0,0,4,314.5838888888889,4,0.1216822018708673,0.1291642090429972,0.1347300552808808,0.2023541940180343,0.1376203897142176,0.1358303045532084,0.124226123843705,0.1244250379015588,0.0,0.0,0.4137259063689911,0.2098469738176976,0.1327994742685578,0.0,0.0,0.1114310966652521,0.0,0.464640569644862,0.2490994775014429,0.4555430433126898,0.0996713722202651,0.316946296589444,0.0,65,44,43,7,2,1
55802,1,16,12,628,4,5,3,1443875.0,0,2,0,9862650.385177,0,12,0,7,112,0,0,0,0,0,0,0,0,0,0,0,1,0,0,0,0,0,0,0,0,0,0,0,0,0,0,0,0,0,0,0,0,0,0,0,0,0,0,0,0,0,0,0,1,1,1,1,1,0,0,0,0,0,0,0,0,0,0,0,0,0,0,0,0,0,0,0,0,0,0,0,0,0,0,0,0,0,0,0,0,0,0,0,0,0,0,0,0,0,0,0,0,0,0,0,0,0,0,0,0,0,0,0,0,0,0,0,0,0,0,0,0,0,0,0,1,0,0,0,0,0,0,0,0,0,0,0,0,0,0,0,0,0,0,0,0,0,0,0,0,0,0,0,0,0,0,0,0,0,0,0,0,0,7,432.69944444444445,4,0.1209944534998858,0.1284341723326762,0.1339685603817336,0.2012104871721896,0.1368425586314087,0.2701251820801124,0.1235239972138999,0.1237217870085736,0.0,0.0,0.4113875256217389,0.2086609177455724,0.1320488910222724,0.0,0.0,0.110801287588576,0.0,0.462014418983944,0.2476915660959134,0.4529683119129186,0.0991080291608527,0.2363661859851286,0.0,23,57,38,4,4,1
55933,1,0,3,269,4,2,2,629124.0,0,0,0,9888039.504017,0,3,0,7,112,0,0,0,0,0,0,0,0,0,0,0,1,0,0,0,0,0,0,0,0,0,0,0,0,0,0,0,0,0,0,0,0,0,0,0,0,0,0,0,0,0,0,0,1,1,1,1,1,0,0,0,0,0,0,0,0,0,0,0,0,0,0,0,0,0,0,0,0,0,0,0,0,0,0,0,0,0,0,0,0,0,0,0,0,0,0,0,0,0,0,0,0,0,0,0,0,0,0,0,0,0,0,0,0,0,0,0,0,0,0,0,0,0,0,0,1,0,0,0,0,0,0,0,0,0,0,0,0,0,0,0,0,0,0,0,0,0,0,0,0,0,0,0,0,0,0,0,0,0,0,0,0,0,7,204.10222222222225,4,0.1209944534998858,0.1284341723326762,0.1339685603817336,0.2012104871721896,0.1368425586314087,0.2701251820801124,0.1235239972138999,0.1237217870085736,0.0,0.0,0.4113875256217389,0.2086609177455724,0.1320488910222724,0.0,0.0,0.110801287588576,0.0,0.462014418983944,0.2476915660959134,0.4529683119129186,0.0991080291608527,0.2363661859851286,0.0,70,47,46,8,5,0
55873,3,8,9,377,4,3,2,348888.0,0,0,0,10180380.494478,0,9,0,7,112,0,0,0,0,0,0,0,0,0,0,0,1,0,0,0,0,0,0,0,0,0,0,0,0,0,0,0,0,0,0,0,0,0,0,0,0,0,0,0,0,0,0,0,1,1,1,1,1,0,0,0,0,0,0,0,0,0,0,0,0,0,0,0,0,0,0,0,0,0,0,0,0,0,0,0,0,0,0,0,0,0,0,0,0,0,0,0,0,0,0,0,0,0,0,0,0,0,0,0,0,0,0,0,0,0,0,0,0,0,0,0,0,0,0,0,1,0,0,0,0,0,0,0,0,0,0,0,0,0,0,0,0,0,0,0,0,0,0,0,0,0,0,0,0,0,0,0,0,0,0,0,0,0,7,206.06916666666663,4,0.1209944534998858,0.1284341723326762,0.1339685603817336,0.2012104871721896,0.1368425586314087,0.2701251820801124,0.1235239972138999,0.1237217870085736,0.0,0.0,0.4113875256217389,0.2086609177455724,0.1320488910222724,0.0,0.0,0.110801287588576,0.0,0.462014418983944,0.2476915660959134,0.4529683119129186,0.0991080291608527,0.2363661859851286,0.0,50,60,38,4,3,1
55844,1,11,6,353,4,2,2,587108.0,0,2,0,10180388.970169,0,6,0,7,112,0,0,0,0,0,0,0,0,0,0,0,1,0,0,0,0,0,0,0,0,0,0,0,0,0,0,0,0,0,0,0,0,0,0,0,0,0,0,0,0,0,0,0,1,1,1,1,1,0,0,0,0,0,0,0,0,0,0,0,0,0,0,0,0,0,0,0,0,0,0,0,0,0,0,0,0,0,0,0,0,0,0,0,0,0,0,0,0,0,0,0,0,0,0,0,0,0,0,0,0,0,0,0,0,0,0,0,0,0,0,0,0,0,0,0,1,0,0,0,0,0,0,0,0,0,0,0,0,0,0,0,0,0,0,0,0,0,0,0,0,0,0,0,0,0,0,0,0,0,0,0,0,0,7,353.81416666666667,4,0.1209944534998858,0.1284341723326762,0.1339685603817336,0.2012104871721896,0.1368425586314087,0.2701251820801124,0.1235239972138999,0.1237217870085736,0.0,0.0,0.4113875256217389,0.2086609177455724,0.1320488910222724,0.0,0.0,0.110801287588576,0.0,0.462014418983944,0.2476915660959134,0.4529683119129186,0.0991080291608527,0.2363661859851286,0.0,36,56,36,2,1,1
55874,2,0,1,15,4,2,2,999068.0,0,0,0,10260739.931851,0,1,0,7,196,0,0,0,0,0,0,0,0,0,0,0,1,0,0,0,0,0,0,1,0,0,0,0,0,0,0,0,0,0,0,0,0,0,0,0,0,0,0,0,0,0,0,0,1,0,0,0,1,0,0,1,0,0,0,0,0,0,0,0,0,0,0,0,0,0,0,0,0,0,0,0,0,0,0,0,0,0,0,0,0,0,0,0,0,0,0,0,0,0,0,0,1,0,0,0,0,0,0,0,0,0,0,0,0,0,0,0,0,0,0,0,0,0,0,0,0,0,0,0,0,0,0,0,0,0,0,0,0,0,0,0,0,0,0,0,0,0,0,0,0,0,0,0,0,0,0,0,0,0,0,0,0,0,6,335.2394444444444,4,0.1111732768094698,0.2360182203318806,0.1230942693344096,0.184878137305552,0.1257349837946089,0.2481989940194169,0.1134974962706537,0.1136792313746795,0.0,0.0,0.3779950067045975,0.1917238129255936,0.1213304204396151,0.0,0.0,0.1018074949687017,0.1046321406807884,0.42451249132438,0.227586325194469,0.4162006610184052,0.2731901514795691,0.2895736420176553,0.0,50,46,37,0,3,1
55926,2,0,6,8,3,2,2,37965.0,0,0,0,10203809.061829,0,6,0,7,106,0,0,0,0,0,0,0,0,0,0,0,1,0,0,0,0,0,0,0,0,0,0,0,0,0,0,0,0,0,0,0,0,0,0,0,0,0,0,0,0,0,0,0,1,1,0,0,0,0,0,0,0,0,0,0,0,0,0,0,0,0,0,0,0,0,0,0,0,0,0,0,0,0,0,0,0,0,0,0,0,0,0,0,0,0,0,0,0,0,0,0,0,0,0,0,0,0,0,0,0,0,0,0,0,0,0,0,0,0,0,0,0,0,0,0,1,0,0,0,0,0,0,0,0,0,0,0,0,0,0,0,0,0,0,0,0,0,0,0,0,0,0,0,0,0,0,0,0,0,0,0,0,0,4,171.76611111111112,4,0.0,0.0,0.2376341099002173,0.1784540898458136,0.0,0.0,0.2191074909337038,0.0,0.0,0.0,0.486480848922641,0.0,0.0,0.2329008767968383,0.0,0.0,0.0,0.4097617564280602,0.4393565525469264,0.4017387411931428,0.1757983233267261,0.139755845344203,0.0,69,44,46,0,4,1
55865,0,9,8,296,4,3,2,,0,2,0,10268508.902865,0,8,0,7,112,0,0,0,0,0,0,0,0,0,0,0,1,0,0,0,0,0,0,0,0,0,0,0,0,0,0,0,0,0,0,0,0,0,0,0,0,0,0,0,0,0,0,0,1,1,1,1,1,0,0,0,0,0,0,0,0,0,0,0,0,0,0,0,0,0,0,0,0,0,0,0,0,0,0,0,0,0,0,0,0,0,0,0,0,0,0,0,0,0,0,0,0,0,0,0,0,0,0,0,0,0,0,0,0,0,0,0,0,0,0,0,0,0,0,0,1,0,0,0,0,0,0,0,0,0,0,0,0,0,0,0,0,0,0,0,0,0,0,0,0,0,0,0,0,0,0,0,0,0,0,0,0,0,7,348.49,4,0.1209944534998858,0.1284341723326762,0.1339685603817336,0.2012104871721896,0.1368425586314087,0.2701251820801124,0.1235239972138999,0.1237217870085736,0.0,0.0,0.4113875256217389,0.2086609177455724,0.1320488910222724,0.0,0.0,0.110801287588576,0.0,0.462014418983944,0.2476915660959134,0.4529683119129186,0.0991080291608527,0.2363661859851286,0.0,46,51,41,3,2,1
55882,1,3,2,43,1,2,2,2006.0,0,1,0,10545338.000286,0,2,0,7,124,0,0,0,0,0,0,0,0,0,0,0,1,0,0,0,0,0,0,0,0,0,0,0,0,0,0,0,0,0,0,0,0,0,0,0,0,0,0,0,0,0,0,0,1,1,0,0,0,0,0,0,0,0,0,0,0,0,0,0,0,0,0,0,0,0,0,0,0,0,0,0,0,0,0,0,0,0,0,0,0,0,0,0,0,0,0,0,0,0,0,0,0,0,0,0,0,0,0,0,0,0,0,0,0,0,0,0,0,0,0,0,0,0,0,0,1,0,0,0,0,0,0,0,0,0,0,0,0,0,0,0,0,0,0,0,0,0,0,0,0,0,0,0,0,0,0,0,0,0,0,0,0,0,4,229.00805555555556,4,0.1192502242383376,0.1265826937310923,0.132037299266979,0.1983098813237039,0.1348698665939984,0.2662311172429533,0.1217433026100428,0.1219382411108139,0.0,0.0,0.4054570541061497,0.2056529081389694,0.1301453034361169,0.0,0.0,0.1092040007507178,0.0,0.4553541213790644,0.2441208993014755,0.4464384209853698,0.1953586194967614,0.2329587833636836,0.0,54,67,38,4,4,1
55586,2,1,2,15,4,2,2,1837730.0,0,1,0,10559391.976,0,2,0,7,61,0,0,0,0,0,0,0,0,0,0,0,1,0,1,0,0,0,0,0,0,0,0,0,0,0,0,0,0,0,0,0,0,0,0,0,0,0,0,0,0,0,0,0,1,1,0,0,0,0,0,0,1,0,0,0,0,0,0,0,0,0,0,0,0,0,0,0,0,0,0,0,0,0,0,0,0,0,0,0,0,0,0,0,0,0,0,0,0,0,0,0,0,0,0,0,0,0,0,0,0,0,0,0,0,0,0,0,0,0,0,0,0,0,0,0,1,0,0,0,0,0,0,0,0,0,0,0,0,0,0,0,0,0,0,0,0,0,0,0,0,0,0,0,0,0,0,0,0,0,0,0,0,0,6,863.3005555555555,4,0.0,0.0,0.2313081329226734,0.1737035240941747,0.0,0.0,0.2132747047910241,0.0,0.0,0.1859758771480615,0.4735304073736863,0.0,0.0,0.0,0.0,0.0,0.0,0.3988536277990082,0.4276605908960003,0.3910441905293411,0.3422369116682461,0.0,0.0,6,69,6,3,6,0
55585,0,3,1,89,5,3,2,,0,0,0,10571806.154215,0,1,0,7,98,0,0,0,0,0,0,0,0,0,0,0,1,0,1,0,0,0,0,0,0,0,0,0,0,0,0,0,0,0,0,0,0,0,0,0,0,0,0,0,0,0,0,0,1,1,0,0,0,0,0,0,1,0,0,0,0,0,0,0,0,0,0,0,0,0,0,0,0,0,0,0,0,0,0,0,0,0,0,0,0,0,0,0,0,0,0,0,0,0,0,0,0,0,0,0,0,0,0,0,0,0,0,0,0,0,0,0,0,0,0,0,0,0,0,0,1,0,0,0,0,0,0,0,0,0,0,0,0,0,0,0,0,0,0,0,0,0,0,0,0,0,0,0,0,0,0,0,0,0,0,0,0,0,6,861.6752777777778,4,0.0,0.0,0.1979940227167659,0.1486859068071838,0.0,0.0,0.1825578556696151,0.0,0.0,0.0,0.4053302797872994,0.0,0.0,0.0,0.0,0.0,0.0,0.3414088093024436,0.3660668549740744,0.3347241247622226,0.5858926100623626,0.0,0.187604781662872,5,68,5,2,6,0
55843,0,2,4,263,4,2,2,,0,0,0,10828694.139626,0,4,0,7,112,0,0,0,0,0,0,0,0,0,0,0,1,0,0,0,0,0,0,0,0,0,0,0,0,0,0,0,0,0,0,0,0,0,0,0,0,0,0,0,0,0,0,0,1,1,1,1,1,0,0,0,0,0,0,0,0,0,0,0,0,0,0,0,0,0,0,0,0,0,0,0,0,0,0,0,0,0,0,0,0,0,0,0,0,0,0,0,0,0,0,0,0,0,0,0,0,0,0,0,0,0,0,0,0,0,0,0,0,0,0,0,0,0,0,0,1,0,0,0,0,0,0,0,0,0,0,0,0,0,0,0,0,0,0,0,0,0,0,0,0,0,0,0,0,0,0,0,0,0,0,0,0,0,7,217.96,4,0.1209944534998858,0.1284341723326762,0.1339685603817336,0.2012104871721896,0.1368425586314087,0.2701251820801124,0.1235239972138999,0.1237217870085736,0.0,0.0,0.4113875256217389,0.2086609177455724,0.1320488910222724,0.0,0.0,0.110801287588576,0.0,0.462014418983944,0.2476915660959134,0.4529683119129186,0.0991080291608527,0.2363661859851286,0.0,35,60,35,6,1,1
55870,0,6,8,1326,21,2,2,,1,1,0,10915436.401305,0,8,0,7,80,0,0,0,0,0,0,0,0,0,0,0,1,0,0,0,0,0,0,0,0,0,0,0,0,0,0,0,0,0,0,0,0,0,0,0,0,0,0,0,0,0,0,0,1,1,1,1,1,0,0,0,0,0,0,0,0,0,0,0,0,0,0,0,0,0,0,0,0,0,0,0,0,0,0,0,0,0,0,0,0,0,0,0,0,0,0,0,0,0,0,0,0,0,0,0,0,0,0,0,0,0,0,0,0,0,0,0,0,0,0,0,0,0,0,0,1,0,0,0,0,0,0,0,0,0,0,0,0,0,0,0,0,0,0,0,0,0,0,0,0,0,0,0,0,0,0,0,0,0,0,0,0,0,7,170.1891666666667,4,0.0,0.0,0.1740446833414466,0.1307008727460985,0.177778425899128,0.0,0.1604756736871994,0.0,0.0,0.0,0.5344523478003974,0.0,0.1715507530876939,0.0,0.0,0.1439470197875446,0.0,0.4501680451487123,0.321787440759781,0.441353886609407,0.1287557730167815,0.2047160810227249,0.0,49,56,42,3,3,1
55808,2,0,1,2,1,2,2,13999.0,0,0,0,11091391.807242,0,1,0,7,79,0,0,0,0,0,0,0,0,0,0,0,1,0,1,0,0,0,0,0,0,0,0,0,0,0,0,0,0,0,0,0,0,0,0,0,0,0,0,0,0,0,0,0,1,1,0,0,0,0,0,0,1,0,0,0,0,0,0,0,0,0,0,0,0,0,0,0,0,0,0,0,0,0,0,0,0,0,0,0,0,0,0,0,0,0,0,0,0,0,0,0,0,0,0,0,0,0,0,0,0,0,0,0,0,0,0,0,0,0,0,0,0,0,0,0,1,0,0,0,0,0,0,0,0,0,0,0,0,0,0,0,0,0,0,0,0,0,0,0,0,0,0,0,0,0,0,0,0,0,0,0,0,0,6,242.065,4,0.0,0.0,0.2339453908380582,0.1756840035008401,0.0,0.2358558646777472,0.2157063547129466,0.2160517492643761,0.0,0.0,0.478929360705946,0.0,0.0,0.0,0.0,0.0,0.0,0.4034011543978438,0.4325365598651314,0.3955026778886399,0.1730694616047149,0.0,0.0,24,51,37,0,5,0
55701,0,2,5,626,4,2,2,,0,0,0,11092926.43057,0,5,0,7,112,0,0,0,0,0,0,0,0,0,0,0,1,0,0,0,0,0,0,0,0,0,0,0,0,0,0,0,0,0,0,0,0,0,0,0,0,0,0,0,0,0,0,0,1,1,1,1,1,0,0,0,0,0,0,0,0,0,0,0,0,0,0,0,0,0,0,0,0,0,0,0,0,0,0,0,0,0,0,0,0,0,0,0,0,0,0,0,0,0,0,0,0,0,0,0,0,0,0,0,0,0,0,0,0,0,0,0,0,0,0,0,0,0,0,0,1,0,0,0,0,0,0,0,0,0,0,0,0,0,0,0,0,0,0,0,0,0,0,0,0,0,0,0,0,0,0,0,0,0,0,0,0,0,7,367.0294444444445,4,0.1209944534998858,0.1284341723326762,0.1339685603817336,0.2012104871721896,0.1368425586314087,0.2701251820801124,0.1235239972138999,0.1237217870085736,0.0,0.0,0.4113875256217389,0.2086609177455724,0.1320488910222724,0.0,0.0,0.110801287588576,0.0,0.462014418983944,0.2476915660959134,0.4529683119129186,0.0991080291608527,0.2363661859851286,0.0,20,27,20,3,1,1
55792,0,0,7,298,8,2,2,,0,0,0,11160725.561794,0,7,0,7,334,0,0,0,0,0,0,0,0,0,0,0,1,0,0,0,0,0,0,0,0,0,0,0,0,0,0,0,0,0,0,0,0,0,0,0,0,0,0,0,0,0,0,0,1,0,0,0,1,0,0,0,0,0,0,0,0,0,0,0,0,0,0,0,0,0,0,0,0,0,0,0,0,0,0,0,0,0,0,0,0,0,0,0,0,0,0,0,0,0,0,0,0,0,0,0,0,0,0,0,0,0,0,0,0,0,0,0,0,0,0,0,0,0,0,0,0,0,0,0,0,0,0,0,0,0,0,0,0,0,0,0,0,0,0,0,0,0,0,0,0,0,0,0,0,0,0,0,0,0,0,0,0,0,3,258.885,4,0.0820412168668538,0.0870857752621686,0.0908384095112952,0.204648470278778,0.0927871460595931,0.0915802253871653,0.0837563933762945,0.0838905062630384,0.0,0.0,0.3719259545053808,0.1414841350923363,0.0895367629839,0.1780581519285635,0.0,0.0751296625691158,0.0,0.3132724190825075,0.1679491654564534,0.691061932858475,0.0672009590393303,0.1602699046400117,0.2582156736218386,20,45,34,4,3,1
55699,0,6,7,74,12,2,2,,0,0,0,11174790.731248,0,7,0,7,113,0,0,0,0,0,0,0,0,0,0,0,1,0,1,0,0,0,0,0,0,0,0,0,0,0,0,0,0,0,0,0,0,0,0,0,0,0,0,0,0,0,0,0,1,1,0,0,0,0,0,0,1,0,0,0,0,0,0,0,0,0,0,0,0,0,0,0,0,0,0,0,0,0,0,0,0,0,0,0,0,0,0,0,0,0,0,0,0,0,0,0,0,0,0,0,0,0,0,0,0,0,0,0,0,0,0,0,0,0,0,0,0,0,0,0,1,0,0,0,0,0,0,0,0,0,0,0,0,0,0,0,0,0,0,0,0,0,0,0,0,0,0,0,0,0,0,0,0,0,0,0,0,0,6,477.27916666666664,4,0.1244476039832885,0.13209965047194,0.137791988527912,0.2069529825589305,0.1407480099460721,0.1389172425389368,0.1270493402222173,0.1272527748865964,0.0,0.0,0.4231284194550903,0.214616046498487,0.1358175323002527,0.0,0.0,0.1139635277469522,0.0,0.4752001912908944,0.2547606194818991,0.4658959106581754,0.1019365467408442,0.2431120159449734,0.0,19,42,19,3,1,1
55659,2,27,14,1643,10,5,2,1301409.0,0,2,0,11428511.69493,1,14,0,7,135,0,0,0,0,0,0,0,0,0,0,0,1,0,0,0,0,0,0,1,0,0,0,0,0,0,0,0,0,0,0,0,0,0,0,0,0,0,0,0,0,0,0,0,1,0,1,0,1,0,0,1,0,0,0,0,0,0,0,0,0,0,0,0,0,0,0,0,0,0,0,0,0,0,0,0,0,0,0,0,0,0,0,0,0,0,0,0,0,0,0,0,1,0,0,0,0,0,0,0,0,0,0,0,0,0,0,0,0,0,0,0,0,0,0,0,0,0,0,0,0,0,0,0,0,0,0,0,0,0,0,0,0,0,0,0,0,0,0,0,0,0,0,0,0,0,0,0,0,0,0,0,0,0,7,525.6,4,0.2448376283377631,0.1299461142302926,0.1355456537341152,0.203579160246264,0.1384534850228362,0.1366525634475953,0.1249781359633987,0.2503565083247192,0.0,0.0,0.1387434756820792,0.2111172981481139,0.2672067716108607,0.0,0.0,0.1121056531322031,0.1152160209152225,0.4674533060392934,0.1253037098974271,0.4583007071519344,0.2005494806338039,0.3188649546699874,0.0,12,39,12,0,3,1
55581,0,30,2,20,5,2,2,,0,0,0,11461466.039336,0,2,0,7,113,0,0,0,0,0,0,0,0,0,0,0,1,0,0,0,0,0,0,0,0,0,0,0,0,0,0,0,0,0,0,0,0,0,0,0,0,0,0,0,0,0,0,0,1,1,0,0,0,0,0,0,0,0,0,0,0,0,0,0,0,0,0,0,0,0,0,0,0,0,0,0,0,0,0,0,0,0,0,0,0,0,0,0,0,0,0,0,0,0,0,0,0,0,0,0,0,0,0,0,0,0,0,0,0,0,0,0,0,0,0,0,0,0,0,0,1,0,0,0,0,0,0,0,0,0,0,0,0,0,0,0,0,0,0,0,0,0,0,0,0,0,0,0,0,0,0,0,0,0,0,0,0,0,4,626.4066666666666,4,0.1244476039832885,0.13209965047194,0.137791988527912,0.2069529825589305,0.1407480099460721,0.1389172425389368,0.1270493402222173,0.1272527748865964,0.0,0.0,0.4231284194550903,0.214616046498487,0.1358175323002527,0.0,0.0,0.1139635277469522,0.0,0.4752001912908944,0.2547606194818991,0.4658959106581754,0.1019365467408442,0.2431120159449734,0.0,4,29,4,0,5,0
55676,1,5,6,6,3,4,2,767164.0,0,0,0,11461634.612457,0,6,0,7,113,0,0,0,0,0,0,0,0,0,0,0,1,0,1,0,0,0,0,0,0,0,0,0,0,0,0,0,0,0,0,0,0,0,0,0,0,0,0,0,0,0,0,0,1,1,0,0,0,0,0,0,1,0,0,0,0,0,0,0,0,0,0,0,0,0,0,0,0,0,0,0,0,0,0,0,0,0,0,0,0,0,0,0,0,0,0,0,0,0,0,0,0,0,0,0,0,0,0,0,0,0,0,0,0,0,0,0,0,0,0,0,0,0,0,0,1,0,0,0,0,0,0,0,0,0,0,0,0,0,0,0,0,0,0,0,0,0,0,0,0,0,0,0,0,0,0,0,0,0,0,0,0,0,6,459.4916666666667,4,0.1244476039832885,0.13209965047194,0.137791988527912,0.2069529825589305,0.1407480099460721,0.1389172425389368,0.1270493402222173,0.1272527748865964,0.0,0.0,0.4231284194550903,0.214616046498487,0.1358175323002527,0.0,0.0,0.1139635277469522,0.0,0.4752001912908944,0.2547606194818991,0.4658959106581754,0.1019365467408442,0.2431120159449734,0.0,15,30,15,1,5,0
55749,0,0,2,4,1,2,2,,0,0,0,11461686.721364,0,2,0,7,114,0,0,0,0,0,0,0,0,0,0,0,1,0,1,0,0,0,0,0,0,0,0,0,0,0,0,0,0,0,0,0,0,0,0,0,0,0,0,0,0,0,0,0,1,1,0,0,0,0,0,0,1,0,0,0,0,0,0,0,0,0,0,0,0,0,0,0,0,0,0,0,0,0,0,0,0,0,0,0,0,0,0,0,0,0,0,0,0,0,0,0,0,0,0,0,0,0,0,0,0,0,0,0,0,0,0,0,0,0,0,0,0,0,0,0,1,0,0,0,0,0,0,0,0,0,0,0,0,0,0,0,0,0,0,0,0,0,0,0,0,0,0,0,0,0,0,0,0,0,0,0,0,0,6,253.28194444444443,4,0.1209944534998858,0.1284341723326762,0.1339685603817336,0.2012104871721896,0.1368425586314087,0.2701251820801124,0.1235239972138999,0.1237217870085736,0.0,0.0,0.4113875256217389,0.2086609177455724,0.1320488910222724,0.0,0.0,0.110801287588576,0.0,0.462014418983944,0.2476915660959134,0.4529683119129186,0.0991080291608527,0.2363661859851286,0.0,17,36,27,5,0,1
55724,2,1,16,147,5,2,2,601741.0,0,1,0,11491267.882747,0,16,0,7,112,0,0,0,0,0,0,0,0,0,0,0,0,0,0,0,0,0,0,1,0,0,0,0,0,0,0,0,0,0,0,0,0,0,0,0,0,0,0,0,0,0,0,0,0,0,1,0,1,0,0,1,0,0,0,0,0,0,0,0,0,0,0,0,0,0,0,0,0,0,0,0,0,0,0,0,0,0,0,0,0,0,0,0,0,0,0,0,0,0,0,0,1,0,0,0,0,0,0,0,0,0,0,0,0,0,0,0,0,0,0,0,0,0,0,0,0,0,0,0,0,0,0,0,0,0,0,0,0,0,0,0,0,0,0,0,0,0,0,0,0,0,0,0,0,0,0,0,0,0,0,0,0,0,5,334.11305555555555,4,0.1209944534998858,0.1284341723326762,0.1339685603817336,0.2012104871721896,0.1368425586314087,0.2701251820801124,0.1235239972138999,0.1237217870085736,0.0,0.0,0.4113875256217389,0.2086609177455724,0.1320488910222724,0.0,0.0,0.110801287588576,0.0,0.462014418983944,0.2476915660959134,0.4529683119129186,0.0991080291608527,0.2363661859851286,0.0,23,33,23,0,3,1
55731,1,2,13,4084,38,2,2,1105275.0,1,0,0,11495790.955744,1,13,0,7,80,0,0,0,0,0,0,0,0,0,0,0,1,0,0,0,0,0,0,0,0,0,0,0,0,0,0,0,0,0,0,0,0,0,0,0,0,0,0,0,0,0,0,0,1,1,1,1,1,0,0,0,0,0,0,0,0,0,0,0,0,0,0,0,0,0,0,0,0,0,0,0,0,0,0,0,0,0,0,0,0,0,0,0,0,0,0,0,0,0,0,0,0,0,0,0,0,0,0,0,0,0,0,0,0,0,0,0,0,0,0,0,0,0,0,0,1,0,0,0,0,0,0,0,0,0,0,0,0,0,0,0,0,0,0,0,0,0,0,0,0,0,0,0,0,0,0,0,0,0,0,0,0,0,7,307.3963888888889,4,0.0,0.0,0.1740446833414466,0.1307008727460985,0.177778425899128,0.0,0.1604756736871994,0.0,0.0,0.0,0.5344523478003974,0.0,0.1715507530876939,0.0,0.0,0.1439470197875446,0.0,0.4501680451487123,0.321787440759781,0.441353886609407,0.1287557730167815,0.2047160810227249,0.0,22,32,25,0,4,1
55720,3,0,2,97,15,2,2,1050461.0,0,0,0,11652034.36201,0,2,0,7,166,0,0,0,0,0,0,0,0,0,0,0,0,0,0,0,0,0,0,0,0,0,0,0,0,0,0,0,0,0,0,0,0,0,0,0,0,0,0,0,0,0,0,0,0,0,0,0,1,0,0,0,0,0,0,0,0,0,0,0,0,0,0,0,0,0,0,0,0,0,0,0,0,0,0,0,0,0,0,0,0,0,0,0,0,0,0,0,0,0,0,0,0,0,0,0,0,0,0,0,0,0,0,0,0,0,0,0,0,0,0,0,0,0,0,0,0,0,0,0,0,0,0,0,0,0,0,0,0,0,0,0,0,0,0,0,0,0,0,0,0,0,0,0,0,0,0,0,0,0,0,0,0,0,1,293.3047222222222,4,0.1168230944274716,0.1240063243241853,0.1293499109015147,0.2914104456375324,0.1321248262732057,0.1304062241721382,0.1192654305479531,0.1194564014163819,0.0,0.0,0.397204684692738,0.2014672027684054,0.1274964233377226,0.1267734992893296,0.0,0.1069813442535849,0.0,0.4460861844040285,0.2391522452303032,0.4373519475031575,0.0956912181862108,0.3042897528613084,0.1225625978997584,22,20,22,1,3,1
55569,9,1,18,152,51,2,2,350276.0,0,0,0,11671545.822696,0,18,0,7,149,0,0,0,0,0,0,0,0,0,0,0,1,0,0,0,0,0,0,1,0,0,0,0,0,0,0,0,0,0,0,0,0,0,0,0,0,0,0,0,0,0,0,0,1,1,1,0,1,0,0,1,0,0,0,0,0,0,0,0,0,0,0,0,0,0,0,0,0,0,0,0,0,0,0,0,0,0,0,0,0,0,0,0,0,0,0,0,0,0,0,0,1,0,0,0,0,0,0,0,0,0,0,0,0,0,0,0,0,0,0,0,0,0,0,0,1,0,0,0,0,0,0,0,0,0,0,0,0,0,0,0,0,0,0,0,0,0,0,0,0,0,0,0,0,0,0,0,0,0,0,0,0,0,9,597.8161111111111,4,0.1244476039832885,0.13209965047194,0.137791988527912,0.2069529825589305,0.1407480099460721,0.1389172425389368,0.1270493402222173,0.1272527748865964,0.0,0.0,0.4231284194550903,0.214616046498487,0.1358175323002527,0.0,0.0,0.1139635277469522,0.0,0.4752001912908944,0.2547606194818991,0.4658959106581754,0.1019365467408442,0.2431120159449734,0.0,2,18,2,0,4,1
55591,0,0,2,20,4,2,2,,0,0,0,11696425.038459,0,2,0,7,78,0,0,0,0,0,0,0,0,0,0,0,1,0,1,0,0,0,0,0,0,0,0,0,0,0,0,0,0,0,0,0,0,0,0,0,0,0,0,0,0,0,0,0,1,1,0,0,0,0,0,0,1,0,0,0,0,0,0,0,0,0,0,0,0,0,0,0,0,0,0,0,0,0,0,0,0,0,0,0,0,0,0,0,0,0,0,0,0,0,0,0,0,0,0,0,0,0,0,0,0,0,0,0,0,0,0,0,0,0,0,0,0,0,0,0,1,0,0,0,0,0,0,0,0,0,0,0,0,0,0,0,0,0,0,0,0,0,0,0,0,0,0,0,0,0,0,0,0,0,0,0,0,0,6,539.1527777777778,4,0.0,0.0,0.2255840039252227,0.1694049230607245,0.0,0.0,0.20799684487883,0.0,0.0,0.1813735750250945,0.4618120596365209,0.0,0.0,0.221090786703924,0.0,0.0,0.0,0.3889832890963653,0.4170773729240103,0.381367110168998,0.3337676537769419,0.0,0.0,9,14,9,6,6,0
55589,0,2,1,12,5,3,2,,0,0,0,11700775.373445,0,1,0,7,51,0,0,0,0,0,0,0,0,0,0,0,1,0,1,0,0,0,0,0,0,0,0,0,0,0,0,0,0,0,0,0,0,0,0,0,0,0,0,0,0,0,0,0,1,1,0,0,0,0,0,0,1,0,0,0,0,0,0,0,0,0,0,0,0,0,0,0,0,0,0,0,0,0,0,0,0,0,0,0,0,0,0,0,0,0,0,0,0,0,0,0,0,0,0,0,0,0,0,0,0,0,0,0,0,0,0,0,0,0,0,0,0,0,0,0,1,0,0,0,0,0,0,0,0,0,0,0,0,0,0,0,0,0,0,0,0,0,0,0,0,0,0,0,0,0,0,0,0,0,0,0,0,0,6,533.5286111111111,4,0.0,0.0,0.2469166726577932,0.1854249379662094,0.0,0.0,0.2276663591706801,0.0,0.0,0.0,0.5054839668352143,0.0,0.0,0.0,0.0,0.0,0.0,0.4257680411373351,0.4565188815311012,0.4174316275335793,0.182665430787192,0.0,0.0,8,11,8,5,6,0
55757,1,0,6,1276,15,2,2,617081.0,1,0,0,11737531.753529,0,6,0,7,80,0,0,0,0,0,0,0,0,0,0,0,1,0,0,0,0,0,0,0,0,0,0,0,0,0,0,0,0,0,0,0,0,0,0,0,0,0,0,0,0,0,0,0,1,1,1,1,1,0,0,0,0,0,0,0,0,0,0,0,0,0,0,0,0,0,0,0,0,0,0,0,0,0,0,0,0,0,0,0,0,0,0,0,0,0,0,0,0,0,0,0,0,0,0,0,0,0,0,0,0,0,0,0,0,0,0,0,0,0,0,0,0,0,0,0,1,0,0,0,0,0,0,0,0,0,0,0,0,0,0,0,0,0,0,0,0,0,0,0,0,0,0,0,0,0,0,0,0,0,0,0,0,0,7,171.41194444444446,4,0.0,0.0,0.1740446833414466,0.1307008727460985,0.177778425899128,0.0,0.1604756736871994,0.0,0.0,0.0,0.5344523478003974,0.0,0.1715507530876939,0.0,0.0,0.1439470197875446,0.0,0.4501680451487123,0.321787440759781,0.441353886609407,0.1287557730167815,0.2047160810227249,0.0,19,9,29,1,0,1
26245,12,30,45,2990,4,3,0,4.0,1,2,0,474211.909695,0,45,0,8,76,0,0,0,0,0,0,0,0,0,0,0,0,0,0,0,1,0,0,0,0,0,0,0,0,0,0,0,0,0,0,0,0,0,0,0,0,0,0,0,0,0,0,0,0,0,0,0,0,0,0,0,0,0,0,0,0,0,0,1,1,0,0,0,0,0,0,0,0,0,0,0,0,0,0,0,0,0,0,1,0,0,0,0,0,0,0,0,0,0,0,0,0,0,0,0,0,0,0,0,0,0,0,0,0,0,0,0,0,0,0,0,0,0,0,0,0,0,0,0,0,0,0,0,0,0,0,0,0,0,0,0,0,0,0,0,0,0,0,0,0,0,0,0,0,0,0,0,0,0,0,0,0,0,4,2346.9605555555554,4,0.0,0.0,0.0,0.0,0.0,0.0,0.0,0.3800777607860775,0.3939730174714193,0.0,0.4212657375180016,0.0,0.0,0.0,0.0,0.0,0.0,0.0,0.0,0.0,0.6089268302723084,0.0,0.3899608326848214,9,207,17,0,1,1
28337,5,2,15,304,4,3,1,4.0,1,0,0,541741.066302,0,15,0,8,60,0,0,0,0,0,0,0,0,0,0,0,0,0,0,0,0,0,0,0,0,0,0,0,0,0,0,0,0,0,0,0,0,0,0,0,0,0,0,0,0,0,0,0,0,0,0,0,0,0,0,0,0,0,0,0,0,1,0,1,0,0,0,0,0,0,0,0,0,0,0,0,0,0,0,0,0,0,0,1,0,0,0,0,0,0,0,0,0,0,0,0,0,0,0,0,0,0,0,0,0,0,0,0,0,0,0,0,0,0,0,0,0,0,0,0,0,0,0,0,0,0,0,0,0,0,0,0,0,0,0,0,0,0,0,0,0,0,0,0,0,0,0,0,0,0,0,0,0,0,0,0,0,0,3,606.6366666666667,4,0.0,0.0,0.0,0.0,0.0,0.0,0.0,0.4998753029574544,0.0,0.0,0.0,0.4215281802639193,0.0,0.0,0.0,0.4476723828566857,0.4600930388903551,0.0,0.0,0.0,0.4004279060313314,0.0,0.0,157,226,88,0,0,1
28430,1,0,19,132,3,0,0,4.0,0,0,0,625264.732596,0,19,0,8,117,0,0,0,0,0,0,0,0,0,0,0,0,0,0,0,0,0,0,0,0,0,0,0,0,0,0,0,0,0,0,0,0,0,0,0,0,0,0,0,0,0,0,0,0,0,0,0,0,0,0,0,0,0,0,0,0,0,0,1,0,0,0,0,0,0,0,0,0,0,0,0,0,0,0,0,0,0,0,1,0,0,0,0,0,0,0,0,0,0,0,0,0,0,0,0,0,0,0,0,0,0,0,0,0,0,0,0,0,0,0,0,0,0,0,0,0,0,0,0,0,0,0,0,0,0,0,0,0,0,0,0,0,0,0,0,0,0,0,0,0,0,0,0,0,0,0,0,0,0,0,0,0,0,2,471.2261111111111,4,0.330462182777028,0.0,0.0,0.0,0.0,0.0,0.1686854585639639,0.1689555620496535,0.3502648113986674,0.0,0.0,0.427423780660273,0.0,0.0,0.1811236426321231,0.0,0.3110186781420937,0.1577327399681574,0.0,0.1546443790951437,0.4060283926228359,0.4303783272478698,0.0,132,229,87,0,5,0
26002,3,0,6,16,2,2,2,4.0,1,0,0,634280.043948,0,6,0,8,104,1,0,0,0,0,0,0,0,0,0,0,0,0,0,0,0,0,0,0,0,0,0,0,0,0,0,0,0,0,0,0,0,0,0,0,0,0,0,0,0,0,0,0,0,0,0,0,0,0,0,0,0,0,0,0,0,1,1,0,0,0,0,0,0,0,0,0,0,0,0,0,0,0,0,0,0,0,0,0,0,0,0,0,0,0,0,0,0,0,0,0,0,0,0,0,0,0,0,0,0,0,0,0,0,0,0,0,0,0,0,0,0,0,0,0,0,0,0,0,0,0,0,0,0,0,0,0,0,0,0,0,0,0,0,0,0,0,0,0,0,0,0,0,0,0,0,0,0,0,0,0,0,0,3,2562.2091666666665,4,0.0,0.0,0.0,0.0,0.0,0.0,0.0,0.0,0.0,0.0,0.0,0.0,0.0,0.0,0.0,0.0,0.0,0.0,0.0,0.0,0.0,0.0,1.0,7,226,13,0,1,1
25911,5,0,26,2409,13,1,1,4.0,1,0,0,637364.042239,0,26,0,8,230,0,0,0,0,0,0,0,0,0,0,0,0,0,0,0,1,0,0,0,0,0,0,0,0,0,0,0,0,0,0,0,0,0,0,0,0,0,0,0,0,0,0,0,0,0,0,0,0,0,0,0,0,0,0,0,0,1,0,0,1,0,0,0,0,0,0,0,0,0,0,0,0,0,0,0,0,0,0,1,0,0,0,0,0,0,0,0,0,0,0,0,0,0,0,0,0,0,0,0,0,0,0,0,0,0,0,0,0,0,0,0,0,0,0,0,0,0,0,0,0,0,0,0,0,0,0,0,0,0,0,0,0,0,0,0,0,0,0,0,0,0,0,0,0,0,0,0,0,0,0,0,0,0,4,2629.386111111111,4,0.0,0.0,0.0,0.0,0.0,0.0,0.0,0.2289376557430581,0.2373073837821598,0.0,0.0,0.1930554937367501,0.0,0.0,0.0,0.0,0.0,0.0,0.0,0.0,0.1833917890292673,0.8747549130148456,0.2348906673251065,5,227,11,0,6,0
28177,4,0,4,7,1,2,2,390.0,1,0,0,637546.30904,0,4,0,8,24,0,0,0,0,0,0,0,0,0,0,0,1,0,0,0,0,0,0,0,0,0,0,0,0,0,0,0,0,0,0,0,0,0,0,0,0,0,0,0,0,0,0,0,0,0,0,0,0,0,0,0,0,0,0,0,0,1,0,0,0,0,0,1,0,0,0,0,0,0,0,0,0,0,0,0,0,0,0,0,0,0,0,0,0,0,0,0,0,0,0,0,0,0,0,0,0,0,0,0,0,0,0,0,0,0,0,0,0,0,0,0,0,0,0,0,0,0,0,0,0,0,0,0,0,0,0,0,0,0,0,0,0,0,0,0,0,0,0,0,0,0,0,0,0,0,0,0,0,0,0,0,0,0,3,750.8086111111111,4,0.7736044435987611,0.0,0.0,0.0,0.0,0.0,0.0,0.0,0.0,0.0,0.0,0.0,0.0,0.0,0.0,0.0,0.0,0.0,0.0,0.0,0.6336688132173235,0.0,0.0,133,226,75,0,0,1
27135,4,0,5,131,2,2,1,4.0,1,0,0,646859.17154,0,5,0,8,64,0,0,0,0,0,0,0,0,0,0,0,0,0,0,0,0,0,0,0,0,0,0,0,0,0,0,0,0,0,0,0,0,0,0,0,0,0,0,0,0,0,0,0,0,0,0,0,0,0,0,0,0,0,0,0,0,1,0,1,0,0,0,0,0,0,0,0,0,0,0,0,0,0,0,0,0,0,0,0,0,0,0,0,0,0,0,0,0,0,0,0,0,0,0,0,0,0,0,0,0,0,0,0,0,0,0,0,0,0,0,0,0,0,0,0,0,0,0,0,0,0,0,0,0,0,0,0,0,0,0,0,0,0,0,0,0,0,0,0,0,0,0,0,0,0,0,0,0,0,0,0,0,0,2,1802.8622222222225,4,0.0,0.0,0.0,0.0,0.0,0.0,0.0,0.0,0.0,0.0,0.0,0.0,0.0,0.0,0.0,0.0,0.0,0.0,0.0,0.0,0.0,0.0,0.0,15,227,41,0,5,0
26993,8,3,5,129,1,2,0,4.0,1,0,0,671958.828185,1,5,0,8,22,0,0,0,0,0,0,0,0,0,0,0,0,0,0,0,0,0,0,0,0,0,0,0,0,0,0,0,0,0,0,0,0,0,0,0,0,0,0,0,0,0,0,0,0,0,0,0,0,0,0,0,0,0,0,0,0,0,0,0,0,0,0,0,1,0,0,0,0,0,0,0,0,0,0,0,0,0,0,0,0,0,0,0,0,0,0,0,0,0,0,0,0,0,0,0,0,0,0,0,0,0,0,0,0,0,0,0,0,0,0,0,0,0,0,0,0,0,0,0,0,0,0,0,0,0,0,0,0,0,0,0,0,0,0,0,0,0,0,0,0,0,0,0,0,0,0,0,0,0,0,0,0,0,1,1905.111111111111,4,0.0,0.0,0.0,0.0,0.0,0.0,0.0,0.0,0.0,0.0,0.0,0.0,0.0,0.0,0.0,0.0,0.0,0.0,0.0,0.0,0.0,1.0,0.0,10,222,32,0,0,1
26562,9,0,25,19,1,3,1,4.0,1,1,0,654623.008322,0,25,0,8,90,1,0,0,0,0,0,0,0,0,0,0,0,0,0,0,0,0,0,0,0,0,0,0,0,0,0,0,0,0,0,0,0,0,0,0,0,0,0,0,0,0,0,0,0,0,0,0,0,0,0,0,0,0,0,0,0,1,1,1,0,0,0,0,0,0,0,0,0,0,0,0,0,0,0,0,0,0,0,0,0,0,0,0,0,0,0,0,0,0,0,0,0,0,0,0,0,0,0,0,0,0,0,0,0,0,0,0,0,0,0,0,0,0,0,0,0,0,0,0,0,0,0,0,0,0,0,0,0,0,0,0,0,0,0,0,0,0,0,0,0,0,0,0,0,0,0,0,0,0,0,0,0,0,4,2222.4244444444444,4,0.2859773542666114,0.0,0.0,0.0,0.0,0.0,0.2919560764138723,0.2924235639766948,0.0,0.0,0.0,0.2465910439265636,0.0,0.0,0.0,0.0,0.8074536513237394,0.0,0.0,0.0,0.0,0.186221694606248,0.0,10,213,23,0,1,1
28373,1,0,7,406,2,1,1,4.0,1,0,0,711869.689559,0,7,0,8,133,1,0,0,0,0,0,0,0,0,0,0,0,0,0,0,0,0,0,0,0,0,0,0,0,0,0,0,0,0,0,0,0,0,0,0,0,0,0,0,0,0,0,0,0,0,0,0,0,0,0,0,0,0,0,0,0,1,1,0,0,0,0,0,0,0,0,0,0,0,0,0,0,0,0,0,0,0,0,0,0,0,0,0,0,0,0,0,0,0,0,0,0,0,0,0,0,0,0,0,0,0,0,0,0,0,0,0,0,0,0,0,0,0,0,0,0,0,0,0,0,0,0,0,0,0,0,0,0,0,0,0,0,0,0,0,0,0,0,0,0,0,0,0,0,0,0,0,0,0,0,0,0,0,3,523.0091666666667,4,0.0,0.0,0.0,0.3592086994913143,0.0,0.0,0.0,0.2208728920379735,0.2289477805117268,0.384587205789177,0.0,0.3725094946661945,0.0,0.0,0.0,0.0,0.2032948607483052,0.0,0.0,0.0,0.3538629299530637,0.562626673289193,0.0,144,212,83,0,2,1
27749,6,8,8,67,1,4,0,5.0,1,0,0,721523.102219,1,8,0,8,225,0,0,0,0,0,0,0,0,0,0,0,0,0,0,0,0,0,0,0,0,0,0,0,0,0,0,0,0,0,0,0,0,0,0,0,0,0,0,0,0,0,0,0,0,0,0,0,0,0,0,0,0,0,0,0,0,0,0,1,0,0,0,0,0,0,0,0,0,0,0,0,0,0,0,0,0,0,0,1,0,0,0,0,0,0,0,0,0,0,0,0,0,0,0,0,0,0,0,0,0,0,0,0,0,0,0,0,0,0,0,0,0,0,0,0,0,0,0,0,0,0,0,0,0,0,0,0,0,0,0,0,0,0,0,0,0,0,0,0,0,0,0,0,0,0,0,0,0,0,0,0,0,0,2,1177.185277777778,4,0.0,0.3120292998569194,0.0,0.0,0.0,0.0,0.0,0.100193538516463,0.830852099714133,0.0,0.0,0.0,0.0,0.1063307226176858,0.0,0.0897301384347962,0.1844393965474259,0.0935382130400792,0.0,0.0917067622116531,0.0,0.1914162827105731,0.308396542029011,91,212,66,1,2,1
28491,4,8,13,28,1,4,1,4.0,1,0,0,725205.450576,0,13,0,8,19,1,0,0,0,0,0,0,0,0,0,0,0,0,0,0,0,0,0,0,0,0,0,0,0,0,0,0,0,0,0,0,0,0,0,0,0,0,0,0,0,0,0,0,0,0,0,0,0,0,0,0,0,0,0,0,0,1,1,1,0,0,0,0,0,0,0,0,0,0,0,0,0,0,0,0,0,0,0,0,0,0,0,0,0,0,0,0,0,0,0,0,0,0,0,0,0,0,0,0,0,0,0,0,0,0,0,0,0,0,0,0,0,0,0,0,0,0,0,0,0,0,0,0,0,0,0,0,0,0,0,0,0,0,0,0,0,0,0,0,0,0,0,0,0,0,0,0,0,0,0,0,0,0,4,355.26666666666665,4,0.0,0.0,0.0,0.0,0.0,0.0,0.0,0.5183530288476976,0.0,0.4512820499099978,0.0,0.4371098305752024,0.0,0.0,0.0,0.0,0.4771002264955978,0.0,0.0,0.0,0.0,0.3300984986421705,0.0,125,209,92,6,1,1
27024,4,0,4,46,2,1,1,20.0,1,0,0,730265.846265,0,4,0,8,44,1,0,0,0,0,0,0,0,0,0,0,0,0,0,0,0,0,0,0,0,0,0,0,0,0,0,0,0,0,0,0,0,0,0,0,0,0,0,0,0,0,0,0,0,0,0,0,0,0,0,0,0,0,0,0,0,1,1,1,0,0,0,0,0,0,0,0,0,0,0,0,0,0,0,0,0,0,0,0,0,0,0,0,0,0,0,0,0,0,0,0,0,0,0,0,0,0,0,0,0,0,0,0,0,0,0,0,0,0,0,0,0,0,0,0,0,0,0,0,0,0,0,0,0,0,0,0,0,0,0,0,0,0,0,0,0,0,0,0,0,0,0,0,0,0,0,0,0,0,0,0,0,0,4,1872.1925,4,0.4312908037789993,0.0,0.0,0.0,0.0,0.0,0.0,0.4410125209909081,0.4571354905851943,0.3839488214261582,0.0,0.3718911583489919,0.0,0.0,0.0,0.0,0.0,0.0,0.0,0.0,0.3532755454594207,0.0,0.0,12,208,36,0,1,1
28514,1,2,5,7,1,2,1,6.0,1,0,0,777262.214923,0,5,0,8,63,0,0,0,0,0,0,0,0,0,0,0,0,0,0,0,0,0,0,0,0,0,0,0,0,0,0,0,0,0,0,0,0,0,0,0,0,0,0,0,0,0,0,0,0,0,0,0,0,0,0,0,0,0,0,0,0,1,0,1,0,0,0,0,0,0,0,0,0,0,0,0,0,0,0,0,0,0,0,1,0,0,0,0,0,0,0,0,0,0,0,0,0,0,0,0,0,0,0,0,0,0,0,0,0,0,0,0,0,0,0,0,0,0,0,0,0,0,0,0,0,0,0,0,0,0,0,0,0,0,0,0,0,0,0,0,0,0,0,0,0,0,0,0,0,0,0,0,0,0,0,0,0,0,3,321.70222222222225,4,0.0,0.0,0.0,0.0,0.0,0.0,0.0,0.3245569652246647,0.0,0.0,0.0,0.5473761401442043,0.0,0.0,0.0,0.2906628695901517,0.5974546033371719,0.0,0.0,0.0,0.0,0.2066849443952985,0.3329963430401925,128,202,89,0,2,1
25497,1,0,9,129,8,1,1,4.0,1,0,0,804308.126469,0,9,0,8,0,0,0,0,0,0,0,0,0,0,0,0,0,0,0,0,0,0,0,0,0,0,0,0,0,0,0,0,0,0,0,0,0,0,0,0,0,0,0,0,0,0,0,0,0,0,0,0,0,0,0,0,0,0,0,0,0,1,0,0,0,0,0,0,1,0,0,0,0,0,0,0,0,0,0,0,0,0,0,0,0,0,0,0,0,0,0,0,0,0,0,0,0,0,0,0,0,0,0,0,0,0,0,0,0,0,0,0,0,0,0,0,0,0,0,0,0,0,0,0,0,0,0,0,0,0,0,0,0,0,0,0,0,0,0,0,0,0,0,0,0,0,0,0,0,0,0,0,0,0,0,0,0,0,2,2952.673888888889,4,0.0,0.0,0.0,0.0,0.0,0.0,0.0,0.0,0.0,0.0,0.0,0.0,0.0,0.0,0.0,0.0,0.0,0.0,0.0,0.0,0.0,0.0,0.0,3,209,6,0,4,1
25199,6,0,19,118,3,1,1,4.0,1,0,0,817704.623126,0,19,0,8,259,0,0,0,0,0,0,0,0,0,0,0,0,0,0,0,0,0,0,0,0,0,0,0,0,0,0,0,0,0,0,0,0,0,0,0,0,0,0,0,0,0,0,0,0,0,0,0,0,0,0,0,0,0,0,0,0,1,0,0,0,0,0,0,1,0,0,0,0,0,0,0,0,0,0,0,0,0,0,0,0,0,0,0,0,0,0,0,0,0,0,0,0,0,0,0,0,0,0,0,0,0,0,0,0,0,0,0,0,0,0,0,0,0,0,0,0,0,0,0,0,0,0,0,0,0,0,0,0,0,0,0,0,0,0,0,0,0,0,0,0,0,0,0,0,0,0,0,0,0,0,0,0,0,2,3138.6944444444443,4,0.2863305182287358,0.1013121457459442,0.0,0.4761598684779695,0.1079448949801498,0.0,0.1948777491467092,0.2927846886004866,0.0,0.0849668514831873,0.0,0.1645970455227787,0.1041635278980585,0.103572904904004,0.1046236234405967,0.2622086317012713,0.4491393364230997,0.0,0.0,0.0,0.3908946860703605,0.1243011110880484,0.2002652662933604,2,208,4,0,3,1
24424,12,13,73,576,6,2,1,4.0,1,0,0,861345.505812,0,73,0,8,13,0,0,0,0,0,0,0,0,0,0,0,0,0,0,0,0,0,0,0,0,0,0,0,0,0,0,0,0,0,0,0,0,0,0,0,0,0,0,0,0,0,0,0,0,0,0,0,0,0,0,0,0,0,0,0,0,1,0,1,0,0,0,0,0,0,0,0,0,0,0,0,0,0,0,0,0,0,0,0,0,0,0,0,0,0,0,0,0,0,0,0,0,0,0,0,0,0,0,0,0,0,0,0,0,0,0,0,0,0,0,0,0,0,0,0,0,0,0,0,0,0,0,0,0,0,0,0,0,0,0,0,0,0,0,0,0,0,0,0,0,0,0,0,0,0,0,0,0,0,0,0,0,0,2,3626.3530555555553,4,0.0,0.0,0.0,0.0,0.0,0.0,0.0,0.0,0.0,0.0,0.0,0.0,0.0,0.0,0.0,0.0,0.0,0.0,0.0,0.0,1.0,0.0,0.0,0,205,0,0,4,1
28163,3,4,7,186,3,2,1,4.0,1,0,0,874512.265676,0,7,0,8,15,1,0,0,0,0,0,0,0,0,0,0,0,0,0,0,0,0,0,0,0,0,0,0,0,0,0,0,0,0,0,0,0,0,0,0,0,0,0,0,0,0,0,0,0,0,0,0,0,0,0,0,0,0,0,0,0,1,1,1,0,0,0,0,0,0,0,0,0,0,0,0,0,0,0,0,0,0,0,0,0,0,0,0,0,0,0,0,0,0,0,0,0,0,0,0,0,0,0,0,0,0,0,0,0,0,0,0,0,0,0,0,0,0,0,0,0,0,0,0,0,0,0,0,0,0,0,0,0,0,0,0,0,0,0,0,0,0,0,0,0,0,0,0,0,0,0,0,0,0,0,0,0,0,4,705.2861111111112,4,0.0,0.0,0.0,0.0,0.0,0.0,0.0,0.6364063693049591,0.0,0.5540601770074844,0.0,0.5366602774218668,0.0,0.0,0.0,0.0,0.0,0.0,0.0,0.0,0.0,0.0,0.0,131,207,71,0,6,0
25762,1,0,6,154,2,1,1,4.0,1,0,0,885147.297003,0,6,0,8,95,0,0,0,0,0,0,0,0,0,0,0,0,0,0,0,0,0,0,0,0,0,0,0,0,0,0,0,0,0,0,0,0,0,0,0,0,0,0,0,0,0,0,0,0,0,0,0,0,0,0,0,0,0,0,0,0,1,0,1,0,0,0,0,0,0,0,0,0,0,0,0,0,0,0,0,0,0,0,1,0,0,0,0,0,0,0,0,0,0,0,0,0,0,0,0,0,0,0,0,0,0,0,0,0,0,0,0,0,0,0,0,0,0,0,0,0,0,0,0,0,0,0,0,0,0,0,0,0,0,0,0,0,0,0,0,0,0,0,0,0,0,0,0,0,0,0,0,0,0,0,0,0,0,3,2684.238611111111,4,0.4966404863972231,0.2635889826858273,0.0,0.2064749071690149,0.0,0.0,0.0,0.253917624736119,0.0,0.2210625959954826,0.0,0.2141202689124708,0.0,0.0,0.0,0.0,0.0,0.0,0.2541721052165429,0.0,0.2034021328438932,0.3234005476557417,0.5210403690584786,3,208,7,0,1,1
27782,1,12,19,1875,7,2,1,3.0,1,0,0,886778.190892,0,19,0,8,140,1,0,0,0,0,0,0,0,0,0,0,0,0,0,0,0,0,0,0,0,0,0,0,0,0,0,0,0,0,0,0,0,0,0,0,0,0,0,0,0,0,0,0,0,0,0,0,0,0,0,0,0,0,0,0,0,1,1,0,0,0,0,0,0,0,0,0,0,0,0,0,0,0,0,0,0,0,0,0,0,0,0,0,0,0,0,0,0,0,0,0,0,0,0,0,0,0,0,0,0,0,0,0,0,0,0,0,0,0,0,0,0,0,0,0,0,0,0,0,0,0,0,0,0,0,0,0,0,0,0,0,0,0,0,0,0,0,0,0,0,0,0,0,0,0,0,0,0,0,0,0,0,0,3,1114.3452777777777,4,0.2143361172461313,0.0,0.0,0.0,0.0,0.239257176766,0.0,0.0,0.0,0.0,0.0,0.1848166161213437,0.0,0.0,0.2349517755829808,0.0,0.2017251574864154,0.0,0.0,0.0,0.0,0.5582824566127977,0.6745992686337101,105,208,65,0,3,1
24609,3,3,6,496,5,3,1,4.0,1,0,0,888167.388441,0,6,0,8,30,0,0,0,0,0,0,0,0,0,0,0,0,0,0,0,0,0,0,0,0,0,0,0,0,0,0,0,0,0,0,0,0,0,0,0,0,0,0,0,0,0,0,0,0,0,0,0,0,0,0,0,0,0,0,0,0,1,0,1,0,0,0,0,0,0,1,0,0,0,0,0,0,0,0,0,0,0,0,0,0,0,0,0,0,0,0,0,0,0,0,0,0,0,0,0,0,0,0,0,0,0,0,0,0,0,0,0,0,0,0,0,0,0,0,0,0,0,0,0,0,0,0,0,0,0,0,0,0,0,0,0,0,0,0,0,0,0,0,0,0,0,0,0,0,0,0,0,0,0,0,0,0,0,3,3486.11,4,0.0,0.0,0.0,0.0,0.0,0.0,0.0,0.0,0.0,0.0,0.0,0.0,0.0,0.7189462004758207,0.0,0.0,0.0,0.0,0.0,0.0,0.0,0.0,0.6950657241019592,1,206,1,0,2,1
25934,3,0,14,88,5,3,3,3.0,1,0,0,890099.148742,0,14,0,8,7,0,0,0,0,0,0,0,0,0,0,0,0,0,0,0,0,0,0,0,0,0,0,0,0,0,0,0,0,0,0,0,0,0,0,0,0,0,0,0,0,0,0,0,0,0,0,0,0,0,0,0,0,0,0,0,0,1,0,0,0,0,0,0,0,0,0,0,0,0,0,0,0,0,0,0,0,0,0,0,0,0,0,0,0,0,0,0,0,0,0,0,0,0,0,0,0,0,0,0,0,0,0,0,0,0,0,0,0,0,0,0,0,0,0,0,0,0,0,0,0,0,0,0,0,0,0,0,0,0,0,0,0,0,0,0,0,0,0,0,0,0,0,0,0,0,0,0,0,0,0,0,0,0,1,2520.958611111111,4,0.0,0.0,0.0,0.0,0.0,0.0,0.0,0.0,0.0,0.0,0.0,0.0,0.0,0.0,0.0,0.0,0.0,0.0,0.0,0.0,0.0,0.0,0.0,6,206,12,0,0,1
27885,2,0,3,20,1,1,1,7.0,1,0,0,891745.783376,0,3,0,8,56,1,0,0,0,0,0,0,0,0,0,0,0,0,0,0,0,0,0,0,0,0,0,0,0,0,0,0,0,0,0,0,0,0,0,0,0,0,0,0,0,0,0,0,0,0,0,0,0,0,0,0,0,0,0,0,0,1,1,1,0,0,0,0,0,0,0,0,0,0,0,0,0,0,0,0,0,0,0,0,0,0,0,0,0,0,0,0,0,0,0,0,0,0,0,0,0,0,0,0,0,0,0,0,0,0,0,0,0,0,0,0,0,0,0,0,0,0,0,0,0,0,0,0,0,0,0,0,0,0,0,0,0,0,0,0,0,0,0,0,0,0,0,0,0,0,0,0,0,0,0,0,0,0,4,1010.5083333333332,4,0.0,0.0,0.0,0.3144057752991806,0.0,0.0,0.0,0.3866482797444077,0.0,0.0,0.0,0.3260476058700322,0.0,0.0,0.4144944623022837,0.0,0.0,0.360965284766043,0.0,0.3538976901613164,0.0,0.2462260458474291,0.3967022032897804,145,204,78,2,0,1
27444,3,0,9,195,4,0,0,4.0,0,0,0,891774.127628,0,9,0,8,183,0,0,0,0,0,0,0,0,0,0,0,0,0,0,0,0,0,0,0,0,0,0,0,0,0,0,0,0,0,0,0,0,0,0,0,0,0,0,0,0,0,0,0,0,0,0,0,0,0,0,0,0,0,0,0,0,0,0,1,0,0,0,0,0,0,0,0,0,0,0,0,0,0,0,0,0,0,0,0,0,0,0,0,0,0,0,0,0,0,0,0,0,0,0,0,0,0,0,0,0,0,0,0,0,0,0,0,0,0,0,0,0,0,0,0,0,0,0,0,0,0,0,0,0,0,0,0,0,0,0,0,0,0,0,0,0,0,0,0,0,0,0,0,0,0,0,0,0,0,0,0,0,0,1,1435.1602777777778,4,0.2231948523159307,0.1184593396512077,0.0,0.0927917430712138,0.0,0.0,0.113930513003457,0.114112941464989,0.0,0.0,0.0,0.0,0.0,0.0,0.4893251545878289,0.1021959118967818,0.3150940026725783,0.0,0.0,0.104447138439796,0.6398756680334217,0.3633480326812417,0.0,27,203,67,0,3,1
25843,2,0,7,5,1,0,0,4.0,1,0,0,892235.910742,0,7,0,8,104,1,0,0,0,0,0,0,0,0,0,0,0,0,0,0,0,0,0,0,0,0,0,0,0,0,0,0,0,0,0,0,0,0,0,0,0,0,0,0,0,0,0,0,0,0,0,0,0,0,0,0,0,0,0,0,0,0,1,1,0,0,0,0,0,0,0,0,0,0,0,0,0,0,0,0,0,0,0,0,0,0,0,0,0,0,0,0,0,0,0,0,0,0,0,0,0,0,0,0,0,0,0,0,0,0,0,0,0,0,0,0,0,0,0,0,0,0,0,0,0,0,0,0,0,0,0,0,0,0,0,0,0,0,0,0,0,0,0,0,0,0,0,0,0,0,0,0,0,0,0,0,0,0,3,2622.3308333333334,4,0.0,0.0,0.0,0.3286633862448431,0.0,0.0,0.0,0.0,0.0,0.351883831154734,0.0,0.5112497223705484,0.0,0.0,0.0,0.0,0.0,0.1886671335714979,0.0,0.1849730863276379,0.0,0.5147837117997428,0.4146917763833747,4,201,9,0,3,1
28097,2,0,4,16,1,2,1,5.0,1,0,0,893911.448574,0,4,0,8,60,0,0,0,0,0,0,0,0,0,0,0,0,0,0,0,0,0,0,0,0,0,0,0,0,0,0,0,0,0,0,0,0,0,0,0,0,0,0,0,0,0,0,0,0,0,0,0,0,0,0,0,0,0,0,0,0,1,0,1,0,0,0,0,0,0,0,0,0,0,0,0,0,0,0,0,0,0,0,0,0,0,0,0,0,0,0,0,0,0,0,0,0,0,0,0,0,0,0,0,0,0,0,0,0,0,0,0,0,0,0,0,0,0,0,0,0,0,0,0,0,0,0,0,0,0,0,0,0,0,0,0,0,0,0,0,0,0,0,0,0,0,0,0,0,0,0,0,0,0,0,0,0,0,2,789.4880555555555,4,0.3487454558908628,0.0,0.0,0.0,0.0,0.0,0.3560364254371698,0.0,0.0,0.3104643215060015,0.0,0.3007143913661056,0.0,0.0,0.0,0.0,0.6564524254348539,0.0,0.0,0.0,0.0,0.0,0.3658792748916302,161,201,66,0,2,1
28151,2,0,2,40,2,1,1,4.0,0,0,0,899099.478698,0,2,0,8,93,0,0,0,0,0,0,0,0,0,0,0,0,0,0,0,0,0,0,0,0,0,0,0,0,0,0,0,0,0,0,0,0,0,0,0,0,0,0,0,0,0,0,0,0,0,0,0,0,0,0,0,0,0,0,0,0,1,0,1,0,0,0,0,0,0,0,0,0,0,0,0,0,0,0,0,0,0,0,0,0,0,0,0,0,0,0,0,0,0,0,0,0,0,0,0,0,0,0,0,0,0,0,0,0,0,0,0,0,0,0,0,0,0,0,0,0,0,0,0,0,0,0,0,0,0,0,0,0,0,0,0,0,0,0,0,0,0,0,0,0,0,0,0,0,0,0,0,0,0,0,0,0,0,2,729.5844444444444,4,0.4248817441125452,0.4510069144980282,0.0,0.0,0.0,0.0,0.0,0.4344589948412236,0.0,0.0,0.0,0.0,0.0,0.0,0.0,0.0,0.0,0.0,0.0,0.0,0.3480258066991462,0.55334590110329,0.0,125,202,69,0,5,0
27316,3,0,4,10,2,0,0,8.0,0,0,0,899445.176129,0,4,0,8,139,1,0,0,0,0,0,0,0,0,0,0,0,0,0,0,0,0,0,0,0,0,0,0,0,0,0,0,0,0,0,0,0,0,0,0,0,0,0,0,0,0,0,0,0,0,0,0,0,0,0,0,0,0,0,0,0,0,1,1,0,0,0,0,0,0,0,0,0,0,0,0,0,0,0,0,0,0,0,0,0,0,0,0,0,0,0,0,0,0,0,0,0,0,0,0,0,0,0,0,0,0,0,0,0,0,0,0,0,0,0,0,0,0,0,0,0,0,0,0,0,0,0,0,0,0,0,0,0,0,0,0,0,0,0,0,0,0,0,0,0,0,0,0,0,0,0,0,0,0,0,0,0,0,3,1537.651388888889,4,0.0,0.0,0.0,0.2536857719096257,0.0,0.0,0.0,0.311976353523251,0.0,0.2716089624370374,0.0,0.5261585191666172,0.0,0.0,0.0,0.0,0.5742958201984272,0.0,0.0,0.0,0.0,0.3973466737092901,0.0,22,203,53,0,6,0
26653,3,0,69,2,1,1,1,4.0,0,0,0,899789.741913,0,69,0,8,166,0,0,0,0,0,0,0,0,0,0,0,0,0,0,0,0,0,0,0,0,0,0,0,0,0,0,0,0,0,0,0,0,0,0,0,0,0,0,0,0,0,0,0,0,0,0,0,0,0,0,0,0,0,0,0,0,1,0,1,0,0,0,0,0,0,0,0,0,0,0,0,0,0,0,0,0,0,0,0,0,0,0,0,0,0,0,0,0,0,0,0,0,0,0,0,0,0,0,0,0,0,0,0,0,0,0,0,0,0,0,0,0,0,0,0,0,0,0,0,0,0,0,0,0,0,0,0,0,0,0,0,0,0,0,0,0,0,0,0,0,0,0,0,0,0,0,0,0,0,0,0,0,0,2,2119.368611111111,4,0.0,0.0,0.0,0.3029729877186081,0.0,0.0,0.0,0.186294263200083,0.0,0.0,0.0,0.1570957422695922,0.0,0.1977054001575098,0.0,0.0,0.0,0.0,0.0,0.0,0.0,0.4745449773850195,0.7645537150256836,10,202,25,0,3,1
28232,4,0,4,112,3,1,0,6.0,1,0,0,902143.683889,0,4,0,8,111,0,0,0,0,0,0,0,0,0,0,0,0,0,0,0,0,0,0,0,0,0,0,0,0,0,0,0,0,0,0,0,0,0,0,0,0,0,0,0,0,0,0,0,0,0,0,0,0,0,0,0,0,0,0,0,0,0,0,1,0,0,0,0,0,0,0,0,0,0,0,0,0,0,0,0,0,0,0,0,0,0,0,0,0,0,0,0,0,0,0,0,0,0,0,0,0,0,0,0,0,0,0,0,0,0,0,0,0,0,0,0,0,0,0,0,0,0,0,0,0,0,0,0,0,0,0,0,0,0,0,0,0,0,0,0,0,0,0,0,0,0,0,0,0,0,0,0,0,0,0,0,0,0,1,623.8197222222223,4,0.0,0.0,0.0,0.0,0.0,0.0,0.0,0.0,0.0,0.0,0.0,0.0,0.0,0.0,0.0,0.0,0.0,0.0,0.0,0.0,0.0,0.5273583657928256,0.8496429567932169,134,201,83,1,2,1
28025,4,0,64,741,3,1,1,6.0,0,0,0,935865.903766,0,64,0,8,14,0,0,0,0,0,0,0,0,0,0,0,0,0,0,0,1,0,0,0,0,0,0,0,0,0,0,0,0,0,0,0,0,0,0,0,0,0,0,0,0,0,0,0,0,0,0,0,0,0,0,0,0,0,0,0,0,1,0,1,1,0,0,0,0,0,0,0,0,0,0,0,0,0,0,0,0,0,0,1,0,0,0,0,0,0,0,0,0,0,0,0,0,0,0,0,0,0,0,0,0,0,0,0,0,0,0,0,0,0,0,0,0,0,0,0,0,0,0,0,0,0,0,0,0,0,0,0,0,0,0,0,0,0,0,0,0,0,0,0,0,0,0,0,0,0,0,0,0,0,0,0,0,0,5,830.0677777777778,4,0.6991827390509684,0.0,0.0,0.0,0.0,0.0,0.0,0.7149430029122501,0.0,0.0,0.0,0.0,0.0,0.0,0.0,0.0,0.0,0.0,0.0,0.0,0.0,0.0,0.0,150,199,70,3,0,1
26995,7,0,6,21,1,1,0,5.0,0,0,0,936981.536063,0,6,0,8,32,1,0,0,0,0,0,0,0,0,0,0,0,0,0,0,0,0,0,0,0,0,0,0,0,0,0,0,0,0,0,0,0,0,0,0,0,0,0,0,0,0,0,0,0,0,0,0,0,0,0,0,0,0,0,0,0,0,1,1,0,0,0,0,0,0,0,0,0,0,0,0,0,0,0,0,0,0,0,0,0,0,0,0,0,0,0,0,0,0,0,0,0,0,0,0,0,0,0,0,0,0,0,0,0,0,0,0,0,0,0,0,0,0,0,0,0,0,0,0,0,0,0,0,0,0,0,0,0,0,0,0,0,0,0,0,0,0,0,0,0,0,0,0,0,0,0,0,0,0,0,0,0,0,3,1839.4177777777777,4,0.0,0.0,0.0,0.0,0.0,0.0,0.0,0.3647130516734722,0.0,0.6350438578665847,0.0,0.615100718442593,0.0,0.0,0.0,0.0,0.0,0.0,0.0,0.0,0.2921554290037312,0.0,0.0,11,197,33,0,0,1
25876,1,0,4,17,1,1,1,5.0,1,0,0,938438.904819,0,4,0,8,22,1,0,0,0,0,0,0,0,0,0,0,0,0,0,0,0,0,0,0,0,0,0,0,0,0,0,0,0,0,0,0,0,0,0,0,0,0,0,0,0,0,0,0,0,0,0,0,0,0,0,0,0,0,0,0,0,1,1,1,0,0,0,0,0,0,0,0,0,0,0,0,0,0,0,0,0,0,0,0,0,0,0,0,0,0,0,0,0,0,0,0,0,0,0,0,0,0,0,0,0,0,0,0,0,0,0,0,0,0,0,0,0,0,0,0,0,0,0,0,0,0,0,0,0,0,0,0,0,0,0,0,0,0,0,0,0,0,0,0,0,0,0,0,0,0,0,0,0,0,0,0,0,0,4,2589.8758333333335,4,0.0,0.0,0.0,0.0,0.0,0.0,0.0,0.6364063693049591,0.0,0.5540601770074844,0.0,0.5366602774218668,0.0,0.0,0.0,0.0,0.0,0.0,0.0,0.0,0.0,0.0,0.0,5,196,10,0,4,1
26398,7,0,1,12,1,1,1,3.0,0,0,0,966562.380698,0,1,0,8,41,0,0,0,0,0,0,0,0,0,0,0,0,0,0,0,1,0,0,0,0,0,0,0,0,0,0,0,0,0,0,0,0,0,0,0,0,0,0,0,0,0,0,0,0,0,0,0,0,0,0,0,0,0,0,0,0,1,0,0,1,0,0,0,0,0,0,0,0,0,0,0,0,0,0,0,0,0,0,1,0,0,0,0,0,0,0,0,0,0,0,0,0,0,0,0,0,0,0,0,0,0,0,0,0,0,0,0,0,0,0,0,0,0,0,0,0,0,0,0,0,0,0,0,0,0,0,0,0,0,0,0,0,0,0,0,0,0,0,0,0,0,0,0,0,0,0,0,0,0,0,0,0,0,4,2259.1744444444444,4,0.0,0.0,0.0,0.0,0.0,0.0,0.0,0.0,0.0,1.0,0.0,0.0,0.0,0.0,0.0,0.0,0.0,0.0,0.0,0.0,0.0,0.0,0.0,11,193,21,0,3,1
28439,8,0,10,25,1,1,1,5.0,1,0,0,970721.979174,0,10,0,8,21,1,0,0,0,0,0,0,0,0,0,0,0,0,0,0,0,0,0,0,0,0,0,0,0,0,0,0,0,0,0,0,0,0,0,0,0,0,0,0,0,0,0,0,0,0,0,0,0,0,0,0,0,0,0,0,0,1,1,1,0,0,0,0,0,0,0,0,0,0,0,0,0,0,0,0,0,0,0,0,0,0,0,0,0,0,0,0,0,0,0,0,0,0,0,0,0,0,0,0,0,0,0,0,0,0,0,0,0,0,0,0,0,0,0,1,0,0,0,0,0,0,0,0,0,0,0,0,0,0,0,0,0,0,0,0,0,0,0,0,0,0,0,0,0,0,0,0,0,0,0,0,0,0,5,336.0547222222222,4,0.0,0.0,0.0,0.0,0.0,0.0,0.0,0.7644735662308195,0.0,0.0,0.0,0.6446550756290782,0.0,0.0,0.0,0.0,0.0,0.0,0.0,0.0,0.0,0.0,0.0,125,191,91,5,6,0
28374,2,1,8,3,1,1,1,4.0,1,0,0,1077504.71102,0,8,0,8,60,0,0,0,0,0,0,0,0,0,0,0,0,0,0,0,0,0,0,0,0,0,0,0,0,0,0,0,0,0,0,0,0,0,0,0,0,0,0,0,0,0,0,0,0,0,0,0,0,0,0,0,0,0,0,0,0,1,0,0,0,0,0,0,0,0,0,0,0,0,0,0,0,0,0,0,0,0,0,0,0,0,0,0,0,0,0,0,0,0,0,0,0,0,0,0,0,0,0,0,0,0,0,0,0,0,0,0,0,0,0,0,0,0,0,1,0,0,0,0,0,0,0,0,0,0,0,0,0,0,0,0,0,0,0,0,0,0,0,0,0,0,0,0,0,0,0,0,0,0,0,0,0,0,2,404.3505555555555,4,0.0,0.0,0.0,0.2192740395003048,0.0,0.0,0.0,0.2696576743373235,0.0,0.0,0.0,0.4547866561324682,0.0,0.0,0.0,0.0,0.7445914097691957,0.0,0.0,0.0,0.0,0.3434477604730803,0.0,145,177,84,1,2,1
25375,9,20,41,317,2,2,2,4.0,1,1,0,1098051.056504,0,41,0,8,1126,0,0,0,0,0,0,0,0,0,0,0,0,0,0,0,0,0,0,0,0,0,0,0,0,0,0,0,0,0,0,0,0,0,0,0,0,0,0,0,0,0,0,0,0,0,0,0,0,0,0,0,0,0,0,0,0,1,0,1,0,0,0,0,0,0,0,0,0,0,0,0,0,0,0,0,0,0,0,0,0,0,0,0,0,0,0,0,0,0,0,0,0,0,0,0,0,0,0,0,0,0,0,0,0,0,0,0,0,0,0,0,0,0,0,0,0,0,0,0,0,0,0,0,0,0,0,0,0,0,0,0,0,0,0,0,0,0,0,0,0,0,0,0,0,0,0,0,0,0,0,0,0,0,2,2918.0233333333335,4,0.0553612781716822,0.0587653378777876,0.0,0.0,0.0,0.0,0.0,0.0566091756138699,0.1760362486379612,0.0,0.1254875111132077,0.0,0.0,0.0600766739945533,0.0606861352724949,0.0,0.0,0.0,0.0,0.0,0.0906941932082256,0.7209991198874595,0.6388928764409337,2,173,5,0,2,1
24830,3,1,19,236,3,2,1,4.0,0,0,0,1123870.359222,0,19,0,8,24,0,0,0,0,0,0,0,0,0,0,0,0,0,0,0,0,0,0,0,0,0,0,0,0,0,0,0,0,0,0,0,0,0,0,0,0,0,0,0,0,0,0,0,0,0,0,0,0,0,0,0,0,0,0,0,0,1,0,1,0,0,0,0,0,0,0,0,0,0,0,0,0,0,0,0,0,0,0,0,0,0,0,0,0,0,0,0,0,0,0,0,0,0,0,0,0,0,0,0,0,0,0,0,0,0,0,0,0,0,0,0,0,0,0,0,0,0,0,0,0,0,0,0,0,0,0,0,0,0,0,0,0,0,0,0,0,0,0,0,0,0,0,0,0,0,0,0,0,0,0,0,0,0,2,3272.1930555555555,4,0.5275550496492529,0.0,0.0,0.0,0.0,0.0,0.0,0.5394466572640366,0.5591682788480795,0.0,0.0,0.0,0.0,0.0,0.0,0.0,0.0,0.0,0.0,0.0,0.0,0.3435313806427408,0.0,2,183,2,0,1,1
28103,7,3,5,217,2,2,1,9.0,1,0,0,1128123.875461,0,5,0,8,57,0,0,0,0,0,0,0,0,0,0,0,0,0,0,0,0,0,0,0,0,0,0,0,0,0,0,0,0,0,0,0,0,0,0,0,0,0,0,0,0,0,0,0,0,0,0,0,0,0,0,0,0,0,0,0,0,1,0,0,0,0,0,0,0,0,0,0,0,0,0,0,0,0,0,0,0,0,0,0,0,0,0,0,0,0,0,0,0,0,0,0,0,0,0,0,0,0,0,0,0,0,0,0,0,0,0,0,0,0,0,0,0,0,0,0,0,0,0,0,0,0,0,0,0,0,0,0,0,0,0,0,0,0,0,0,0,0,0,0,0,0,0,0,0,0,0,0,0,0,0,0,0,0,1,705.9830555555556,4,0.0,0.0,0.0,0.0,0.0,0.0,0.0,0.0,0.0,0.0,0.0,0.0,0.0,0.0,0.0,0.0,0.0,0.0,0.0,0.0,0.0,0.0,0.0,150,172,69,0,3,1
28059,9,0,12,111,3,1,1,5.0,1,0,0,1128365.439484,2,12,0,8,43,0,0,0,0,0,0,0,0,0,0,0,0,0,0,0,1,0,0,0,0,0,0,0,0,0,0,0,0,0,0,0,0,0,0,0,0,0,0,0,0,0,0,0,0,0,0,0,0,0,0,0,0,0,0,0,0,1,0,0,1,0,0,0,0,0,0,0,0,0,0,0,0,0,0,0,0,0,0,1,0,0,0,0,0,0,0,0,0,0,0,0,0,0,0,0,0,0,0,0,0,0,0,0,0,0,0,0,0,0,0,0,0,0,0,0,0,0,0,0,0,0,0,0,0,0,0,0,0,0,0,0,0,0,0,0,0,0,0,0,0,0,0,0,0,0,0,0,0,0,0,0,0,0,4,750.3319444444444,4,0.0,0.0,0.0,0.0,0.0,0.0,0.0,0.0,0.6499459445579967,0.54589062661554,0.0,0.528747286447795,0.0,0.0,0.0,0.0,0.0,0.0,0.0,0.0,0.0,0.0,0.0,157,182,72,0,1,1
28005,1,1,3,1,1,1,1,4.0,1,0,0,1129911.942048,0,3,0,8,283,0,0,0,0,0,0,0,0,0,0,0,0,0,0,0,1,0,0,0,0,0,0,0,0,0,0,0,0,0,0,0,0,0,0,0,0,0,0,0,0,0,0,0,0,0,0,0,0,0,0,0,0,0,0,0,0,1,0,0,1,0,0,0,0,0,0,0,0,0,0,0,0,0,0,0,0,0,0,1,0,0,0,0,0,0,0,0,0,0,0,0,0,0,0,0,0,0,0,0,0,0,0,0,0,0,0,0,0,0,0,0,0,0,0,0,0,0,0,0,0,0,0,0,0,0,0,0,0,0,0,0,0,0,0,0,0,0,0,0,0,0,0,0,0,0,0,0,0,0,0,0,0,0,4,832.4286111111111,4,0.2863064535295656,0.1013036309486927,0.0,0.3967665412811679,0.1079358227323129,0.0,0.1948613706117309,0.2927600814594233,0.0,0.08495971042909,0.0,0.1645832119349052,0.1041547734558884,0.1035642001008482,0.1046148303296152,0.2621865943303311,0.4491015884279389,0.0,0.0,0.0,0.3908618332571652,0.1864359962686932,0.3003726524453225,150,180,66,0,5,0
27866,1,0,14,149,2,1,1,4.0,1,0,0,1136462.572531,0,14,0,8,229,0,0,0,0,0,0,0,0,0,0,0,0,0,0,0,0,0,0,0,0,0,0,0,0,0,0,0,0,0,0,0,0,0,0,0,0,0,0,0,0,0,0,0,0,0,0,0,0,0,0,0,0,0,0,0,0,1,0,1,0,0,0,0,0,0,0,0,0,0,0,0,0,0,0,0,0,0,0,0,0,0,0,0,0,0,0,0,0,0,0,0,0,0,0,0,0,0,0,0,0,0,0,0,0,0,0,0,0,0,0,0,0,0,0,0,0,0,0,0,0,0,0,0,0,0,0,0,0,0,0,0,0,0,0,0,0,0,0,0,0,0,0,0,0,0,0,0,0,0,0,0,0,0,2,980.0266666666666,4,0.0,0.0,0.0,0.0,0.0,0.0,0.0,0.247545918453739,0.0,0.1077576702647955,0.0,0.104373610698713,0.0,0.0,0.1326870152279418,0.0,0.1139225655002789,0.0,0.0,0.0,0.8923411885716139,0.1576426324897308,0.2539827962791056,141,178,75,0,6,0
27154,1,1,4,32,1,1,1,4.0,1,0,0,1132974.602398,0,4,0,8,157,1,0,0,0,0,0,0,0,0,0,0,0,0,0,0,0,0,0,0,0,0,0,0,0,0,0,0,0,0,0,0,0,0,0,0,0,0,0,0,0,0,0,0,0,0,0,0,0,0,0,0,0,0,0,0,0,1,1,1,0,0,0,0,0,0,0,0,0,0,0,0,0,0,0,0,0,0,0,1,0,0,0,0,0,0,0,0,0,0,0,0,0,0,0,0,0,0,0,0,0,0,0,0,0,0,0,0,0,0,0,0,0,0,0,0,0,0,0,0,0,0,0,0,0,0,0,0,0,0,0,0,0,0,0,0,0,0,0,0,0,0,0,0,0,0,0,0,0,0,0,0,0,0,5,1636.3933333333334,4,0.1589262316329725,0.0,0.0,0.1321450015530704,0.0,0.0,0.3244975753118375,0.1625085845789485,0.0,0.424443592081188,0.0,0.2740761447086726,0.1734462368682264,0.1724627704112642,0.0,0.2910750135592,0.5983017611179123,0.0,0.0,0.0,0.2603568203912743,0.0,0.0,16,179,42,0,6,0
27366,10,6,35,10,2,4,2,5.0,1,0,0,1138492.454638,0,35,0,8,156,0,0,0,0,0,0,0,0,0,0,0,0,0,0,0,0,0,0,0,0,0,0,0,0,0,0,0,0,0,0,0,0,0,0,0,0,0,0,0,0,0,0,0,0,0,0,0,0,0,0,0,0,0,0,0,0,1,0,0,0,0,0,0,0,0,0,0,0,0,0,0,0,0,0,0,0,0,0,0,0,0,0,0,0,0,0,0,0,0,0,0,0,0,0,0,0,0,0,0,0,0,0,0,0,0,0,0,0,0,0,0,0,0,0,0,0,0,0,0,0,0,0,0,0,0,0,0,0,0,0,0,0,0,0,0,0,0,0,0,0,0,0,0,0,0,0,0,0,0,0,0,0,0,1,1423.558611111111,4,0.0,0.0,0.0,0.3465082444535129,0.0,0.0,0.2127229252511099,0.2130635426587131,0.6625587877659259,0.0,0.0,0.3593387666329874,0.0,0.0,0.0,0.0,0.1961070135664126,0.0,0.0,0.0,0.3413514839948284,0.1356835045478015,0.2186037834419205,21,175,57,0,1,1
28505,4,6,8,417,3,2,1,5.0,1,0,0,1143483.154641,0,8,0,8,163,0,0,0,0,0,0,0,0,0,0,0,0,0,0,0,0,0,0,0,0,0,0,0,0,0,0,0,0,0,0,0,0,0,0,0,0,0,0,0,0,0,0,0,0,0,0,0,0,0,0,0,0,0,0,0,0,1,0,0,0,0,0,0,0,0,0,0,0,0,0,0,0,0,0,0,0,0,0,0,0,0,0,0,0,0,0,0,0,0,0,0,0,0,0,0,0,0,0,0,0,0,0,0,0,0,0,0,0,0,0,0,0,0,0,0,0,0,0,0,0,0,0,0,0,0,0,0,0,0,0,0,0,0,0,0,0,0,0,0,0,0,0,0,0,0,0,0,0,0,0,0,0,0,1,227.52166666666668,4,0.5296074920592333,0.0,0.0,0.4403614314741312,0.0,0.0,0.0,0.0,0.1871145706321385,0.0,0.0,0.0,0.3853294096304707,0.0,0.1935157145081548,0.0,0.1661489379613842,0.0,0.0,0.0,0.1446026470595257,0.3448678826348249,0.370418026287625,126,171,86,1,2,1
25767,4,2,21,1057,7,2,1,5.0,0,0,0,1148163.808382,0,21,0,8,73,0,0,0,0,0,0,0,0,0,0,0,0,0,0,0,1,0,0,0,0,0,0,0,0,0,0,0,0,0,0,0,0,0,0,0,0,0,0,0,0,0,0,0,0,0,0,0,0,0,0,0,0,0,0,0,0,1,0,1,1,0,0,0,0,0,0,0,0,0,0,0,0,0,0,0,0,0,0,1,0,0,0,0,0,0,0,0,0,0,0,0,0,0,0,0,0,0,0,0,0,0,0,0,0,0,0,0,0,0,0,0,0,0,0,0,0,0,0,0,0,0,0,0,0,0,0,0,0,0,0,0,0,0,0,0,0,0,0,0,0,0,0,0,0,0,0,0,0,0,0,0,0,0,5,2604.6044444444447,4,0.5731160891822017,0.0,0.0,0.0,0.0,0.0,0.1950326045412495,0.1953448957532969,0.0,0.0,0.0,0.0,0.0,0.0,0.2094135206867672,0.3498893201699642,0.5393954823559486,0.0,0.0,0.0,0.3129642416723238,0.0,0.2004244027620459,4,167,8,0,1,1
27327,3,2,3,27,2,1,1,3.0,0,0,0,1233591.125033,0,3,0,8,68,1,0,0,0,0,0,0,0,0,0,0,0,0,0,0,0,0,0,0,0,0,0,0,0,0,0,0,0,0,0,0,0,0,0,0,0,0,0,0,0,0,0,0,0,0,0,0,0,0,0,0,0,0,0,0,0,1,1,1,0,0,0,0,0,0,0,0,0,0,0,0,0,0,0,0,0,0,0,1,0,0,0,0,0,0,0,0,0,0,0,0,0,0,0,0,0,0,0,0,0,0,0,0,0,0,0,0,0,0,0,0,0,0,0,0,0,0,0,0,0,0,0,0,0,0,0,0,0,0,0,0,0,0,0,0,0,0,0,0,0,0,0,0,0,0,0,0,0,0,0,0,0,0,5,1431.4694444444444,4,0.0,0.0,0.0,0.0,0.0,0.0,0.0,0.0,0.0,0.31713733266201,0.4037463692382191,0.0,0.0,0.0,0.0,0.0,0.335280991728855,0.0,0.0,0.0,0.0,0.6959276846663218,0.3737433556055133,23,159,55,0,0,1
27883,3,0,8,259,3,2,1,18.0,1,0,0,1234922.538085,0,8,0,8,55,0,0,0,0,0,0,0,0,0,0,0,0,0,0,0,0,0,0,0,0,0,0,0,0,0,0,0,0,0,0,0,0,0,0,0,0,0,0,0,0,0,0,0,0,0,0,0,0,0,0,0,0,0,0,0,0,1,0,1,0,0,0,0,0,0,0,0,0,0,0,0,0,0,0,0,0,0,0,0,0,0,0,0,0,0,0,0,0,0,0,0,0,0,0,0,0,0,0,0,0,0,0,0,0,0,0,0,0,0,0,0,0,0,0,0,0,0,0,0,0,0,0,0,0,0,0,0,0,0,0,0,0,0,0,0,0,0,0,0,0,0,0,0,0,0,0,0,0,0,0,0,0,0,2,916.0522222222222,4,0.2854000997841405,0.0,0.6320064993875192,0.0,0.0,0.0,0.0,0.2918332976127074,0.0,0.0,0.0,0.2460932919776065,0.0,0.0,0.0,0.0,0.0,0.2724483591304739,0.0,0.2671139000167528,0.0,0.3716916002589934,0.2994217696579773,143,158,76,1,0,1
27753,7,0,9,292,3,1,1,4.0,1,0,0,1294678.766082,0,9,0,8,73,0,0,0,0,0,0,0,0,0,0,0,0,0,0,0,1,0,0,0,0,0,0,0,0,0,0,0,0,0,0,0,0,0,0,0,0,0,0,0,0,0,0,0,0,0,0,0,0,0,0,0,0,0,0,0,0,1,0,1,1,0,0,0,0,0,0,0,0,0,0,0,0,0,0,0,0,0,0,1,0,0,0,0,0,0,0,0,0,0,0,0,0,0,0,0,0,0,0,0,0,0,0,0,0,0,0,0,0,0,0,0,0,0,0,0,0,0,0,0,0,0,0,0,0,0,0,0,0,0,0,0,0,0,0,0,0,0,0,0,0,0,0,0,0,0,0,0,0,0,0,0,0,0,5,1016.1375,4,0.3385527172631237,0.0,0.0,0.5630039659135777,0.0,0.0,0.0,0.3461840271582493,0.0,0.6027808413480906,0.0,0.2919254504895438,0.0,0.0,0.0,0.0,0.0,0.0,0.0,0.0,0.0,0.0,0.0,92,157,67,0,2,1
26075,6,0,7,27,2,1,1,3.0,1,0,0,1294746.656916,0,7,0,8,26,1,0,0,0,0,0,0,0,0,0,0,0,0,0,0,0,0,0,0,0,0,0,0,0,0,0,0,0,0,0,0,0,0,0,0,0,0,0,0,0,0,0,0,0,0,0,0,0,0,0,0,0,0,0,0,0,1,1,0,0,0,0,0,1,0,0,0,0,0,0,0,0,0,0,0,0,0,0,0,0,0,0,0,0,0,0,0,0,0,0,0,0,0,0,0,0,0,0,0,0,0,0,0,0,0,0,0,0,0,0,0,0,0,0,0,0,0,0,0,0,0,0,0,0,0,0,0,0,0,0,0,0,0,0,0,0,0,0,0,0,0,0,0,0,0,0,0,0,0,0,0,0,0,4,2353.7658333333334,4,0.0,0.0,0.0,0.0,0.0,0.0,0.0,0.0,0.0,0.0,0.0,0.0,1.0,0.0,0.0,0.0,0.0,0.0,0.0,0.0,0.0,0.0,0.0,8,156,14,0,3,1
28167,1,3,4,16,1,2,1,4.0,1,0,0,1294789.851695,0,4,0,8,115,0,0,0,0,0,0,0,0,0,0,0,0,0,0,0,0,0,0,0,0,0,0,0,0,0,0,0,0,0,0,0,0,0,0,0,0,0,0,0,0,0,0,0,0,0,0,0,0,0,0,0,0,0,0,0,0,1,0,1,0,0,0,0,0,0,0,0,0,0,0,0,0,0,0,0,0,0,0,0,0,0,0,0,0,0,0,0,0,0,0,0,0,0,0,0,0,0,0,0,0,0,0,0,0,0,0,0,0,0,0,0,0,0,0,0,0,0,0,0,0,0,0,0,0,0,0,0,0,0,0,0,0,0,0,0,0,0,0,0,0,0,0,0,0,0,0,0,0,0,0,0,0,0,2,583.3319444444444,4,0.0,0.0,0.0,0.2732444822585642,0.0,0.0,0.0,0.0,0.0,0.0,0.3724437131349171,0.0,0.0,0.3566120538503907,0.720459569440515,0.0,0.0,0.0,0.0,0.3075662049420461,0.0,0.2139906887910453,0.0,132,155,73,0,6,0
27329,10,0,18,762,3,1,1,3.0,1,0,0,1297177.240333,0,18,0,8,122,0,0,0,0,0,0,0,0,0,0,0,0,0,0,0,0,0,0,0,0,0,0,0,0,0,0,0,0,0,0,0,0,0,0,0,0,0,0,0,0,0,0,0,0,0,0,0,0,0,0,0,0,0,0,0,0,1,0,1,0,0,0,0,0,0,0,0,0,0,0,0,0,0,0,0,0,0,0,0,0,0,0,0,0,0,0,0,0,0,0,0,0,0,0,0,0,0,0,0,0,0,0,0,0,0,0,0,0,0,0,0,0,0,0,0,0,0,0,0,0,0,0,0,0,0,0,0,0,0,0,0,0,0,0,0,0,0,0,0,0,0,0,0,0,0,0,0,0,0,0,0,0,0,2,1411.5733333333333,4,0.5549385347273302,0.0,0.0,0.0,0.0,0.0,0.0,0.5674473929207792,0.0,0.0,0.0,0.0,0.0,0.0,0.608314621673764,0.0,0.0,0.0,0.0,0.0,0.0,0.0,0.0,24,154,56,0,0,1
28325,2,4,5,28,1,1,1,4.0,1,0,0,1297700.234343,0,5,0,8,53,0,0,0,0,0,0,0,0,0,0,0,0,0,0,0,0,0,0,0,0,0,0,0,0,0,0,0,0,0,0,0,0,0,0,0,0,0,0,0,0,0,0,0,0,0,0,0,0,0,0,0,0,0,0,0,0,1,0,1,0,0,0,0,0,0,0,0,0,0,0,0,0,0,0,0,0,0,0,0,0,0,0,0,0,0,0,0,0,0,0,0,0,0,0,0,0,0,0,0,0,0,0,0,0,0,0,0,0,0,0,0,0,0,0,0,0,0,0,0,0,0,0,0,0,0,0,0,0,0,0,0,0,0,0,0,0,0,0,0,0,0,0,0,0,0,0,0,0,0,0,0,0,0,2,426.4458333333333,4,0.0,0.0,0.0,0.0,0.0,0.0,0.0,0.4351952946286465,0.0,0.3788843003537383,0.0,0.0,0.0,0.0,0.0,0.0,0.4005605486645126,0.0,0.0,0.0,0.0,0.5542836845861767,0.4465115746917433,157,153,86,0,6,0
27818,10,6,10,23,1,2,1,12.0,1,1,0,1308007.828331,0,10,0,8,42,1,0,0,0,0,0,0,0,0,0,0,0,0,0,0,0,0,0,0,0,0,0,0,0,0,0,0,0,0,0,0,0,0,0,0,0,0,0,0,0,0,0,0,0,0,0,0,0,0,0,0,0,0,0,0,0,1,1,0,0,0,0,0,0,0,0,0,0,0,0,0,0,0,0,0,0,0,0,0,0,0,0,0,0,0,0,0,0,0,0,0,0,0,0,0,0,0,0,0,0,0,0,0,0,0,0,0,0,0,0,0,0,0,0,1,0,0,0,0,0,0,0,0,0,0,0,0,0,0,0,0,0,0,0,0,0,0,0,0,0,0,0,0,0,0,0,0,0,0,0,0,0,0,4,980.4177777777778,4,0.0,0.0,0.0,0.0,0.0,0.0,0.0,0.5817880337343183,0.0,0.0,0.0,0.4906024556692769,0.0,0.0,0.0,0.0,0.0,0.0,0.0,0.5325083598928056,0.0,0.3704952913858756,0.0,122,143,63,0,4,1
28207,2,0,28,931,2,1,1,8.0,1,0,0,1308087.905222,0,28,0,8,381,0,0,0,0,0,0,0,0,0,0,0,0,0,0,0,0,0,0,0,0,0,0,0,0,0,0,0,0,0,0,0,0,0,0,0,0,0,0,0,0,0,0,0,0,0,0,0,0,0,0,0,0,0,0,0,0,1,0,1,0,0,0,0,0,0,0,0,0,0,0,0,0,0,0,0,0,0,0,0,0,0,0,0,0,0,0,0,0,0,0,0,0,0,0,0,0,0,0,0,0,0,0,0,0,0,0,0,0,0,0,0,0,0,0,0,0,0,0,0,0,0,0,0,0,0,0,0,0,0,0,0,0,0,0,0,0,0,0,0,0,0,0,0,0,0,0,0,0,0,0,0,0,0,2,543.9883333333333,4,0.0,0.3425806858041869,0.0,0.0,0.0,0.3602610911459185,0.0,0.3300110389042711,0.0,0.0,0.3657734233267515,0.2782873086013669,0.0,0.0,0.0,0.0,0.0,0.3080901555097139,0.0,0.3020578404568657,0.2643571876702794,0.4203164346114024,0.0,137,142,79,0,1,1
28173,7,0,27,999,3,1,1,5.0,1,0,0,1393745.120296,0,27,0,8,31,0,0,0,0,0,0,0,0,0,0,0,0,0,0,0,1,0,0,0,0,0,0,0,0,0,0,0,0,0,0,0,0,0,0,0,0,0,0,0,0,0,0,0,0,0,0,0,0,0,0,0,0,0,0,0,0,1,0,0,1,0,0,0,0,0,0,0,0,0,0,0,0,0,0,0,0,0,0,1,0,0,0,0,0,0,0,0,0,0,0,0,0,0,0,0,0,0,0,0,0,0,0,0,0,0,0,0,0,0,0,0,0,0,0,0,0,0,0,0,0,0,0,0,0,0,0,0,0,0,0,0,0,0,0,0,0,0,0,0,0,0,0,0,0,0,0,0,0,0,0,0,0,0,4,524.7777777777778,4,0.0,0.0,0.0,0.2502798427419844,0.0,0.0,0.0,0.3077878278756331,0.6380804761549145,0.0,0.0,0.0,0.0,0.0,0.6599090537934488,0.0,0.0,0.0,0.0,0.0,0.0,0.0,0.0,132,154,74,0,0,1
27017,8,4,21,1928,9,3,2,5.0,1,0,0,1407627.584874,0,21,0,8,163,0,0,0,0,0,0,0,0,0,0,0,0,0,0,0,1,0,0,0,0,0,0,0,0,0,0,0,0,0,0,0,0,0,0,0,0,0,0,0,0,0,0,0,0,0,0,0,0,0,0,0,0,0,0,0,0,1,0,1,1,0,0,0,0,0,0,0,0,0,0,0,0,0,0,0,0,0,0,1,0,0,0,0,0,0,0,0,0,0,0,0,0,0,0,0,0,0,0,0,0,0,0,0,0,0,0,0,0,0,0,0,0,0,0,0,0,0,0,0,0,0,0,0,0,0,0,0,0,0,0,0,0,0,0,0,0,0,0,0,0,0,0,0,0,0,0,0,0,0,0,0,0,0,5,1684.540277777778,4,0.0,0.0,0.0,0.0,0.0,0.2167059774908265,0.0,0.1985098211439853,0.2057671384720293,0.0,0.0,0.1673967150932884,0.423741078639228,0.0,0.0,0.0,0.0,0.0,0.0,0.0,0.0,0.0,0.8146864998291067,10,158,34,0,1,1
28382,1,4,2,2,1,2,1,4.0,1,0,0,1417860.594365,0,2,0,8,155,0,0,0,0,0,0,0,0,0,0,0,0,0,0,0,0,0,0,0,0,0,0,0,0,0,0,0,0,0,0,0,0,0,0,0,0,0,0,0,0,0,0,0,0,0,0,0,0,0,0,0,0,0,0,0,0,1,0,1,0,0,0,0,0,0,0,0,0,0,0,0,0,0,0,0,0,0,0,1,0,0,0,0,0,0,0,0,0,0,0,0,0,0,0,0,0,0,0,0,0,0,0,0,0,0,0,0,0,0,0,0,0,0,0,0,0,0,0,0,0,0,0,0,0,0,0,0,0,0,0,0,0,0,0,0,0,0,0,0,0,0,0,0,0,0,0,0,0,0,0,0,0,0,3,317.97305555555556,4,0.0,0.0,0.0,0.3885852597113946,0.0,0.0,0.0,0.1592907785684222,0.3302285751114737,0.0,0.0,0.2686492076144232,0.1700118561864685,0.0,0.0,0.0,0.1466137213524105,0.0,0.0,0.0,0.0,0.4057593487578761,0.6537311156652218,147,159,85,0,2,1
27620,4,9,10,46,1,2,1,7.0,1,0,0,1418914.633443,0,10,0,8,24,1,0,0,0,0,0,0,0,0,0,0,0,0,0,0,0,0,0,0,0,0,0,0,0,0,0,0,0,0,0,0,0,0,0,0,0,0,0,0,0,0,0,0,0,0,0,0,0,0,0,0,0,0,0,0,0,1,1,1,0,0,0,0,0,0,0,0,0,0,0,0,0,0,0,0,0,0,0,1,0,0,0,0,0,0,0,0,0,0,0,0,0,0,0,0,0,0,0,0,0,0,0,0,0,0,0,0,0,0,0,0,0,0,0,0,0,0,0,0,0,0,0,0,0,0,0,0,0,0,0,0,0,0,0,0,0,0,0,0,0,0,0,0,0,0,0,0,0,0,0,0,0,0,5,1128.0547222222222,4,0.0,0.0,0.0,0.0,0.0,0.0,0.0,0.0,0.0,0.5611377950276732,0.0,0.0,0.0,0.0,0.0,0.5772257881031352,0.5932408992476794,0.0,0.0,0.0,0.0,0.0,0.0,55,159,76,0,3,1
28366,2,3,1,615,4,3,2,4.0,0,0,0,1444815.337985,0,1,0,8,425,0,0,0,0,0,0,0,0,0,0,0,0,0,0,0,1,0,0,0,0,0,0,0,0,0,0,0,0,0,0,0,0,0,0,0,0,0,0,0,0,0,0,0,0,0,0,0,0,0,0,0,0,0,0,0,0,1,0,0,1,0,0,0,0,0,0,0,0,0,0,0,0,0,0,0,0,0,0,1,0,0,0,0,0,0,0,0,0,0,0,0,0,0,0,0,0,0,0,0,0,0,0,0,0,0,0,0,0,0,0,0,0,0,0,0,0,0,0,0,0,0,0,0,0,0,0,0,0,0,0,0,0,0,0,0,0,0,0,0,0,0,0,0,0,0,0,0,0,0,0,0,0,0,4,315.8636111111111,4,0.2078628381066471,0.0735479762328485,0.0,0.3456702494257054,0.235089144899743,0.0773437478152665,0.1414723176280861,0.2833976934681277,0.2937584251421649,0.0616820414517338,0.1570543592222254,0.1194899140964156,0.0756179490402585,0.0751891838057503,0.0759519573250332,0.1903514536230701,0.5216873297433778,0.0,0.0,0.064848205959764,0.3972802867470683,0.1804738236804431,0.1453834082494377,149,149,81,0,1,1
28058,3,0,32,301,2,1,0,6.0,1,0,0,1448556.127,0,32,0,8,56,0,0,0,0,0,0,0,0,0,0,0,0,0,0,0,1,0,0,0,0,0,0,0,0,0,0,0,0,0,0,0,0,0,0,0,0,0,0,0,0,0,0,0,0,0,0,0,0,0,0,0,0,0,0,0,0,0,0,0,1,0,0,0,0,0,0,0,0,0,0,0,0,0,0,0,0,0,0,1,0,0,0,0,0,0,0,0,0,0,0,0,0,0,0,0,0,0,0,0,0,0,0,0,0,0,0,0,0,0,0,0,0,0,0,0,0,0,0,0,0,0,0,0,0,0,0,0,0,0,0,0,0,0,0,0,0,0,0,0,0,0,0,0,0,0,0,0,0,0,0,0,0,0,3,659.7466666666667,4,0.357147891533807,0.0,0.0,0.5939272352521964,0.0,0.0,0.3646145247378123,0.3651983548729239,0.0,0.0,0.0,0.0,0.0,0.0,0.0,0.0,0.3361342716816376,0.0,0.0,0.0,0.0,0.0,0.3746945211075581,156,158,72,0,1,1
28376,3,0,43,10,1,1,1,3.0,1,0,0,1463640.506791,0,43,0,8,79,0,0,0,0,0,0,0,0,0,0,0,0,0,0,0,0,0,0,0,0,0,0,0,0,0,0,0,0,0,0,0,0,0,0,0,0,0,0,0,0,0,0,0,0,0,0,0,0,0,0,0,0,0,0,0,0,1,0,1,0,0,0,0,0,0,0,0,0,0,0,0,0,0,0,0,0,0,0,0,0,0,0,0,0,0,0,0,0,0,0,0,0,0,0,0,0,0,0,0,0,0,0,0,0,0,0,0,0,0,0,0,0,0,0,0,0,0,0,0,0,0,0,0,0,0,0,0,0,0,0,0,0,0,0,0,0,0,0,0,0,0,0,0,0,0,0,0,0,0,0,0,0,0,2,310.0263888888889,4,0.0,0.2359407711096054,0.0,0.5544524090026879,0.0,0.0,0.0,0.2272838552207841,0.0,0.0,0.0,0.3833217977673906,0.0,0.0,0.2436527053010678,0.0,0.2091956114266089,0.0,0.0,0.0,0.0,0.5789572372386343,0.0,146,156,85,0,2,1
27949,9,0,39,174,1,1,0,3.0,1,0,0,1465117.252329,0,39,0,8,79,0,0,0,0,0,0,0,0,0,0,0,0,0,0,0,0,0,0,0,0,0,0,0,0,0,0,0,0,0,0,0,0,0,0,0,0,0,0,0,0,0,0,0,0,0,0,0,0,0,0,0,0,0,0,0,0,0,0,1,0,0,0,0,0,0,0,0,0,0,0,0,0,0,0,0,0,0,0,0,0,0,0,0,0,0,0,0,0,0,0,0,0,0,0,0,0,0,0,0,0,0,0,0,0,0,0,0,0,0,0,0,0,0,0,0,0,0,0,0,0,0,0,0,0,0,0,0,0,0,0,0,0,0,0,0,0,0,0,0,0,0,0,0,0,0,0,0,0,0,0,0,0,0,1,795.4319444444444,4,0.475648566126666,0.0,0.0,0.0,0.0,0.0,0.2427963037044554,0.0,0.2520756745996786,0.0,0.0,0.0,0.0,0.0,0.2606991220164416,0.0,0.4476626857987988,0.0,0.0,0.0,0.1948047641788964,0.3097311052768253,0.4990171184685758,149,155,65,0,2,1
28404,1,0,2,23,2,1,1,4.0,1,0,0,1475204.099446,0,2,0,8,84,1,0,0,0,0,0,0,0,0,0,0,1,0,0,0,0,0,0,0,0,0,0,0,0,0,0,0,0,0,0,0,0,0,0,0,0,0,0,0,0,0,0,0,0,0,0,0,0,0,0,0,0,0,0,0,0,1,1,0,0,0,0,1,0,0,0,0,0,0,0,0,0,0,0,0,0,0,0,0,0,0,0,0,0,0,0,0,0,0,0,0,0,0,0,0,0,0,0,0,0,0,0,0,0,0,0,0,0,0,0,0,0,0,0,0,0,0,0,0,0,0,0,0,0,0,0,0,0,0,0,0,0,0,0,0,0,0,0,0,0,0,0,0,0,0,0,0,0,0,0,0,0,0,5,276.43333333333334,4,0.0,0.0,0.0,0.0,0.0,0.0,0.2895146998034835,0.2899782781714177,0.0,0.2524572723988438,0.0,0.2445290159175276,0.0,0.0,0.0,0.2596953000031016,0.8007016135428223,0.0,0.0,0.0,0.0,0.0,0.0,141,152,81,0,3,1
28421,2,2,2,9,1,1,1,4.0,1,0,0,1475330.130162,0,2,0,8,199,0,0,0,0,0,0,0,0,0,0,0,0,0,0,0,0,0,0,0,0,0,0,0,0,0,0,0,0,0,0,0,0,0,0,0,0,0,0,0,0,0,0,0,0,0,0,0,0,0,0,0,0,0,0,0,0,1,0,1,0,0,0,0,0,0,0,0,0,0,0,0,0,0,0,0,0,0,0,0,0,0,0,0,0,0,0,0,0,0,0,0,0,0,0,0,0,0,0,0,0,0,0,0,0,0,0,0,0,0,0,0,0,0,0,0,0,0,0,0,0,0,0,0,0,0,0,0,0,0,0,0,0,0,0,0,0,0,0,0,0,0,0,0,0,0,0,0,0,0,0,0,0,0,2,250.48694444444445,4,0.3406351511145321,0.0,0.0,0.4248502476011768,0.0,0.0,0.1738782821861646,0.3483134011086317,0.0,0.1516221348342998,0.0,0.1468605402809374,0.0,0.1848243718392037,0.1866993640843815,0.3119383760963467,0.4808896446398713,0.0,0.0,0.0,0.2790183972350633,0.0,0.1786852559469453,140,151,84,0,4,1
28289,2,0,2,2,1,1,1,8.0,0,0,0,1487299.157207,0,2,0,8,267,1,0,0,0,0,0,0,0,0,0,0,0,0,0,0,0,0,0,0,0,0,0,0,0,0,0,0,0,0,0,0,0,0,0,0,0,0,0,0,0,0,0,0,0,0,0,0,0,0,0,0,0,0,0,0,0,1,1,1,0,0,0,0,0,0,0,0,0,0,0,0,0,0,0,0,0,0,0,0,0,0,0,0,0,0,0,0,0,0,0,0,0,0,0,0,0,0,0,0,0,0,0,0,0,0,0,0,0,0,0,0,0,0,0,0,0,0,0,0,0,0,0,0,0,0,0,0,0,0,0,0,0,0,0,0,0,0,0,0,0,0,0,0,0,0,0,0,0,0,0,0,0,0,4,416.0316666666667,4,0.2967957414119128,0.1050150490304306,0.0,0.4113027084624346,0.1118902216063163,0.0,0.2020004238475117,0.3034858081659999,0.0,0.0880723432395117,0.0,0.1706129771368562,0.1079706476341721,0.1073584376940662,0.1084475594160971,0.2717922131800613,0.4655551324936286,0.0,0.0,0.0,0.4051816721595496,0.1288442484298184,0.2075848517869477,145,148,82,0,4,1
28260,1,0,2,24,1,1,1,6.0,0,0,0,1489153.286959,0,2,0,8,106,1,0,0,0,0,0,0,0,0,0,0,0,0,0,0,0,0,0,0,0,0,0,0,0,0,0,0,0,0,0,0,0,0,0,0,0,0,0,0,0,0,0,0,0,0,0,0,0,0,0,0,0,0,0,0,0,1,1,1,0,0,0,0,0,0,0,0,0,0,0,0,0,0,0,0,0,0,0,1,0,0,0,0,0,0,0,0,0,0,0,0,0,0,0,0,0,0,0,0,0,0,0,0,0,0,0,0,0,0,0,0,0,0,0,0,0,0,0,0,0,0,0,0,0,0,0,0,0,0,0,0,0,0,0,0,0,0,0,0,0,0,0,0,0,0,0,0,0,0,0,0,0,0,5,437.975,4,0.0,0.0,0.0,0.0,0.0,0.2201887897399129,0.0,0.0,0.6272224381579758,0.1756017058855737,0.2235578844919476,0.0,0.0,0.0,0.0,0.1806362607727331,0.371296016173164,0.0,0.0,0.0,0.0,0.5137883014260586,0.2069449542784421,142,148,78,3,3,1
28253,1,0,2,5,1,1,1,4.0,1,0,0,1492819.478467,0,2,0,8,19,0,0,0,0,0,0,0,0,0,0,0,0,0,0,0,0,0,0,0,0,0,0,0,0,0,0,0,0,0,0,0,0,0,0,0,0,0,0,0,0,0,0,0,0,0,0,0,0,0,0,0,0,0,0,0,0,1,0,1,0,0,0,0,0,0,0,0,0,0,0,0,0,0,0,0,0,0,0,0,0,0,0,0,0,0,0,0,0,0,0,0,0,0,0,0,0,0,0,0,0,0,0,0,0,0,0,0,0,0,0,0,0,0,0,0,0,0,0,0,0,0,0,0,0,0,0,0,0,0,0,0,0,0,0,0,0,0,0,0,0,0,0,0,0,0,0,0,0,0,0,0,0,0,2,442.06805555555553,4,0.0,0.0,0.0,0.0,0.0,0.0,0.0,0.5343687334200078,0.0,0.0,0.0,0.4506153403774841,0.0,0.0,0.572853656497568,0.0,0.0,0.0,0.0,0.0,0.4280590613419453,0.0,0.0,141,144,77,0,3,1
28259,1,3,4,81,2,2,1,4.0,0,0,0,1492753.644476,0,4,0,8,152,0,0,0,0,0,0,0,0,0,0,0,0,0,0,0,0,0,0,0,0,0,0,0,0,0,0,0,0,0,0,0,0,0,0,0,0,0,0,0,0,0,0,0,0,0,0,0,0,0,0,0,0,0,0,0,0,1,0,1,0,0,0,0,0,0,0,0,0,0,0,0,0,0,0,0,0,0,0,1,0,0,0,0,0,0,0,0,0,0,0,0,0,0,0,0,0,0,0,0,0,0,0,0,0,0,0,0,0,0,0,0,0,0,0,0,0,0,0,0,0,0,0,0,0,0,0,0,0,0,0,0,0,0,0,0,0,0,0,0,0,0,0,0,0,0,0,0,0,0,0,0,0,0,3,439.32194444444445,4,0.1941633430373667,0.0,0.0,0.1614441807597668,0.0,0.0,0.1982225759167697,0.1985399749928567,0.0,0.0,0.220055203490967,0.3348442856578014,0.0,0.0,0.2128387076610632,0.1778060711771627,0.1827392949706364,0.0,0.0,0.0,0.6361662276935416,0.126434580330874,0.4074051257790617,141,145,78,0,3,1
28159,1,0,2,139,1,1,1,5.0,1,0,0,1495671.021879,0,2,0,8,4,0,0,0,0,0,0,0,0,0,0,0,0,0,0,0,1,0,0,0,0,0,0,0,0,0,0,0,0,0,0,0,0,0,0,0,0,0,0,0,0,0,0,0,0,0,0,0,0,0,0,0,0,0,0,0,0,1,0,1,1,0,0,0,0,0,0,0,0,0,0,0,0,0,0,0,0,0,0,1,0,0,0,0,0,0,0,0,0,0,0,0,0,0,0,0,0,0,0,0,0,0,0,0,0,0,0,0,0,0,0,0,0,0,0,0,0,0,0,0,0,0,0,0,0,0,0,0,0,0,0,0,0,0,0,0,0,0,0,0,0,0,0,0,0,0,0,0,0,0,0,0,0,0,5,545.5569444444444,4,0.6991827390509684,0.0,0.0,0.0,0.0,0.0,0.0,0.7149430029122501,0.0,0.0,0.0,0.0,0.0,0.0,0.0,0.0,0.0,0.0,0.0,0.0,0.0,0.0,0.0,130,140,70,0,6,0
28148,3,2,6,4,1,2,1,5.0,1,0,0,1541041.321028,0,6,0,8,19,1,0,0,0,0,0,0,0,0,0,0,0,0,0,0,0,0,0,0,0,0,0,0,0,0,0,0,0,0,0,0,0,0,0,0,0,0,0,0,0,0,0,0,0,0,0,0,0,0,0,0,0,0,0,0,0,1,1,0,0,0,0,0,0,0,0,0,0,0,0,0,0,0,0,0,0,0,0,0,0,0,0,0,0,0,0,0,0,0,0,0,0,0,0,0,0,0,0,0,0,0,0,0,0,0,0,0,0,0,0,0,0,0,0,0,0,0,0,0,0,0,0,0,0,0,0,0,0,0,0,0,0,0,0,0,0,0,0,0,0,0,0,0,0,0,0,0,0,0,0,0,0,0,3,556.6658333333334,4,0.0,0.0,0.0,0.0,0.0,0.0,0.0,0.6364063693049591,0.0,0.5540601770074844,0.0,0.5366602774218668,0.0,0.0,0.0,0.0,0.0,0.0,0.0,0.0,0.0,0.0,0.0,124,139,66,1,5,0
28127,2,0,9,221,9,1,1,4.0,1,0,0,1541598.339666,0,9,0,8,66,0,0,0,0,0,0,0,0,0,0,0,0,0,0,0,0,0,0,0,0,0,0,0,0,0,0,0,0,0,0,0,0,0,0,0,0,0,0,0,0,0,0,0,0,0,0,0,0,0,0,0,0,0,0,0,0,1,0,0,0,1,0,0,0,0,0,0,0,0,0,0,0,0,0,0,0,0,0,0,0,0,0,0,0,0,0,0,0,0,0,0,0,0,0,0,0,0,0,0,0,0,0,0,0,0,0,0,0,0,0,0,0,0,0,0,0,0,0,0,0,0,0,0,0,0,0,0,0,0,0,0,0,0,0,0,0,0,0,0,0,0,0,0,0,0,0,0,0,0,0,0,0,0,2,574.5277777777778,4,0.0,0.0,0.0,0.0,0.6740698148574267,0.0,0.0,0.0,0.0,0.5305817367168932,0.0,0.5139191622819292,0.0,0.0,0.0,0.0,0.0,0.0,0.0,0.0,0.0,0.0,0.0,133,137,68,0,4,1
28408,1,0,1,2,1,1,1,5.0,0,0,0,1546052.548779,0,1,0,8,46,1,0,0,0,0,0,0,0,0,0,0,0,0,0,0,0,0,0,0,0,0,0,0,0,0,0,0,0,0,0,0,0,0,0,0,0,0,0,0,0,0,0,0,0,0,0,0,0,0,0,0,0,0,0,0,0,1,1,1,0,0,0,0,0,0,0,0,0,0,0,0,0,0,0,0,0,0,0,0,0,0,0,0,0,0,0,0,0,0,0,0,0,0,0,0,0,0,0,0,0,0,0,0,0,0,0,0,0,0,0,0,0,0,0,0,0,0,0,0,0,0,0,0,0,0,0,0,0,0,0,0,0,0,0,0,0,0,0,0,0,0,0,0,0,0,0,0,0,0,0,0,0,0,4,241.53833333333333,4,0.0,0.4184571166404734,0.0,0.0,0.0,0.0,0.0,0.4031034834180388,0.0,0.3509449278750199,0.0,0.3399237306143031,0.0,0.0,0.4321347601028714,0.0,0.0,0.0,0.0,0.0,0.0,0.2567050779456726,0.4135852877230713,141,135,82,0,4,1
28429,1,0,2,32,2,1,1,5.0,0,0,0,1546135.588425,0,2,0,8,88,1,0,0,0,0,0,0,0,0,0,0,0,0,0,0,0,0,0,0,0,0,0,0,0,0,0,0,0,0,0,0,0,0,0,0,0,0,0,0,0,0,0,0,0,0,0,0,0,0,0,0,0,0,0,0,0,1,1,0,0,0,0,0,0,0,0,0,0,0,0,0,0,0,0,0,0,0,0,0,0,0,0,0,0,0,0,0,0,0,0,0,0,0,0,0,0,0,0,0,0,0,0,0,0,0,0,0,0,0,0,0,0,0,0,0,0,0,0,0,0,0,0,0,0,0,0,0,0,0,0,0,0,0,0,0,0,0,0,0,0,0,0,0,0,0,0,0,0,0,0,0,0,0,3,219.53972222222225,4,0.0,0.0,0.0,0.27006754818879,0.0,0.0,0.0,0.1660611240722615,0.1721321500109225,0.2891481299850092,0.0,0.1400338104895715,0.0,0.5286987439336949,0.0,0.0,0.0,0.0,0.0,0.0,0.6651209590877146,0.2115026813326132,0.0,134,134,86,0,5,0
28419,1,0,2,6,1,1,1,5.0,0,0,0,1546266.439013,0,2,0,8,114,0,0,0,0,0,0,0,0,0,0,0,0,0,0,0,1,0,0,0,0,0,0,0,0,0,0,0,0,0,0,0,0,0,0,0,0,0,0,0,0,0,0,0,0,0,0,0,0,0,0,0,0,0,0,0,0,1,0,0,1,0,0,0,0,0,0,0,0,0,0,0,0,0,0,0,0,0,0,1,0,0,0,0,0,0,0,0,0,0,0,0,0,0,0,0,0,0,0,0,0,0,0,0,0,0,0,0,0,0,0,0,0,0,0,0,0,0,0,0,0,0,0,0,0,0,0,0,0,0,0,0,0,0,0,0,0,0,0,0,0,0,0,0,0,0,0,0,0,0,0,0,0,0,4,233.63861111111112,4,0.2277477094680078,0.0,0.0,0.1893691249841109,0.0,0.0,0.2325090664575367,0.2328813659422656,0.241395272018507,0.0,0.0,0.0,0.0,0.2471461163213242,0.2496533454649539,0.4171222518795541,0.6430429432503892,0.0,0.0,0.0,0.1865509201320045,0.0,0.0,141,133,83,0,4,1
28425,1,0,1,2,1,0,0,5.0,0,0,0,1546344.639031,0,1,0,8,10,0,0,0,0,0,0,0,0,0,0,0,0,0,0,0,1,0,0,0,0,0,0,0,0,0,0,0,0,0,0,0,0,0,0,0,0,0,0,0,0,0,0,0,0,0,0,0,0,0,0,0,0,0,0,0,0,0,0,0,1,0,0,0,0,0,0,0,0,0,0,0,0,0,0,0,0,0,0,1,0,0,0,0,0,0,0,0,0,0,0,0,0,0,0,0,0,0,0,0,0,0,0,0,0,0,0,0,0,0,0,0,0,0,0,0,0,0,0,0,0,0,0,0,0,0,0,0,0,0,0,0,0,0,0,0,0,0,0,0,0,0,0,0,0,0,0,0,0,0,0,0,0,0,3,228.51083333333332,4,0.0,0.0,0.0,0.0,0.0,0.0,0.0,0.0,0.0,1.0,0.0,0.0,0.0,0.0,0.0,0.0,0.0,0.0,0.0,0.0,0.0,0.0,0.0,141,132,85,0,4,1
28438,1,0,1,2,1,1,1,3.0,0,0,0,1547023.839629,0,1,0,8,12,0,0,0,0,0,0,0,0,0,0,0,0,0,0,0,1,0,0,0,0,0,0,0,0,0,0,0,0,0,0,0,0,0,0,0,0,0,0,0,0,0,0,0,0,0,0,0,0,0,0,0,0,0,0,0,0,1,0,0,1,0,0,0,0,0,0,0,0,0,0,0,0,0,0,0,0,0,0,1,0,0,0,0,0,0,0,0,0,0,0,0,0,0,0,0,0,0,0,0,0,0,0,0,0,0,0,0,0,0,0,0,0,0,0,0,0,0,0,0,0,0,0,0,0,0,0,0,0,0,0,0,0,0,0,0,0,0,0,0,0,0,0,0,0,0,0,0,0,0,0,0,0,0,4,178.64916666666667,4,0.0,0.0,0.0,0.0,0.0,0.0,0.0,0.0,0.0,1.0,0.0,0.0,0.0,0.0,0.0,0.0,0.0,0.0,0.0,0.0,0.0,0.0,0.0,126,131,90,22,6,0
28437,2,0,1,2,1,1,1,4.0,0,0,0,1547118.5219,0,1,0,8,16,0,0,0,0,0,0,0,0,0,0,0,0,0,0,0,1,0,0,0,0,0,0,0,0,0,0,0,0,0,0,0,0,0,0,0,0,0,0,0,0,0,0,0,0,0,0,0,0,0,0,0,0,0,0,0,0,1,0,0,1,0,0,0,0,0,0,0,0,0,0,0,0,0,0,0,0,0,0,1,0,0,0,0,0,0,0,0,0,0,0,0,0,0,0,0,0,0,0,0,0,0,0,0,0,0,0,0,0,0,0,0,0,0,0,0,0,0,0,0,0,0,0,0,0,0,0,0,0,0,0,0,0,0,0,0,0,0,0,0,0,0,0,0,0,0,0,0,0,0,0,0,0,0,4,178.855,4,0.0,0.0,0.0,0.0,0.0,0.0,0.0,0.0,0.0,1.0,0.0,0.0,0.0,0.0,0.0,0.0,0.0,0.0,0.0,0.0,0.0,0.0,0.0,125,130,89,21,6,0
28198,9,0,8,73,1,1,1,4.0,0,0,0,1665651.515993,0,8,0,8,24,1,0,0,0,0,0,0,0,0,0,0,0,0,0,0,0,0,0,0,0,0,0,0,0,0,0,0,0,0,0,0,0,0,0,0,0,0,0,0,0,0,0,0,0,0,0,0,0,0,0,0,0,0,0,0,0,1,1,1,0,0,0,0,0,0,0,0,0,0,0,0,0,0,0,0,0,0,0,0,0,0,0,0,0,0,0,0,0,0,0,0,0,0,0,0,0,0,0,0,0,0,0,0,0,0,0,0,0,0,0,0,0,0,0,0,0,0,0,0,0,0,0,0,0,0,0,0,0,0,0,0,0,0,0,0,0,0,0,0,0,0,0,0,0,0,0,0,0,0,0,0,0,0,4,451.3202777777778,4,0.0,0.0,0.0,0.0,0.0,0.0,0.0,0.7644735662308195,0.0,0.0,0.0,0.6446550756290782,0.0,0.0,0.0,0.0,0.0,0.0,0.0,0.0,0.0,0.0,0.0,135,125,77,2,1,1
27884,3,0,8,739,3,1,1,16.0,1,0,0,1824343.751939,0,8,0,8,84,0,0,0,0,0,0,0,0,0,0,0,0,0,0,0,0,0,0,0,0,0,0,0,0,0,0,0,0,0,0,0,0,0,0,0,0,0,0,0,0,0,0,0,0,0,0,0,0,0,0,0,0,0,0,0,0,1,0,1,0,0,0,0,0,0,0,0,0,0,0,0,0,0,0,0,0,0,0,0,0,0,0,0,0,0,0,0,0,0,0,0,0,0,0,0,0,0,0,0,0,0,0,0,0,0,0,0,0,0,0,0,0,0,0,0,0,0,0,0,0,0,0,0,0,0,0,0,0,0,0,0,0,0,0,0,0,0,0,0,0,0,0,0,0,0,0,0,0,0,0,0,0,0,2,751.7713888888889,4,0.0,0.0,0.0,0.458885650532096,0.0,0.0,0.0,0.0,0.2924785823583419,0.2456532238289441,0.0,0.4758772881373724,0.0,0.0,0.6049684068129474,0.0,0.0,0.0,0.0,0.0,0.2260282407423035,0.0,0.0,144,120,77,0,0,1
28233,4,0,3,2,1,1,1,5.0,1,0,0,1824400.178004,0,3,0,8,56,1,0,0,0,0,0,0,0,0,0,0,0,0,0,0,0,0,0,0,0,0,0,0,0,0,0,0,0,0,0,0,0,0,0,0,0,0,0,0,0,0,0,0,0,0,0,0,0,0,0,0,0,0,0,0,0,1,1,0,0,0,0,0,0,0,0,0,0,0,0,0,0,0,0,0,0,0,0,0,0,0,0,0,0,0,0,0,0,0,0,0,0,0,0,0,0,0,0,0,0,0,0,0,0,0,0,0,0,0,0,0,0,0,0,0,0,0,0,0,0,0,0,0,0,0,0,0,0,0,0,0,0,0,0,0,0,0,0,0,0,0,0,0,0,0,0,0,0,0,0,0,0,0,3,366.7836111111111,4,0.0,0.0,0.0,0.2411728103089965,0.0,0.0,0.0,0.2965882294571861,0.0,0.0,0.0,0.7503089025069891,0.0,0.0,0.0,0.0,0.2729844402848623,0.0,0.0,0.2714660709296762,0.0,0.377747688583576,0.0,135,119,84,0,2,1
28066,1,2,4,24,1,2,2,4.0,1,0,0,1845957.382744,0,4,0,8,41,0,0,0,0,0,0,0,0,0,0,0,0,0,0,0,1,0,0,0,0,0,0,0,0,0,0,0,0,0,0,0,0,0,0,0,0,0,0,0,0,0,0,0,0,0,0,0,0,0,0,0,0,0,0,0,0,1,0,0,1,0,0,0,0,0,0,0,0,0,0,0,0,0,0,0,0,0,0,1,0,0,0,0,0,0,0,0,0,0,0,0,0,0,0,0,0,0,0,0,0,0,0,0,0,0,0,0,0,0,0,0,0,0,0,0,0,0,0,0,0,0,0,0,0,0,0,0,0,0,0,0,0,0,0,0,0,0,0,0,0,0,0,0,0,0,0,0,0,0,0,0,0,0,4,548.5138888888889,4,0.4520574097544648,0.0,0.0,0.0,0.0,0.0,0.0,0.4622472266081365,0.4791465154603,0.0,0.0,0.0,0.0,0.0,0.0,0.4139738774455349,0.4254595695176354,0.0,0.0,0.0,0.0,0.0,0.0,160,118,69,0,1,1
28042,1,0,1,2,1,1,1,5.0,0,0,0,1846738.487774,0,1,0,8,17,0,0,0,0,0,0,0,0,0,0,0,0,0,0,0,1,0,0,0,0,0,0,0,0,0,0,0,0,0,0,0,0,0,0,0,0,0,0,0,0,0,0,0,0,0,0,0,0,0,0,0,0,0,0,0,0,1,0,0,1,0,0,0,0,0,0,0,0,0,0,0,0,0,0,0,0,0,0,1,0,0,0,0,0,0,0,0,0,0,0,0,0,0,0,0,0,0,0,0,0,0,0,0,0,0,0,0,0,0,0,0,0,0,0,0,0,0,0,0,0,0,0,0,0,0,0,0,0,0,0,0,0,0,0,0,0,0,0,0,0,0,0,0,0,0,0,0,0,0,0,0,0,0,4,556.9936111111111,4,0.0,0.0,0.0,0.0,0.0,0.0,0.0,0.0,0.0,0.0,0.0,0.0,0.0,0.0,0.0,0.0,0.0,0.0,0.0,0.0,0.0,0.0,0.0,148,117,70,0,1,1
28036,1,0,2,31,1,0,0,6.0,0,0,0,1984332.214713,0,2,0,8,12,0,0,0,0,0,0,0,0,0,0,0,0,0,0,0,0,0,0,0,0,0,0,0,0,0,0,0,0,0,0,0,0,0,0,0,0,0,0,0,0,0,0,0,0,0,0,0,0,0,0,0,0,0,0,0,0,0,0,1,0,0,0,0,0,0,0,0,0,0,0,0,0,0,0,0,0,0,0,0,0,0,0,0,0,0,0,0,0,0,0,0,0,0,0,0,0,0,0,0,0,0,0,0,0,0,0,0,0,0,0,0,0,0,0,0,0,0,0,0,0,0,0,0,0,0,0,0,0,0,0,0,0,0,0,0,0,0,0,0,0,0,0,0,0,0,0,0,0,0,0,0,0,0,1,523.9538888888889,4,0.0,0.0,0.0,0.0,0.0,0.0,0.0,0.0,0.0,0.6470032568936306,0.0,0.0,0.0,0.0,0.0,0.0,0.0,0.0,0.0,0.0,0.0,0.0,0.7624872363318843,146,121,68,0,1,1
27019,4,0,5,56,2,1,1,5.0,1,0,0,1993151.242276,0,5,0,8,6,0,0,0,0,0,0,0,0,0,0,0,0,0,0,0,0,0,0,0,0,0,0,0,0,0,0,0,0,0,0,0,0,0,0,0,0,0,0,0,0,0,0,0,0,0,0,0,0,0,0,0,0,0,0,0,0,1,0,1,0,0,0,0,0,0,0,0,0,0,0,0,0,0,0,0,0,0,0,0,0,0,0,0,0,0,0,0,0,0,0,0,0,0,0,0,0,0,0,0,0,0,0,0,0,0,0,0,0,0,0,0,0,0,0,0,0,0,0,0,0,0,0,0,0,0,0,0,0,0,0,0,0,0,0,0,0,0,0,0,0,0,0,0,0,0,0,0,0,0,0,0,0,0,2,1522.7275,4,0.0,0.0,0.0,0.0,0.0,0.0,0.0,0.0,0.8520472416382425,0.0,0.0,0.0,0.0,0.0,0.0,0.0,0.0,0.0,0.0,0.0,0.0,0.5234648966422316,0.0,11,120,35,0,1,1
27974,1,0,5,6,2,1,1,5.0,1,0,0,1994180.416007,0,5,0,8,90,0,0,0,0,0,0,0,0,0,0,0,0,0,0,0,0,0,0,0,0,0,0,0,0,0,0,0,0,0,0,0,0,0,0,0,0,0,0,0,0,0,0,0,0,0,0,0,0,0,0,0,0,0,0,0,0,1,0,1,0,0,0,0,0,0,0,0,0,0,0,0,0,0,0,0,0,0,0,0,0,0,0,0,0,0,0,0,0,0,0,0,0,0,0,0,0,0,0,0,0,0,0,0,0,0,0,0,0,0,0,0,0,0,0,0,0,0,0,0,0,0,0,0,0,0,0,0,0,0,0,0,0,0,0,0,0,0,0,0,0,0,0,0,0,0,0,0,0,0,0,0,0,0,2,624.4883333333333,4,0.0,0.0,0.0,0.3047798668115541,0.0,0.0,0.0,0.3748105806621429,0.0,0.3263129137012657,0.0,0.6321305376578017,0.0,0.0,0.0,0.3356684052446591,0.0,0.0,0.0,0.0,0.0,0.0,0.3845566913249524,149,116,59,0,3,1
27246,5,0,7,6,1,1,1,4.0,1,0,0,1993678.509155,0,7,0,8,82,0,0,0,0,0,0,0,0,0,0,0,0,0,0,0,0,0,0,0,0,0,0,0,0,0,0,0,0,0,0,0,0,0,0,0,0,0,0,0,0,0,0,0,0,0,0,0,0,0,0,0,0,0,0,0,0,1,0,1,0,0,0,0,0,0,0,0,0,0,0,0,0,0,0,0,0,0,0,0,0,0,0,0,0,0,0,0,0,0,0,0,0,0,0,0,0,0,0,0,0,0,0,0,0,0,0,0,0,0,0,0,0,0,0,0,0,0,0,0,0,0,0,0,0,0,0,0,0,0,0,0,0,0,0,0,0,0,0,0,0,0,0,0,0,0,0,0,0,0,0,0,0,0,2,1312.245,4,0.0,0.3177955832909718,0.0,0.0,0.0,0.0,0.0,0.306135327958879,0.0,0.0,0.0,0.0,0.0,0.0,0.0,0.0,0.0,0.0,0.0,0.8406134809111976,0.0,0.0,0.314095692308284,19,118,47,0,3,1
27995,1,0,4,200,2,2,2,5.0,1,0,0,1995047.808291,0,4,0,8,48,0,0,0,0,0,0,0,0,0,0,0,0,0,0,0,0,0,0,0,0,0,0,0,0,0,0,0,0,0,0,0,0,0,0,0,0,0,0,0,0,0,0,0,0,0,0,0,0,0,0,0,0,0,0,0,0,1,0,0,0,0,0,0,0,0,0,0,0,0,0,0,0,0,0,0,0,0,0,0,0,0,0,0,0,0,0,0,0,0,0,0,0,0,0,0,0,0,0,0,0,0,0,0,0,0,0,0,0,0,0,0,0,0,0,0,0,0,0,0,0,0,0,0,0,0,0,0,0,0,0,0,0,0,0,0,0,0,0,0,0,0,0,0,0,0,0,0,0,0,0,0,0,0,1,605.8211111111111,4,0.0,0.0,0.0,0.2758582582382676,0.0,0.0,0.0,0.3392435170747728,0.0,0.0,0.0,0.0,0.0,0.0,0.0,0.0,0.3122450334540111,0.0,0.0,0.0,0.815258747771246,0.216037660490598,0.0,152,117,64,6,4,1
28157,11,0,31,906,11,0,0,3.0,0,0,0,2002130.766387,0,31,0,8,322,0,0,0,0,0,0,0,0,0,0,0,0,0,0,0,0,0,0,0,0,0,0,0,0,0,0,0,0,0,0,0,0,0,0,0,0,0,0,0,0,0,0,0,0,0,0,0,0,0,0,0,0,0,0,0,0,0,0,1,0,0,0,0,0,0,0,0,0,0,0,0,0,0,0,0,0,0,0,1,0,0,0,0,0,0,0,0,0,0,0,0,0,0,0,0,0,0,0,0,0,0,0,0,0,0,0,0,0,0,0,0,0,0,0,0,0,0,0,0,0,0,0,0,0,0,0,0,0,0,0,0,0,0,0,0,0,0,0,0,0,0,0,0,0,0,0,0,0,0,0,0,0,0,2,417.0925,4,0.3719478447144312,0.0,0.0,0.2319521831563974,0.1051665867233506,0.0,0.094930972464504,0.0950829783740877,0.3942364617465012,0.0,0.0,0.0,0.0,0.0,0.2038615975289992,0.1703065674419265,0.5250951532278846,0.0,0.0,0.0,0.4570005083783732,0.2422036462484674,0.0975553985169404,129,115,73,0,5,0
28076,2,1,5,42,3,2,0,5.0,1,0,0,1995220.852508,2,5,0,8,13,0,0,0,0,0,0,0,0,0,0,0,0,0,0,0,1,0,0,0,0,0,0,0,0,0,0,0,0,0,0,0,0,0,0,0,0,0,0,0,0,0,0,0,0,0,0,0,0,0,0,0,0,0,0,0,0,0,0,0,1,0,0,0,0,0,0,0,0,0,0,0,0,0,0,0,0,0,0,1,0,0,0,0,0,0,0,0,0,0,0,0,0,0,0,0,0,0,0,0,0,0,0,0,0,0,0,0,0,0,0,0,0,0,0,0,0,0,0,0,0,0,0,0,0,0,0,0,0,0,0,0,0,0,0,0,0,0,0,0,0,0,0,0,0,0,0,0,0,0,0,0,0,0,3,492.63388888888886,4,0.0,0.0,0.0,0.0,0.0,0.0,1.0,0.0,0.0,0.0,0.0,0.0,0.0,0.0,0.0,0.0,0.0,0.0,0.0,0.0,0.0,0.0,0.0,157,115,73,0,2,1
28320,1,6,13,1890,7,3,2,5.0,0,0,0,2029767.803032,0,13,0,8,84,0,0,0,0,0,0,0,0,0,0,0,0,0,0,0,0,0,0,0,0,0,0,0,0,0,0,0,0,0,0,0,0,0,0,0,0,0,0,0,0,0,0,0,0,0,0,0,0,0,0,0,0,0,0,0,0,1,0,0,0,0,0,0,0,0,0,0,0,0,0,0,0,0,0,0,0,0,0,0,0,0,0,0,0,0,0,0,0,0,0,0,0,0,0,0,0,0,0,0,0,0,0,0,0,0,0,0,0,0,0,0,0,0,0,0,0,0,0,0,0,0,0,0,0,0,0,0,0,0,0,0,0,0,0,0,0,0,0,0,0,0,0,0,0,0,0,0,0,0,0,0,0,0,1,229.84583333333333,4,0.0,0.0,0.0,0.0,0.0,0.0,0.0,0.0,0.0,0.0,0.0,0.0,0.3976879541770887,0.0,0.0,0.0,0.6859111147516614,0.0,0.0,0.0,0.0,0.474571623754176,0.3822983228970534,155,108,83,0,5,0
28194,7,0,2,24,12,1,1,5.0,1,0,0,2099500.028708,2,2,0,8,74,0,0,0,0,0,0,0,0,0,0,0,0,0,0,0,0,0,0,0,0,0,0,0,0,0,0,0,0,0,0,0,0,0,0,0,0,0,0,0,0,0,0,0,0,0,0,0,0,0,0,0,0,0,0,0,0,1,0,0,0,1,0,0,0,0,0,0,0,0,0,0,0,0,0,0,0,0,0,0,0,0,0,0,0,0,0,0,0,0,0,0,0,0,0,0,0,0,0,0,0,0,0,0,0,0,0,0,0,0,0,0,0,0,0,0,0,0,0,0,0,0,0,0,0,0,0,0,0,0,0,0,0,0,0,0,0,0,0,0,0,0,0,0,0,0,0,0,0,0,0,0,0,0,2,333.97444444444443,4,0.0,0.0,0.0,0.0,0.0,0.0,0.0,0.0,0.0,0.0,0.0,0.0,0.0,0.0,0.0,0.5448348564911348,0.559951282267608,0.0,0.0,0.0,0.0,0.0,0.6241871038712239,134,108,76,0,0,1
28184,3,2,10,77,6,1,1,5.0,1,0,0,2106935.820114,2,10,0,8,13,0,0,0,0,0,0,0,0,0,0,0,0,0,0,0,0,0,0,0,0,0,0,0,0,0,0,0,0,0,0,0,0,0,0,0,0,0,0,0,0,0,0,0,0,0,0,0,0,0,0,0,0,0,0,0,0,1,0,1,0,0,0,0,0,0,0,0,0,0,0,0,0,0,0,0,0,0,0,0,0,0,0,0,0,0,0,0,0,0,0,0,0,0,0,0,0,0,0,0,0,0,0,0,0,0,0,0,0,0,0,0,0,0,0,0,0,0,0,0,0,0,0,0,0,0,0,0,0,0,0,0,0,0,0,0,0,0,0,0,0,0,0,0,0,0,0,0,0,0,0,0,0,0,2,216.2513888888889,4,0.0,0.0,0.0,0.0,0.0,0.0,0.0,0.0,0.0,0.0,1.0,0.0,0.0,0.0,0.0,0.0,0.0,0.0,0.0,0.0,0.0,0.0,0.0,132,130,76,1,0,1
27449,15,18,44,2162,14,2,0,4.0,1,0,0,2486501.011105,0,44,0,8,168,0,0,0,0,0,0,0,0,0,0,0,0,0,0,0,0,0,0,0,0,0,0,0,0,0,0,0,0,0,0,0,0,0,0,0,0,0,0,0,0,0,0,0,0,0,0,0,0,0,0,0,0,0,0,0,0,0,0,1,0,0,0,0,0,0,0,0,0,0,0,0,0,0,0,0,0,0,0,0,0,0,0,0,0,0,0,0,0,0,0,0,0,0,0,0,0,0,0,0,0,0,0,0,0,0,0,0,0,0,0,0,0,0,0,0,0,0,0,0,0,0,0,0,0,0,0,0,0,0,0,0,0,0,0,0,0,0,0,0,0,0,0,0,0,0,0,0,0,0,0,0,0,0,1,808.0327777777778,4,0.0,0.2457549240044197,0.0,0.0,0.0,0.0,0.0,0.0,0.2453928141337069,0.0,0.0,0.0,0.0,0.0,0.0,0.0,0.0,0.0,0.0,0.0,0.3792804630151607,0.452279584311309,0.7286812692043871,28,126,68,0,4,1
28158,2,0,6,54,2,1,1,4.0,0,0,0,2542912.276364,0,6,0,8,77,0,0,0,0,0,0,0,0,0,0,0,0,0,0,0,0,0,0,0,0,0,0,0,0,0,0,0,0,0,0,0,0,0,0,0,0,0,0,0,0,0,0,0,0,0,0,0,0,0,0,0,0,0,0,0,0,1,0,1,0,0,0,0,0,0,0,0,0,0,0,0,0,0,0,0,0,0,0,0,0,0,0,0,0,0,0,0,0,0,0,0,0,0,0,0,0,0,0,0,0,0,0,0,0,0,0,0,0,0,0,0,0,0,0,0,0,0,0,0,0,0,0,0,0,0,0,0,0,0,0,0,0,0,0,0,0,0,0,0,0,0,0,0,0,0,0,0,0,0,0,0,0,0,2,257.07444444444445,4,0.4000967217313959,0.0,0.0,0.0,0.0,0.0,0.0,0.4091152937760655,0.0,0.0,0.0,0.3449932898930227,0.0,0.0,0.0,0.0,0.3765561084060421,0.0,0.0,0.3744616620891924,0.0,0.5210670594411039,0.0,129,136,69,0,5,0
28225,3,6,4,115,3,2,1,5.0,1,0,0,2543200.699109,0,4,0,8,119,1,0,0,0,0,0,0,0,0,0,0,0,0,0,0,0,0,0,0,0,0,0,0,0,0,0,0,0,0,0,0,0,0,0,0,0,0,0,0,0,0,0,0,0,0,0,0,0,0,0,0,0,0,0,0,0,1,1,0,0,0,0,0,0,0,0,0,0,0,0,0,0,0,0,0,0,0,0,0,0,0,0,0,0,0,0,0,0,0,0,0,0,0,0,0,0,0,0,0,0,0,0,0,0,0,0,0,0,0,0,0,0,0,0,0,0,0,0,0,0,0,0,0,0,0,0,0,0,0,0,0,0,0,0,0,0,0,0,0,0,0,0,0,0,0,0,0,0,0,0,0,0,0,3,181.2188888888889,4,0.3779493041186519,0.0,0.0,0.1047532364891637,0.0,0.0,0.0,0.1288228838915346,0.0,0.5607708635090348,0.1427830638644174,0.434528175341926,0.1374933176077492,0.0,0.0,0.0,0.1185705950616252,0.0,0.0,0.0,0.5159714566854189,0.0820372182600764,0.0,132,134,80,0,2,1
28130,3,0,21,330,19,1,1,5.0,0,0,0,2543647.429972,0,21,0,8,44,0,0,0,0,0,0,0,0,0,0,0,0,0,0,0,1,0,0,0,0,0,0,0,0,0,0,0,0,0,0,0,0,0,0,0,0,0,0,0,0,0,0,0,0,0,0,0,0,0,0,0,0,0,0,0,0,1,0,1,1,0,0,0,0,0,0,0,0,0,0,0,0,0,0,0,0,0,0,1,0,0,0,0,0,0,0,0,0,0,0,0,0,0,0,0,0,0,0,0,0,0,0,0,0,0,0,0,0,0,0,0,0,0,0,0,0,0,0,0,0,0,0,0,0,0,0,0,0,0,0,0,0,0,0,0,0,0,0,0,0,0,0,0,0,0,0,0,0,0,0,0,0,0,5,246.72305555555556,4,0.6346835483213108,0.0,0.0,0.0,0.0,0.0,0.0,0.0,0.3363581749089241,0.0,0.0,0.0,0.0,0.0,0.6957298122563155,0.0,0.0,0.0,0.0,0.0,0.0,0.0,0.0,134,135,69,0,4,1
28101,1,1,5,104,1,1,1,4.0,0,0,0,2614599.104435,0,5,0,8,36,0,0,0,0,0,0,0,0,0,0,0,0,0,0,0,1,0,0,0,0,0,0,0,0,0,0,0,0,0,0,0,0,0,0,0,0,0,0,0,0,0,0,0,0,0,0,0,0,0,0,0,0,0,0,0,0,1,0,0,1,0,0,0,0,0,0,0,0,0,0,0,0,0,0,0,0,0,0,1,0,0,0,0,0,0,0,0,0,0,0,0,0,0,0,0,0,0,0,0,0,0,0,0,0,0,0,0,0,0,0,0,0,0,0,0,0,0,0,0,0,0,0,0,0,0,0,0,0,0,0,0,0,0,0,0,0,0,0,0,0,0,0,0,0,0,0,0,0,0,0,0,0,0,4,297.78222222222223,4,0.3385358082640792,0.0,0.0,0.0,0.0,0.0,0.0,0.6923334740276046,0.0,0.0,0.0,0.0,0.0,0.0,0.0,0.0,0.6372345465084696,0.0,0.0,0.0,0.0,0.0,0.0,149,134,67,0,3,1
26917,3,1,14,104,3,2,1,4.0,1,0,0,2627137.530884,0,14,0,8,4,0,0,0,0,0,0,0,0,0,0,0,0,0,0,0,0,0,0,0,0,0,0,0,0,0,0,0,0,0,0,0,0,0,0,0,0,0,0,0,0,0,0,0,0,0,0,0,0,0,0,0,0,0,0,0,0,1,0,0,0,0,0,0,1,0,0,0,0,0,0,0,0,0,0,0,0,0,0,0,0,0,0,0,0,0,0,0,0,0,0,0,0,0,0,0,0,0,0,0,0,0,0,0,0,0,0,0,0,0,0,0,0,0,0,0,0,0,0,0,0,0,0,0,0,0,0,0,0,0,0,0,0,0,0,0,0,0,0,0,0,0,0,0,0,0,0,0,0,0,0,0,0,0,2,1459.7116666666666,4,0.0,0.0,0.0,0.0,0.0,0.0,0.0,0.0,0.0,0.0,0.0,0.0,0.0,0.0,0.0,0.0,0.0,0.0,0.0,0.0,0.0,0.0,0.0,7,138,29,0,3,1
28183,1,0,6,1786,4,0,0,5.0,1,0,0,2627757.661446,3,6,0,8,13,0,0,0,0,0,0,0,0,0,0,0,1,0,0,0,0,0,0,0,0,0,0,0,0,0,0,0,0,0,0,0,0,0,0,0,0,0,0,0,0,0,0,0,0,0,0,0,0,0,0,0,0,0,0,0,0,0,0,0,0,1,0,1,0,0,0,0,0,0,0,0,0,0,0,0,0,0,0,0,0,0,0,0,0,0,0,0,0,0,0,0,0,0,0,0,0,0,0,0,0,0,0,0,0,0,0,0,0,0,0,0,0,0,0,0,0,0,0,0,0,0,0,0,0,0,0,0,0,0,0,0,0,0,0,0,0,0,0,0,0,0,0,0,0,0,0,0,0,0,0,0,0,0,3,192.44222222222223,4,0.0,0.0,0.0,0.0,0.0,0.0,0.0,0.0,0.0,0.0,1.0,0.0,0.0,0.0,0.0,0.0,0.0,0.0,0.0,0.0,0.0,0.0,0.0,131,137,75,0,0,1
27879,1,17,16,1677,8,3,1,5.0,0,0,0,2711547.489916,0,16,0,8,0,1,0,0,0,0,0,0,0,0,0,0,0,0,0,0,0,0,0,0,0,0,0,0,0,0,0,0,0,0,0,0,0,0,0,0,0,0,0,0,0,0,0,0,0,0,0,0,0,0,0,0,0,0,0,0,0,1,1,1,0,0,0,0,0,0,0,0,0,0,0,0,0,0,0,0,0,0,0,0,0,0,0,0,0,0,0,0,0,0,0,0,0,0,0,0,0,0,0,0,0,0,0,0,0,0,0,0,0,0,0,0,0,0,0,0,0,0,0,0,0,0,0,0,0,0,0,0,0,0,0,0,0,0,0,0,0,0,0,0,0,0,0,0,0,0,0,0,0,0,0,0,0,0,4,509.37194444444447,4,0.0,0.0,0.0,0.0,0.0,0.0,0.0,0.0,0.0,0.0,0.0,0.0,0.0,0.0,0.0,0.0,0.0,0.0,0.0,0.0,0.0,0.0,0.0,142,139,78,0,0,1
27716,7,15,13,363,5,2,1,5.0,1,0,0,2785804.297473,0,13,0,8,213,0,0,0,0,0,0,0,0,0,0,0,0,0,0,0,0,0,0,0,0,0,0,0,0,0,0,0,0,0,0,0,0,0,0,0,0,0,0,0,0,0,0,0,0,0,0,0,0,0,0,0,0,0,0,0,0,1,0,1,0,0,0,0,0,0,0,0,0,0,0,0,0,0,0,0,0,0,0,1,0,0,0,0,0,0,0,0,0,0,0,0,0,0,0,0,0,0,0,0,0,0,0,0,0,0,0,0,0,0,0,0,0,0,0,0,0,0,0,0,0,0,0,0,0,0,0,0,0,0,0,0,0,0,0,0,0,0,0,0,0,0,0,0,0,0,0,0,0,0,0,0,0,0,3,197.70472222222224,4,0.0,0.0,0.0,0.0,0.0,0.0,0.0,0.0,0.0,0.0,0.0,0.0,0.0,0.0,0.0,0.3198339301030263,0.6574154246564515,0.0,0.0,0.0,0.0,0.6822838240634391,0.0,78,160,72,0,1,1
28022,1,0,3,47,5,1,1,5.0,1,0,0,3129170.491014,0,3,0,8,24,0,0,0,0,0,0,0,0,0,0,0,0,0,0,0,1,0,0,0,0,0,0,0,0,0,0,0,0,0,0,0,0,0,0,0,0,0,0,0,0,0,0,0,0,0,0,0,0,0,0,0,0,0,0,0,0,1,0,1,1,0,0,0,0,0,0,0,0,0,0,0,0,0,0,0,0,0,0,1,0,0,0,0,0,0,0,0,0,0,0,0,0,0,0,0,0,0,0,0,0,0,0,0,0,0,0,0,0,0,0,0,0,0,0,0,0,0,0,0,0,0,0,0,0,0,0,0,0,0,0,0,0,0,0,0,0,0,0,0,0,0,0,0,0,0,0,0,0,0,0,0,0,0,5,222.6822222222222,4,0.0,0.0,0.0,0.0,0.0,0.0,0.0,0.542172083930273,0.0,0.0,0.0,0.0,0.0,0.0,0.5812189997393554,0.0,0.4990236569423539,0.0,0.0,0.0,0.0,0.3452669917043448,0.0,150,126,69,0,0,1
28003,2,0,3,6,1,1,1,4.0,0,0,0,3130054.798598,0,3,0,8,93,0,0,0,0,0,0,0,0,0,0,0,0,0,0,0,0,0,0,0,0,0,0,0,0,0,0,0,0,0,0,0,0,0,0,0,0,0,0,0,0,0,0,0,0,0,0,0,0,0,0,0,0,0,0,0,0,1,0,1,0,1,0,0,0,0,0,0,0,0,0,0,0,0,0,0,0,0,0,0,0,0,0,0,0,0,0,0,0,0,0,0,0,0,0,0,0,0,0,0,0,0,0,0,0,0,0,0,0,0,0,0,0,0,0,0,0,0,0,0,0,0,0,0,0,0,0,0,0,0,0,0,0,0,0,0,0,0,0,0,0,0,0,0,0,0,0,0,0,0,0,0,0,0,3,279.9091666666667,4,0.0,0.0,0.0,0.2121438366826025,0.0,0.0,0.2604720564977564,0.2608891310398286,0.270426972545516,0.0,0.0,0.2199991077919169,0.0,0.0,0.0,0.0,0.7203792970171711,0.0,0.2611505984801978,0.0,0.0,0.332279761766807,0.0,149,125,65,0,5,0
27967,3,2,38,944,2,2,1,4.0,0,0,0,3135871.03451,0,38,0,8,14,0,0,0,0,0,0,0,0,0,0,0,0,0,0,0,1,0,0,0,0,0,0,0,0,0,0,0,0,0,0,0,0,0,0,0,0,0,0,0,0,0,0,0,0,0,0,0,0,0,0,0,0,0,0,0,0,1,0,1,1,0,0,0,0,0,0,0,0,0,0,0,0,0,0,0,0,0,0,1,0,0,0,0,0,0,0,0,0,0,0,0,0,0,0,0,0,0,0,0,0,0,0,0,0,0,0,0,0,0,0,0,0,0,0,0,0,0,0,0,0,0,0,0,0,0,0,0,0,0,0,0,0,0,0,0,0,0,0,0,0,0,0,0,0,0,0,0,0,0,0,0,0,0,5,313.3386111111111,4,0.6991827390509684,0.0,0.0,0.0,0.0,0.0,0.0,0.7149430029122501,0.0,0.0,0.0,0.0,0.0,0.0,0.0,0.0,0.0,0.0,0.0,0.0,0.0,0.0,0.0,144,126,63,2,3,1
27953,2,0,2,2,1,1,1,4.0,1,0,0,3136064.911749,0,2,0,8,103,1,0,0,0,0,0,0,0,0,0,0,0,0,0,0,0,0,0,0,0,0,0,0,0,0,0,0,0,0,0,0,0,0,0,0,0,0,0,0,0,0,0,0,0,0,0,0,0,0,0,0,0,0,0,0,0,1,1,0,0,0,0,0,0,0,0,0,0,0,0,0,0,0,0,0,0,0,0,0,0,0,0,0,0,0,0,0,0,0,0,0,0,0,0,0,0,0,0,0,0,0,0,0,0,0,0,0,0,0,0,0,0,0,0,1,0,0,0,0,0,0,0,0,0,0,0,0,0,0,0,0,0,0,0,0,0,0,0,0,0,0,0,0,0,0,0,0,0,0,0,0,0,0,4,328.2966666666667,4,0.0,0.0,0.0,0.3425691563257466,0.0,0.0,0.0,0.0,0.0,0.0,0.0,0.0,0.0,0.0,0.0,0.0,0.0,0.0,0.0,0.7711972404376415,0.0,0.5365642454316469,0.0,148,124,64,0,3,1
27968,1,0,1,37,1,1,0,4.0,0,0,0,3136299.227529,0,1,0,8,84,1,0,0,0,0,0,0,0,0,0,0,0,0,0,0,0,0,0,0,0,0,0,0,0,0,0,0,0,0,0,0,0,0,0,0,0,0,0,0,0,0,0,0,0,0,0,0,0,0,0,0,0,0,0,0,0,0,1,0,0,0,0,0,0,0,0,0,0,0,0,0,0,0,0,0,0,0,0,0,0,0,0,0,0,0,0,0,0,0,0,0,0,0,0,0,0,0,0,0,0,0,0,0,0,0,0,0,0,0,0,0,0,0,0,0,0,0,0,0,0,0,0,0,0,0,0,0,0,0,0,0,0,0,0,0,0,0,0,0,0,0,0,0,0,0,0,0,0,0,0,0,0,0,2,312.8861111111111,4,0.2333330327856154,0.0,0.0,0.5820397362289313,0.0,0.0,0.0,0.2385925879188641,0.0,0.2077205035508583,0.0,0.2011971762054786,0.0,0.2532071694470399,0.0,0.0,0.2196043456894841,0.0,0.0,0.0,0.3822518528509045,0.4558228697973409,0.0,145,123,64,5,3,1
27978,1,0,4,78,1,0,0,2.0,0,0,0,3556122.412925,0,4,0,8,0,0,0,0,0,0,0,0,0,0,0,0,0,0,0,0,1,0,0,0,0,0,0,0,0,0,0,0,0,0,0,0,0,0,0,0,0,0,0,0,0,0,0,0,0,0,0,0,0,0,0,0,0,0,0,0,0,0,0,0,1,0,0,0,0,0,0,0,0,0,0,0,0,0,0,0,0,0,0,1,0,0,0,0,0,0,0,0,0,0,0,0,0,0,0,0,0,0,0,0,0,0,0,0,0,0,0,0,0,0,0,0,0,0,0,0,0,0,0,0,0,0,0,0,0,0,0,0,0,0,0,0,0,0,0,0,0,0,0,0,0,0,0,0,0,0,0,0,0,0,0,0,0,0,3,188.16944444444445,4,0.0,0.0,0.0,0.0,0.0,0.0,0.0,0.0,0.0,0.0,0.0,0.0,0.0,0.0,0.0,0.0,0.0,0.0,0.0,0.0,0.0,0.0,0.0,152,133,63,38,4,1
27931,1,0,9,275,5,0,0,1.0,0,0,0,3569270.267972,0,9,0,8,0,0,0,0,0,0,0,0,0,0,0,0,0,0,0,0,1,0,0,0,0,0,0,0,0,0,0,0,0,0,0,0,0,0,0,0,0,0,0,0,0,0,0,0,0,0,0,0,0,0,0,0,0,0,0,0,0,0,0,0,1,0,0,0,0,0,0,0,0,0,0,0,0,0,0,0,0,0,0,1,0,0,0,0,0,0,0,0,0,0,0,0,0,0,0,0,0,0,0,0,0,0,0,0,0,0,0,0,0,0,0,0,0,0,0,0,0,0,0,0,0,0,0,0,0,0,0,0,0,0,0,0,0,0,0,0,0,0,0,0,0,0,0,0,0,0,0,0,0,0,0,0,0,0,3,234.22,4,0.0,0.0,0.0,0.0,0.0,0.0,0.0,0.0,0.0,0.0,0.0,0.0,0.0,0.0,0.0,0.0,0.0,0.0,0.0,0.0,0.0,0.0,0.0,151,133,70,32,2,1
27379,13,12,48,1629,7,1,0,3.0,1,0,0,3569991.906954,0,48,0,8,160,0,0,0,0,0,0,0,0,0,0,0,0,0,0,0,0,0,0,0,0,0,0,0,0,0,0,0,0,0,0,0,0,0,0,0,0,0,0,0,0,0,0,0,0,0,0,0,0,0,0,0,0,0,0,0,0,0,0,1,0,0,0,0,0,0,0,0,0,0,0,0,0,0,0,0,0,0,0,0,0,0,0,0,0,0,0,0,0,0,0,0,0,0,0,0,0,0,0,0,0,0,0,0,0,0,0,0,0,0,0,0,0,0,0,0,0,0,0,0,0,0,0,0,0,0,0,0,0,0,0,0,0,0,0,0,0,0,0,0,0,0,0,0,0,0,0,0,0,0,0,0,0,0,1,740.5480555555556,4,0.2768105544964691,0.0,0.0,0.0,0.0,0.0,0.0,0.1415250677799441,0.0,0.0,0.0,0.0,0.0,0.4505818323729266,0.0,0.0,0.1302618835713515,0.0,0.0,0.0,0.7935861272750668,0.1802524912345691,0.1452051105623763,24,132,61,0,1,1
27526,4,0,22,611,5,1,1,5.0,0,0,0,3575938.044683,0,22,0,8,11,0,0,0,0,0,0,0,0,0,0,0,0,0,0,0,0,0,0,0,0,0,0,0,0,0,0,0,0,0,0,0,0,0,0,0,0,0,0,0,0,0,0,0,0,0,0,0,0,0,0,0,0,0,0,0,0,1,0,1,0,0,0,0,0,0,0,0,0,0,0,0,0,0,0,0,0,0,0,0,0,0,0,0,0,0,0,0,0,0,0,0,0,0,0,0,0,0,0,0,0,0,0,0,0,0,0,0,0,0,0,0,0,0,0,0,0,0,0,0,0,0,0,0,0,0,0,0,0,0,0,0,0,0,0,0,0,0,0,0,0,0,0,0,0,0,0,0,0,0,0,0,0,0,2,595.005,4,0.0,0.0,0.0,0.0,0.0,0.0,0.0,1.0,0.0,0.0,0.0,0.0,0.0,0.0,0.0,0.0,0.0,0.0,0.0,0.0,0.0,0.0,0.0,33,130,75,1,0,1
27689,2,6,7,78,1,3,1,4.0,1,0,0,3577241.130659,0,7,0,8,84,1,0,0,0,0,0,0,0,0,0,0,0,0,0,0,0,0,0,0,0,0,0,0,0,0,0,0,0,0,0,0,0,0,0,0,0,0,0,0,0,0,0,0,0,0,0,0,0,0,0,0,0,0,0,0,0,1,1,0,0,0,0,0,0,0,0,0,0,0,0,0,0,0,0,0,0,0,0,0,0,0,0,0,0,0,0,0,0,0,0,0,0,0,0,0,0,0,0,0,0,0,0,0,0,0,0,0,0,0,0,0,0,0,0,0,0,0,0,0,0,0,0,0,0,0,0,0,0,0,0,0,0,0,0,0,0,0,0,0,0,0,0,0,0,0,0,0,0,0,0,0,0,0,3,429.0169444444445,4,0.0,0.0,0.0,0.4880161329747447,0.0,0.0,0.0,0.3000749558793091,0.0,0.0,0.0,0.5060864153368542,0.0,0.0,0.0,0.0,0.0,0.0,0.0,0.0,0.0,0.1910942676192591,0.6157554676208399,73,129,76,0,0,1
27220,1,0,1,3,1,1,1,4.0,0,0,0,3610778.492951,0,1,0,8,283,1,0,0,0,0,0,0,0,0,0,0,0,0,0,0,0,0,0,0,0,0,0,0,0,0,0,0,0,0,0,0,0,0,0,0,0,0,0,0,0,0,0,0,0,0,0,0,0,0,0,0,0,0,0,0,0,1,1,1,0,0,0,0,0,0,0,0,0,0,0,0,0,0,0,0,0,0,0,1,0,0,0,0,0,0,0,0,0,0,0,0,0,0,0,0,0,0,0,0,0,0,0,0,0,0,0,0,0,0,0,0,0,0,0,0,0,0,0,0,0,0,0,0,0,0,0,0,0,0,0,0,0,0,0,0,0,0,0,0,0,0,0,0,0,0,0,0,0,0,0,0,0,0,5,539.67,4,0.2788335881695711,0.0986595117357809,0.0,0.4636926775789935,0.1051185971306709,0.0,0.1897753071699402,0.2851187703937565,0.0,0.1654843655582817,0.0,0.16028743666284,0.1014362367654249,0.1008610779255416,0.203768571451675,0.2553432797823279,0.437379618273553,0.0,0.0,0.0,0.3806599750095313,0.1210465619681424,0.195021764119827,18,117,46,0,2,1
27773,1,0,5,67,11,0,0,2.0,1,0,0,3739666.523651,0,5,0,8,0,0,0,0,0,0,0,0,0,0,0,0,0,0,0,0,1,0,0,0,0,0,0,0,0,0,0,0,0,0,0,0,0,0,0,0,0,0,0,0,0,0,0,0,0,0,0,0,0,0,0,0,0,0,0,0,0,0,0,0,1,0,0,0,0,0,0,0,0,0,0,0,0,0,0,0,0,0,0,1,0,0,0,0,0,0,0,0,0,0,0,0,0,0,0,0,0,0,0,0,0,0,0,0,0,0,0,0,0,0,0,0,0,0,0,0,0,0,0,0,0,0,0,0,0,0,0,0,0,0,0,0,0,0,0,0,0,0,0,0,0,0,0,0,0,0,0,0,0,0,0,0,0,0,3,328.0394444444444,4,0.0,0.0,0.0,0.0,0.0,0.0,0.0,0.0,0.0,0.0,0.0,0.0,0.0,0.0,0.0,0.0,0.0,0.0,0.0,0.0,0.0,0.0,0.0,104,161,64,14,3,1
27415,11,0,9,143,1,1,1,4.0,1,0,0,3746133.524006,0,9,0,8,77,0,0,0,0,0,0,0,0,0,0,0,0,0,0,0,1,0,0,0,0,0,0,0,0,0,0,0,0,0,0,0,0,0,0,0,0,0,0,0,0,0,0,0,0,0,0,0,0,0,0,0,0,0,0,0,0,1,0,0,1,0,0,0,0,0,0,0,0,0,0,0,0,0,0,0,0,0,0,1,0,0,0,0,0,0,0,0,0,0,0,0,0,0,0,0,0,0,0,0,0,0,0,0,0,0,0,0,0,0,0,0,0,0,0,0,0,0,0,0,0,0,0,0,0,0,0,0,0,0,0,0,0,0,0,0,0,0,0,0,0,0,0,0,0,0,0,0,0,0,0,0,0,0,4,655.6,4,0.0,0.0,0.0,0.0,0.0,0.0,0.0,0.0,0.0,0.4522995930226824,0.0,0.0,0.0,0.0,0.0,0.0,0.4781759839949881,0.0,0.0,0.0,0.4161658442983202,0.3308427991386513,0.5330308047191166,23,160,63,0,3,1
27159,1,0,2,17,1,0,0,3.0,0,0,0,3750223.744673,0,2,0,8,29,0,0,0,0,0,0,0,0,0,0,0,0,0,0,0,0,0,0,0,0,0,0,0,0,0,0,0,0,0,0,0,0,0,0,0,0,0,0,0,0,0,0,0,0,0,0,0,0,0,0,0,0,0,0,0,0,0,0,1,0,0,0,0,0,0,0,0,0,0,0,0,0,0,0,0,0,0,0,0,0,0,0,0,0,0,0,0,0,0,0,0,0,0,0,0,0,0,0,0,0,0,0,0,0,0,0,0,0,0,0,0,0,0,0,0,0,0,0,0,0,0,0,0,0,0,0,0,0,0,0,0,0,0,0,0,0,0,0,0,0,0,0,0,0,0,0,0,0,0,0,0,0,0,1,900.0138888888889,4,0.0,0.0,0.0,0.0,0.0,0.0,0.0,0.542172083930273,0.0,0.0,0.0,0.0,0.0,0.0,0.5812189997393554,0.0,0.4990236569423539,0.0,0.0,0.0,0.0,0.3452669917043448,0.0,17,160,43,0,0,1
27733,1,3,15,61,10,1,1,4.0,1,0,0,3752157.146301,0,15,0,8,38,0,0,0,0,0,0,0,0,0,0,0,0,0,0,0,1,0,0,0,0,0,0,0,0,0,0,0,0,0,0,0,0,0,0,0,0,0,0,0,0,0,0,0,0,0,0,0,0,0,0,0,0,0,0,0,0,1,0,0,1,0,0,0,0,0,0,0,0,0,0,0,0,0,0,0,0,0,0,1,0,0,0,0,0,0,0,0,0,0,0,0,0,0,0,0,0,0,0,0,0,0,0,0,0,0,0,0,0,0,0,0,0,0,0,0,0,0,0,0,0,0,0,0,0,0,0,0,0,0,0,0,0,0,0,0,0,0,0,0,0,0,0,0,0,0,0,0,0,0,0,0,0,0,4,346.19944444444445,4,0.3130480872717769,0.0,0.0,0.0,0.0,0.0,0.0,0.0,0.6636143859217092,0.0,0.0,0.0,0.0,0.6794239043875588,0.0,0.0,0.0,0.0,0.0,0.0,0.0,0.0,0.0,85,154,75,2,2,1
27914,1,0,4,429,2,1,1,5.0,0,0,0,3820420.414538,0,4,0,8,28,0,0,0,0,0,0,0,0,0,0,0,0,0,0,0,1,0,0,0,0,0,0,0,0,0,0,0,0,0,0,0,0,0,0,0,0,0,0,0,0,0,0,0,0,0,0,0,0,0,0,0,0,0,0,0,0,1,0,1,1,0,0,0,0,0,0,0,0,0,0,0,0,0,0,0,0,0,0,1,0,0,0,0,0,0,0,0,0,0,0,0,0,0,0,0,0,0,0,0,0,0,0,0,0,0,0,0,0,0,0,0,0,0,0,0,0,0,0,0,0,0,0,0,0,0,0,0,0,0,0,0,0,0,0,0,0,0,0,0,0,0,0,0,0,0,0,0,0,0,0,0,0,0,5,174.43777777777777,4,0.0,0.0,0.0,0.0,0.0,0.0,0.0,0.5262468963998986,0.0,0.0,0.0,0.4437664659497387,0.0,0.0,0.0,0.0,0.4843658655243762,0.0,0.0,0.0,0.0,0.0,0.5399307696758684,152,164,69,0,1,1
27916,2,6,22,1076,14,3,0,5.0,0,0,0,3825983.782421,0,22,0,8,88,0,0,0,0,0,0,0,0,0,0,0,0,0,0,0,0,0,0,0,0,0,0,0,0,0,0,0,0,0,0,0,0,0,0,0,0,0,0,0,0,0,0,0,0,0,0,0,0,0,0,0,0,0,0,0,0,0,0,0,0,0,0,0,0,0,0,0,0,0,0,0,0,0,0,0,0,0,0,0,0,0,0,0,0,0,0,0,0,0,0,0,0,0,0,0,0,0,0,0,0,0,0,0,0,0,0,0,0,0,0,0,0,0,0,0,0,0,0,0,0,0,0,0,0,0,0,0,0,0,0,0,0,0,0,0,0,0,0,0,0,0,0,0,0,0,0,0,0,0,0,0,0,0,0,170.86305555555555,4,0.5065163654596886,0.0,0.0,0.0,0.0,0.0,0.0,0.0,0.0,0.0,0.0,0.0,0.0,0.0,0.5552350250421451,0.0,0.0,0.0,0.0,0.0,0.0,0.6596629734098738,0.0,153,160,70,7,1,1
27307,4,0,27,420,8,1,2,4.0,1,0,0,4236561.953768,0,27,0,8,1539,0,0,0,0,0,0,0,0,0,0,0,0,0,0,0,0,0,0,0,0,0,0,0,0,0,0,0,0,0,0,0,0,0,0,0,0,0,0,0,0,0,0,0,0,0,0,0,0,0,0,0,0,0,0,0,0,1,0,1,0,0,0,0,0,0,0,0,0,0,0,0,0,0,0,0,0,0,0,0,0,0,0,0,0,0,0,0,0,0,0,0,0,0,0,0,0,0,0,0,0,0,0,0,0,0,0,0,0,0,0,0,0,0,0,0,0,0,0,0,0,0,0,0,0,0,0,0,0,0,0,0,0,0,0,0,0,0,0,0,0,0,0,0,0,0,0,0,0,0,0,0,0,0,2,631.1905555555555,4,0.0,0.0,0.0,0.0,0.0,0.6001804276868853,0.0,0.5497850623861432,0.0,0.0,0.0,0.4636154167105173,0.0,0.0,0.0,0.0,0.0,0.0,0.0,0.0,0.0,0.3501151021978137,0.0,21,161,52,0,5,0
27603,5,0,4,6,1,1,1,5.0,1,0,0,4249469.033755,0,4,0,8,16,1,0,0,0,0,0,0,0,0,0,0,0,0,0,0,0,0,0,0,0,0,0,0,0,0,0,0,0,0,0,0,0,0,0,0,0,0,0,0,0,0,0,0,0,0,0,0,0,0,0,0,0,0,0,0,0,1,1,1,0,0,0,0,0,0,0,0,0,0,0,0,0,0,0,0,0,0,0,0,0,0,0,0,0,0,0,0,0,0,0,0,0,0,0,0,0,0,0,0,0,0,0,0,0,0,0,0,0,0,0,0,0,0,0,0,0,0,0,0,0,0,0,0,0,0,0,0,0,0,0,0,0,0,0,0,0,0,0,0,0,0,0,0,0,0,0,0,0,0,0,0,0,0,4,355.7627777777778,4,0.0,0.0,0.0,0.0,0.0,0.0,0.0,0.0,0.0,1.0,0.0,0.0,0.0,0.0,0.0,0.0,0.0,0.0,0.0,0.0,0.0,0.0,0.0,54,159,76,0,3,1
27645,5,0,20,589,4,2,2,4.0,1,0,0,4254213.509179,0,20,0,8,192,0,0,0,0,0,0,0,0,0,0,0,0,0,0,0,0,0,0,0,0,0,0,0,0,0,0,0,0,0,0,0,0,0,0,0,0,0,0,0,0,0,0,0,0,0,0,0,0,0,0,0,0,0,0,0,0,1,0,1,0,0,0,0,0,0,0,0,0,0,0,0,0,0,0,0,0,0,0,0,0,0,0,0,0,0,0,0,0,0,0,0,0,0,0,0,0,0,0,0,0,0,0,0,0,0,0,0,0,0,0,0,0,0,0,0,0,0,0,0,0,0,0,0,0,0,0,0,0,0,0,0,0,0,0,0,0,0,0,0,0,0,0,0,0,0,0,0,0,0,0,0,0,0,2,317.9125,4,0.3977802645988634,0.0,0.0,0.110249627857935,0.0,0.0,0.2707309130006292,0.1355822071435174,0.0,0.0,0.0,0.0,0.0,0.1438870637082267,0.1453467582601391,0.3642693050795103,0.4991679271614816,0.0,0.0,0.0,0.5430444250834066,0.0,0.13910771912985,61,161,72,0,4,1
26618,6,0,3,39,2,1,1,5.0,1,0,0,4289156.660902,0,3,0,8,41,0,0,0,0,0,0,0,0,0,0,0,0,0,0,0,0,0,0,0,0,0,0,0,0,0,0,0,0,0,0,0,0,0,0,0,0,0,0,0,0,0,0,0,0,0,0,0,0,0,0,0,0,0,0,0,0,1,0,1,0,0,0,0,0,0,0,0,0,0,0,0,0,0,0,0,0,0,0,1,0,0,0,0,0,0,0,0,0,0,0,0,0,0,0,0,0,0,0,0,0,0,0,0,0,0,0,0,0,0,0,0,0,0,0,0,0,0,0,0,0,0,0,0,0,0,0,0,0,0,0,0,0,0,0,0,0,0,0,0,0,0,0,0,0,0,0,0,0,0,0,0,0,0,3,1190.9725,4,0.4061422424239726,0.0,0.0,0.3377017544833581,0.0,0.0,0.0,0.4152970864272767,0.0,0.0,0.0,0.3502061895734371,0.0,0.0,0.0,0.0,0.3822459269465029,0.0,0.0,0.0,0.0,0.5289404598439849,0.0,10,163,24,0,2,1
27323,1,0,10,285,4,1,1,4.0,1,0,0,4317002.683591,0,10,0,8,188,0,0,0,0,0,0,0,0,0,0,0,0,0,0,0,0,0,0,0,0,0,0,0,0,0,0,0,0,0,0,0,0,0,0,0,0,0,0,0,0,0,0,0,0,0,0,0,0,0,0,0,0,0,0,0,0,1,0,1,0,0,0,0,0,0,0,0,0,0,0,0,0,0,0,0,0,0,0,0,0,0,0,0,0,0,0,0,0,0,0,0,0,0,0,0,0,0,0,0,0,0,0,0,0,0,0,0,0,0,0,0,0,0,0,0,0,0,0,0,0,0,0,0,0,0,0,0,0,0,0,0,0,0,0,0,0,0,0,0,0,0,0,0,0,0,0,0,0,0,0,0,0,0,2,582.1294444444444,4,0.2646127363338701,0.0,0.0,0.0,0.0,0.1476897525368195,0.0,0.1352886833134289,0.1402347000900329,0.0,0.0,0.1140844369586011,0.0,0.0,0.7251604750789625,0.0,0.3735654536134279,0.0,0.0,0.0,0.3251212683348537,0.258464340476501,0.1388065628692011,23,161,54,0,6,0
26778,3,4,19,112,1,3,3,22.0,1,0,0,4318221.112086,0,19,0,8,35,0,0,0,0,0,0,0,0,0,0,0,0,0,0,0,1,0,0,0,0,0,0,0,0,0,0,0,0,0,0,0,0,0,0,0,0,0,0,0,0,0,0,0,0,0,0,0,0,0,0,0,0,0,0,0,0,1,0,1,1,0,0,0,0,0,0,0,0,0,0,0,0,0,0,0,0,0,0,1,0,0,0,0,0,0,0,0,0,0,0,0,0,0,0,0,0,0,0,0,0,0,0,0,0,0,0,0,0,0,0,0,0,0,0,0,0,0,0,0,0,0,0,0,0,0,0,0,0,0,0,0,0,0,0,0,0,0,0,0,0,0,0,0,0,0,0,0,0,0,0,0,0,0,5,1068.4475,4,0.0,0.0,0.0,0.0,0.0,0.0,0.0,0.4509240999949067,0.4674094268450681,0.0,0.0,0.0,0.0,0.0,0.4833993894660108,0.0,0.0,0.0,0.0,0.0,0.3612152712321363,0.0,0.4626493724547031,9,160,26,0,0,1
27251,4,0,4,10,2,1,2,5.0,1,0,0,4318521.530609,0,4,0,8,15,0,0,0,0,0,0,0,0,0,0,0,0,0,0,0,0,0,0,0,0,0,0,0,0,0,0,0,0,0,0,0,0,0,0,0,0,0,0,0,0,0,0,0,0,0,0,0,0,0,0,0,0,0,0,0,0,1,0,0,0,0,0,0,0,0,0,0,0,0,0,0,0,0,0,0,0,0,0,0,0,0,0,0,0,0,0,0,0,0,0,0,0,0,0,0,0,0,0,0,0,0,0,0,0,0,0,0,0,0,0,0,0,0,0,0,0,0,0,0,0,0,0,0,0,0,0,0,0,0,0,0,0,0,0,0,0,0,0,0,0,0,0,0,0,0,0,0,0,0,0,0,0,0,1,662.6505555555556,4,0.9135837270523016,0.0,0.0,0.0,0.0,0.0,0.0,0.0,0.0,0.4066506776893722,0.0,0.0,0.0,0.0,0.0,0.0,0.0,0.0,0.0,0.0,0.0,0.0,0.0,20,159,48,0,3,1
27043,6,0,3,578,5,3,3,5.0,1,0,0,4323092.881938,0,3,0,8,31,0,0,0,0,0,0,0,0,0,0,0,0,0,0,0,1,0,0,0,0,0,0,0,0,0,0,0,0,0,0,0,0,0,0,0,0,0,0,0,0,0,0,0,0,0,0,0,0,0,0,0,0,0,0,0,0,1,0,1,1,0,0,0,0,0,0,0,0,0,0,0,0,0,0,0,0,0,0,1,0,0,0,0,0,0,0,0,0,0,0,0,0,0,0,0,0,0,0,0,0,0,0,0,0,0,0,0,0,0,0,0,0,0,0,0,0,0,0,0,0,0,0,0,0,0,0,0,0,0,0,0,0,0,0,0,0,0,0,0,0,0,0,0,0,0,0,0,0,0,0,0,0,0,5,850.2144444444444,4,0.3998697219850927,0.0,0.0,0.0,0.0,0.0,0.0,0.4088831772331105,0.0,0.0,0.0,0.0,0.0,0.0,0.0,0.0,0.0,0.0,0.0,0.0,0.6550763100405763,0.2603857128504359,0.4195152695460731,12,159,37,1,2,1
26209,5,0,7,64,1,1,1,4.0,1,0,0,4477172.971858,0,7,0,8,18,0,0,0,0,0,0,0,0,0,0,0,0,0,0,0,0,0,0,0,0,0,0,0,0,0,0,0,0,0,0,0,0,0,0,0,0,0,0,0,0,0,0,0,0,0,0,0,0,0,0,0,0,0,0,0,0,1,0,1,0,0,0,0,0,0,0,0,0,0,0,0,0,0,0,0,0,0,0,0,0,0,0,0,0,0,0,0,0,0,0,0,0,0,0,0,0,0,0,0,0,0,0,0,0,0,0,0,0,0,0,0,0,0,0,1,0,0,0,0,0,0,0,0,0,0,0,0,0,0,0,0,0,0,0,0,0,0,0,0,0,0,0,0,0,0,0,0,0,0,0,0,0,0,3,1356.5975,4,0.0,0.0,0.0,0.6308996451772447,0.0,0.0,0.0,0.7758644454511541,0.0,0.0,0.0,0.0,0.0,0.0,0.0,0.0,0.0,0.0,0.0,0.0,0.0,0.0,0.0,9,158,16,0,0,1
26308,2,0,3,4,1,1,1,4.0,1,0,0,4535047.305392,0,3,0,8,130,0,0,0,0,0,0,0,0,0,0,0,0,0,0,0,0,0,0,0,0,0,0,0,0,0,0,0,0,0,0,0,0,0,0,0,0,0,0,0,0,0,0,0,0,0,0,0,0,0,0,0,0,0,0,0,0,1,0,1,0,0,0,0,0,0,0,0,0,0,0,0,0,0,0,0,0,0,0,0,0,0,0,0,0,0,0,0,0,0,0,0,0,0,0,0,0,0,0,0,0,0,0,0,0,0,0,0,0,0,0,0,0,0,0,0,0,0,0,0,0,0,0,0,0,0,0,0,0,0,0,0,0,0,0,0,0,0,0,0,0,0,0,0,0,0,0,0,0,0,0,0,0,0,2,1306.1627777777778,4,0.0,0.0,0.0,0.0,0.0,0.0,0.0,0.3284602542614922,0.3404684273639035,0.2859599705370636,0.364054584437255,0.2769795836055844,0.0,0.0,0.0,0.0,0.3023199498830432,0.0,0.0,0.0,0.0,0.6275119316059868,0.0,9,142,18,0,2,1
26208,1,0,2,13,1,1,1,4.0,1,0,0,4535102.036884,0,2,0,8,12,0,0,0,0,0,0,0,0,0,0,0,0,0,0,0,0,0,0,0,0,0,0,0,0,0,0,0,0,0,0,0,0,0,0,0,0,0,0,0,0,0,0,0,0,0,0,0,0,0,0,0,0,0,0,0,0,1,0,1,0,0,0,0,0,0,0,0,0,0,0,0,0,0,0,0,0,0,0,0,0,0,0,0,0,0,0,0,0,0,0,0,0,0,0,0,0,0,0,0,0,0,0,0,0,0,0,0,0,0,0,0,0,0,0,0,0,0,0,0,0,0,0,0,0,0,0,0,0,0,0,0,0,0,0,0,0,0,0,0,0,0,0,0,0,0,0,0,0,0,0,0,0,0,2,1349.8011111111111,4,0.0,0.0,0.0,0.0,0.0,0.0,0.0,0.0,0.0,0.0,0.0,0.0,0.0,0.0,0.0,0.0,0.0,0.0,1.0,0.0,0.0,0.0,0.0,8,141,15,0,0,1
26365,5,0,6,30,2,1,0,3.0,1,0,0,4764975.334105,0,6,0,8,81,1,0,0,0,0,0,0,0,0,0,0,0,0,0,0,0,0,0,0,0,0,0,0,0,0,0,0,0,0,0,0,0,0,0,0,0,0,0,0,0,0,0,0,0,0,0,0,0,0,0,0,0,0,0,0,0,0,1,0,0,0,0,0,0,0,0,0,0,0,0,0,0,0,0,0,0,0,0,0,0,0,0,0,0,0,0,0,0,0,0,0,0,0,0,0,0,0,0,0,0,0,0,0,0,0,0,0,0,0,0,0,0,0,0,0,0,0,0,0,0,0,0,0,0,0,0,0,0,0,0,0,0,0,0,0,0,0,0,0,0,0,0,0,0,0,0,0,0,0,0,0,0,0,2,1221.8755555555556,4,0.3990384645893741,0.4235745808669366,0.0,0.0,0.0,0.0,0.0,0.4080331824813883,0.0,0.0,0.0,0.0,0.0,0.0,0.0,0.0,0.0,0.0,0.0,0.0,0.6537145239449,0.259844417679419,0.0,10,135,19,0,3,1
27050,11,3,14,45,6,2,1,4.0,1,0,0,4784511.794915,0,14,0,8,25,1,0,0,0,0,0,0,0,0,0,0,0,0,0,0,0,0,0,0,0,0,0,0,0,0,0,0,0,0,0,0,0,0,0,0,0,0,0,0,0,0,0,0,0,0,0,0,0,0,0,0,0,0,0,0,0,1,1,1,0,0,0,0,0,0,0,0,0,0,0,0,0,0,0,0,0,0,0,0,0,0,0,0,0,0,0,0,0,0,0,0,0,0,0,0,0,0,0,0,0,0,0,0,0,0,0,0,0,0,0,0,0,0,0,0,0,0,0,0,0,0,0,0,0,0,0,0,0,0,0,0,0,0,0,0,0,0,0,0,0,0,0,0,0,0,0,0,0,0,0,0,0,0,4,676.5833333333334,4,0.4726512455166188,0.0,0.0,0.0,0.0,0.0,0.0,0.0,0.0,0.4207692050737577,0.0,0.0,0.0,0.0,0.0,0.0,0.0,0.0,0.0,0.0,0.7743087731475002,0.0,0.0,14,96,39,0,2,1
26980,1,0,3,9,2,1,1,4.0,0,0,0,4852152.927973,0,3,0,8,0,0,0,0,0,0,0,0,0,0,0,0,1,0,0,0,0,0,0,0,0,0,0,0,0,0,0,0,0,0,0,0,0,0,0,0,0,0,0,0,0,0,0,0,0,0,0,0,0,0,0,0,0,0,0,0,0,1,0,0,0,0,0,1,0,0,0,0,0,0,0,0,0,0,0,0,0,0,0,0,0,0,0,0,0,0,0,0,0,0,0,0,0,0,0,0,0,0,0,0,0,0,0,0,0,0,0,0,0,0,0,0,0,0,0,0,0,0,0,0,0,0,0,0,0,0,0,0,0,0,0,0,0,0,0,0,0,0,0,0,0,0,0,0,0,0,0,0,0,0,0,0,0,0,3,765.8961111111112,4,0.0,0.0,0.0,0.0,0.0,0.0,0.0,0.0,0.0,0.0,0.0,0.0,0.0,0.0,0.0,0.0,0.0,0.0,0.0,0.0,0.0,0.0,0.0,9,126,31,0,0,1
26375,1,0,4,9,1,1,1,4.0,0,0,0,4864950.098367,0,4,0,8,177,0,0,0,0,0,0,0,0,0,0,0,0,0,0,0,0,0,0,0,0,0,0,0,0,0,0,0,0,0,0,0,0,0,0,0,0,0,0,0,0,0,0,0,0,0,0,0,0,0,0,0,0,0,0,0,0,1,0,0,0,0,0,0,0,0,0,0,0,0,0,0,0,0,0,0,0,0,0,0,0,0,0,0,0,0,0,0,0,0,0,0,0,0,0,0,0,0,0,0,0,0,0,0,0,0,0,0,0,0,0,0,0,0,0,1,0,0,0,0,0,0,0,0,0,0,0,0,0,0,0,0,0,0,0,0,0,0,0,0,0,0,0,0,0,0,0,0,0,0,0,0,0,0,2,1187.3986111111112,4,0.2156821763820925,0.0,0.0,0.2690051973182384,0.0,0.0,0.0,0.1102719319605672,0.0,0.0,0.0,0.0929886444449544,0.0,0.3510793525239791,0.3546409556657834,0.0987560262548099,0.4059840362576667,0.0,0.0,0.504657385728806,0.3533357903281538,0.2106707040767578,0.1131393068622865,11,119,20,0,3,1
27377,3,2,1,6,1,2,1,4.0,0,0,0,4864545.299388,0,1,0,8,23,1,0,0,0,0,0,0,0,0,0,0,0,0,0,0,0,0,0,0,0,0,0,0,0,0,0,0,0,0,0,0,0,0,0,0,0,0,0,0,0,0,0,0,0,0,0,0,0,0,0,0,0,0,0,0,0,1,1,1,0,0,0,0,0,0,0,0,0,0,0,0,0,0,0,0,0,0,0,0,0,0,0,0,0,0,0,0,0,0,0,0,0,0,0,0,0,0,0,0,0,0,0,0,0,0,0,0,0,0,0,0,0,0,0,0,0,0,0,0,0,0,0,0,0,0,0,0,0,0,0,0,0,0,0,0,0,0,0,0,0,0,0,0,0,0,0,0,0,0,0,0,0,0,4,382.1458333333333,4,0.0,0.0,0.0,0.388409031652533,0.0,0.0,0.0,0.4776556148904637,0.0,0.41585057488325,0.0,0.4027910579826297,0.0,0.0,0.0,0.0,0.4396416908332425,0.0,0.0,0.0,0.0,0.3041814990333015,0.0,23,116,60,0,1,1
27112,3,0,3,2,1,2,1,3.0,0,0,0,4865487.812594,0,3,0,8,285,1,0,0,0,0,0,0,0,0,0,0,0,0,0,0,0,0,0,0,0,0,0,0,0,0,0,0,0,0,0,0,0,0,0,0,0,0,0,0,0,0,0,0,0,0,0,0,0,0,0,0,0,0,0,0,0,1,1,1,0,0,0,0,0,0,0,0,0,0,0,0,0,0,0,0,0,0,0,0,0,0,0,0,0,0,0,0,0,0,0,0,0,0,0,0,0,0,0,0,0,0,0,0,0,0,0,0,0,0,0,0,0,0,0,0,0,0,0,0,0,0,0,0,0,0,0,0,0,0,0,0,0,0,0,0,0,0,0,0,0,0,0,0,0,0,0,0,0,0,0,0,0,0,4,649.5069444444445,4,0.2714032561742239,0.0960304420763183,0.0,0.4513362374498075,0.1023174063534284,0.0,0.1847181921141525,0.3700279352485894,0.0,0.080537276648195,0.0,0.156016111687587,0.0987331731909341,0.0981733411312942,0.099169282583564,0.2485389153798238,0.4257243661459136,0.0,0.0,0.0,0.3705161827561343,0.2356418484768041,0.1898248419583285,14,118,40,0,4,1
27552,1,0,4,8,1,1,1,4.0,0,0,0,4867489.993873,0,4,0,8,84,0,0,0,0,0,0,0,0,0,0,0,0,0,0,0,0,0,0,0,0,0,0,0,0,0,0,0,0,0,0,0,0,0,0,0,0,0,0,0,0,0,0,0,0,0,0,0,0,0,0,0,0,0,0,0,0,1,0,1,0,0,0,0,0,0,0,0,0,0,0,0,0,0,0,0,0,0,0,0,0,0,0,0,0,0,0,0,0,0,0,0,0,0,0,0,0,0,0,0,0,0,0,0,0,0,0,0,0,0,0,0,0,0,0,0,0,0,0,0,0,0,0,0,0,0,0,0,0,0,0,0,0,0,0,0,0,0,0,0,0,0,0,0,0,0,0,0,0,0,0,0,0,0,2,216.41722222222225,4,0.0,0.0,0.0,0.0,0.0,0.0,0.0,0.6015174606578776,0.0,0.0,0.0,0.5072396237380619,0.0,0.0,0.0,0.0,0.0,0.0,0.0,0.0,0.0,0.0,0.6171585765698862,36,113,79,0,1,1
27492,1,0,1,6,1,1,1,4.0,0,0,0,4867898.239305,0,1,0,8,30,1,0,0,0,0,0,0,0,0,0,0,0,0,0,0,0,0,0,0,0,0,0,0,0,0,0,0,0,0,0,0,0,0,0,0,0,0,0,0,0,0,0,0,0,0,0,0,0,0,0,0,0,0,0,0,0,1,1,1,0,0,0,0,0,0,0,0,0,0,0,0,0,0,0,0,0,0,0,0,0,0,0,0,0,0,0,0,0,0,0,0,0,0,0,0,0,0,0,0,0,0,0,0,0,0,0,0,0,0,0,0,0,0,0,0,0,0,0,0,0,0,0,0,0,0,0,0,0,0,0,0,0,0,0,0,0,0,0,0,0,0,0,0,0,0,0,0,0,0,0,0,0,0,4,272.24694444444447,4,0.5283968423276477,0.0,0.0,0.0,0.0,0.0,0.0,0.5403074247740269,0.0,0.4703957123114586,0.0,0.455623240837455,0.0,0.0,0.0,0.0,0.0,0.0,0.0,0.0,0.0,0.0,0.0,32,112,74,0,6,0
26910,1,2,3,5,1,2,1,6.0,0,0,0,4923817.416017,0,3,0,8,69,1,0,0,0,0,0,0,0,0,0,0,0,0,0,0,0,0,0,0,0,0,0,0,0,0,0,0,0,0,0,0,0,0,0,0,0,0,0,0,0,0,0,0,0,0,0,0,0,0,0,0,0,0,0,0,0,1,1,1,0,0,0,0,0,0,0,0,0,0,0,0,0,0,0,0,0,0,0,0,0,0,0,0,0,0,0,0,0,0,0,0,0,0,0,0,0,0,0,0,0,0,0,0,0,0,0,0,0,0,0,0,0,0,0,0,0,0,0,0,0,0,0,0,0,0,0,0,0,0,0,0,0,0,0,0,0,0,0,0,0,0,0,0,0,0,0,0,0,0,0,0,0,0,4,824.3319444444444,4,0.1808694189669988,0.0,0.0,0.0,0.0,0.0,0.0,0.184946392851145,0.0,0.3220314443801487,0.0,0.1559591281339107,0.0,0.5888249049363213,0.0,0.0,0.510682648744112,0.0,0.0,0.0,0.4444570258579181,0.0,0.0,7,100,28,0,3,1
27460,6,1,2,158,1,2,1,4.0,1,0,0,4958210.261688,0,2,0,8,107,0,0,0,0,0,0,0,0,0,0,0,1,0,0,0,0,0,0,0,0,0,0,0,0,0,0,0,0,0,0,0,0,0,0,0,0,0,0,0,0,0,0,0,0,0,0,0,0,0,0,0,0,0,0,0,0,1,0,0,0,0,0,1,0,0,0,0,0,0,0,0,0,0,0,0,0,0,0,0,0,0,0,0,0,0,0,0,0,0,0,0,0,0,0,0,0,0,0,0,0,0,0,0,0,0,0,0,0,0,0,0,0,0,0,0,0,0,0,0,0,0,0,0,0,0,0,0,0,0,0,0,0,0,0,0,0,0,0,0,0,0,0,0,0,0,0,0,0,0,0,0,0,0,3,262.0388888888889,4,0.0,0.0,0.0,0.4604002540698033,0.0,0.0,0.0,0.5661886015312062,0.0,0.0,0.0,0.0,0.0,0.0,0.0,0.0,0.0,0.0,0.0,0.0,0.0,0.3605612331989973,0.5809110694956806,30,58,70,0,4,1
27402,1,4,2,158,1,3,1,6.0,0,0,0,4963403.574285,0,2,0,8,11,0,0,0,0,0,0,0,0,0,0,0,0,0,0,0,1,0,0,0,0,0,0,0,0,0,0,0,0,0,0,0,0,0,0,0,0,0,0,0,0,0,0,0,0,0,0,0,0,0,0,0,0,0,0,0,0,1,0,1,1,0,0,0,0,0,0,0,0,0,0,0,0,0,0,0,0,0,0,1,0,0,0,0,0,0,0,0,0,0,0,0,0,0,0,0,0,0,0,0,0,0,0,0,0,0,0,0,0,0,0,0,0,0,0,0,0,0,0,0,0,0,0,0,0,0,0,0,0,0,0,0,0,0,0,0,0,0,0,0,0,0,0,0,0,0,0,0,0,0,0,0,0,0,5,333.2275,4,0.4463369202964622,0.0,0.0,0.0,0.0,0.0,0.0,0.4563977917139291,0.0,0.0,0.0,0.7697300886017893,0.0,0.0,0.0,0.0,0.0,0.0,0.0,0.0,0.0,0.0,0.0,23,81,62,0,2,1
27372,2,0,5,7,1,1,1,6.0,0,0,0,4966091.767772,0,5,0,8,31,0,0,0,0,0,0,0,0,0,0,0,0,0,0,0,0,0,0,0,0,0,0,0,0,0,0,0,0,0,0,0,0,0,0,0,0,0,0,0,0,0,0,0,0,0,0,0,0,0,0,0,0,0,0,0,0,1,0,1,0,0,0,0,0,0,0,0,0,0,0,0,0,0,0,0,0,0,0,0,0,0,0,0,0,0,0,0,0,0,0,0,0,0,0,0,0,0,0,0,0,0,0,0,0,0,0,0,0,0,0,0,0,0,0,0,0,0,0,0,0,0,0,0,0,0,0,0,0,0,0,0,0,0,0,0,0,0,0,0,0,0,0,0,0,0,0,0,0,0,0,0,0,0,2,357.8,4,0.0,0.0,0.0,0.0,0.0,0.0,0.6067203044649851,0.6076918005884198,0.0,0.0,0.0,0.5124462387875631,0.0,0.0,0.0,0.0,0.0,0.0,0.0,0.0,0.0,0.0,0.0,22,80,59,0,1,1
27424,1,0,21,836,8,0,0,4.0,0,0,0,5044898.473775,0,21,0,8,75,0,0,0,0,0,0,0,0,0,0,0,0,0,0,0,1,0,0,0,0,0,0,0,0,0,0,0,0,0,0,0,0,0,0,0,0,0,0,0,0,0,0,0,0,0,0,0,0,0,0,0,0,0,0,0,0,0,0,0,1,0,0,0,0,0,0,0,0,0,0,0,0,0,0,0,0,0,0,1,0,0,0,0,0,0,0,0,0,0,0,0,0,0,0,0,0,0,0,0,0,0,0,0,0,0,0,0,0,0,0,0,0,0,0,0,0,0,0,0,0,0,0,0,0,0,0,0,0,0,0,0,0,0,0,0,0,0,0,0,0,0,0,0,0,0,0,0,0,0,0,0,0,0,3,292.0911111111111,4,0.0,0.0,0.0,0.3532380338502329,0.0,0.0,0.4337087447317753,0.0,0.4502845502175404,0.0,0.0,0.0,0.0,0.0,0.0,0.0,0.0,0.0,0.0,0.0,0.6959622403695452,0.0,0.0,25,64,65,0,3,1
27306,1,0,2,17,2,1,1,4.0,1,0,0,5052634.202921,0,2,0,8,118,1,0,0,0,0,0,0,0,0,0,0,0,0,0,0,0,0,0,0,0,0,0,0,0,0,0,0,0,0,0,0,0,0,0,0,0,0,0,0,0,0,0,0,0,0,0,0,0,0,0,0,0,0,0,0,0,1,1,0,0,0,0,0,0,0,0,0,0,0,0,0,0,0,0,0,0,0,0,0,0,0,0,0,0,0,0,0,0,0,0,0,0,0,0,0,0,0,0,0,0,0,0,0,0,0,0,0,0,0,0,0,0,0,0,0,0,0,0,0,0,0,0,0,0,0,0,0,0,0,0,0,0,0,0,0,0,0,0,0,0,0,0,0,0,0,0,0,0,0,0,0,0,0,3,408.28222222222223,4,0.0,0.0,0.0,0.3768267839606249,0.0,0.0,0.0,0.4634120592770578,0.0,0.4034500281178264,0.0,0.3907799423250155,0.0,0.0,0.0,0.0,0.2132658498527241,0.0,0.0,0.0,0.1856094104150742,0.1475554462950571,0.4754620531812208,20,62,51,0,5,0
27514,1,2,4,71,2,2,1,4.0,1,0,0,5053481.706781,0,4,0,8,16,1,0,0,0,0,0,0,0,0,0,0,0,0,0,0,0,0,0,0,0,0,0,0,0,0,0,0,0,0,0,0,0,0,0,0,0,0,0,0,0,0,0,0,0,0,0,0,0,0,0,0,0,0,0,0,0,1,1,0,0,0,0,0,0,0,0,0,0,0,0,0,0,0,0,0,0,0,0,0,0,0,0,0,0,0,0,0,0,0,0,0,0,0,0,0,0,0,0,0,0,0,0,0,0,0,0,0,0,0,0,0,0,0,0,0,0,0,0,0,0,0,0,0,0,0,0,0,0,0,0,0,0,0,0,0,0,0,0,0,0,0,0,0,0,0,0,0,0,0,0,0,0,0,3,190.29472222222225,4,0.0,0.0,0.0,0.0,0.0,0.0,0.0,0.4661332436614205,0.0,0.4058191117323046,0.0,0.7861492528181185,0.0,0.0,0.0,0.0,0.0,0.0,0.0,0.0,0.0,0.0,0.0,32,61,75,1,0,1
26933,3,0,2,8,1,2,2,4.0,0,0,0,5222532.554669,0,2,0,8,43,1,0,0,0,0,0,0,0,0,0,0,0,0,0,0,0,0,0,0,0,0,0,0,0,0,0,0,0,0,0,0,0,0,0,0,0,0,0,0,0,0,0,0,0,0,0,0,0,0,0,0,0,0,0,0,0,1,1,1,0,0,0,0,0,0,0,0,0,0,0,0,0,0,0,0,0,0,0,0,0,0,0,0,0,0,0,0,0,0,0,0,0,0,0,0,0,0,0,0,0,0,0,0,0,0,0,0,0,0,0,0,0,0,0,1,0,0,0,0,0,0,0,0,0,0,0,0,0,0,0,0,0,0,0,0,0,0,0,0,0,0,0,0,0,0,0,0,0,0,0,0,0,0,5,726.7319444444445,4,0.0,0.0,0.0,0.0,0.0,0.4104521665590328,0.0,0.3759877190062465,0.0,0.6546754784140655,0.0,0.317057910356044,0.4012936002074403,0.0,0.0,0.0,0.0,0.0,0.0,0.0,0.0,0.0,0.0,8,52,30,0,4,1
27215,3,0,22,1302,4,1,1,3.0,0,0,0,5224280.293639,0,22,0,8,15,0,0,0,0,0,0,0,0,0,0,0,0,0,0,0,0,0,0,0,0,0,0,0,0,0,0,0,0,0,0,0,0,0,0,0,0,0,0,0,0,0,0,0,0,0,0,0,0,0,0,0,0,0,0,0,0,1,0,1,0,0,0,0,0,0,0,0,0,0,0,0,0,0,0,0,0,0,0,0,0,0,0,0,0,0,0,0,0,0,0,0,0,0,0,0,0,0,0,0,0,0,0,0,0,0,0,0,0,0,0,0,0,0,0,0,0,0,0,0,0,0,0,0,0,0,0,0,0,0,0,0,0,0,0,0,0,0,0,0,0,0,0,0,0,0,0,0,0,0,0,0,0,0,2,447.2894444444444,4,0.0,0.0,0.0,0.0,0.0,0.0,0.0,1.0,0.0,0.0,0.0,0.0,0.0,0.0,0.0,0.0,0.0,0.0,0.0,0.0,0.0,0.0,0.0,17,51,45,0,1,1
27197,1,6,42,8324,237,3,0,1.0,0,0,0,5379762.035699,0,42,0,8,0,0,0,0,0,0,0,0,0,0,0,0,0,0,0,0,0,0,0,0,0,0,0,0,0,0,0,0,0,0,0,0,0,0,0,0,0,0,0,0,0,0,0,0,0,0,0,0,0,0,0,0,0,0,0,0,0,0,0,0,0,0,0,0,0,0,0,0,0,0,0,0,0,0,0,0,0,0,0,0,0,0,0,0,0,0,0,0,0,0,0,0,0,0,0,0,0,0,0,0,0,0,0,0,0,0,0,0,0,0,0,0,0,0,0,0,0,0,0,0,0,0,0,0,0,0,0,0,0,0,0,0,0,0,0,0,0,0,0,0,0,0,0,0,0,0,0,0,0,0,0,0,0,0,0,411.2763888888889,4,0.0,0.0,0.0,0.0,0.0,0.0,0.0,0.0,0.0,0.0,0.0,0.0,0.0,0.0,0.0,0.0,0.0,0.0,0.0,0.0,0.0,0.0,0.0,16,43,44,0,1,1
27254,3,2,7,7,3,3,1,8.0,1,0,0,5392701.284521,0,7,0,8,13,0,0,0,0,0,0,0,0,0,0,0,0,0,0,0,1,0,0,0,0,0,0,0,0,0,0,0,0,0,0,0,0,0,0,0,0,0,0,0,0,0,0,0,0,0,0,0,0,0,0,0,0,0,0,0,0,1,0,0,1,0,0,0,0,0,0,0,0,0,0,0,0,0,0,0,0,0,0,1,0,0,0,0,0,0,0,0,0,0,0,0,0,0,0,0,0,0,0,0,0,0,0,0,0,0,0,0,0,0,0,0,0,0,0,0,0,0,0,0,0,0,0,0,0,0,0,0,0,0,0,0,0,0,0,0,0,0,0,0,0,0,0,0,0,0,0,0,0,0,0,0,0,0,4,363.165,4,1.0,0.0,0.0,0.0,0.0,0.0,0.0,0.0,0.0,0.0,0.0,0.0,0.0,0.0,0.0,0.0,0.0,0.0,0.0,0.0,0.0,0.0,0.0,22,40,50,0,3,1
27368,1,1,6,24,5,1,1,3.0,1,0,0,5456765.133556,0,6,0,8,0,0,0,0,0,0,0,0,0,0,0,0,0,0,0,0,0,0,0,0,0,0,0,0,0,0,0,0,0,0,0,0,0,0,0,0,0,0,0,0,0,0,0,0,0,0,0,0,0,0,0,0,0,0,0,0,0,1,0,0,0,0,0,0,0,0,0,0,0,0,0,0,0,0,0,0,0,0,0,0,0,0,0,0,0,0,0,0,0,0,0,0,0,0,0,0,0,0,0,0,0,0,0,0,0,0,0,0,0,0,0,0,0,0,0,0,0,0,0,0,0,0,0,0,0,0,0,0,0,0,0,0,0,0,0,0,0,0,0,0,0,0,0,0,0,0,0,0,0,0,0,0,0,0,1,223.20138888888889,4,0.0,0.0,0.0,0.0,0.0,0.0,0.0,0.0,0.0,0.0,0.0,0.0,0.0,0.0,0.0,0.0,0.0,0.0,0.0,0.0,0.0,0.0,0.0,21,37,58,1,1,1
26531,4,0,3,5,1,1,1,4.0,1,0,0,5463007.442388,0,3,0,8,803,1,0,0,0,0,0,0,0,0,0,0,0,0,0,0,0,0,0,0,0,0,0,0,0,0,0,0,0,0,0,0,0,0,0,0,0,0,0,0,0,0,0,0,0,0,0,0,0,0,0,0,0,0,0,0,0,1,1,0,0,0,0,0,1,0,0,0,0,0,0,0,0,0,0,0,0,0,0,0,0,0,0,0,0,0,0,0,0,0,0,0,0,0,0,0,0,0,0,0,0,0,0,0,0,0,0,0,0,0,0,0,0,0,0,0,0,0,0,0,0,0,0,0,0,0,0,0,0,0,0,0,0,0,0,0,0,0,0,0,0,0,0,0,0,0,0,0,0,0,0,0,0,0,4,916.6713888888888,4,0.0,0.0,0.0,0.1283399615077438,0.0,0.0,0.0,0.1578292424565459,0.0,0.1374073268750197,0.3498655227175282,0.2661842782451015,0.0,0.0,0.0,0.0,0.0,0.0,0.0,0.0,0.0,0.3015272974822997,0.8096661941371833,10,31,22,0,0,1
25162,19,28,63,1872,17,3,1,3.0,1,0,0,5462738.000244,0,63,0,8,205,0,0,0,0,0,0,0,0,0,0,0,0,0,0,0,0,0,0,0,0,0,0,0,0,0,0,0,0,0,0,0,0,0,0,0,0,0,0,0,0,0,0,0,0,0,0,0,0,0,0,0,0,0,0,0,0,1,0,1,0,0,0,0,0,0,0,0,0,0,0,0,0,0,0,0,0,0,0,0,0,0,0,0,0,0,0,0,0,0,0,0,0,0,0,0,0,0,0,0,0,0,0,0,0,0,0,0,0,0,0,0,0,0,0,1,0,0,0,0,0,0,0,0,0,0,0,0,0,0,0,0,0,0,0,0,0,0,0,0,0,0,0,0,0,0,0,0,0,0,0,0,0,0,3,1864.7125,4,0.582832662507119,0.0,0.0,0.121154359322587,0.0,0.0,0.0,0.1489925704164895,0.0,0.0,0.0,0.0,0.1590205263741614,0.1581188558825943,0.0,0.0,0.5485403586809517,0.0,0.0,0.0,0.3580539944649663,0.3795268557620159,0.0,1,32,3,0,3,1
26786,2,1,5,85,2,1,0,5.0,1,0,0,5481798.719059,0,5,0,8,2,1,0,0,0,0,0,0,0,0,0,0,0,0,0,0,0,0,0,0,0,0,0,0,0,0,0,0,0,0,0,0,0,0,0,0,0,0,0,0,0,0,0,0,0,0,0,0,0,0,0,0,0,0,0,0,0,0,1,0,0,0,0,0,0,0,0,0,0,0,0,0,0,0,0,0,0,0,0,0,0,0,0,0,0,0,0,0,0,0,0,0,0,0,0,0,0,0,0,0,0,0,0,0,0,0,0,0,0,0,0,0,0,0,0,0,0,0,0,0,0,0,0,0,0,0,0,0,0,0,0,0,0,0,0,0,0,0,0,0,0,0,0,0,0,0,0,0,0,0,0,0,0,0,2,741.2430555555555,4,0.0,0.0,0.0,0.0,0.0,0.0,0.0,0.0,0.0,1.0,0.0,0.0,0.0,0.0,0.0,0.0,0.0,0.0,0.0,0.0,0.0,0.0,0.0,10,29,27,1,0,1
27253,3,0,12,4725,9,1,1,5.0,0,0,0,5597306.542113,0,12,0,8,176,0,0,0,0,0,0,0,0,0,0,0,0,0,0,0,0,0,0,0,0,0,0,0,0,0,0,0,0,0,0,0,0,0,0,0,0,0,0,0,0,0,0,0,0,0,0,0,0,0,0,0,0,0,0,0,0,1,0,1,0,0,0,0,0,0,0,0,0,0,0,0,0,0,0,0,0,0,0,0,0,0,0,0,0,0,0,0,0,0,0,0,0,0,0,0,0,0,0,0,0,0,0,0,0,0,0,0,0,0,0,0,0,0,0,0,0,0,0,0,0,0,0,0,0,0,0,0,0,0,0,0,0,0,0,0,0,0,0,0,0,0,0,0,0,0,0,0,0,0,0,0,0,0,2,293.2919444444444,4,0.0,0.111078290121625,0.0,0.3480400342633682,0.0,0.0,0.0,0.1070027104321346,0.3327438623563329,0.0,0.0,0.1804636378109033,0.0,0.0,0.0,0.0,0.2954608994740577,0.0,0.0,0.0,0.5142907163988861,0.4088499393104004,0.4391403061662801,21,2,49,1,3,1
27047,1,0,26,5015,52,0,0,5.0,0,0,0,5616703.73873,0,26,0,8,4,0,0,0,0,0,0,0,0,0,0,0,0,0,0,0,1,0,0,0,0,0,0,0,0,0,0,0,0,0,0,0,0,0,0,0,0,0,0,0,0,0,0,0,0,0,0,0,0,0,0,0,0,0,0,0,0,0,0,0,1,0,0,0,0,0,0,0,0,0,0,0,0,0,0,0,0,0,0,1,0,0,0,0,0,0,0,0,0,0,0,0,0,0,0,0,0,0,0,0,0,0,0,0,0,0,0,0,0,0,0,0,0,0,0,0,0,0,0,0,0,0,0,0,0,0,0,0,0,0,0,0,0,0,0,0,0,0,0,0,0,0,0,0,0,0,0,0,0,0,0,0,0,0,3,488.2138888888889,4,0.0,0.0,0.0,0.0,0.0,0.0,0.0,0.0,1.0,0.0,0.0,0.0,0.0,0.0,0.0,0.0,0.0,0.0,0.0,0.0,0.0,0.0,0.0,13,14,38,0,2,1
29844,11,0,2,22,1,0,0,176.0,1,0,0,763955.671628,0,2,1,9,125,0,0,0,0,0,0,0,0,0,0,0,0,0,0,0,0,0,0,0,0,0,0,0,0,0,0,0,0,0,0,0,0,0,0,0,0,0,0,0,0,0,0,0,0,0,0,0,0,0,0,0,0,0,0,0,0,0,0,0,0,0,0,0,0,0,0,0,0,0,0,0,0,0,0,0,0,0,0,0,0,0,0,0,0,0,0,0,0,0,0,0,0,0,0,0,0,0,0,0,0,0,0,0,0,0,0,0,0,0,0,0,0,0,0,0,0,0,0,0,0,0,0,0,0,0,0,0,0,0,0,0,0,0,0,0,0,0,0,0,0,0,0,0,0,0,0,0,0,0,0,0,0,0,0,951.4241666666668,4,0.0,0.0,0.0,0.0,0.0,0.0,0.0,0.444272476878794,0.0,0.3867869635683422,0.0,0.3746401704826803,0.4741742687526613,0.0,0.0,0.0,0.0,0.0,0.0,0.0,0.0,0.2829223896535156,0.4558247887597764,51,74,4,15,4,1
29849,2,8,16,786,9,1,0,186.0,0,0,0,913648.527291,0,16,1,9,12,0,0,0,0,0,0,0,0,0,0,0,0,0,0,0,0,0,0,0,0,0,0,0,0,0,0,0,0,0,0,0,0,0,0,0,0,0,0,0,0,0,0,0,0,0,0,0,0,0,0,0,0,0,0,0,0,0,0,0,0,0,0,0,0,0,0,0,0,0,0,0,0,0,0,0,0,0,0,0,0,0,0,0,0,0,0,0,0,0,0,0,0,0,0,0,0,0,0,0,0,0,0,0,0,0,0,0,0,0,0,0,0,0,0,0,0,0,0,0,0,0,0,0,0,0,0,0,0,0,0,0,0,0,0,0,0,0,0,0,0,0,0,0,0,0,0,0,0,0,0,0,0,0,0,293.105,4,0.0,0.0,0.0,0.0,0.0,0.0,0.0,1.0,0.0,0.0,0.0,0.0,0.0,0.0,0.0,0.0,0.0,0.0,0.0,0.0,0.0,0.0,0.0,54,51,6,100,4,1
29881,5,8,7,395,23,3,0,184.0,0,0,0,2618889.658139,0,7,1,9,292,0,0,0,0,0,0,0,0,0,0,0,0,0,0,0,0,0,0,0,0,0,0,0,0,0,0,0,0,0,0,0,0,0,0,0,0,0,0,0,0,0,0,0,0,0,0,0,0,0,0,0,0,0,0,0,0,0,0,0,0,0,0,0,0,0,0,0,0,0,0,0,0,0,0,0,0,0,0,0,0,0,0,0,0,0,0,0,0,0,0,0,0,0,0,0,0,0,0,0,0,0,0,0,0,0,0,0,0,0,0,0,0,0,0,0,0,0,0,0,0,0,0,0,0,0,0,0,0,0,0,0,0,0,0,0,0,0,0,0,0,0,0,0,0,0,0,0,0,0,0,0,0,0,0,219.0361111111111,4,0.0,0.0,0.0,0.0,0.0,0.0,0.0,0.5212133709974696,0.0,0.0,0.0,0.0,0.0,0.5531394059613395,0.5587508525814967,0.0,0.0,0.0,0.0,0.0,0.0,0.3319200268221864,0.0,57,50,5,104,3,1
29404,30,6,27,804,6,5,4,1373.0,0,0,0,2997639.813218,0,27,1,9,128,0,0,0,0,0,0,0,0,0,0,0,0,0,0,0,0,0,0,0,0,0,0,0,0,0,0,0,0,0,0,0,0,0,0,0,0,0,0,0,0,0,0,0,0,0,0,0,0,0,0,0,0,0,0,0,0,0,0,0,0,0,0,0,0,0,0,0,0,0,0,0,0,0,0,0,0,0,0,0,0,0,0,0,0,0,0,0,0,0,0,0,0,0,0,0,0,0,0,0,0,0,0,0,0,0,0,0,0,0,0,0,0,0,0,0,0,0,0,0,0,0,0,0,0,0,0,0,0,0,0,0,0,0,0,0,0,0,0,0,0,0,0,0,0,0,0,0,0,0,0,0,0,0,0,1333.5583333333334,4,0.0,0.0,0.0,0.0,0.0,0.0,0.0,0.6364063693049591,0.0,0.5540601770074844,0.0,0.5366602774218668,0.0,0.0,0.0,0.0,0.0,0.0,0.0,0.0,0.0,0.0,0.0,90,52,10,0,4,1
29644,0,24,6,21,4,5,0,,0,0,0,3014312.514876,0,6,1,9,35,0,0,0,0,0,0,0,0,0,0,0,0,0,0,0,0,0,0,0,0,0,0,0,0,0,0,0,0,0,0,0,0,0,0,0,0,0,0,0,0,0,0,0,0,0,0,0,0,0,0,0,0,0,0,0,0,0,0,0,0,0,0,0,0,0,0,0,0,0,0,0,0,0,0,0,0,0,0,0,0,0,0,0,0,0,0,0,0,0,0,0,0,0,0,0,0,0,0,0,0,0,0,0,0,0,0,0,0,0,0,0,0,0,0,0,0,0,0,0,0,0,0,0,0,0,0,0,0,0,0,0,0,0,0,0,0,0,0,0,0,0,0,0,0,0,0,0,0,0,0,0,0,0,0,703.1783333333333,4,0.0,0.0,0.0,0.0,0.0,0.0,0.4363224004610677,0.437021051087223,0.0,0.3804738176738057,0.4843798148473386,0.0,0.0,0.0,0.0,0.0,0.4022410034345928,0.0,0.0,0.0,0.0,0.2783045237713891,0.0,74,52,9,27,0,1
29146,9,4,5,226,12,3,0,398024.0,0,0,0,3069978.10051,0,5,1,9,99,0,0,0,0,0,0,0,0,0,0,0,0,0,0,0,0,0,0,0,0,0,0,0,0,0,0,0,0,0,0,0,0,0,0,0,0,0,0,0,0,0,0,0,0,0,0,0,0,0,0,0,0,0,0,0,0,0,0,0,0,0,0,0,0,0,0,0,0,0,0,0,0,0,0,0,0,0,0,0,0,0,0,0,0,0,0,0,0,0,0,0,0,0,0,0,0,0,0,0,0,0,0,0,0,0,0,0,0,0,0,0,0,0,0,0,0,0,0,0,0,0,0,0,0,0,0,0,0,0,0,0,0,0,0,0,0,0,0,0,0,0,0,0,0,0,0,0,0,0,0,0,0,0,0,661.8966666666666,4,0.7024627431921144,0.0,0.0,0.292044111712384,0.0,0.0,0.0,0.3591484707799233,0.0,0.0,0.0,0.3028579336421343,0.0,0.0,0.3850141332091751,0.0,0.0,0.0,0.0,0.0,0.0,0.2287135685454203,0.0,27,94,4,5,3,1
29681,1,0,2,31,2,1,1,2844077.0,0,0,0,3247453.560339,0,2,1,9,59,0,0,0,0,0,0,0,0,0,0,0,0,0,0,0,0,0,0,0,0,0,0,0,0,0,0,0,0,0,0,0,0,0,0,0,0,0,0,0,0,0,0,0,0,0,0,0,0,0,0,0,0,0,0,0,0,0,0,0,0,0,0,0,0,0,0,0,0,0,0,0,0,0,0,0,0,0,0,0,0,0,0,0,0,0,0,0,0,0,0,0,0,0,0,0,0,0,0,0,0,0,0,0,0,0,0,0,0,0,0,0,0,0,0,0,0,0,0,0,0,0,0,0,0,0,0,0,0,0,0,0,0,0,0,0,0,0,0,0,0,0,0,0,0,0,0,0,0,0,0,0,0,0,0,789.975,4,0.0,0.0,0.0,0.0,0.0,0.0,0.0,0.5216512061920934,0.0,0.0,0.0,0.0,0.0,0.0,0.0,0.0,0.0,0.0,0.0,0.0,0.0,0.6643976996205883,0.5352155788252102,84,52,6,0,3,1
29447,8,14,6,83,4,3,0,184.0,0,0,0,3752787.679825,0,6,1,9,534,0,0,0,0,0,0,0,0,0,0,0,0,0,0,0,0,0,0,0,0,0,0,0,0,0,0,0,0,0,0,0,0,0,0,0,0,0,0,0,0,0,0,0,0,0,0,0,0,0,0,0,0,0,0,0,0,0,0,0,0,0,0,0,0,0,0,0,0,0,0,0,0,0,0,0,0,0,0,0,0,0,0,0,0,0,0,0,0,0,0,0,0,0,0,0,0,0,0,0,0,0,0,0,0,0,0,0,0,0,0,0,0,0,0,0,0,0,0,0,0,0,0,0,0,0,0,0,0,0,0,0,0,0,0,0,0,0,0,0,0,0,0,0,0,0,0,0,0,0,0,0,0,0,0,194.9025,4,0.0,0.0,0.0,0.1905377944549662,0.0,0.1278985433205704,0.0,0.0,0.0,0.407999016006236,0.649277554232488,0.1975930361033667,0.0,0.0,0.2511940519722383,0.1049241183031918,0.0,0.2187540262855657,0.0,0.2144708864901692,0.0,0.1492191664370447,0.3606172443794993,68,74,4,0,3,1
29610,12,11,12,788,8,4,0,179.0,0,0,0,3842978.846311,0,12,1,9,68,0,0,0,0,0,0,0,0,0,0,0,0,0,0,0,0,0,0,0,0,0,0,0,0,0,0,0,0,0,0,0,0,0,0,0,0,0,0,0,0,0,0,0,0,0,0,0,0,0,0,0,0,0,0,0,0,0,0,0,0,0,0,0,0,0,0,0,0,0,0,0,0,0,0,0,0,0,0,0,0,0,0,0,0,0,0,0,0,0,0,0,0,0,0,0,0,0,0,0,0,0,0,0,0,0,0,0,0,0,0,0,0,0,0,0,0,0,0,0,0,0,0,0,0,0,0,0,0,0,0,0,0,0,0,0,0,0,0,0,0,0,0,0,0,0,0,0,0,0,0,0,0,0,0,383.64972222222224,4,0.0,0.0,0.0,0.0,0.0,0.0,0.0,0.0,0.0,0.0,0.0,0.4517026882741321,0.0,0.0,0.0,0.0,0.0,0.0,0.0,0.0,0.0,0.3411187962432944,0.8243801600326441,72,71,6,39,3,1
29579,13,3,3,61,4,4,0,184.0,0,0,0,4991808.159468,0,3,1,9,34,0,0,0,0,0,0,0,0,0,0,0,0,0,0,0,0,0,0,0,0,0,0,0,0,0,0,0,0,0,0,0,0,0,0,0,0,0,0,0,0,0,0,0,0,0,0,0,0,0,0,0,0,0,0,0,0,0,0,0,0,0,0,0,0,0,0,0,0,0,0,0,0,0,0,0,0,0,0,0,0,0,0,0,0,0,0,0,0,0,0,0,0,0,0,0,0,0,0,0,0,0,0,0,0,0,0,0,0,0,0,0,0,0,0,0,0,0,0,0,0,0,0,0,0,0,0,0,0,0,0,0,0,0,0,0,0,0,0,0,0,0,0,0,0,0,0,0,0,0,0,0,0,0,0,335.6813888888889,4,0.0,0.0,0.0,0.0,0.0,0.0,0.0,0.3396416603626386,0.0,0.8870837606409848,0.0,0.0,0.0,0.0,0.0,0.0,0.3126114907567508,0.0,0.0,0.0,0.0,0.0,0.0,68,82,3,0,0,1
29509,7,4,7,208,2,3,1,1644886.0,0,0,0,6087175.891347,0,7,1,9,21,0,0,0,0,0,0,0,0,0,0,0,0,0,0,0,0,0,0,0,0,0,0,0,0,0,0,0,0,0,0,0,0,0,0,0,0,0,0,0,0,0,0,0,0,0,0,0,0,0,0,0,0,0,0,0,0,0,0,0,0,0,0,0,0,0,0,0,0,0,0,0,0,0,0,0,0,0,0,0,0,0,0,0,0,0,0,0,0,0,0,0,0,0,0,0,0,0,0,0,0,0,0,0,0,0,0,0,0,0,0,0,0,0,0,0,0,0,0,0,0,0,0,0,0,0,0,0,0,0,0,0,0,0,0,0,0,0,0,0,0,0,0,0,0,0,0,0,0,0,0,0,0,0,0,490.2780555555556,4,0.0,0.0,0.0,0.0,0.0,0.0,0.0,0.0,0.0,0.0,0.0,0.0,0.0,0.0,0.0,0.0,0.0,0.0,0.0,0.0,1.0,0.0,0.0,65,82,6,6,3,1
29450,4,7,12,498,12,3,1,187.0,0,0,0,7813913.843154,0,12,1,9,163,0,0,0,0,0,0,0,0,0,0,0,0,0,0,0,0,0,0,0,0,0,0,0,0,0,0,0,0,0,0,0,0,0,0,0,0,0,0,0,0,0,0,0,0,0,0,0,0,0,0,0,0,0,0,0,0,0,0,0,0,0,0,0,0,0,0,0,0,0,0,0,0,0,0,0,0,0,0,0,0,0,0,0,0,0,0,0,0,0,0,0,0,0,0,0,0,0,0,0,0,0,0,0,0,0,0,0,0,0,0,0,0,0,0,0,0,0,0,0,0,0,0,0,0,0,0,0,0,0,0,0,0,0,0,0,0,0,0,0,0,0,0,0,0,0,0,0,0,0,0,0,0,0,0,176.66833333333332,4,0.6230017985472646,0.0,0.0,0.518017527947939,0.0,0.0,0.0,0.0,0.0,0.0,0.0,0.2685993516267609,0.0,0.0,0.0,0.0,0.0,0.0,0.0,0.0,0.0,0.4056840478356618,0.3268048980400016,70,71,6,3,4,1
29179,1,0,1,2,1,1,1,2386618.0,0,0,0,7903103.013092,0,1,1,9,86,0,0,0,0,0,0,0,0,0,0,0,0,0,0,0,0,0,0,0,0,0,0,0,0,0,0,0,0,0,0,0,0,0,0,0,0,0,0,0,0,0,0,0,0,0,0,0,0,0,0,0,0,0,0,0,0,0,0,0,0,0,0,0,0,0,0,0,0,0,0,0,0,0,0,0,0,0,0,0,0,0,0,0,0,0,0,0,0,0,0,0,0,0,0,0,0,0,0,0,0,0,0,0,0,0,0,0,0,0,0,0,0,0,0,0,0,0,0,0,0,0,0,0,0,0,0,0,0,0,0,0,0,0,0,0,0,0,0,0,0,0,0,0,0,0,0,0,0,0,0,0,0,0,0,667.3402777777778,4,0.3345076687834422,0.0,0.0,0.0,0.0,0.0,0.0,0.3420477993232851,0.0,0.2977893895767506,0.0,0.0,0.0,0.0,0.0,0.0,0.0,0.0,0.0,0.0,0.0,0.4356469770089832,0.7018839743017397,47,85,5,0,0,1
29409,3,5,4,36,2,3,2,183.0,0,0,0,8051383.76636,0,4,1,9,36,0,0,0,0,0,0,0,0,0,0,0,0,0,0,0,0,0,0,0,0,0,0,0,0,0,0,0,0,0,0,0,0,0,0,0,0,0,0,0,0,0,0,0,0,0,0,0,0,0,0,0,0,0,0,0,0,0,0,0,0,0,0,0,0,0,0,0,0,0,0,0,0,0,0,0,0,0,0,0,0,0,0,0,0,0,0,0,0,0,0,0,0,0,0,0,0,0,0,0,0,0,0,0,0,0,0,0,0,0,0,0,0,0,0,0,0,0,0,0,0,0,0,0,0,0,0,0,0,0,0,0,0,0,0,0,0,0,0,0,0,0,0,0,0,0,0,0,0,0,0,0,0,0,0,221.60916666666665,4,0.0,0.0,0.0,0.0,0.0,0.0,0.0,1.0,0.0,0.0,0.0,0.0,0.0,0.0,0.0,0.0,0.0,0.0,0.0,0.0,0.0,0.0,0.0,88,67,10,0,6,0
29394,4,8,22,35,1,4,0,189.0,0,0,0,8140012.924001,0,22,1,9,29,0,0,0,0,0,0,0,0,0,0,0,0,0,0,0,0,0,0,0,0,0,0,0,0,0,0,0,0,0,0,0,0,0,0,0,0,0,0,0,0,0,0,0,0,0,0,0,0,0,0,0,0,0,0,0,0,0,0,0,0,0,0,0,0,0,0,0,0,0,0,0,0,0,0,0,0,0,0,0,0,0,0,0,0,0,0,0,0,0,0,0,0,0,0,0,0,0,0,0,0,0,0,0,0,0,0,0,0,0,0,0,0,0,0,0,0,0,0,0,0,0,0,0,0,0,0,0,0,0,0,0,0,0,0,0,0,0,0,0,0,0,0,0,0,0,0,0,0,0,0,0,0,0,0,271.6361111111111,4,0.0,0.0,0.0,0.0,0.0,0.0,0.3249942261317624,0.3255146152278617,0.0,0.5667909500297544,0.3607897346407351,0.274495624397729,0.0,0.0,0.0,0.0,0.2996087376938455,0.0,0.0,0.0,0.0,0.4145895935504313,0.0,90,66,8,15,3,1
29340,1,6,7,71,5,3,1,318.0,0,0,0,8525570.260942,1,7,1,9,237,0,0,0,0,0,0,0,0,0,0,0,0,0,0,0,0,0,0,0,0,0,0,0,0,0,0,0,0,0,0,0,0,0,0,0,0,0,0,0,0,0,0,0,0,0,0,0,0,0,0,0,0,0,0,0,0,0,0,0,0,0,0,0,0,0,0,0,0,0,0,0,0,0,0,0,0,0,0,0,0,0,0,0,0,0,0,0,0,0,0,0,0,0,0,0,0,0,0,0,0,0,0,0,0,0,0,0,0,0,0,0,0,0,0,0,0,0,0,0,0,0,0,0,0,0,0,0,0,0,0,0,0,0,0,0,0,0,0,0,0,0,0,0,0,0,0,0,0,0,0,0,0,0,0,300.17555555555555,4,0.3041256368877362,0.0,0.0,0.0,0.0,0.0,0.3104837720815997,0.3109809266662524,0.0,0.0,0.0,0.2622398492961151,0.0,0.330029532266763,0.0,0.0,0.2862317036674897,0.0,0.0,0.0,0.0,0.5941182820543105,0.3190672899699723,89,78,8,1,4,1
29209,5,0,2,4,2,0,0,107.0,0,0,0,8667787.488233,0,2,1,9,9,0,0,0,0,0,0,0,0,0,0,0,0,0,0,0,0,0,0,0,0,0,0,0,0,0,0,0,0,0,0,0,0,0,0,0,0,0,0,0,0,0,0,0,0,0,0,0,0,0,0,0,0,0,0,0,0,0,0,0,0,0,0,0,0,0,0,0,0,0,0,0,0,0,0,0,0,0,0,0,0,0,0,0,0,0,0,0,0,0,0,0,0,0,0,0,0,0,0,0,0,0,0,0,0,0,0,0,0,0,0,0,0,0,0,0,0,0,0,0,0,0,0,0,0,0,0,0,0,0,0,0,0,0,0,0,0,0,0,0,0,0,0,0,0,0,0,0,0,0,0,0,0,0,0,625.1563888888888,4,0.0,0.0,0.0,0.0,0.0,0.0,0.0,0.0,0.0,0.0,0.0,0.0,0.0,0.0,0.0,0.0,0.0,0.0,0.0,0.0,0.0,0.0,0.0,66,91,15,4,3,1
29060,1,0,1,2,1,1,1,299178.0,0,0,0,8827234.218398,0,1,1,9,91,0,0,0,0,0,0,0,0,0,0,0,0,0,0,0,0,0,0,0,0,0,0,0,0,0,0,0,0,0,0,0,0,0,0,0,0,0,0,0,0,0,0,0,0,0,0,0,0,0,0,0,0,0,0,0,0,0,0,0,0,0,0,0,0,0,0,0,0,0,0,0,0,0,0,0,0,0,0,0,0,0,0,0,0,0,0,0,0,0,0,0,0,0,0,0,0,0,0,0,0,0,0,0,0,0,0,0,0,0,0,0,0,0,0,0,0,0,0,0,0,0,0,0,0,0,0,0,0,0,0,0,0,0,0,0,0,0,0,0,0,0,0,0,0,0,0,0,0,0,0,0,0,0,0,1015.1425,4,0.0,0.0,0.0,0.0,0.0,0.0,0.0,0.4173762577080776,0.0,0.3633709126403253,0.0,0.3519594854079537,0.0,0.0,0.0,0.3737888684048155,0.38415962867831,0.0,0.0,0.0,0.0,0.531588582957061,0.0,2,88,0,0,6,0
29192,18,8,19,764,10,1,0,151.0,0,0,0,9265070.79077,0,19,1,9,132,0,0,0,0,0,0,0,0,0,0,0,0,0,0,0,0,0,0,0,0,0,0,0,0,0,0,0,0,0,0,0,0,0,0,0,0,0,0,0,0,0,0,0,0,0,0,0,0,0,0,0,0,0,0,0,0,0,0,0,0,0,0,0,0,0,0,0,0,0,0,0,0,0,0,0,0,0,0,0,0,0,0,0,0,0,0,0,0,0,0,0,0,0,0,0,0,0,0,0,0,0,0,0,0,0,0,0,0,0,0,0,0,0,0,0,0,0,0,0,0,0,0,0,0,0,0,0,0,0,0,0,0,0,0,0,0,0,0,0,0,0,0,0,0,0,0,0,0,0,0,0,0,0,0,498.7319444444444,4,0.1528907477756808,0.0,0.0,0.0,0.0,0.0,0.0,0.1563370550031219,0.0,0.1361082172424819,0.0,0.0,0.3337186640768399,0.0,0.0,0.0,0.0,0.0,0.0,0.1430947079055969,0.0,0.3982353667606872,0.802011251887266,56,99,12,4,1,1
29147,5,16,21,507,4,3,0,28251.0,0,0,0,9424156.788569,0,21,1,9,43,0,0,0,0,0,0,0,0,0,0,0,0,0,0,0,0,0,0,0,0,0,0,0,0,0,0,0,0,0,0,0,0,0,0,0,0,0,0,0,0,0,0,0,0,0,0,0,0,0,0,0,0,0,0,0,0,0,0,0,0,0,0,0,0,0,0,0,0,0,0,0,0,0,0,0,0,0,0,0,0,0,0,0,0,0,0,0,0,0,0,0,0,0,0,0,0,0,0,0,0,0,0,0,0,0,0,0,0,0,0,0,0,0,0,0,0,0,0,0,0,0,0,0,0,0,0,0,0,0,0,0,0,0,0,0,0,0,0,0,0,0,0,0,0,0,0,0,0,0,0,0,0,0,0,578.8533333333334,4,0.0,0.0,0.0,0.0,0.0,0.0,0.0,0.6015174606578776,0.0,0.0,0.0,0.5072396237380619,0.0,0.0,0.0,0.0,0.0,0.0,0.0,0.0,0.0,0.0,0.6171585765698862,28,91,5,2,3,1
29225,8,0,8,450,5,0,0,136.0,0,0,0,9731783.400111,0,8,1,9,138,0,0,0,0,0,0,0,0,0,0,0,0,0,0,0,0,0,0,0,0,0,0,0,0,0,0,0,0,0,0,0,0,0,0,0,0,0,0,0,0,0,0,0,0,0,0,0,0,0,0,0,0,0,0,0,0,0,0,0,0,0,0,0,0,0,0,0,0,0,0,0,0,0,0,0,0,0,0,0,0,0,0,0,0,0,0,0,0,0,0,0,0,0,0,0,0,0,0,0,0,0,0,0,0,0,0,0,0,0,0,0,0,0,0,0,0,0,0,0,0,0,0,0,0,0,0,0,0,0,0,0,0,0,0,0,0,0,0,0,0,0,0,0,0,0,0,0,0,0,0,0,0,0,0,280.3666666666667,4,0.2318876027892232,0.0,0.0,0.0,0.0,0.0,0.0,0.2371145765144024,0.0,0.0,0.0,0.3999016369115277,0.0,0.0,0.508382858764251,0.0,0.2182439609003774,0.0,0.0,0.0,0.0,0.6039989069810253,0.2432802106285516,74,93,12,14,5,0
29189,2,0,2,44,1,2,2,138.0,0,0,0,9992995.998349,0,2,1,9,390,0,0,0,0,0,0,0,0,0,0,0,0,0,0,0,0,0,0,0,0,0,0,0,0,0,0,0,0,0,0,0,0,0,0,0,0,0,0,0,0,0,0,0,0,0,0,0,0,0,0,0,0,0,0,0,0,0,0,0,0,0,0,0,0,0,0,0,0,0,0,0,0,0,0,0,0,0,0,0,0,0,0,0,0,0,0,0,0,0,0,0,0,0,0,0,0,0,0,0,0,0,0,0,0,0,0,0,0,0,0,0,0,0,0,0,0,0,0,0,0,0,0,0,0,0,0,0,0,0,0,0,0,0,0,0,0,0,0,0,0,0,0,0,0,0,0,0,0,0,0,0,0,0,0,302.22583333333336,4,0.1053728957232677,0.0,0.0,0.262848391846859,0.0,0.0,0.1075758508033905,0.1077481040167107,0.0,0.0,0.0,0.0,0.0,0.1143480301267124,0.0,0.0,0.2975191151778619,0.0,0.0,0.0,0.172624442195856,0.7547797336339626,0.4421994096751834,54,78,11,0,1,1
29144,6,2,2,721,6,2,0,345.0,0,0,0,10502184.211348,0,2,1,9,15,0,0,0,0,0,0,0,0,0,0,0,0,0,0,0,0,0,0,0,0,0,0,0,0,0,0,0,0,0,0,0,0,0,0,0,0,0,0,0,0,0,0,0,0,0,0,0,0,0,0,0,0,0,0,0,0,0,0,0,0,0,0,0,0,0,0,0,0,0,0,0,0,0,0,0,0,0,0,0,0,0,0,0,0,0,0,0,0,0,0,0,0,0,0,0,0,0,0,0,0,0,0,0,0,0,0,0,0,0,0,0,0,0,0,0,0,0,0,0,0,0,0,0,0,0,0,0,0,0,0,0,0,0,0,0,0,0,0,0,0,0,0,0,0,0,0,0,0,0,0,0,0,0,0,286.1566666666667,4,0.0,0.0,0.0,0.0,0.0,0.0,0.0,0.0,0.0,0.0,0.0,0.0,0.0,0.0,0.0,0.0,0.0,0.0,0.0,0.0,0.0,1.0,0.0,26,72,4,0,3,1
29120,5,0,1,57,1,0,0,266.0,0,0,0,10984217.511666,0,1,1,9,214,0,0,0,0,0,0,0,0,0,0,0,0,0,0,0,0,0,0,0,0,0,0,0,0,0,0,0,0,0,0,0,0,0,0,0,0,0,0,0,0,0,0,0,0,0,0,0,0,0,0,0,0,0,0,0,0,0,0,0,0,0,0,0,0,0,0,0,0,0,0,0,0,0,0,0,0,0,0,0,0,0,0,0,0,0,0,0,0,0,0,0,0,0,0,0,0,0,0,0,0,0,0,0,0,0,0,0,0,0,0,0,0,0,0,0,0,0,0,0,0,0,0,0,0,0,0,0,0,0,0,0,0,0,0,0,0,0,0,0,0,0,0,0,0,0,0,0,0,0,0,0,0,0,0,223.04555555555555,4,0.0,0.0,0.0,0.2867718104572541,0.0,0.0,0.3521009348348015,0.3526647278885899,0.0,0.0,0.0,0.2973904093893597,0.0,0.0,0.3780634349538354,0.0,0.3245981255799542,0.0,0.0,0.0,0.0,0.449169159709021,0.3618349851924252,10,50,2,0,0,1
55295,4,2,1,2,1,3,1,5.0,0,0,0,90199.13301,0,1,0,10,16,0,0,0,0,0,0,0,0,0,0,0,0,0,0,0,0,0,0,0,0,0,0,0,0,0,0,0,0,0,0,0,0,0,0,0,0,0,0,0,0,0,0,0,0,0,0,0,0,0,0,0,0,0,0,0,0,0,0,0,0,0,0,0,0,0,0,1,0,0,0,0,0,0,0,0,0,1,1,0,0,0,0,0,0,0,0,0,0,0,0,0,0,0,0,0,0,0,0,0,0,0,0,0,0,0,0,0,0,0,0,0,0,0,0,0,0,0,0,0,0,0,0,0,0,0,0,0,0,0,0,0,0,0,0,0,0,0,0,0,0,0,0,0,0,0,0,0,0,0,0,0,0,0,3,188.0636111111111,4,0.0,0.0,0.0,0.0,0.0,0.0,0.0,0.0,0.0,0.0,0.0,0.0,0.0,0.7027819653382642,0.0,0.0,0.0,0.0,0.0,0.0,0.0,0.2108577026616046,0.6794383992854371,92,92,71,7,6,0
56302,14,4,3,19,1,6,4,6.0,0,0,0,95490.565916,0,3,0,10,274,0,0,0,0,0,0,0,0,0,0,0,0,0,0,0,0,0,0,0,0,0,0,0,0,0,0,0,0,0,0,0,0,0,0,0,0,0,0,0,0,0,0,0,0,0,0,0,0,0,0,0,0,0,0,0,0,0,0,0,0,0,0,0,0,0,0,1,1,0,0,0,0,0,0,0,0,0,0,0,0,0,0,0,0,0,0,0,0,0,0,0,0,0,0,0,0,0,0,0,0,0,0,0,0,0,0,0,0,0,0,0,0,0,0,0,0,0,0,1,0,0,0,0,0,0,0,0,0,0,0,0,0,0,0,0,0,0,0,0,0,0,0,0,0,0,0,0,0,0,0,0,0,0,3,176.33833333333334,4,0.1138833218295774,0.1208857907002437,0.0,0.0946924342533525,0.0,0.0,0.8138493877225343,0.0,0.1207076704114283,0.2027651265152769,0.0,0.0,0.0,0.1235833316159223,0.1248370504091055,0.2085784650218411,0.1071827339522373,0.1087151833102484,0.1165670719616893,0.1065865718469234,0.1865664293583703,0.296632511100459,0.0,64,73,18,72,2,1
55811,11,0,1,6,1,6,6,5.0,0,0,0,153406.469628,0,1,0,10,9,0,0,0,0,0,0,0,0,0,0,0,0,0,0,0,0,0,0,0,0,0,0,0,0,0,0,0,0,0,0,0,0,0,0,0,0,0,0,0,0,0,0,0,0,0,0,0,0,0,0,0,0,0,0,0,0,0,0,0,0,0,0,0,0,0,0,1,1,1,1,0,0,0,0,0,0,0,0,0,0,0,0,0,0,0,1,1,1,0,0,0,0,0,0,0,0,0,0,0,0,0,0,0,0,0,0,0,0,0,0,0,0,0,0,0,0,0,0,0,0,0,0,0,0,0,0,0,0,0,1,0,0,0,0,1,0,0,0,0,0,0,0,0,0,0,0,0,0,0,0,0,0,0,9,1061.6633333333334,4,0.0,0.0,0.0,0.0,0.0,0.0,0.0,0.0,0.0,0.0,0.0,0.0,0.0,0.0,0.0,0.0,0.0,0.0,0.0,0.0,0.0,0.0,1.0,85,74,43,0,6,0
55898,5,6,1,122,1,5,2,6880.0,0,0,0,177251.57588,0,1,0,10,283,0,0,0,0,0,0,0,0,0,0,0,0,0,0,0,0,0,0,0,0,0,0,0,0,0,0,0,0,0,0,0,0,0,0,0,0,0,0,0,0,0,0,0,0,0,0,0,0,0,0,0,0,0,0,0,0,0,0,0,0,0,0,0,0,0,0,0,0,0,0,0,0,0,0,0,0,0,0,1,0,1,0,0,0,0,0,0,0,0,0,0,0,0,0,0,0,0,0,0,0,0,0,0,0,0,0,0,0,0,0,0,0,0,0,0,0,0,0,0,0,0,0,0,0,0,0,0,0,0,0,0,0,0,0,0,0,0,0,0,0,0,0,0,0,0,0,0,0,0,0,0,0,0,2,889.2497222222222,4,0.1100576391973519,0.116824874118825,0.0,0.0915114311415157,0.0,0.0,0.7865097437971778,0.0,0.2333054748503755,0.0979768186302937,0.0,0.0,0.0,0.1194317965377384,0.1206433991532784,0.2015716882763892,0.2071642883609214,0.1050631139644699,0.1126512341065154,0.1030060089498081,0.0901495514830029,0.3583346682861239,0.0,72,80,43,1,6,0
56285,10,30,3,576,10,6,1,6.0,0,0,0,192124.617956,1,3,0,10,254,0,0,0,0,0,0,0,0,0,0,0,0,0,0,0,0,0,0,0,0,0,0,0,0,0,0,0,0,0,0,0,0,0,0,0,0,0,0,0,0,0,0,0,0,0,0,0,0,0,0,0,0,0,0,0,0,0,0,0,0,0,0,0,0,0,0,1,1,1,1,1,1,0,1,0,1,0,0,0,0,1,0,0,0,0,0,0,0,1,0,0,0,0,0,0,0,0,0,0,0,0,0,0,0,0,0,0,0,0,0,0,0,0,0,0,0,0,0,0,0,0,0,0,0,0,0,0,0,0,1,0,0,0,0,1,0,0,0,0,0,0,0,0,0,0,0,0,0,0,0,0,0,0,12,174.1013888888889,4,0.2214329343356406,0.0,0.0,0.368236950577935,0.0,0.0,0.0,0.0,0.0,0.0,0.0,0.0,0.0,0.0,0.2427311913790274,0.0,0.6252132509273929,0.0,0.0,0.0,0.1813784109808849,0.5767675748922951,0.0,66,79,25,17,1,1
54657,22,2,1,43,4,5,3,6.0,0,0,0,264965.283555,0,1,0,10,2,0,0,0,0,0,0,0,0,0,0,0,0,0,0,0,0,0,0,0,0,0,0,0,0,0,0,0,0,0,0,0,0,0,0,0,0,0,0,0,0,0,0,0,0,0,0,0,0,0,0,0,0,0,0,0,0,0,0,0,0,0,0,0,0,0,1,0,1,0,0,1,0,0,0,0,0,0,0,0,0,0,0,0,0,0,0,0,0,0,1,0,0,0,0,0,0,0,0,0,0,0,0,0,0,0,0,0,0,0,0,0,0,0,0,0,0,0,0,0,0,0,0,0,0,0,0,0,0,0,0,0,0,0,0,0,0,0,0,0,0,0,0,0,0,0,0,0,0,0,0,0,0,0,4,2766.9894444444444,4,0.0,0.0,0.0,0.0,0.0,0.0,0.0,0.0,0.0,0.0,0.0,0.0,0.0,0.0,0.0,0.0,0.0,0.0,0.0,0.0,0.0,0.0,0.0,19,84,28,1,4,1
54630,30,30,1,805,4,8,3,5667.0,0,0,0,258730.554013,0,1,0,10,263,0,0,0,0,0,0,0,0,0,0,0,0,0,0,0,0,0,0,0,0,0,0,0,0,0,0,0,0,0,0,0,0,0,0,0,0,0,0,0,0,0,0,0,0,0,0,0,0,0,0,0,0,0,0,0,0,0,0,0,0,0,0,0,0,0,0,1,1,0,0,0,0,1,0,1,0,0,0,0,0,0,0,0,0,0,0,0,0,0,0,1,0,0,0,0,0,0,0,0,0,0,0,0,0,0,0,0,0,0,0,0,0,0,0,0,0,0,0,0,0,0,0,0,0,0,0,0,0,0,0,0,0,0,0,0,0,0,0,0,0,0,0,0,0,0,0,0,0,0,0,0,0,0,5,2069.3069444444445,4,0.0,0.0,0.0,0.1908770781933758,0.0,0.0,0.0,0.0,0.24331751132321,0.2043627625264896,0.0,0.0,0.0,0.0,0.0,0.0,0.0,0.0,0.0,0.0,0.56410929562151,0.1494848755934667,0.722518764848769,17,65,25,0,3,1
56087,5,0,1,93,3,2,1,5.0,0,0,0,442493.581665,0,1,0,10,32,0,0,0,0,0,0,0,0,0,0,0,0,0,0,0,0,0,0,0,0,0,0,0,0,0,0,0,0,0,0,0,0,0,0,0,0,0,0,0,0,0,0,0,0,0,0,0,0,0,0,0,0,0,0,0,0,0,0,0,0,0,0,0,0,0,0,1,1,0,0,0,0,1,0,0,0,0,0,0,0,0,0,0,0,0,0,0,0,0,0,0,0,0,0,0,0,0,0,0,0,0,0,0,0,0,0,0,0,0,0,0,0,0,0,0,0,0,0,0,0,0,0,0,0,0,0,0,0,0,0,0,0,0,0,0,0,0,0,0,0,0,0,0,0,0,0,0,0,0,0,0,0,0,3,377.575,4,0.0,0.0,0.0,0.4282237896960537,0.0,0.0,0.0,0.0,0.5458714466106775,0.0,0.5836870225843518,0.0,0.0,0.0,0.0,0.0,0.0,0.0,0.0,0.0,0.4218509326529108,0.0,0.0,90,94,53,8,4,1
56060,13,30,5,383,18,5,3,6.0,0,0,0,530816.368723,1,5,0,10,142,0,0,0,0,0,0,0,0,0,0,0,0,0,0,0,0,0,0,0,0,0,0,0,0,0,0,0,0,0,0,0,0,0,0,0,0,0,0,0,0,0,0,0,0,0,0,0,0,0,0,0,0,0,0,0,0,0,0,0,0,0,0,0,0,0,1,1,1,0,0,0,0,0,0,0,0,0,0,0,0,1,0,0,0,0,0,0,0,0,0,0,0,0,0,0,1,0,0,0,0,0,0,0,0,0,0,0,0,0,0,0,0,0,0,0,0,0,0,0,0,0,0,0,0,0,0,0,0,0,0,0,0,0,0,0,0,0,0,0,0,0,0,0,0,0,0,0,0,0,0,0,0,0,5,449.45166666666665,4,0.0,0.0,0.0,0.3641059677938117,0.0,0.0,0.0,0.0,0.0,0.0,0.0,0.0,0.0,0.0,0.0,0.0,0.4121329585006874,0.0,0.0,0.0,0.7173746335173573,0.4277229289157175,0.0,78,93,43,8,3,1
56162,12,0,1,3,1,4,4,4.0,0,0,0,534416.852346,0,1,0,10,117,0,0,0,0,0,0,0,0,0,0,0,0,0,0,0,0,0,0,0,0,0,0,0,0,0,0,0,0,0,0,0,0,0,0,0,0,0,0,0,0,0,0,0,0,0,0,0,0,0,0,0,0,0,0,0,0,0,0,0,0,0,0,0,0,0,0,1,1,0,0,0,0,0,0,0,0,0,0,0,0,0,0,0,0,0,1,0,0,0,0,0,0,0,0,0,0,0,0,0,0,0,0,0,0,0,0,0,0,0,0,0,0,0,0,0,0,0,0,0,0,0,0,0,0,0,0,0,0,0,0,0,0,0,0,0,0,0,0,0,0,0,0,0,0,0,0,0,0,0,0,0,0,0,3,327.9086111111111,4,0.0,0.0,0.0,0.0,0.0,0.0,0.0,0.0,0.0,0.0,0.0,0.5544628070241898,0.0,0.0,0.2349572669005858,0.0,0.4034597444560168,0.0,0.0,0.0,0.0,0.1395738762122698,0.6746150354387533,90,92,44,0,5,0
55844,16,30,1,357,20,6,6,5.0,0,0,0,547335.308111,0,1,0,10,45,0,0,0,0,0,0,0,0,0,0,0,0,0,0,0,0,0,0,0,0,0,0,0,0,0,0,0,0,0,0,0,0,0,0,0,0,0,0,0,0,0,0,0,0,0,0,0,0,0,0,0,0,0,0,0,0,0,0,0,0,0,0,0,0,0,0,1,1,0,0,0,0,0,1,0,0,0,0,0,0,1,0,0,0,0,0,0,0,0,0,0,0,0,0,0,0,0,0,0,0,0,0,0,0,0,0,0,0,0,0,0,0,0,0,0,0,0,0,0,0,0,0,0,0,0,0,0,0,0,0,0,0,0,0,0,0,0,0,0,0,0,0,0,0,0,0,0,0,0,0,0,0,0,4,874.6786111111111,4,0.4896991021364216,0.0,0.0,0.0,0.0,0.0,0.0,0.0,0.0,0.8718915009144099,0.0,0.0,0.0,0.0,0.0,0.0,0.0,0.0,0.0,0.0,0.0,0.0,0.0,79,94,41,2,3,1
56067,4,0,1,11,1,2,2,8092.0,0,0,0,573185.442283,0,1,0,10,24,0,0,0,0,0,0,0,0,0,0,0,0,0,0,0,0,0,0,0,0,0,0,0,0,0,0,0,0,0,0,0,0,0,0,0,0,0,0,0,0,0,0,0,0,0,0,0,0,0,0,0,0,0,0,0,0,0,0,0,0,0,0,0,0,0,0,1,1,0,0,0,0,0,0,0,0,0,0,0,0,0,0,0,0,0,0,0,0,0,0,0,0,0,0,0,0,1,0,0,0,0,1,0,0,0,0,0,0,0,0,0,0,0,0,0,0,0,0,0,0,0,0,0,0,0,0,0,0,0,0,0,0,0,0,0,0,0,0,0,0,0,0,0,0,0,0,0,0,0,0,0,0,0,4,507.37388888888887,4,0.0,0.0,0.0,0.5664335015215769,0.0,0.0,0.0,0.0,0.0,0.6064526775772875,0.0,0.0,0.0,0.0,0.0,0.0,0.0,0.0,0.0,0.0,0.558003797669285,0.0,0.0,79,94,44,14,4,1
56048,4,0,1,2,1,1,1,4507.0,0,0,0,573625.331584,0,1,0,10,270,0,0,0,0,0,0,0,0,0,0,0,0,0,0,0,0,0,0,0,0,0,0,0,0,0,0,0,0,0,0,0,0,0,0,0,0,0,0,0,0,0,0,0,0,0,0,0,0,0,0,0,0,0,0,0,0,0,0,0,0,0,0,0,0,0,1,0,1,0,0,0,0,0,0,0,0,0,0,0,0,0,0,0,0,0,0,0,0,0,0,0,0,0,0,0,0,0,0,0,0,0,0,0,0,0,0,0,0,0,0,0,0,0,0,0,0,0,0,0,0,0,0,0,0,0,0,0,0,0,0,0,0,0,0,0,0,0,0,0,0,0,0,0,0,0,0,0,0,0,0,0,0,0,2,526.3827777777777,4,0.1151095708357846,0.1221874394257048,0.0,0.0957120436354206,0.0,0.0,0.822612584886651,0.0,0.1220074012105097,0.1024742092110947,0.0,0.0992560733038744,0.0,0.1249140263580776,0.1261812446821799,0.2108243525788621,0.1083368337701912,0.1098857839157816,0.1178222184910768,0.1077342524352884,0.1885753003231169,0.2998265285922392,0.0,74,95,39,7,3,1
56050,8,0,1,21,1,1,1,661.0,0,0,0,573897.471682,0,1,0,10,259,0,0,0,0,0,0,0,0,0,0,0,0,0,0,0,0,0,0,0,0,0,0,0,0,0,0,0,0,0,0,0,0,0,0,0,0,0,0,0,0,0,0,0,0,0,0,0,0,0,0,0,0,0,0,0,0,0,0,0,0,0,0,0,0,0,1,1,1,0,0,0,0,0,0,0,0,0,0,0,0,0,0,0,0,0,0,0,0,0,0,0,0,0,0,0,0,0,0,0,0,0,0,0,0,0,0,0,0,0,0,0,0,0,0,0,0,0,0,0,0,0,0,0,0,0,0,0,0,0,0,0,0,0,0,0,0,0,0,0,0,0,0,0,0,0,0,0,0,0,0,0,0,0,3,516.7369444444445,4,0.1172709896240515,0.1244817597445748,0.0,0.0975092339808885,0.0,0.0,0.8380588269630403,0.0,0.1242983409418394,0.1043983731141783,0.0,0.0,0.0,0.1272595439508205,0.1285505569035941,0.2147830131261961,0.1103710804993906,0.1119491153676714,0.1200345728146387,0.1097571844613813,0.096058094591861,0.3054563879289977,0.0,75,94,40,8,3,1
54181,30,30,31,888,8,5,1,5.0,0,0,0,616388.762699,2,31,0,10,480,0,0,0,0,0,0,0,0,0,0,0,0,0,0,0,0,0,0,0,0,0,0,0,0,0,0,0,0,0,0,0,0,0,0,0,0,0,0,0,0,0,0,0,0,0,0,0,0,0,0,0,0,0,0,0,0,0,0,0,0,0,0,0,0,0,0,1,0,0,0,0,0,1,1,0,0,0,0,0,0,1,0,0,0,0,1,0,0,0,0,0,0,0,0,0,0,0,0,0,1,0,0,0,0,0,0,0,0,0,0,0,0,0,0,0,0,0,0,0,0,0,0,0,0,0,0,0,0,0,0,0,0,0,0,0,0,0,0,0,0,0,0,0,0,0,0,0,0,0,0,0,0,0,6,2574.992777777778,4,0.0913459323225683,0.0969626199751114,0.0,0.0759529011957527,0.0,0.2039336175102826,0.7460450864204069,0.0,0.290459248511845,0.081319060712677,0.0,0.0,0.0,0.1982526407664667,0.1001319295470144,0.1673010063610734,0.0859713837325573,0.0872005629758018,0.0934985711286741,0.0854932014803152,0.0748225646918512,0.416376186474065,0.0,5,76,4,0,4,1
55270,30,6,1,86,2,5,5,4.0,0,2,0,642068.114289,2,1,0,10,351,0,0,0,0,0,0,0,0,0,0,0,0,0,0,0,0,0,0,0,0,0,0,0,0,0,0,0,0,0,0,0,0,0,0,0,0,0,0,0,0,0,0,0,0,0,0,0,0,0,0,0,0,0,0,0,0,0,0,0,0,0,0,0,0,0,0,1,1,0,0,0,0,0,0,0,0,0,0,0,0,0,0,0,0,0,0,0,0,0,0,0,0,0,0,0,0,0,0,0,0,0,1,1,0,0,0,0,0,0,0,0,0,0,0,0,0,0,0,0,0,0,0,0,0,0,0,0,0,0,0,0,0,0,0,0,0,0,0,0,0,0,0,0,0,0,0,0,0,0,0,0,0,0,4,1806.4791666666667,4,0.1135431309156683,0.1205246820940294,0.0,0.0944095701321502,0.0,0.0,0.8114182664437929,0.0,0.1203470938840369,0.2021594289241814,0.1286842119000825,0.0,0.123916791943069,0.1232141649473449,0.1244641386465567,0.2079554018946195,0.1068625589552957,0.1083904305986842,0.1162188641810831,0.1062681776983816,0.0930045601620507,0.2957464139667856,0.0,95,97,65,3,5,0
55604,20,6,5,391,19,4,2,5.0,0,0,0,650584.039698,0,5,0,10,758,0,0,0,0,0,0,0,0,0,0,0,0,0,0,0,0,0,0,0,0,0,0,0,0,0,0,0,0,0,0,0,0,0,0,0,0,0,0,0,0,0,0,0,0,0,0,0,0,0,0,0,0,0,0,0,0,0,0,0,0,0,0,0,0,0,0,0,1,0,0,0,0,1,1,1,0,0,0,0,0,1,0,0,0,0,1,0,0,0,0,0,0,0,0,0,0,0,0,0,0,0,0,0,0,0,0,0,0,0,0,0,0,0,0,0,0,0,0,0,0,0,0,0,0,0,0,0,0,0,0,0,0,0,0,0,0,0,0,0,0,0,0,0,0,0,0,0,0,0,0,0,0,0,6,665.9977777777777,4,0.1057666174972628,0.2245400113105269,0.0,0.0879435049194174,0.0,0.0,0.7558446268404764,0.0,0.1121045803747835,0.0941568143315062,0.0,0.0,0.0,0.1147752871453727,0.115939650758213,0.1937126382838067,0.0995435946380422,0.1009668231009882,0.3247772733060342,0.0989899222622623,0.0866347233939394,0.3443636086784143,0.1109629176924647,89,68,55,15,2,1
56001,15,8,5,77,2,5,3,17435.0,0,0,0,717178.255035,1,5,0,10,39,0,0,0,0,0,0,0,0,0,0,0,0,0,0,0,0,0,0,0,0,0,0,0,0,0,0,0,0,0,0,0,0,0,0,0,0,0,0,0,0,0,0,0,0,0,0,0,0,0,0,0,0,0,0,0,0,0,0,0,0,0,0,0,0,0,0,1,1,0,0,0,0,0,0,0,0,0,0,0,0,0,0,0,0,0,0,0,0,0,0,0,0,0,0,0,0,0,0,0,0,0,0,0,0,0,0,0,0,0,0,0,0,0,0,0,0,0,0,0,0,0,0,0,0,0,0,0,0,0,0,0,0,0,0,0,0,0,0,0,0,0,0,0,0,0,0,0,0,0,0,0,0,0,2,284.31055555555554,4,0.4273700909876695,0.0,0.0,0.0,0.0,0.0,0.0,0.0,0.0,0.3804584779219807,0.0,0.0,0.0,0.0,0.0,0.0,0.4022247860843314,0.0,0.0,0.0,0.0,0.5565866064594337,0.4483667281097765,66,82,37,7,1,1
56205,3,0,1,1895,2,1,1,157.0,0,0,0,809443.363615,0,1,0,10,9,0,0,0,0,0,0,0,0,0,0,0,0,0,0,0,0,0,0,1,0,0,0,0,0,0,0,0,0,0,0,0,0,0,0,0,0,0,0,0,0,0,0,0,0,0,0,0,0,0,0,0,0,0,0,0,0,0,0,0,0,0,0,0,0,0,0,1,0,0,0,0,0,0,0,0,0,0,0,0,0,0,0,0,0,0,0,0,0,0,0,0,1,0,0,0,0,0,0,0,0,0,0,0,0,0,0,0,0,0,0,0,0,0,0,0,0,0,0,0,0,0,0,0,0,0,0,0,0,0,0,0,0,0,0,0,0,0,0,0,0,0,0,0,0,0,0,0,0,0,0,0,0,0,3,170.0911111111111,4,0.0,0.0,0.0,0.0,0.0,0.0,0.0,0.0,0.0,0.0,0.0,0.0,0.0,0.0,0.0,0.0,0.0,0.0,0.0,0.0,0.0,1.0,0.0,94,97,48,41,1,1
56213,4,19,5,58,5,8,6,5104.0,0,0,0,787949.110747,0,5,0,10,4,0,0,0,0,0,0,0,0,0,0,0,0,0,0,0,0,0,0,0,0,0,0,0,0,0,0,0,0,0,0,0,0,0,0,0,0,0,0,0,0,0,0,0,0,0,0,0,0,0,0,0,0,0,0,0,0,0,0,0,0,0,0,0,0,0,0,1,1,0,0,0,0,1,0,0,0,0,0,0,0,1,0,0,0,0,1,0,0,0,0,0,0,0,0,0,0,0,0,0,1,0,0,0,0,0,0,0,0,0,0,0,0,0,0,0,0,0,0,0,0,0,0,0,0,0,0,0,0,0,0,0,0,0,0,0,0,0,0,0,0,0,0,0,0,0,0,0,0,0,0,0,0,0,6,168.61527777777778,4,0.0,0.0,0.0,0.0,0.0,1.0,0.0,0.0,0.0,0.0,0.0,0.0,0.0,0.0,0.0,0.0,0.0,0.0,0.0,0.0,0.0,0.0,0.0,92,96,47,10,1,1
56051,6,0,1,2,1,1,2,6818.0,0,0,0,810223.433213,0,1,0,10,271,0,0,0,0,0,0,0,0,0,0,0,0,0,0,0,0,0,0,0,0,0,0,0,0,0,0,0,0,0,0,0,0,0,0,0,0,0,0,0,0,0,0,0,0,0,0,0,0,0,0,0,0,0,0,0,0,0,0,0,0,0,0,0,0,0,1,0,1,0,0,0,0,0,0,0,0,0,0,0,0,0,0,0,0,0,0,0,0,0,0,0,0,0,0,0,0,0,0,0,0,0,0,0,0,0,0,0,0,0,0,0,0,0,0,0,0,0,0,0,0,0,0,0,0,0,0,0,0,0,0,0,0,0,0,0,0,0,0,0,0,0,0,0,0,0,0,0,0,0,0,0,0,0,2,458.9161111111111,4,0.1142118543619546,0.1212345240732182,0.0,0.0949656045887663,0.0,0.0,0.8161971941969737,0.0,0.1210558899399819,0.1016750333903218,0.0,0.0984819950800951,0.1246466120871203,0.123939846900541,0.1251971824428969,0.2091801757044249,0.107491936515411,0.1090288067092411,0.1169033466218251,0.1068940545915757,0.1871046393482879,0.2974882415840068,0.0,76,93,41,9,3,1
55096,13,10,3,250,2,5,4,8196.0,0,0,0,837488.244745,1,3,0,10,3,0,0,0,0,0,0,0,0,0,0,0,0,0,0,0,0,0,0,0,0,0,0,0,0,0,0,0,0,0,0,0,0,0,0,0,0,0,0,0,0,0,0,0,0,0,0,0,0,0,0,0,0,0,0,0,0,0,0,0,0,0,0,0,0,0,1,0,1,1,1,0,0,1,0,0,0,0,0,0,0,1,0,0,0,0,0,0,0,0,0,0,0,0,0,0,0,0,0,0,0,1,1,0,0,0,0,1,0,0,0,0,0,0,0,0,0,1,0,0,0,0,0,0,0,0,0,0,0,0,1,0,0,0,0,1,0,0,0,0,0,0,0,0,0,0,0,0,0,0,0,0,0,0,12,1895.1466666666668,4,0.0,0.0,0.0,0.0,0.0,0.0,0.0,0.0,0.0,1.0,0.0,0.0,0.0,0.0,0.0,0.0,0.0,0.0,0.0,0.0,0.0,0.0,0.0,48,86,53,0,1,1
56023,6,0,1,26,2,2,2,7040.0,0,0,0,840865.925709,0,1,0,10,296,0,0,0,0,0,0,0,0,0,0,0,0,0,0,0,0,0,0,0,0,0,0,0,0,0,0,0,0,0,0,0,0,0,0,0,0,0,0,0,0,0,0,0,0,0,0,0,0,0,0,0,0,0,0,0,0,0,0,0,0,0,0,0,0,0,0,1,1,0,0,0,0,0,0,0,0,0,0,0,0,0,0,0,0,0,0,0,0,0,0,0,0,0,0,0,0,0,0,0,0,0,0,0,0,0,0,0,0,1,0,0,0,0,0,0,0,0,0,0,0,0,0,0,0,0,0,0,0,0,0,0,0,0,0,0,0,0,0,0,0,0,0,0,0,0,0,0,0,0,0,0,0,0,3,208.20805555555555,4,0.2134658498869798,0.1132957295085903,0.0,0.0887469764273641,0.0,0.0,0.7627501922106238,0.0,0.1131287928657911,0.095017052022325,0.0,0.0,0.11648438392562,0.1158238998100852,0.1169989013090168,0.1954824402235047,0.2009060943143485,0.1018892785533138,0.1092481703439221,0.0998943163068761,0.0874262375814812,0.3475097915397903,0.2239533993963076,70,83,38,0,2,1
56199,6,18,7,48,1,3,2,6.0,0,0,0,858006.809943,0,7,0,10,31,0,0,0,0,0,0,0,0,0,0,0,0,0,0,0,0,0,0,0,0,0,0,0,0,0,0,0,0,0,0,0,0,0,0,0,0,0,0,0,0,0,0,0,0,0,0,0,0,0,0,0,0,0,0,0,0,0,0,0,0,0,0,0,0,0,0,1,0,0,0,0,0,0,0,0,0,0,0,0,1,1,0,0,0,0,0,0,0,0,0,0,0,0,0,0,0,0,0,0,0,0,0,0,0,0,0,0,0,0,0,0,0,0,0,0,0,0,0,0,0,0,0,0,0,0,0,0,0,0,0,0,0,0,0,0,0,0,0,0,0,0,0,0,0,0,0,0,0,0,0,0,0,0,3,173.61333333333334,4,0.0,0.0,0.6477262290707976,0.0,0.0,0.0,0.0,0.0,0.0,0.0,0.0,0.0,0.0,0.0,0.0,0.0,0.0,0.0,0.0,0.0,0.0,0.7618731732865546,0.0,93,91,49,31,0,1
55780,9,0,1,34,1,5,8,14686.0,0,0,0,910690.652451,0,1,0,10,19,0,0,0,0,0,0,0,0,0,0,0,0,0,0,0,0,0,0,0,0,0,0,0,0,0,0,0,0,0,0,0,0,0,0,0,0,0,0,0,0,0,0,0,0,0,0,0,0,0,0,0,0,0,0,0,0,0,0,0,0,0,0,0,0,0,0,1,0,0,0,0,0,0,0,0,0,0,0,1,0,0,0,0,0,0,0,0,0,0,0,0,0,0,0,0,0,0,0,0,0,0,0,0,0,0,1,0,0,0,0,0,0,0,0,0,0,0,0,0,0,0,0,0,0,0,0,0,0,0,0,0,0,0,0,0,0,0,0,0,0,0,0,0,0,0,0,0,0,0,0,0,0,0,3,896.2547222222222,4,0.0,0.0,0.0,0.0,0.0,0.0,0.0,0.0,0.0,0.6139777425726712,0.0,0.0,0.0,0.0,0.0,0.0,0.6491038588906828,0.0,0.0,0.0,0.0,0.4491052348821946,0.0,92,93,43,0,4,1
55275,16,19,15,214,5,6,4,5.0,0,2,0,945444.80027,2,15,0,10,37,0,0,0,0,0,0,0,0,0,0,0,0,0,0,0,0,0,0,0,1,0,0,0,0,0,0,0,0,0,0,0,0,0,0,0,0,0,0,0,0,0,0,0,0,0,0,0,0,0,0,0,0,0,0,0,0,0,0,0,0,0,0,0,0,0,0,1,1,0,0,0,0,0,0,0,0,0,0,0,0,1,0,0,0,0,1,0,0,0,0,0,0,0,0,0,0,0,0,0,0,0,0,0,1,0,0,0,0,0,0,0,0,0,0,0,0,0,0,0,0,0,0,0,0,0,0,0,0,0,0,0,0,0,0,0,0,0,0,0,0,0,0,0,0,0,0,0,0,0,0,0,0,0,6,1418.7969444444443,4,0.0,0.0,0.0,0.5585512726307952,0.0,0.0,0.0,0.0,0.0,0.0,0.0,0.0,0.0,0.0,0.0,0.0,0.0,0.0,0.0,0.0,0.0,0.4374279420664588,0.7047533407810296,96,77,66,2,5,0
55562,1,1,2,3,1,6,5,4295831.0,0,0,0,951277.34073,0,2,0,10,301,0,0,0,0,0,0,0,0,0,0,0,0,0,0,0,0,0,0,0,0,0,0,0,0,0,0,0,0,0,0,0,0,0,0,0,0,0,0,0,0,0,0,0,0,0,0,0,0,0,0,0,0,0,0,0,0,0,0,0,0,0,0,0,0,0,0,1,0,0,0,0,0,0,0,0,0,1,0,1,0,1,0,0,0,0,0,0,0,0,0,0,0,0,0,0,0,0,0,0,0,0,0,0,0,0,0,0,0,0,0,0,0,0,0,0,0,0,0,0,0,0,0,0,0,0,0,0,0,0,0,0,0,0,0,0,0,0,0,0,0,0,0,0,0,0,0,0,0,0,0,0,0,0,4,1193.286111111111,4,0.1000044964700442,0.1061535827647528,0.0,0.0831523796012934,0.0,0.0,0.7146665281105969,0.0,0.2119943395685499,0.0890271905186852,0.0,0.0,0.0,0.1085223775684684,0.1096233071393054,0.1831592548750767,0.0941205012900525,0.1909323857247429,0.1023611811566299,0.1871939855068649,0.3276595997808739,0.3907233881924994,0.0,86,92,58,0,6,0
55432,2,7,2,166,1,3,2,4217697.0,0,1,0,1045226.48615,0,2,0,10,27,0,0,0,0,0,0,0,0,0,0,0,0,0,0,0,0,0,0,0,0,0,0,0,0,0,0,0,0,0,0,0,0,0,0,0,0,0,0,0,0,0,0,0,0,0,0,0,0,0,0,0,0,0,0,0,0,0,0,0,0,0,0,0,0,0,0,0,0,0,0,0,0,0,0,0,0,0,0,1,0,1,0,0,0,0,0,0,0,0,0,0,0,0,0,0,0,0,0,0,0,0,0,0,0,0,0,0,0,0,0,0,0,0,0,0,0,0,0,0,0,0,0,0,0,0,0,0,0,0,0,0,0,0,0,0,0,0,0,0,0,0,0,0,0,0,0,0,0,0,0,0,0,0,2,1392.3252777777775,4,0.4936119417929164,0.0,0.0,0.0,0.0,0.0,0.0,0.0,0.523191162883781,0.0,0.0,0.0,0.0,0.0,0.0,0.0,0.4645691448306231,0.0,0.0,0.0,0.4043235479501023,0.3214284309828991,0.0,77,94,51,2,3,1
55335,2,7,3,147,1,3,1,4930563.0,0,0,0,1045245.606403,0,3,0,10,28,0,0,0,0,0,0,0,0,0,0,0,0,0,0,0,0,0,0,0,0,0,0,0,0,0,0,0,0,0,0,0,0,0,0,0,0,0,0,0,0,0,0,0,0,0,0,0,0,0,0,0,0,0,0,0,0,0,0,0,0,0,0,0,0,0,0,0,0,0,0,0,0,0,0,0,0,0,0,1,0,1,0,0,0,0,0,0,0,0,0,0,0,0,0,0,0,0,0,0,0,0,0,0,0,0,0,0,0,0,0,0,0,0,0,0,0,0,0,0,0,0,0,0,0,0,0,0,0,0,0,0,0,0,0,0,0,0,0,0,0,0,0,0,0,0,0,0,0,0,0,0,0,0,2,1590.325833333333,4,0.4936119417929164,0.0,0.0,0.0,0.0,0.0,0.0,0.0,0.523191162883781,0.0,0.0,0.0,0.0,0.0,0.0,0.0,0.4645691448306231,0.0,0.0,0.0,0.4043235479501023,0.3214284309828991,0.0,100,93,67,1,2,1
55620,11,2,2,76,5,5,5,5.0,0,0,0,1145839.896089,0,2,0,10,31,0,0,0,0,0,0,0,0,0,0,0,0,0,0,0,0,0,0,0,0,0,0,0,0,0,0,0,0,0,0,0,0,0,0,0,0,0,0,0,0,0,0,0,0,0,0,0,0,0,0,0,0,0,0,0,0,0,0,0,0,0,0,0,0,0,0,0,1,0,0,0,0,0,0,0,0,0,0,0,0,1,0,0,0,0,1,0,0,0,0,0,0,0,0,0,0,0,0,0,0,0,0,0,0,0,0,0,0,0,0,0,0,0,0,0,0,0,0,0,0,0,0,0,0,0,0,0,0,0,0,0,0,0,0,0,0,0,0,0,0,0,0,0,0,0,0,0,0,0,0,0,0,0,3,1035.2166666666667,4,0.0,0.0,0.0,0.0,0.0,0.0,0.0,0.0,0.0,0.0,0.0,0.0,0.0,0.0,0.0,0.0,0.0,0.0,0.0,0.0,0.0,0.0,0.0,92,90,64,0,3,1
56068,19,4,1,59,3,4,4,30877.0,0,1,0,1160643.900422,0,1,0,10,380,0,0,0,0,0,0,0,0,0,0,0,0,0,0,0,0,0,0,0,0,0,0,0,0,0,0,0,0,0,0,0,0,0,0,0,0,0,0,0,0,0,0,0,0,0,0,0,0,0,0,0,0,0,0,0,0,0,0,0,0,0,0,0,0,0,0,0,1,0,0,0,0,1,0,0,0,0,0,0,0,0,0,0,0,0,1,0,0,0,0,0,0,0,0,0,0,0,0,0,0,0,0,0,0,0,0,0,0,0,0,0,0,0,0,0,0,0,0,0,0,0,0,0,0,0,0,0,0,0,0,0,0,0,0,0,0,0,0,0,0,0,0,0,0,0,0,0,0,0,0,0,0,0,3,340.2972222222222,4,0.0956123350609602,0.1014913557038425,0.0,0.0795003570858088,0.0,0.0,0.7808898651504327,0.0,0.1013418123250423,0.1702342968540065,0.0,0.0,0.0,0.1037561138943041,0.104808691035542,0.175114966474306,0.1799735256533322,0.091273352110577,0.0978655150062675,0.0894862465961226,0.1566344541796341,0.4358234509225905,0.0,80,89,44,0,4,1
55257,3,0,1,342,1,1,1,675805.0,0,0,0,1211250.058202,0,1,0,10,152,0,0,0,0,0,0,0,0,0,0,0,0,0,0,0,0,0,0,0,0,0,0,0,0,0,0,0,0,0,0,0,0,0,0,0,0,0,0,0,0,0,0,0,0,0,0,0,0,0,0,0,0,0,0,0,0,0,0,0,0,0,0,0,0,0,0,0,0,0,0,0,0,0,0,0,0,0,0,1,0,0,0,0,0,0,0,0,0,0,0,0,0,0,0,0,0,0,0,0,0,0,0,0,0,0,0,0,0,0,0,0,0,0,0,0,0,0,0,0,0,0,0,0,0,0,0,0,0,0,0,0,0,0,0,0,0,0,0,0,0,0,0,0,0,0,0,0,0,0,0,0,0,0,1,1678.3691666666666,4,0.4118183611464557,0.0,0.0,0.0,0.0,0.0,0.0,0.0,0.4364961805472248,0.0,0.0,0.0,0.4494433944614696,0.0,0.0,0.0,0.3875880781336947,0.0,0.0,0.0,0.0,0.5363327685811419,0.0,93,90,63,0,3,1
55985,7,7,1,667,4,4,2,5063.0,0,0,0,1228983.383697,1,1,0,10,273,0,0,0,0,0,0,0,0,0,0,0,0,0,0,0,0,0,0,0,0,0,0,0,0,0,0,0,0,0,0,0,0,0,0,0,0,0,0,0,0,0,0,0,0,0,0,0,0,0,0,0,0,0,0,0,0,0,0,0,0,0,0,0,0,0,0,1,0,0,0,0,0,0,0,0,0,0,0,0,0,0,0,0,0,0,1,0,0,0,0,0,0,0,0,0,0,0,0,0,1,0,0,0,0,0,0,0,0,0,0,0,0,0,0,0,0,0,0,0,0,0,0,0,0,0,0,0,0,0,0,0,0,0,0,0,0,0,0,0,0,0,0,0,0,0,0,0,0,0,0,0,0,0,3,428.39722222222224,4,0.2209871286871748,0.1172876034732397,0.0,0.0918738969757232,0.0,0.0,0.7896250148277113,0.0,0.117114784966746,0.1967297861821996,0.0,0.0,0.0,0.1199048516000728,0.1211212532286682,0.2023700896261696,0.1039924206653877,0.105479256393591,0.1130974321719985,0.1034140034319908,0.0905066230747606,0.3597539890512529,0.0,63,88,41,5,6,0
56112,10,6,2,102,5,6,5,7.0,0,0,0,1229290.626654,0,2,0,10,768,0,0,0,0,0,0,0,0,0,0,0,0,0,0,0,0,0,0,0,0,0,0,0,0,0,0,0,0,0,0,0,0,0,0,0,0,0,0,0,0,0,0,0,0,0,0,0,0,0,0,0,0,0,0,0,0,0,0,0,0,0,0,0,0,0,0,1,1,0,0,0,0,0,0,0,0,0,0,0,0,1,0,0,0,0,0,0,0,0,0,0,0,0,0,0,0,0,0,0,0,0,0,0,0,0,0,0,0,0,0,0,0,0,1,0,0,0,0,0,0,0,0,0,0,0,0,0,0,0,0,0,0,0,0,0,0,0,0,0,0,0,0,0,0,0,0,0,0,0,0,0,0,0,4,240.70888888888888,4,0.0593974215437839,0.1260993120594268,0.0,0.1975525948486216,0.0,0.0663036149405763,0.4244744039697562,0.0,0.0629567549296199,0.1586324340630352,0.0,0.0,0.1296483172172267,0.0644565958021582,0.1302209803561673,0.1087869831404939,0.1677079117951095,0.0567019074219827,0.0607971685423285,0.3335502040433596,0.048653150753281,0.6575293519284117,0.3115780457892632,90,87,54,0,0,1
55915,13,0,1,6,1,8,9,5.0,0,0,0,1238779.559507,0,1,0,10,275,0,0,0,0,0,0,0,0,0,0,0,0,0,0,0,0,0,0,0,0,0,0,0,0,0,0,0,0,0,0,0,0,0,0,0,0,0,0,0,0,0,0,0,0,0,0,0,0,0,0,0,0,0,0,0,0,0,0,0,0,0,0,0,0,0,0,0,1,0,0,0,0,0,0,0,0,0,0,0,0,0,0,0,0,0,1,0,0,0,0,0,0,0,0,0,0,0,0,0,0,0,0,0,0,0,0,0,0,0,0,0,0,1,1,0,0,0,0,0,0,0,0,0,0,0,0,0,0,0,0,0,0,0,0,0,0,0,0,0,0,0,0,0,0,0,0,0,0,0,0,0,0,0,4,561.6816666666666,4,0.1137499089093827,0.2414883489466344,0.0,0.0945815032234956,0.0,0.0,0.8128959731077307,0.0,0.120566262850244,0.1012637948233872,0.0,0.0,0.1241424618309686,0.1234385552527693,0.1246908053297032,0.2083341178983007,0.1070571706888789,0.1085878248011893,0.1164305150610027,0.106461706980188,0.0931739345328427,0.2962850097377063,0.0,68,87,40,0,1,1
55618,13,4,4,597,5,5,4,5185.0,0,0,0,1376834.375461,0,4,0,10,15,0,0,0,0,0,0,0,0,0,0,0,0,0,0,0,0,0,0,1,0,0,0,0,0,0,0,0,0,0,0,0,0,0,0,0,0,0,0,0,0,0,0,0,0,0,0,0,0,0,0,0,0,0,0,0,0,0,0,0,0,0,0,0,0,0,0,1,1,0,0,0,0,0,0,0,0,0,0,0,0,1,0,0,0,0,0,0,0,0,0,0,1,0,0,0,0,0,0,0,0,0,0,0,0,0,0,0,0,0,0,0,0,0,0,0,1,0,0,0,0,0,0,0,0,0,0,0,0,0,0,0,0,0,0,0,0,0,0,0,0,0,0,0,0,0,0,0,0,0,0,0,0,0,6,975.5197222222222,4,0.0,0.0,0.0,0.0,0.0,0.0,0.0,0.0,0.0,0.0,0.0,0.0,0.0,0.0,0.0,0.0,0.6677666343570988,0.0,0.0,0.0,0.0,0.0,0.7443706885949989,91,87,62,4,3,1
56019,3,0,1,3,1,0,0,37595.0,0,0,0,1378210.550513,0,1,0,10,288,0,1,0,0,0,0,0,0,0,0,0,0,0,0,0,0,0,0,0,0,0,0,0,0,0,0,0,0,0,0,0,0,0,0,0,0,0,0,0,0,0,0,0,0,0,0,0,0,0,0,0,0,0,0,0,0,0,0,0,0,0,0,0,0,0,0,0,1,0,0,0,0,0,0,0,0,0,0,0,0,0,0,1,0,0,0,0,0,0,0,0,0,0,0,0,0,0,0,0,0,0,0,0,0,0,0,0,0,0,0,0,0,0,0,0,0,1,0,0,0,0,0,0,0,0,0,0,0,0,0,0,0,0,0,0,0,0,0,0,0,0,0,0,0,0,0,0,0,0,0,0,0,0,4,320.7238888888889,4,0.1172709896240515,0.1244817597445748,0.0,0.0975092339808885,0.0,0.0,0.8380588269630403,0.0,0.1242983409418394,0.1043983731141783,0.0,0.0,0.0,0.1272595439508205,0.1285505569035941,0.2147830131261961,0.1103710804993906,0.1119491153676714,0.1200345728146387,0.1097571844613813,0.096058094591861,0.3054563879289977,0.0,71,85,41,9,2,1
56058,4,0,1,150,11,1,1,5.0,0,0,0,1384778.023969,0,1,0,10,101,0,0,0,0,0,0,0,0,0,0,0,0,0,0,0,0,0,0,0,0,0,0,0,0,0,0,0,0,0,0,0,0,0,0,0,0,0,0,0,0,0,0,0,0,0,0,0,0,0,0,0,0,0,0,0,0,0,0,0,0,0,0,0,0,0,0,1,1,0,0,0,1,0,0,0,0,0,0,0,0,0,0,0,0,0,1,1,0,0,0,0,0,0,0,0,0,0,0,0,0,0,0,0,0,0,0,0,0,0,0,0,0,0,0,0,0,1,0,0,0,0,0,0,0,0,0,0,0,0,0,0,0,0,0,0,0,0,0,0,0,0,0,0,0,0,0,0,0,0,0,0,0,0,6,292.12416666666667,4,0.0,0.0,0.0,0.0,0.0,0.0,0.0,0.0,0.0,0.0,0.0,0.0,0.0,0.0,0.0,0.0,0.3249661281811635,0.0,0.8835459931840671,0.0,0.0,0.3372587930111295,0.0,77,86,42,29,3,1
56055,9,0,3,354,12,0,0,75471.0,0,0,0,1385019.64256,0,3,0,10,11,0,0,0,0,0,0,0,0,0,0,0,0,0,0,0,0,0,0,0,0,0,0,0,0,0,0,0,0,0,0,0,0,0,0,0,0,0,0,0,0,0,0,0,0,0,0,0,0,0,0,0,0,0,0,0,0,0,0,0,0,0,0,0,0,0,0,1,1,0,0,0,0,0,1,0,0,0,0,0,0,0,0,0,0,0,1,0,0,0,0,0,0,0,0,0,0,0,0,0,0,0,0,0,0,0,0,0,0,0,0,0,0,0,0,0,0,1,0,0,0,0,0,0,0,0,0,0,0,0,0,0,0,0,0,0,0,0,0,0,0,0,0,0,0,0,0,0,0,0,0,0,0,0,5,293.9791666666667,4,0.0,0.0,0.0,0.0,0.0,0.0,0.0,0.0,0.0,0.0,0.0,0.0,0.0,0.0,0.0,0.0,1.0,0.0,0.0,0.0,0.0,0.0,0.0,78,84,42,28,3,1
56074,9,0,2,655,17,2,2,5.0,0,0,0,1385340.780867,1,2,0,10,266,0,0,0,0,0,0,0,0,0,0,0,0,0,0,0,0,0,0,0,0,0,0,0,0,0,0,0,0,0,0,0,0,0,0,0,0,0,0,0,0,0,0,0,0,0,0,0,0,0,0,0,0,0,0,0,0,0,0,0,0,0,0,0,0,0,0,0,1,0,0,0,0,0,1,0,0,0,0,0,0,0,0,0,0,0,0,0,0,0,0,0,0,0,0,0,0,0,0,0,0,0,0,0,0,0,0,0,0,0,0,0,0,0,0,0,0,1,0,0,0,0,0,0,0,0,0,0,0,0,0,0,0,0,0,0,0,0,0,0,0,0,0,0,0,0,0,0,0,0,0,0,0,0,3,270.02972222222223,4,0.1151851364743842,0.1222676514517076,0.0,0.0957748754368639,0.0,0.0,0.8231526029307256,0.0,0.1220874950473593,0.1025414801513198,0.0,0.0,0.0,0.124996028298518,0.1262640785096755,0.2109627518163825,0.216815906660349,0.1099579203104734,0.1178995648934381,0.1078049764204897,0.0943495468956421,0.3000233548243036,0.0,83,83,47,3,4,1
56119,17,4,116,62252,1109,3,2,8.0,2,0,0,1406053.062087,0,116,0,10,1732,0,0,0,0,0,0,0,0,0,0,0,0,0,0,0,0,0,0,0,0,0,0,0,0,0,0,0,0,0,0,0,0,0,0,0,0,0,0,0,0,0,0,0,0,0,0,0,0,0,0,0,0,0,0,0,0,0,0,0,0,0,0,0,0,0,0,0,0,0,0,0,0,0,0,0,0,0,0,0,0,0,0,0,0,0,0,0,0,0,0,0,0,0,0,1,0,0,0,0,0,1,0,0,0,0,0,0,0,0,0,0,0,0,0,0,0,0,0,0,0,0,0,0,0,0,0,0,0,0,0,0,0,0,0,0,0,0,0,0,0,0,0,0,0,0,0,0,0,0,0,0,0,0,2,172.61388888888888,4,0.7336940920334054,0.0,0.0,0.0435754761074759,0.0,0.0,0.0267511751745223,0.0267940098428004,0.0555471432271903,0.3032518673279818,0.0,0.0,0.0,0.0568704623191291,0.0,0.0,0.0,0.0,0.0,0.0,0.5580507758505225,0.0170630090488208,0.2199258250238884,88,82,52,36,1,1
56110,7,6,4,42,2,4,3,4764.0,0,0,0,1411356.151386,0,4,0,10,412,0,0,0,0,0,0,0,0,0,0,0,0,0,0,0,0,0,0,0,0,0,0,0,0,0,0,0,0,0,0,0,0,0,0,0,0,0,0,0,0,0,0,0,0,0,0,0,0,0,0,0,0,0,0,0,0,0,0,0,0,0,0,0,0,0,0,1,1,0,0,0,0,0,0,0,0,0,0,0,0,1,0,0,0,0,1,1,0,0,0,0,0,1,0,0,0,0,0,0,0,0,0,0,0,0,0,0,0,0,0,0,0,0,0,0,0,0,0,0,0,0,0,0,0,0,0,0,0,0,0,0,0,0,0,0,0,0,0,0,0,0,0,0,0,0,0,0,0,0,0,0,0,0,6,192.01888888888888,4,0.1765165614755568,0.1873702291332262,0.0,0.146771121737783,0.0,0.0,0.6307240304016959,0.0,0.0935470733661738,0.2357110045481038,0.0,0.07610288457317,0.0,0.0957756781330138,0.0967472959558639,0.1616459410035533,0.1661308024989891,0.0842530320937913,0.0903381566035741,0.0826033823900978,0.0722934317072205,0.5172453595059984,0.2777831958586934,89,82,55,7,0,1
55282,30,27,1,446,10,9,9,5.0,0,1,0,1408181.443976,0,1,0,10,10,0,0,0,0,0,0,0,0,0,0,0,0,0,0,1,0,0,0,0,0,0,0,0,0,0,0,0,0,0,0,0,0,0,0,0,0,0,0,0,0,0,0,0,0,0,0,0,0,0,0,0,0,0,0,0,0,0,0,0,0,0,0,0,0,0,0,1,1,0,0,1,0,1,0,0,0,0,0,0,0,0,0,0,0,0,0,0,0,0,0,0,0,0,1,0,0,0,0,0,0,0,0,0,0,0,0,0,0,0,0,0,0,0,0,0,0,1,1,0,0,0,0,0,0,0,0,0,0,0,0,0,0,0,0,0,0,0,0,0,0,0,0,0,0,0,0,0,0,0,0,0,0,0,8,457.985,4,0.0,0.0,0.0,0.0,0.0,0.0,0.0,0.0,0.0,0.4897635237985878,0.0,0.0,0.0,0.0,0.6030685331323873,0.0,0.5177832536884417,0.0,0.0,0.0,0.0,0.3582464756306079,0.0,94,92,66,4,5,0
55996,8,10,11,17,3,5,3,12.0,0,0,0,1495619.12571,0,11,0,10,55,0,0,0,0,0,0,0,0,0,0,0,0,0,0,0,0,0,0,0,0,0,0,0,0,0,0,0,0,0,0,0,0,0,0,0,0,0,0,0,0,0,0,0,0,0,0,0,0,0,0,0,0,0,0,0,0,0,0,0,0,0,0,0,0,0,0,1,1,1,1,0,0,0,0,0,0,0,0,0,0,1,0,0,0,0,0,0,0,0,0,0,0,0,0,0,0,0,0,0,0,0,0,0,0,0,0,0,0,0,0,0,0,0,0,0,0,0,0,0,0,0,0,0,0,0,0,0,0,0,1,0,0,0,0,1,0,0,0,0,0,0,0,0,0,0,0,0,0,0,0,0,0,0,7,280.5386111111111,4,0.5417196754740473,0.0,0.0,0.0,0.0,0.0,0.0,0.0,0.0,0.482256123059374,0.0,0.0,0.5912129054028143,0.0,0.0,0.0,0.0,0.0,0.0,0.0,0.0,0.352755050227772,0.0,62,81,37,0,1,1
56099,1,0,1,127,2,1,1,662406.0,0,0,0,1511892.218029,0,1,0,10,1879,0,0,1,0,0,0,0,0,0,0,0,0,0,1,0,0,0,0,1,0,0,0,0,0,0,0,0,0,0,0,0,0,0,0,0,0,0,0,0,0,0,0,0,0,0,0,0,0,0,0,0,0,0,0,0,0,0,0,0,0,0,0,0,0,0,0,1,0,0,0,0,0,0,0,0,0,0,0,0,0,0,0,0,0,0,0,0,0,0,0,0,1,0,0,0,0,0,0,0,0,0,0,0,0,0,0,0,0,0,0,0,0,0,0,0,0,0,0,0,0,0,0,0,0,0,0,0,0,0,0,0,0,0,0,0,0,0,0,0,0,0,0,0,0,0,0,0,0,0,0,0,0,0,5,184.0013888888889,4,0.7569364935976636,0.1480093040284737,0.0,0.0331253898160882,0.0,0.13341255838054,0.0,0.0611051513417611,0.0422260623850094,0.5319860485598302,0.0,0.0,0.0,0.0216160143459581,0.0,0.0,0.206221165338553,0.0,0.0,0.0186431036937084,0.0,0.1815944258869331,0.146286126243377,85,80,52,19,6,0
56098,7,23,1,432,3,3,2,7035.0,0,0,0,1553439.438837,0,1,0,10,34,0,0,0,0,0,0,0,0,0,0,0,0,0,0,0,0,0,0,0,0,0,0,0,0,0,0,0,0,0,0,0,0,0,0,0,0,0,0,0,0,0,0,0,0,0,0,0,0,0,0,0,0,0,0,0,0,0,0,0,0,0,0,0,0,0,0,1,1,0,0,0,0,0,0,0,0,0,0,0,0,0,0,0,0,0,0,0,0,0,0,1,0,0,0,0,0,0,0,0,0,0,0,0,0,0,0,0,0,0,0,0,0,0,0,0,0,0,0,0,0,0,0,0,0,0,0,0,0,0,0,0,0,0,0,0,0,0,0,0,0,0,0,0,0,0,0,0,0,0,0,0,0,0,3,176.4713888888889,4,0.0,0.0,0.0,0.0,0.0,0.0,0.0,0.0,0.0,0.4897635237985878,0.0,0.0,0.0,0.0,0.6030685331323873,0.0,0.5177832536884417,0.0,0.0,0.0,0.0,0.3582464756306079,0.0,86,83,52,3,6,0
54896,29,2,2,21,3,3,2,4.0,0,0,0,1590359.723759,0,2,0,10,52,0,1,0,0,0,0,0,0,0,0,0,0,0,0,0,0,0,0,1,1,0,0,0,0,0,0,0,0,0,0,0,0,0,0,0,0,0,0,0,0,0,0,0,0,0,0,0,0,0,0,0,0,0,0,0,0,0,0,0,0,0,0,0,0,0,0,1,1,0,0,0,0,0,0,0,0,0,0,0,0,0,0,1,0,0,0,0,0,0,0,0,1,0,0,0,0,0,0,0,0,0,0,0,1,0,0,0,0,0,0,0,0,0,0,0,0,0,0,0,0,0,0,0,0,0,0,0,0,0,0,0,0,0,0,0,0,0,0,0,0,0,0,0,0,0,0,0,0,0,0,0,0,0,8,2079.6016666666665,4,0.458372620345543,0.0,0.0,0.0,0.0,0.0,0.0,0.0,0.0,0.0,0.0,0.0,0.0,0.4974144996279013,0.0,0.0,0.431403210129461,0.0,0.0,0.0,0.0,0.5969628353318833,0.0,32,82,48,0,3,1
55816,13,0,1,40,3,2,2,31.0,0,0,0,1683069.010521,0,1,0,10,343,0,0,0,0,0,0,0,0,0,0,0,0,0,0,0,0,0,0,0,0,0,0,0,0,0,0,0,0,0,0,0,0,0,0,0,0,0,0,0,0,0,0,0,0,0,0,0,0,0,0,0,0,0,0,0,0,0,0,0,0,0,0,0,0,0,0,1,1,0,0,0,0,0,0,0,0,0,0,0,0,0,0,0,0,0,0,0,0,0,0,0,0,0,0,0,0,0,0,0,0,0,0,0,0,0,0,0,0,0,0,0,0,0,0,0,0,0,0,0,0,0,0,0,0,0,0,0,0,0,0,0,0,0,0,0,0,0,0,0,0,0,0,0,0,0,0,0,0,0,0,0,0,0,2,621.2302777777778,4,0.1041861493794783,0.1105923575587247,0.0,0.2598881014813518,0.0,0.0,0.7445500580721124,0.0,0.110429404224383,0.0927498312337727,0.0,0.0,0.0,0.1130602026855003,0.1142071672398177,0.1908179948125111,0.0980561170068401,0.0994580781997983,0.1066413780088279,0.0975107181445593,0.3413605709080884,0.3392177912426291,0.0,85,85,44,0,0,1
56054,4,5,7,142,2,3,2,6.0,0,0,0,1751721.383003,0,7,0,10,309,0,0,0,0,0,0,0,0,0,0,0,0,0,0,0,0,0,0,1,0,0,0,0,0,0,0,0,0,0,0,0,0,0,0,0,0,0,0,0,0,0,0,0,0,0,0,0,0,0,0,0,0,0,0,0,0,0,0,0,0,0,0,0,0,0,0,0,0,0,0,0,0,0,0,0,0,0,0,0,1,1,0,0,0,0,0,0,0,0,0,0,1,0,0,0,0,0,0,0,0,0,0,0,0,0,0,0,0,0,0,0,0,0,0,0,0,0,0,0,0,0,0,0,0,0,0,0,0,0,0,0,0,0,0,0,0,0,0,0,0,0,0,0,0,0,0,0,0,0,0,0,0,0,4,173.4963888888889,4,0.1093758988689697,0.1161012148742163,0.0,0.0909445733243561,0.0,0.0,0.7816377929274104,0.0,0.1159301444630007,0.0973699116586924,0.0,0.0,0.0,0.1186919889897597,0.1198960864618948,0.2003230739143122,0.2058810312330542,0.1044123116908853,0.1119534280306035,0.1023679491942208,0.0895911296843913,0.3561150023346305,0.229499045179372,77,80,41,61,3,1
56052,6,0,1,2,1,1,1,6289.0,0,0,0,1783781.416695,0,1,0,10,273,0,0,0,0,0,0,0,0,0,0,0,0,0,0,0,0,0,0,0,0,0,0,0,0,0,0,0,0,0,0,0,0,0,0,0,0,0,0,0,0,0,0,0,0,0,0,0,0,0,0,0,0,0,0,0,0,0,0,0,0,0,0,0,0,0,1,0,1,0,0,0,0,0,0,0,0,0,0,0,0,0,0,0,0,0,0,0,0,0,0,0,0,0,0,0,0,0,0,0,0,0,0,0,0,0,0,0,0,0,0,0,0,0,0,0,0,0,0,0,0,0,0,0,0,0,0,0,0,0,0,0,0,0,0,0,0,0,0,0,0,0,0,0,0,0,0,0,0,0,0,0,0,0,2,188.37583333333333,4,0.1142118543619546,0.1212345240732182,0.0,0.0949656045887663,0.0,0.0,0.8161971941969737,0.0,0.1210558899399819,0.1016750333903218,0.0,0.0984819950800951,0.1246466120871203,0.123939846900541,0.1251971824428969,0.2091801757044249,0.107491936515411,0.1090288067092411,0.1169033466218251,0.1068940545915757,0.1871046393482879,0.2974882415840068,0.0,77,82,42,10,3,1
56025,4,0,1,223,2,1,1,6349.0,0,0,0,1844573.786839,0,1,0,10,257,0,0,0,0,0,0,0,0,0,0,0,0,0,0,0,0,0,0,0,0,0,0,0,0,0,0,0,0,0,0,0,0,0,0,0,0,0,0,0,0,0,0,0,0,0,0,0,0,0,0,0,0,0,0,0,0,0,0,0,0,0,0,0,0,0,0,1,1,1,1,0,0,0,0,0,0,0,0,0,0,0,0,0,0,0,0,0,0,0,0,0,0,0,0,0,0,0,0,0,0,0,0,0,0,0,0,0,0,0,0,0,0,0,0,0,0,0,0,0,0,0,0,0,0,0,0,0,0,0,1,0,0,0,0,1,0,0,0,0,0,0,0,0,0,0,0,0,0,0,0,0,0,0,6,190.36277777777775,4,0.1172709896240515,0.1244817597445748,0.0,0.0975092339808885,0.0,0.0,0.8380588269630403,0.0,0.1242983409418394,0.1043983731141783,0.0,0.0,0.0,0.1272595439508205,0.1285505569035941,0.2147830131261961,0.1103710804993906,0.1119491153676714,0.1200345728146387,0.1097571844613813,0.096058094591861,0.3054563879289977,0.0,71,76,38,60,2,1
56041,13,9,3,158,2,9,2,6291.0,0,0,0,1820807.967712,0,3,0,10,5,0,0,0,0,0,0,0,0,0,0,0,0,0,0,0,0,0,0,0,0,0,0,0,0,0,0,0,0,0,0,0,0,0,0,0,0,0,0,0,0,0,0,0,0,0,0,0,0,0,0,0,0,0,0,0,0,0,0,0,0,0,0,0,0,0,0,1,1,0,0,0,0,0,0,0,0,0,0,0,0,1,0,0,0,0,0,1,0,0,0,0,0,0,0,0,0,0,0,0,0,0,0,0,0,0,0,0,0,0,0,0,0,0,0,0,0,0,0,0,0,0,0,0,0,0,0,0,0,0,0,0,0,0,0,0,0,0,0,0,0,0,0,0,0,0,0,0,0,0,0,0,0,0,4,192.33555555555552,4,0.0,0.0,0.0,0.0,0.0,0.0,0.0,0.0,0.0,1.0,0.0,0.0,0.0,0.0,0.0,0.0,0.0,0.0,0.0,0.0,0.0,0.0,0.0,72,79,39,25,2,1
55993,7,5,2,11,1,3,1,5.0,0,0,0,2018984.808223,0,2,0,10,14,0,0,0,0,0,0,0,0,0,0,0,0,0,0,0,0,0,0,0,0,0,0,0,0,0,0,0,0,0,0,0,0,0,0,0,0,0,0,0,0,0,0,0,0,0,0,0,0,0,0,0,0,0,0,0,0,0,0,0,0,0,0,0,0,0,0,1,0,0,0,0,0,0,0,0,0,0,0,1,0,1,0,0,0,0,0,0,0,0,0,0,0,0,0,0,0,0,0,0,0,0,0,0,0,0,0,0,0,0,0,0,0,0,0,0,0,0,0,0,0,0,0,0,0,0,0,0,0,0,0,0,0,0,0,0,0,0,0,0,0,0,0,0,0,0,0,0,0,0,0,0,0,0,3,189.77944444444444,4,0.0,0.0,0.0,0.0,0.0,0.0,0.0,0.0,0.0,0.0,0.0,0.0,0.0,0.0,0.0,0.0,0.0,0.0,0.0,0.0,0.0,0.0,0.0,63,78,40,24,0,1
55545,5,4,1,58,2,5,3,5073.0,0,0,0,2268034.001077,0,1,0,10,238,0,0,0,0,0,0,0,0,0,0,0,0,0,0,0,0,0,0,0,0,0,0,0,0,0,0,0,0,0,0,0,0,0,0,0,0,0,0,0,0,0,0,0,0,0,0,0,0,0,0,0,0,0,0,0,0,0,0,0,0,0,0,0,0,0,0,0,0,0,0,0,0,1,0,1,0,0,0,1,0,0,0,0,0,0,0,0,0,0,0,0,0,0,0,0,0,0,0,0,0,0,0,0,0,0,0,0,0,0,0,0,0,0,0,0,0,0,0,0,0,0,0,0,1,1,0,0,0,0,0,0,0,0,0,0,0,0,0,0,0,0,0,0,0,0,0,0,0,0,0,0,0,0,5,771.6275,4,0.0,0.0,0.0,0.0,0.0,0.0,0.9009302114493316,0.0,0.0,0.0,0.0,0.1268234843605595,0.0,0.1596076848591167,0.0,0.0,0.0,0.0,0.0,0.0,0.0,0.3831004370219671,0.0,79,68,52,1,5,0
55718,7,4,1,61,3,4,3,1455.0,0,0,0,2337454.384089,1,1,0,10,15,0,0,0,0,0,0,0,0,0,0,0,0,0,0,0,0,0,0,0,0,0,0,0,0,0,0,0,0,0,0,0,0,0,0,0,0,0,0,0,0,0,0,0,0,0,0,0,0,0,0,0,0,0,0,0,0,0,0,0,0,0,0,0,0,0,0,0,1,0,0,0,0,0,0,1,0,0,0,0,0,0,0,0,0,0,0,0,0,0,0,0,0,0,0,0,0,0,0,0,0,0,0,1,0,0,0,0,0,0,0,0,0,0,0,0,0,0,0,0,0,0,0,0,0,1,0,0,0,0,0,0,0,0,0,0,0,0,0,0,0,0,0,0,0,0,0,0,0,0,0,0,0,0,4,604.9988888888889,4,0.0,0.0,0.0,0.0,0.0,0.0,0.0,0.0,0.6987346944161857,0.0,0.0,0.0,0.0,0.7153808963196596,0.0,0.0,0.0,0.0,0.0,0.0,0.0,0.0,0.0,87,82,50,9,0,1
55543,8,0,1,17,1,4,4,5.0,0,0,0,2354835.770019,0,1,0,10,257,0,0,0,0,0,0,0,0,0,0,0,0,0,0,1,0,0,0,0,0,0,0,0,0,0,0,0,0,0,0,0,0,0,0,0,0,0,0,0,0,0,0,0,0,0,0,0,0,0,0,0,0,0,0,0,0,0,0,0,0,0,0,0,0,0,0,1,1,0,0,0,1,0,0,0,0,0,0,0,0,0,0,0,0,0,0,0,0,0,0,0,0,0,1,0,0,0,0,0,0,0,0,0,0,0,0,0,0,0,0,0,0,0,0,0,0,1,0,0,0,0,0,0,0,0,0,0,0,0,0,0,0,0,0,0,0,0,0,0,0,0,0,0,0,0,0,0,0,0,0,0,0,0,6,184.18472222222223,4,0.1153995511379357,0.1224952500651371,0.0,0.0959531583153849,0.0,0.0,0.8246848838639363,0.0,0.1223147583035022,0.2054647178390664,0.0,0.0,0.0,0.1252287057269887,0.1264991163864446,0.2113554544587297,0.1086097524125133,0.1101626046231359,0.1181190324073314,0.1080056530742308,0.0945251765556232,0.3005818418709077,0.0,77,85,51,38,4,1
55412,30,30,29,667,17,5,1,5.0,0,0,0,2355069.451931,1,29,0,10,14,0,0,0,0,0,0,0,0,0,0,0,0,0,0,1,0,0,0,0,0,0,0,0,0,0,0,0,0,0,0,0,0,0,0,0,0,0,0,0,0,0,0,0,0,0,0,0,0,0,0,0,0,0,0,0,0,0,0,0,0,0,0,0,0,0,0,0,1,0,0,0,1,1,0,0,0,0,0,0,0,1,0,0,0,1,0,0,0,0,0,0,0,0,0,0,0,0,0,0,0,0,0,0,0,0,0,0,0,0,0,0,0,0,0,0,0,1,1,0,0,0,0,0,0,0,0,0,0,0,1,0,0,0,0,0,0,0,0,0,0,0,0,0,0,0,0,0,0,0,0,0,0,0,9,215.76805555555555,4,0.0,0.0,0.0,0.0,0.0,1.0,0.0,0.0,0.0,0.0,0.0,0.0,0.0,0.0,0.0,0.0,0.0,0.0,0.0,0.0,0.0,0.0,0.0,77,80,51,1,2,1
55570,4,0,1,1,1,2,2,1754.0,0,0,0,2512498.335522,0,1,0,10,269,0,0,0,0,0,0,0,0,0,0,0,0,0,0,0,0,0,0,0,0,0,0,0,0,0,0,0,0,0,0,0,0,0,0,0,0,0,0,0,0,0,0,0,0,0,0,0,0,0,0,0,0,0,0,0,0,0,0,0,0,0,0,0,0,0,0,0,0,0,0,0,0,0,0,0,0,0,0,1,0,0,0,0,0,0,0,0,0,0,0,0,0,0,0,0,0,0,0,0,0,0,0,0,0,0,0,0,0,0,0,0,0,0,0,0,0,0,0,0,0,0,0,0,0,0,0,0,0,0,0,0,0,0,0,0,0,0,0,0,0,0,0,0,0,0,0,0,0,0,0,0,0,0,1,729.7080555555556,4,0.1163933752572396,0.1235501825394357,0.0,0.0967795095630014,0.0,0.0,0.8317870928441918,0.0,0.1233681363777682,0.1036170928298512,0.0,0.0,0.0,0.1263071787968877,0.1275885302680047,0.2131756534657124,0.1095451025978026,0.1111113280145202,0.1191362767743821,0.1089358007393463,0.0953392299849139,0.3031704609888367,0.1221117666824458,84,75,57,0,0,1
55474,10,0,1,47,3,2,2,5663.0,0,0,0,2532366.142334,0,1,0,10,48,0,0,0,0,0,0,0,0,0,0,0,0,0,0,1,0,0,0,0,0,0,0,0,0,0,0,0,0,0,0,0,0,0,0,0,0,0,0,0,0,0,0,0,0,0,0,0,0,0,0,0,0,0,0,0,0,0,0,0,0,0,0,0,0,0,0,1,1,0,0,0,0,0,0,0,0,0,0,0,0,0,0,0,0,0,0,0,0,0,0,1,0,0,0,0,0,0,0,1,0,0,0,0,0,0,0,0,0,0,0,0,0,0,0,0,0,1,0,0,0,0,0,0,0,0,0,0,0,0,0,0,0,0,0,0,0,0,0,0,0,0,0,0,0,0,0,0,0,0,0,0,0,0,6,308.1461111111111,4,0.0,0.0,0.0,0.0,0.0,0.0,0.0,0.0,0.0,0.7182956269633832,0.0,0.6957380198647192,0.0,0.0,0.0,0.0,0.0,0.0,0.0,0.0,0.0,0.0,0.0,83,84,60,2,6,0
55044,15,24,1,478,73,6,8,4316.0,0,1,0,2532890.414546,1,1,0,10,31,0,0,0,0,0,0,0,0,0,0,0,0,0,0,1,0,0,0,0,0,0,0,0,0,0,0,0,0,0,0,0,0,0,0,0,0,0,0,0,0,0,0,0,0,0,0,0,0,0,0,0,0,0,0,0,0,0,0,0,0,0,0,0,0,0,0,1,1,1,1,0,0,0,1,0,0,0,0,0,0,0,0,0,0,0,0,0,0,0,0,0,0,0,0,0,0,0,0,1,0,0,0,0,0,0,0,0,0,0,0,0,0,0,0,0,0,1,0,0,0,0,0,0,0,0,0,0,0,0,1,0,0,0,0,1,0,0,0,0,0,0,0,0,0,0,0,0,0,0,0,0,0,0,10,424.1722222222222,4,0.0,0.0,0.0,0.0,0.0,0.0,0.0,0.0,0.0,0.0,0.0,0.0,0.0,0.0,0.0,0.0,0.0,0.0,0.0,0.0,0.0,1.0,0.0,38,82,46,12,5,0
54836,23,1,2,156,19,8,10,4.0,0,1,0,2534524.167766,3,2,0,10,7,0,0,0,0,0,0,0,0,0,0,0,0,0,0,1,0,0,0,0,0,0,0,0,0,0,0,0,0,0,0,0,0,0,0,0,0,0,0,0,0,0,0,0,0,0,0,0,0,0,0,0,0,0,0,0,0,0,0,0,0,0,0,0,0,0,0,1,1,1,1,0,0,0,1,0,0,0,1,0,0,1,0,0,0,0,0,0,0,0,0,0,0,0,0,0,0,0,0,1,0,0,0,0,0,0,0,0,0,0,0,0,0,0,0,0,0,1,0,0,0,0,0,0,0,0,0,0,1,0,1,0,0,0,0,1,0,0,0,0,0,0,0,0,0,0,0,0,0,0,0,0,0,0,13,998.9419444444444,4,0.0,0.0,0.0,0.0,0.0,0.0,0.0,0.0,0.0,0.0,0.0,0.0,0.0,0.0,0.0,0.0,0.0,0.0,0.0,0.0,0.0,0.0,1.0,27,90,39,1,5,0
54545,30,8,14,109,3,7,3,5.0,0,0,0,2534891.107944,0,14,0,10,563,0,0,0,0,0,0,0,0,0,0,0,0,0,0,1,0,0,0,0,0,0,0,0,0,0,0,0,0,0,0,0,0,0,0,0,0,0,0,0,0,0,0,0,0,0,0,0,0,0,0,0,0,0,0,0,0,0,0,0,0,0,0,0,0,0,0,0,1,0,0,0,0,0,0,0,0,0,1,0,0,1,0,0,0,0,0,0,0,0,0,0,0,0,0,0,0,0,0,1,0,0,0,0,0,0,0,0,0,0,0,0,0,0,0,0,0,1,0,1,0,0,0,0,1,0,0,0,1,0,0,0,0,0,0,0,0,0,0,0,0,0,0,0,0,0,0,0,0,0,0,0,0,0,9,1307.5052777777778,4,0.0,0.0,0.0,0.09353966460807,0.0,0.0,0.6890929056127273,0.0,0.0,0.1001483491157604,0.1274984941106984,0.0,0.0,0.2441576981656693,0.0,0.0,0.0,0.0,0.0,0.0,0.1842952012683029,0.219766017889683,0.5901194246463508,17,91,23,0,5,0
55476,13,12,2,197,3,4,1,5.0,0,0,0,2534940.931022,0,2,0,10,264,0,0,0,0,0,0,0,0,0,0,0,0,0,0,1,0,0,0,0,0,0,0,0,0,0,0,0,0,0,0,0,0,0,0,0,0,0,0,0,0,0,0,0,0,0,0,0,0,0,0,0,0,0,0,0,0,0,0,0,0,0,0,0,0,0,0,1,1,0,0,0,0,0,0,0,0,0,1,0,0,0,0,0,0,0,1,0,0,0,0,0,0,0,0,0,0,0,0,1,0,0,0,0,0,0,0,0,0,0,0,0,0,0,0,0,0,1,0,1,0,0,0,0,0,0,0,0,1,0,0,0,0,0,0,0,0,0,0,0,0,0,0,0,0,0,0,0,0,0,0,0,0,0,9,265.53027777777777,4,0.1172709896240515,0.1244817597445748,0.0,0.0975092339808885,0.0,0.0,0.8380588269630403,0.0,0.1242983409418394,0.1043983731141783,0.0,0.0,0.0,0.1272595439508205,0.1285505569035941,0.2147830131261961,0.1103710804993906,0.1119491153676714,0.1200345728146387,0.1097571844613813,0.096058094591861,0.3054563879289977,0.0,84,77,61,35,6,0
55489,16,17,2,154,3,6,3,175.0,0,1,0,2536263.776813,0,2,0,10,41,0,0,0,0,0,0,0,0,0,0,0,1,0,0,1,0,0,0,0,0,0,0,0,0,0,0,0,0,0,0,0,0,0,0,0,0,0,0,0,0,0,0,0,0,0,0,0,0,0,0,0,0,0,0,0,0,0,0,0,0,0,0,0,0,0,0,1,0,0,0,0,0,0,0,0,0,0,0,0,0,0,1,0,0,0,0,0,0,0,0,0,0,0,0,0,0,1,0,1,0,0,0,0,0,0,0,0,0,0,0,0,0,0,0,0,0,1,0,0,0,0,0,0,0,0,0,0,0,0,0,0,0,0,0,0,0,0,0,0,0,0,0,0,0,0,0,0,0,0,0,0,0,0,7,347.6066666666667,4,0.0,0.0,0.0,0.0,0.0,0.0,0.0,0.0,0.0,0.0,0.0,0.0,0.0,0.0,0.0,0.0,0.0,0.0,0.0,0.0,0.6154011556996073,0.0,0.7882140683618808,79,79,46,13,1,1
55406,8,8,2,50,2,5,4,270653.0,0,0,0,2541244.332667,0,2,0,10,13,0,0,0,0,0,0,0,0,0,0,0,0,0,0,1,0,0,0,0,0,0,0,0,0,0,0,0,0,0,0,0,0,0,0,0,0,0,0,0,0,0,0,0,0,0,0,0,0,0,0,0,0,0,0,0,0,0,0,0,0,0,0,0,0,0,1,1,1,0,0,0,0,0,0,0,0,0,0,0,0,0,0,0,0,0,0,0,0,0,0,0,0,0,0,0,0,0,0,1,0,0,0,0,0,0,0,0,0,0,0,0,0,0,0,0,0,1,0,0,0,0,0,0,0,0,0,0,0,0,0,0,0,0,0,0,0,0,0,0,0,0,0,0,0,0,0,0,0,0,0,0,0,0,6,487.19638888888886,4,0.0,0.0,0.0,0.0,0.0,0.0,0.0,0.0,0.0,0.841202349002843,0.0,0.0,0.0,0.0,0.0,0.0,0.4446640757348168,0.0,0.0,0.0,0.0,0.3076564118997035,0.0,75,84,47,5,2,1
54862,23,30,1,1155,8,5,4,6320.0,0,1,0,2548794.516234,0,1,0,10,354,0,0,0,0,0,0,0,0,0,0,0,0,0,0,1,0,0,0,0,0,0,0,0,0,0,0,0,0,0,0,0,0,0,0,0,0,0,0,0,0,0,0,0,0,0,0,0,0,0,0,0,0,0,0,0,0,0,0,0,0,0,0,0,0,0,0,1,1,0,0,0,0,1,0,0,0,0,1,0,0,0,0,0,0,1,0,0,0,0,0,1,0,0,0,0,0,0,0,1,0,0,0,0,0,0,1,0,0,0,0,0,0,0,0,0,0,1,0,0,0,0,0,0,0,0,0,0,1,0,1,0,0,0,0,0,0,0,0,0,0,0,0,0,0,0,0,0,0,0,0,0,0,0,12,914.5697222222224,4,0.0,0.0,0.0,0.2103346992360772,0.0,0.0,0.0,0.0,0.0,0.11259754339784,0.1433475174632648,0.1090614907631039,0.0,0.1372541697284918,0.8318794524090055,0.0,0.1190393313198944,0.0,0.0,0.0,0.0,0.1647230597088289,0.3980854289453437,28,93,41,1,0,1
55549,3,2,1,9,1,3,2,626290.0,0,0,0,2560306.290905,0,1,0,10,257,0,0,0,0,0,0,0,0,0,0,0,0,0,0,1,0,0,0,0,0,0,0,0,0,0,0,0,0,0,0,0,0,0,0,0,0,0,0,0,0,0,0,0,0,0,0,0,0,0,0,0,0,0,0,0,0,0,0,0,0,0,0,0,0,0,0,1,0,0,0,0,0,0,0,0,0,0,0,0,0,0,0,0,0,0,0,0,0,0,0,0,0,0,1,0,0,0,0,0,0,0,0,0,0,0,0,0,0,0,0,0,0,0,0,0,0,1,0,0,0,0,0,0,0,0,0,0,0,0,0,0,0,0,0,0,0,0,0,0,0,0,0,0,0,0,0,0,0,0,0,0,0,0,4,175.3438888888889,4,0.1172709896240515,0.1244817597445748,0.0,0.0975092339808885,0.0,0.0,0.8380588269630403,0.0,0.1242983409418394,0.1043983731141783,0.0,0.0,0.0,0.1272595439508205,0.1285505569035941,0.2147830131261961,0.1103710804993906,0.1119491153676714,0.1200345728146387,0.1097571844613813,0.096058094591861,0.3054563879289977,0.0,82,90,54,41,5,0
55318,4,0,2,38,2,1,1,6734.0,0,0,0,2564635.400074,0,2,0,10,308,0,0,0,0,0,0,0,0,0,0,0,0,0,0,1,0,0,0,1,0,0,0,0,0,0,0,0,0,0,0,0,0,0,0,0,0,0,0,0,0,0,0,0,0,0,0,0,0,0,0,0,0,0,0,0,0,0,0,0,0,0,0,0,0,0,0,1,1,0,0,0,0,0,0,0,0,0,0,0,0,0,0,0,0,0,0,0,0,0,0,0,1,0,0,0,0,0,0,1,0,0,0,0,0,0,0,0,0,0,0,0,0,0,0,0,0,1,0,0,0,0,0,0,0,0,0,1,0,0,1,0,0,0,0,0,0,0,0,0,0,0,0,0,0,0,0,0,0,0,0,0,0,0,9,216.85111111111112,4,0.1026581646525647,0.1089704199569461,0.2273321814697572,0.2560766058829908,0.0,0.0,0.733630553666464,0.0,0.1088098564815977,0.1827791410471247,0.0,0.0,0.0,0.2228041437766506,0.11253221516331,0.1880194752066871,0.09661803478517,0.0979994349409527,0.1050773851189381,0.0960806346937105,0.1681771036884036,0.3342428535258295,0.0,94,93,70,22,1,1
54460,29,30,5,75,1,4,0,5.0,0,0,0,2622433.365359,6,5,0,10,15,0,0,0,0,0,0,0,0,0,0,0,0,0,0,0,0,0,0,0,0,0,0,0,0,0,0,0,0,0,0,0,0,0,0,0,0,0,0,0,0,0,0,0,0,0,0,0,0,0,0,0,0,0,0,0,0,0,0,0,0,0,0,0,0,0,0,0,0,0,0,0,0,0,0,0,0,0,0,0,1,1,0,0,0,0,0,0,0,0,0,0,0,0,0,0,0,0,0,0,0,0,0,0,0,0,0,0,0,0,0,0,0,0,0,0,0,0,0,0,0,0,0,0,0,0,0,0,0,0,0,0,0,0,0,0,0,0,0,0,0,0,0,0,0,0,0,0,0,0,0,0,0,0,2,2358.1375,4,0.0,0.0,0.0,0.0,0.0,0.0,0.0,0.0,0.0,0.0,0.0,0.0,0.0,0.0,0.0,0.0,0.0,0.0,0.0,0.0,0.0,0.0,0.0,14,71,17,0,1,1
55892,6,3,5,14,1,5,3,1679.0,0,0,0,2676224.870473,0,5,0,10,260,0,0,0,0,0,0,0,0,0,0,0,0,0,0,0,0,0,0,0,0,0,0,0,0,0,0,0,0,0,0,0,0,0,0,0,0,0,0,0,0,0,0,0,0,0,0,0,0,0,0,0,0,0,0,0,0,0,0,0,0,0,0,0,0,0,0,0,0,0,0,0,0,0,0,0,0,0,0,1,0,0,0,0,0,1,0,0,0,0,0,0,0,0,0,0,0,0,0,0,0,0,0,0,0,0,0,0,0,0,0,0,0,0,0,0,0,0,0,0,0,0,0,0,0,1,0,0,0,0,1,0,0,0,0,0,0,0,0,0,0,0,0,0,0,0,0,0,0,0,0,0,0,0,4,205.585,4,0.1172709896240515,0.1244817597445748,0.0,0.0975092339808885,0.0,0.0,0.8380588269630403,0.0,0.1242983409418394,0.1043983731141783,0.0,0.0,0.0,0.1272595439508205,0.1285505569035941,0.2147830131261961,0.1103710804993906,0.1119491153676714,0.1200345728146387,0.1097571844613813,0.096058094591861,0.3054563879289977,0.0,69,64,43,4,6,0
54553,12,0,2,14,2,2,2,704.0,0,0,0,2678822.656553,0,2,0,10,257,0,0,0,0,0,0,0,0,0,0,0,0,0,0,1,0,0,0,0,0,0,0,0,0,0,0,0,0,0,0,0,0,0,0,0,0,0,0,0,0,0,0,0,0,0,0,0,0,0,0,0,0,0,0,0,0,0,0,0,0,0,0,0,0,0,0,1,1,0,0,0,0,0,0,0,0,1,0,0,0,1,0,0,0,0,0,0,0,0,0,0,0,0,0,0,0,0,0,0,0,0,0,0,0,0,0,0,0,0,0,0,0,0,0,0,0,0,0,0,0,0,0,0,0,0,0,1,0,0,1,0,0,0,0,0,0,0,0,0,0,0,0,0,0,0,0,0,0,0,0,0,0,0,7,290.3302777777778,4,0.1153995511379357,0.1224952500651371,0.0,0.0959531583153849,0.0,0.0,0.8246848838639363,0.0,0.1223147583035022,0.2054647178390664,0.0,0.0,0.0,0.1252287057269887,0.1264991163864446,0.2113554544587297,0.1086097524125133,0.1101626046231359,0.1181190324073314,0.1080056530742308,0.0945251765556232,0.3005818418709077,0.0,18,9,22,4,6,0
54537,18,2,2,41,2,5,4,4551.0,1,0,0,2678825.258446,1,2,0,10,4,0,0,0,0,0,0,0,0,0,0,0,0,0,0,0,0,0,0,0,0,0,0,0,0,0,0,0,0,0,0,0,0,0,0,0,0,0,0,0,0,0,0,0,0,0,0,0,0,0,0,0,0,0,0,0,0,0,0,0,0,0,0,0,0,0,0,1,1,0,0,0,0,0,1,0,0,0,0,0,0,1,0,0,0,0,0,0,0,0,0,0,0,0,0,0,0,0,0,0,0,0,0,0,0,0,0,0,0,0,0,0,0,0,0,0,0,0,0,0,0,0,0,0,0,0,0,0,0,0,0,0,0,0,0,0,0,0,0,0,0,0,0,0,0,0,0,0,0,0,0,0,0,0,4,206.73777777777775,4,0.0,0.0,0.0,0.0,0.0,0.0,0.0,0.0,0.0,1.0,0.0,0.0,0.0,0.0,0.0,0.0,0.0,0.0,0.0,0.0,0.0,0.0,0.0,15,7,21,3,5,0
54263,7,0,1,11,1,5,7,76271.0,0,0,0,2678828.877617,0,1,0,10,259,0,0,0,0,0,0,0,0,0,0,0,0,0,0,0,0,0,0,0,0,0,0,0,0,0,0,0,0,0,0,0,0,0,0,0,0,0,0,0,0,0,0,0,0,0,0,0,0,0,0,0,0,0,0,0,0,0,0,0,0,0,0,0,0,0,0,1,0,0,0,0,0,0,0,0,0,0,0,1,0,0,0,0,0,0,0,0,0,0,0,0,0,0,0,0,0,0,0,0,0,0,0,0,0,0,0,0,0,0,0,0,0,0,0,0,0,0,0,0,0,0,0,0,0,0,0,0,0,0,0,0,0,0,0,0,0,0,0,0,0,0,0,0,0,0,0,0,0,0,0,0,0,0,2,174.5725,4,0.1124701912457119,0.1193857694043342,0.0,0.0935174353794671,0.0,0.0,0.8037506705269475,0.0,0.1192098593358012,0.3003736481000414,0.0,0.0,0.0,0.1220498376612606,0.1232879995814816,0.2059903019499985,0.1058527481652325,0.1073661819990981,0.115120639843146,0.1052639835865313,0.0921257022225173,0.2929517221414562,0.0,10,2,8,1,3,1
55033,10,4,1,50,2,5,2,2833.0,0,0,0,2678847.838788,0,1,0,10,2,0,0,0,0,0,0,0,0,0,0,0,0,0,0,0,0,0,0,0,0,0,0,0,0,0,0,0,0,0,0,0,0,0,0,0,0,0,0,0,0,0,0,0,0,0,0,0,0,0,0,0,0,0,0,0,0,0,0,0,0,0,0,0,0,0,0,1,1,0,1,0,0,0,0,0,0,0,0,0,0,0,0,0,0,0,1,1,0,0,0,0,0,0,0,0,0,0,0,0,0,0,0,0,0,0,0,0,0,0,0,0,0,0,0,0,0,0,0,0,0,0,0,0,0,0,0,0,0,0,1,0,0,0,0,0,0,0,0,0,0,0,0,0,0,0,0,0,0,0,0,0,0,0,6,184.79611111111112,4,0.0,0.0,0.0,0.0,0.0,0.0,0.0,0.0,0.0,1.0,0.0,0.0,0.0,0.0,0.0,0.0,0.0,0.0,0.0,0.0,0.0,0.0,0.0,34,56,42,8,4,1
55786,4,1,1,8,1,3,2,1584.0,0,0,0,2719625.122801,0,1,0,10,285,0,0,0,0,0,0,0,0,0,0,0,0,0,0,0,0,0,0,0,0,0,0,0,0,0,0,0,0,0,0,0,0,0,0,0,0,0,0,0,0,0,0,0,0,0,0,0,0,0,0,0,0,0,0,0,0,0,0,0,0,0,0,0,0,0,0,1,0,0,0,0,0,0,0,0,0,0,0,1,0,0,0,0,0,0,0,0,0,0,0,0,0,0,0,0,0,0,0,0,0,0,0,0,0,0,0,0,0,0,0,0,0,0,0,0,0,0,0,0,0,0,0,0,0,0,0,0,0,0,0,0,0,0,0,0,0,0,0,0,0,0,0,0,0,0,0,0,0,0,0,0,0,0,2,401.50638888888886,4,0.2061029155770261,0.1093878959398406,0.0,0.0856858865247513,0.0,0.0,0.7364411616882951,0.0,0.3276801519919067,0.1834793852197304,0.0,0.0,0.0,0.1118288637597013,0.1129633367204367,0.1887397955949743,0.2909645628373588,0.098374880042855,0.10547994651725,0.0964487286904274,0.0844107030375733,0.2684186956024535,0.0,93,67,44,0,4,1
55714,13,4,1,41,2,3,2,202.0,1,1,0,2740018.613541,0,1,0,10,2,0,0,0,0,0,0,0,0,0,0,0,0,0,0,0,0,0,0,0,0,0,0,0,0,0,0,0,0,0,0,0,0,0,0,0,0,0,0,0,0,0,0,0,0,0,0,0,0,0,0,0,0,0,0,0,0,0,0,0,0,0,0,0,0,0,0,0,1,0,0,0,0,0,0,0,0,0,0,0,0,0,0,0,0,0,0,1,0,0,0,0,0,0,0,0,0,0,0,0,0,0,0,0,0,0,0,0,0,0,0,0,0,0,0,0,0,0,0,0,0,0,0,0,0,0,0,0,0,0,0,0,0,0,0,0,0,0,0,0,0,0,0,0,0,0,0,0,0,0,0,0,0,0,2,501.5344444444444,4,0.0,0.0,0.0,0.0,0.0,0.0,0.0,0.0,0.0,1.0,0.0,0.0,0.0,0.0,0.0,0.0,0.0,0.0,0.0,0.0,0.0,0.0,0.0,85,64,48,5,0,1
55750,6,4,1,24,1,4,3,86955.0,0,0,0,2854220.067915,1,1,0,10,293,0,0,0,0,0,0,0,0,0,0,0,0,0,0,0,0,0,0,0,0,0,0,0,0,0,0,0,0,0,0,0,0,0,0,0,0,0,0,0,0,0,0,0,0,0,0,0,0,0,0,0,0,0,0,0,0,0,0,0,0,0,0,0,0,0,1,0,1,0,0,0,0,0,0,0,0,0,0,0,0,0,0,0,0,0,0,0,0,0,0,0,0,0,0,0,0,0,0,0,0,0,0,0,0,0,0,0,0,0,0,0,0,0,0,0,0,0,0,0,0,0,0,0,0,0,0,0,0,0,0,0,0,0,0,0,0,0,0,0,0,0,0,0,0,0,0,0,0,0,0,0,0,0,2,413.8319444444445,4,0.1038103897405379,0.1101934931742231,0.0,0.0863169281278179,0.0,0.0,0.7418647504505093,0.0,0.1100311275503059,0.0924153180254071,0.0,0.0,0.0,0.2253048754528176,0.2275905312354993,0.1901297872027557,0.1954049321056661,0.0990993709073545,0.1062567632981839,0.0971590342358916,0.2550970603032089,0.3379943622598071,0.1089105807198581,96,66,48,0,2,1
55831,4,1,7,394,1,2,2,6.0,0,0,0,2869418.019913,0,7,0,10,2,0,0,0,0,0,0,0,0,0,0,0,0,0,0,0,0,0,0,0,0,0,0,0,0,0,0,0,0,0,0,0,0,0,0,0,0,0,0,0,0,0,0,0,0,0,0,0,0,0,0,0,0,0,0,0,0,0,0,0,0,0,0,0,0,0,0,1,0,0,0,0,0,0,0,0,0,0,0,1,0,1,0,0,0,0,0,0,0,0,0,0,0,0,0,0,0,0,0,0,0,0,0,0,0,0,0,0,0,0,0,1,0,0,0,0,0,0,0,0,0,0,0,0,0,0,0,0,0,0,0,0,0,0,0,0,0,0,0,0,0,0,0,0,0,0,0,0,0,0,0,0,0,0,4,256.74861111111113,4,0.0,0.0,0.0,0.0,0.0,0.0,0.0,0.0,0.0,1.0,0.0,0.0,0.0,0.0,0.0,0.0,0.0,0.0,0.0,0.0,0.0,0.0,0.0,84,64,39,2,2,1
55690,12,30,5,119,2,4,0,5.0,0,0,0,2870737.885996,0,5,0,10,50,0,0,0,0,0,0,0,0,0,0,0,0,0,0,0,0,0,0,1,0,0,0,0,0,0,0,0,0,0,0,0,0,0,0,0,0,0,0,0,0,0,0,0,0,0,0,0,0,0,0,0,0,0,0,0,0,0,0,0,0,0,0,0,0,0,0,1,0,0,0,0,0,0,0,0,0,0,0,0,1,1,0,0,0,0,0,0,0,0,0,0,1,0,0,0,0,0,0,0,0,0,0,0,0,0,0,0,0,0,0,0,0,0,0,0,0,0,0,0,0,0,0,0,0,0,0,0,0,0,0,0,0,0,0,0,0,0,0,0,0,0,0,0,0,0,0,0,0,0,0,0,0,0,5,516.7677777777777,4,0.0,0.0,0.6008126172398542,0.0,0.0,0.0,0.0,0.0,0.0,0.0,0.6149871165402311,0.0,0.0,0.0,0.0,0.0,0.5107005438169501,0.0,0.0,0.0,0.0,0.0,0.0,92,63,69,12,5,0
55552,11,4,1,41,4,10,8,198.0,0,0,0,2978811.956388,4,1,0,10,206,0,0,0,0,0,0,0,0,0,0,0,0,0,0,0,0,0,0,0,0,0,0,0,0,0,0,0,0,0,0,0,0,0,0,0,0,0,0,0,0,0,0,0,0,0,0,0,0,0,0,0,0,0,0,0,0,0,0,0,0,0,0,0,0,0,1,0,1,0,0,0,0,0,0,0,0,0,0,1,0,0,0,0,0,0,1,0,0,0,0,0,0,0,0,0,0,0,0,0,0,0,0,1,0,0,0,0,0,0,0,0,0,0,0,0,0,0,0,0,0,0,0,0,0,0,0,0,0,0,0,0,0,0,0,0,0,0,0,0,0,0,0,0,0,0,0,0,0,0,0,0,0,0,5,171.90583333333333,4,0.0,0.1362479442080795,0.0,0.2134518775836904,0.0,0.0,0.0,0.0,0.0,0.0,0.0,0.1106777914438755,0.1400825777904279,0.2785765766765313,0.0,0.2350845943157271,0.0,0.0,0.0,0.0,0.0,0.835821348162725,0.2693233928454849,83,86,56,1,5,0
54678,4,0,1,424,2,2,2,5.0,0,0,0,3055969.218808,0,1,0,10,9,0,0,1,0,0,0,0,0,0,0,0,0,0,0,0,0,0,0,0,0,0,0,0,0,0,0,0,0,0,0,0,0,0,0,0,0,0,0,0,0,0,0,0,0,0,0,0,0,0,0,0,0,0,0,0,0,0,0,0,0,0,0,0,0,0,0,1,1,0,0,0,0,0,0,0,0,0,0,0,0,0,0,0,1,1,0,0,0,0,0,0,0,0,0,0,0,0,0,0,0,0,0,0,0,0,0,0,0,0,0,0,0,0,0,0,0,0,0,0,0,0,0,0,0,0,0,0,0,0,1,0,0,0,0,1,0,0,0,0,0,0,0,0,0,0,0,0,0,0,0,0,0,0,7,1956.788611111111,4,0.0,0.0,0.0,0.0,0.0,0.0,0.0,0.0,0.0,0.0,0.0,0.0,0.0,0.0,0.0,0.0,0.0,0.0,0.0,0.0,0.0,1.0,0.0,21,71,31,1,6,0
55514,10,4,4,29,3,4,2,6742.0,0,0,0,3146401.338322,0,4,0,10,380,0,0,0,0,0,0,0,0,0,0,0,0,0,0,0,0,0,0,0,0,0,0,0,0,0,0,0,0,0,0,0,0,0,0,0,0,0,0,0,0,0,0,0,0,0,0,0,0,0,0,0,0,0,0,0,0,0,0,0,0,0,0,0,0,0,0,0,1,0,0,0,0,0,0,0,0,0,0,0,0,1,0,0,0,0,1,0,0,0,0,0,0,0,0,0,0,0,0,0,0,0,0,0,0,0,0,0,0,0,0,0,0,0,0,0,0,0,0,0,0,0,0,0,1,0,0,0,0,0,0,0,0,0,0,0,0,0,0,0,0,0,0,0,0,0,0,0,0,0,0,0,0,0,4,649.7197222222222,4,0.0917351411559076,0.0973757605193972,0.0,0.2288295691521989,0.0,0.0,0.6555708708084561,0.0,0.3889291252098786,0.2449966404678164,0.0,0.0791008934270254,0.0,0.0995486800716028,0.1005585739578611,0.1680138463074909,0.1726753851331889,0.0875721091248136,0.0938969519745708,0.0858574728644978,0.0751413703832566,0.4181502916328537,0.0,75,70,48,5,3,1
55791,2,0,1,11,1,3,3,525920.0,0,0,0,3210186.373458,0,1,0,10,8,0,0,0,0,0,0,0,0,0,0,0,0,0,0,0,0,0,0,0,0,0,0,0,0,0,0,0,0,0,0,0,0,0,0,0,0,0,0,0,0,0,0,0,0,0,0,0,0,0,0,0,0,0,0,0,0,0,0,0,0,0,0,0,0,0,0,1,0,0,0,0,0,0,0,0,0,0,0,1,0,0,0,0,0,0,0,0,1,0,0,0,0,0,0,0,0,0,0,0,0,0,0,0,0,0,0,0,0,0,0,0,0,0,0,0,0,0,0,0,0,0,0,1,0,0,0,0,0,0,0,0,0,0,0,0,0,0,0,0,0,0,0,0,0,0,0,0,0,0,0,0,0,0,4,261.3752777777778,4,0.0,0.0,0.0,0.0,0.0,0.0,0.0,0.0,0.0,0.8071222648004197,0.0,0.0,0.0,0.0,0.0,0.0,0.0,0.0,0.0,0.0,0.0,0.590384323693847,0.0,96,80,44,17,4,1
55565,8,7,5,185,3,4,2,5.0,0,1,0,3410554.639434,2,5,0,10,272,0,0,0,0,0,0,0,0,0,0,0,1,0,0,0,0,0,0,0,0,0,0,0,0,0,0,0,0,0,0,0,0,0,0,0,0,0,0,0,0,0,0,0,0,0,0,0,0,0,0,0,0,0,0,0,0,0,0,0,0,0,0,0,0,0,1,1,1,0,0,0,0,0,0,0,0,0,0,0,0,0,1,0,0,0,0,1,0,0,0,0,0,0,0,0,1,0,0,0,0,0,0,0,0,0,0,0,0,0,0,0,0,0,0,0,0,0,0,0,0,0,0,0,0,0,0,0,0,0,0,0,0,0,0,0,0,0,0,0,0,0,0,0,0,0,0,0,0,0,0,0,0,0,7,495.73333333333335,4,0.1146819902102298,0.1217335676806775,0.0,0.1907130323134886,0.0,0.1280161717779783,0.819556946670982,0.0,0.1215541982270121,0.1020935633085901,0.0,0.0,0.0,0.1244500265608153,0.1257125377350273,0.2100412343037845,0.1079344108368266,0.1094776073246855,0.1173845615914734,0.107334067822354,0.0939374136682291,0.2987128069987821,0.0,83,81,57,1,6,0
55785,6,0,1,13,2,3,3,6049.0,0,0,0,3415778.107517,0,1,0,10,0,0,0,0,0,0,0,0,0,0,0,0,0,0,0,0,0,0,0,0,0,0,0,0,0,0,0,0,0,0,0,0,0,0,0,0,0,0,0,0,0,0,0,0,0,0,0,0,0,0,0,0,0,0,0,0,0,0,0,0,0,0,0,0,0,0,0,0,1,0,0,0,0,0,0,0,0,0,0,0,0,0,0,0,0,0,1,0,0,0,0,0,0,0,0,0,0,0,0,0,1,0,0,0,0,0,0,0,0,0,0,0,0,0,0,0,0,0,0,0,0,0,0,0,0,0,0,0,0,0,0,0,0,0,0,0,0,0,0,0,0,0,0,0,0,0,0,0,0,0,0,0,0,0,3,209.49694444444444,4,0.0,0.0,0.0,0.0,0.0,0.0,0.0,0.0,0.0,0.0,0.0,0.0,0.0,0.0,0.0,0.0,0.0,0.0,0.0,0.0,0.0,0.0,0.0,92,79,45,8,4,1
55553,9,1,1,9,2,1,1,4511.0,0,0,0,3451842.834528,0,1,0,10,20,0,0,0,0,0,0,0,0,0,0,0,0,0,0,0,0,0,0,0,0,0,0,0,0,0,0,0,0,0,0,0,0,0,0,0,0,0,0,0,0,0,0,0,0,0,0,0,0,0,0,0,0,0,0,0,0,0,0,0,0,0,0,0,0,0,0,1,1,1,1,0,0,0,0,0,0,0,0,0,0,0,0,0,0,0,0,1,0,0,0,0,0,0,0,0,0,0,0,0,0,1,0,0,0,0,0,1,0,0,0,0,0,0,0,0,0,1,0,0,0,0,0,0,0,0,0,0,0,0,1,0,0,0,0,1,0,0,0,0,0,0,0,0,0,0,0,0,0,0,0,0,0,0,10,514.9044444444445,4,0.0,0.0,0.0,0.0,0.0,0.0,0.0,0.0,0.0,0.0,0.0,0.0,0.0,0.0,0.0,0.0,0.0,0.0,0.0,0.0,0.0,0.0,0.0,84,77,57,3,5,0
55218,6,9,3,211,3,2,1,19099.0,0,0,0,3493807.637568,0,3,0,10,27,0,0,0,0,0,0,0,0,0,0,0,0,0,0,1,0,0,0,1,0,0,0,0,0,0,0,0,0,0,0,0,0,0,0,0,0,0,0,0,0,0,0,0,0,0,0,0,0,0,0,0,0,0,0,0,0,0,0,0,0,0,0,0,0,0,0,1,0,0,0,0,0,0,0,0,0,0,0,1,0,1,0,0,0,0,0,0,0,0,0,0,1,0,0,0,0,0,0,0,0,0,0,0,0,0,0,0,0,0,0,0,0,0,0,0,0,0,0,0,0,1,0,0,0,0,0,0,0,0,1,1,0,0,0,0,0,0,0,0,0,0,0,0,0,0,0,0,0,0,0,0,0,0,9,168.02777777777777,4,0.0,0.0,0.0,0.0,0.0,0.0,0.0,0.0,0.0,0.0,0.0,0.0,0.0,0.0,0.0,0.0,0.8223548294979172,0.0,0.0,0.0,0.0,0.5689749857431797,0.0,74,82,55,22,1,1
55247,1,0,1,19,1,1,1,608415.0,0,0,0,3500240.128651,0,1,0,10,279,0,0,0,0,0,0,0,0,0,0,0,0,0,0,1,0,0,0,0,0,0,0,0,0,0,0,0,0,0,0,0,0,0,0,0,0,0,0,0,0,0,0,0,0,0,0,0,0,0,0,0,0,0,0,0,0,0,0,0,0,0,0,0,0,0,0,1,0,0,0,0,0,0,0,0,0,0,0,1,0,0,0,0,0,0,0,0,0,0,0,0,0,0,0,0,0,0,0,0,0,0,0,0,0,0,0,0,0,0,0,0,0,0,0,0,0,0,0,0,0,1,0,0,0,0,0,0,0,0,1,1,0,0,0,0,0,0,0,0,0,0,0,0,0,0,0,0,0,0,0,0,0,0,6,169.0038888888889,4,0.1146441905960097,0.1216934438400681,0.0,0.0953250862912746,0.0,0.0,0.8192868176266672,0.0,0.2430282670144951,0.1020599128871041,0.0,0.0,0.0,0.1244090073651678,0.1256711024109602,0.2099720039249564,0.1078988352500825,0.1094415230945894,0.1173458711995869,0.1072986901109198,0.0939064515442636,0.298614350136929,0.0,92,86,68,18,3,1
55160,6,0,1,267,18,3,3,5.0,0,0,0,3500278.050944,0,1,0,10,9,0,1,0,0,0,0,0,0,0,0,0,0,0,0,1,0,0,0,1,0,0,0,0,0,0,0,0,0,0,0,0,0,0,0,0,0,0,0,0,0,0,0,0,0,0,0,0,0,0,0,0,0,0,0,0,0,0,0,0,0,0,0,0,0,0,0,0,1,0,0,0,0,0,0,0,0,0,0,0,0,0,0,1,0,0,0,0,0,0,0,0,1,0,0,0,0,0,0,0,0,0,0,0,0,0,0,0,0,0,0,0,0,0,0,0,0,0,0,0,0,0,0,0,0,0,0,0,0,0,1,1,0,0,0,0,0,0,0,0,0,0,0,0,0,0,0,0,0,0,0,0,0,0,8,218.68666666666667,4,0.0,0.0,0.0,0.0,0.0,0.0,0.0,0.0,0.0,0.0,0.0,0.0,0.0,0.0,0.0,0.0,0.0,0.0,0.0,0.0,0.0,1.0,0.0,59,78,51,4,6,0
55150,7,0,2,13,2,1,1,5755.0,0,0,0,3500251.110758,0,2,0,10,279,0,0,0,0,0,0,0,0,0,0,0,0,0,0,1,0,0,0,0,0,0,0,0,0,0,0,0,0,0,0,0,0,0,0,0,0,0,0,0,0,0,0,0,0,0,0,0,0,0,0,0,0,0,0,0,0,0,0,0,0,0,0,0,0,0,0,1,1,0,0,0,0,0,0,0,0,0,0,0,0,0,0,0,0,0,0,0,0,0,0,0,0,0,0,0,0,0,0,0,0,0,0,0,0,0,1,0,0,0,0,0,0,0,0,0,0,0,0,0,0,0,0,0,0,0,0,0,0,0,1,1,0,0,0,0,0,0,0,0,0,0,0,0,0,0,0,0,0,0,0,0,0,0,6,243.6525,4,0.1084376894174282,0.1151053167078302,0.0,0.090164464917096,0.0,0.0,0.7749330254915329,0.0,0.114935713711999,0.0965346876983994,0.0,0.0,0.1183449010958383,0.1176738675658997,0.118867636477167,0.1986047337383526,0.2041150157635279,0.1035166791182741,0.110993108934743,0.1014898528451888,0.0888226309062019,0.4236723638685081,0.0,53,81,50,12,5,0
55055,7,7,1,27,7,4,2,5.0,0,0,0,3500307.458556,1,1,0,10,24,0,0,0,0,0,0,0,0,0,0,0,0,0,0,1,0,0,0,0,0,0,0,0,0,0,0,0,0,0,0,0,0,0,0,0,0,0,0,0,0,0,0,0,0,0,0,0,0,0,0,0,0,0,0,0,0,0,0,0,0,0,0,0,0,0,1,0,0,0,0,0,0,0,0,0,0,0,0,0,0,0,0,0,0,0,0,0,0,0,0,0,0,0,0,0,1,0,0,0,0,0,0,0,0,0,0,0,0,0,0,0,0,0,0,0,0,0,0,0,0,1,0,0,0,0,0,0,0,0,1,1,1,0,0,0,0,0,0,0,0,0,0,0,0,0,0,0,0,0,0,0,0,0,7,359.4477777777778,4,0.0,0.0,0.0,0.508658350736788,0.0,0.0,0.0,0.0,0.0,0.0,0.0,0.0,0.0,0.0,0.0,0.0,0.5757523619441088,0.0,0.0,0.0,0.5010884608076293,0.398354433120747,0.0,39,76,47,14,5,0
55123,4,0,1,157,7,2,2,5.0,0,0,0,3500422.633049,1,1,0,10,73,0,0,0,0,0,0,0,0,0,0,0,0,0,0,0,0,0,0,0,0,0,0,0,0,0,0,0,0,0,0,0,0,0,0,0,0,0,0,0,0,0,0,0,0,0,0,0,0,0,0,0,0,0,0,0,0,0,0,0,0,0,0,0,0,0,1,1,0,0,1,0,0,0,0,0,0,0,0,0,0,0,0,0,0,0,0,0,0,0,0,0,0,0,0,0,1,0,0,0,0,0,0,0,0,0,0,0,0,0,0,0,0,0,0,0,0,0,0,0,0,0,0,0,0,0,0,0,0,0,1,0,0,0,0,0,0,0,0,0,0,0,0,0,0,0,0,0,0,0,0,0,0,0,5,186.3075,4,0.0,0.0,0.0,0.0,0.0,0.0,0.0,0.0,0.0,0.0,0.0,0.0,0.0,0.1731176092859154,0.0,0.0,0.3002867525243025,0.0,0.0,0.0,0.9147088713684842,0.207763905078171,0.0,49,67,50,17,2,1
54929,29,17,1,101,3,4,3,5.0,0,0,0,3500477.424908,0,1,0,10,284,0,0,0,0,0,0,0,0,0,0,0,0,0,0,0,0,0,0,0,0,0,0,0,0,0,0,0,0,0,0,0,0,0,0,0,0,0,0,0,0,0,0,0,0,0,0,0,0,0,0,0,0,0,0,0,0,0,0,0,0,0,0,0,0,0,1,1,1,0,1,1,0,0,0,0,0,0,0,0,0,0,0,0,0,0,0,0,0,0,1,0,0,0,0,0,0,0,0,0,0,0,0,0,0,0,0,0,0,0,0,0,0,0,0,0,0,0,0,0,0,0,0,0,0,0,0,0,0,0,1,0,0,0,0,0,0,0,0,0,0,0,0,0,0,0,0,0,0,0,0,0,0,0,7,439.9238888888889,4,0.0986797090510387,0.1047473366868954,0.0,0.0820508368682708,0.0,0.0,0.7051991415565448,0.0,0.1045929957527356,0.087847822529128,0.0,0.0,0.0,0.214169502812131,0.1081710966562354,0.1807328932103729,0.2786209823821992,0.0942015256153111,0.1010051740791734,0.0923570873208438,0.2424892513496258,0.4498052610810171,0.0,30,70,51,0,4,1
54408,9,3,4,176,18,5,4,6.0,0,0,0,3500728.474423,0,4,0,10,298,0,0,0,0,0,0,0,0,0,0,0,1,0,0,0,0,0,0,0,0,0,0,0,0,0,0,0,0,0,0,0,0,0,0,0,0,0,0,0,0,0,0,0,0,0,0,0,0,0,0,0,0,0,0,0,0,0,0,0,0,0,0,0,0,0,0,1,1,0,1,0,0,0,1,0,0,0,0,0,0,1,1,0,0,0,0,0,0,0,0,0,0,0,0,0,0,0,0,0,0,0,0,0,0,0,0,0,0,0,0,0,0,0,0,0,0,0,0,0,0,0,0,0,0,0,0,0,0,0,1,0,0,0,0,0,0,0,0,0,0,0,0,0,0,0,0,0,0,0,0,0,0,0,8,1030.4752777777778,4,0.1163933752572396,0.1235501825394357,0.0,0.0967795095630014,0.0,0.0,0.8317870928441918,0.0,0.1233681363777682,0.1036170928298512,0.0,0.0,0.0,0.1263071787968877,0.1275885302680047,0.2131756534657124,0.1095451025978026,0.1111113280145202,0.1191362767743821,0.1089358007393463,0.0953392299849139,0.3031704609888367,0.1221117666824458,13,54,14,0,4,1
55003,4,2,3,72,3,3,1,5.0,0,0,0,3500782.83733,0,3,0,10,263,0,0,0,0,0,0,0,0,0,0,0,0,0,0,1,0,0,0,0,0,0,0,0,0,0,0,0,0,0,0,0,0,0,0,0,0,0,0,0,0,0,0,0,0,0,0,0,0,0,0,0,0,0,0,0,0,0,0,0,0,0,0,0,0,0,0,1,1,0,0,0,0,0,0,0,0,0,0,0,0,0,0,0,0,0,1,1,0,0,1,0,0,0,0,0,0,0,0,0,0,0,0,0,0,0,0,0,0,0,0,0,0,0,0,0,0,0,0,0,0,0,0,0,0,0,0,0,0,0,1,0,0,1,0,0,0,0,0,0,0,0,0,0,0,0,0,0,0,0,0,0,0,0,8,192.5888888888889,4,0.1146441905960097,0.1216934438400681,0.0,0.0953250862912746,0.0,0.0,0.8192868176266672,0.0,0.2430282670144951,0.1020599128871041,0.0,0.0,0.0,0.1244090073651678,0.1256711024109602,0.2099720039249564,0.1078988352500825,0.1094415230945894,0.1173458711995869,0.1072986901109198,0.0939064515442636,0.298614350136929,0.0,29,50,43,4,3,1
54140,30,3,2,6,2,8,8,5.0,0,0,0,3500814.018775,0,2,0,10,13,0,0,0,0,0,0,0,0,0,0,0,0,0,0,0,0,0,0,0,0,0,0,0,0,0,0,0,0,0,0,0,0,0,0,0,0,0,0,0,0,0,0,0,0,0,0,0,0,0,0,0,0,0,0,0,0,0,0,0,0,0,0,0,0,0,1,1,1,0,1,1,0,0,0,0,0,0,0,0,0,1,0,0,0,0,0,0,0,0,0,0,0,0,0,0,0,0,0,0,0,0,0,0,0,0,0,0,0,0,0,0,0,0,0,0,0,0,0,0,0,0,0,0,0,0,0,0,0,0,1,0,0,0,0,0,0,0,0,0,0,0,0,0,0,0,0,0,0,0,0,0,0,0,7,1391.0794444444443,4,0.0,0.0,0.0,0.560470617112395,0.0,0.0,0.0,0.0,0.0,0.0,0.0,0.0,0.0,0.0,0.0,0.6172726571500539,0.0,0.0,0.0,0.0,0.5521296533320442,0.0,0.0,3,49,2,0,2,1
54987,9,1,1,63,12,3,2,5.0,0,0,0,3500886.836235,0,1,0,10,18,0,0,0,0,0,0,0,0,0,0,0,0,0,0,0,0,0,0,1,0,0,0,0,0,0,0,0,0,0,0,0,0,0,0,0,0,0,0,0,0,0,0,0,0,0,0,0,0,0,0,0,0,0,0,0,0,0,0,0,0,0,0,0,0,0,0,1,1,0,1,0,0,0,1,0,0,0,0,0,0,0,0,0,0,0,0,0,0,0,0,0,1,0,0,0,0,0,0,0,0,0,0,0,0,0,0,0,0,0,0,0,0,0,0,0,0,0,0,0,0,0,0,0,0,0,0,0,0,0,1,0,0,0,0,0,0,0,0,0,0,0,0,0,0,0,0,0,0,0,0,0,0,0,7,182.635,4,0.0,0.0,0.0,0.0,0.0,0.0,0.0,0.0,0.0,0.0,0.0,0.0,0.0,0.0,0.0,0.0,0.0,0.0,0.0,0.0,0.0,0.0,0.0,30,43,51,9,1,1
54410,29,5,1,24,2,3,3,5426.0,0,1,0,3500971.14826,0,1,0,10,14,0,1,0,0,0,0,0,0,0,0,0,0,0,0,1,0,0,0,0,0,0,0,0,0,0,0,0,0,0,0,0,0,0,0,0,0,0,0,0,0,0,0,0,0,0,0,0,0,0,0,0,0,0,0,0,0,0,0,0,0,0,0,0,0,0,0,1,1,0,0,0,0,0,0,0,0,0,0,0,0,0,0,1,0,0,0,0,0,0,0,0,0,0,0,0,0,0,0,0,0,0,0,0,0,0,0,0,0,0,0,0,0,0,0,0,0,0,0,0,0,0,0,0,0,0,0,0,0,0,1,1,0,0,1,0,0,0,0,0,0,0,0,0,0,0,0,0,0,0,0,0,0,0,8,934.3844444444444,4,0.5336513031707214,0.0,0.0,0.0,0.0,0.0,0.0,0.0,0.0,0.0,0.0,0.0,0.0,0.0,0.584979903681612,0.0,0.502252698043067,0.0,0.0,0.0,0.0,0.3475011168633885,0.0,14,39,15,3,4,1
54528,10,0,1,4,1,4,4,5597.0,0,0,0,3501255.227324,0,1,0,10,2,0,0,0,0,0,0,0,0,0,0,0,0,0,0,0,0,0,0,0,0,0,0,0,0,0,0,0,0,0,0,0,0,0,0,0,0,0,0,0,0,0,0,0,0,0,0,0,0,0,0,0,0,0,0,0,0,0,0,0,0,0,0,0,0,0,0,1,1,0,1,0,0,0,0,0,0,0,0,0,0,0,0,0,0,0,1,0,0,0,0,0,0,0,0,0,0,0,0,0,0,0,0,0,0,0,0,0,0,0,0,0,0,0,0,0,0,0,0,0,0,0,0,0,0,0,0,0,0,0,1,0,0,0,0,0,0,0,0,0,0,0,0,0,0,0,0,0,0,0,0,0,0,0,5,666.5519444444444,4,0.0,0.0,0.0,0.0,0.0,0.0,0.0,0.0,0.0,1.0,0.0,0.0,0.0,0.0,0.0,0.0,0.0,0.0,0.0,0.0,0.0,0.0,0.0,15,32,21,0,4,1
54878,15,4,1,61,7,9,7,5.0,0,0,0,3501348.581365,0,1,0,10,14,0,0,0,0,0,0,0,0,0,0,0,0,0,0,0,0,0,0,0,0,0,0,0,0,0,0,0,0,0,0,0,0,0,0,0,0,0,0,0,0,0,0,0,0,0,0,0,0,0,0,0,0,0,0,0,0,0,0,0,0,0,0,0,0,0,1,0,1,0,1,1,0,0,0,0,0,0,0,0,0,0,0,0,0,0,0,0,0,0,1,0,0,0,0,0,1,0,0,0,0,0,0,0,0,0,0,0,0,0,0,0,0,0,0,0,0,0,0,0,0,0,0,0,0,0,0,0,0,0,1,0,0,0,0,0,0,0,0,0,0,0,0,0,0,0,0,0,0,0,0,0,0,0,7,213.5636111111111,4,0.0,0.0,0.7793390122229797,0.0,0.0,0.0,0.0,0.0,0.0,0.6266025087942996,0.0,0.0,0.0,0.0,0.0,0.0,0.0,0.0,0.0,0.0,0.0,0.0,0.0,31,27,46,2,1,1
54569,11,0,3,60,1,2,3,222715.0,0,0,0,3501332.627923,0,3,0,10,265,0,0,0,0,0,0,0,0,0,0,0,0,0,0,0,0,0,0,0,0,0,0,0,0,0,0,0,0,0,0,0,0,0,0,0,0,0,0,0,0,0,0,0,0,0,0,0,0,0,0,0,0,0,0,0,0,0,0,0,0,0,0,0,0,0,1,1,1,0,1,0,0,0,0,0,0,0,0,0,0,1,0,0,0,0,0,0,0,0,0,0,0,0,0,0,0,0,0,0,0,0,1,0,0,0,0,0,0,0,0,0,0,0,0,0,0,0,0,0,0,0,0,0,0,0,0,0,0,0,1,0,0,0,0,0,0,0,0,0,0,0,0,0,0,0,0,0,0,0,0,0,0,0,7,574.2872222222222,4,0.1163933752572396,0.1235501825394357,0.0,0.0967795095630014,0.0,0.0,0.8317870928441918,0.0,0.1233681363777682,0.1036170928298512,0.0,0.0,0.0,0.1263071787968877,0.1275885302680047,0.2131756534657124,0.1095451025978026,0.1111113280145202,0.1191362767743821,0.1089358007393463,0.0953392299849139,0.3031704609888367,0.1221117666824458,18,28,23,0,0,1
54821,6,0,2,265,3,1,1,438.0,0,0,0,3501416.725574,0,2,0,10,3033,0,0,1,0,0,0,0,0,0,0,0,0,0,1,0,0,0,0,1,0,0,0,0,0,0,0,0,0,0,0,0,0,0,0,0,0,0,0,0,0,0,0,0,0,0,0,0,0,0,0,0,0,0,0,0,0,0,0,0,0,0,0,0,0,0,0,1,0,0,1,0,0,0,0,0,0,0,0,0,0,0,0,0,0,0,0,0,0,0,0,0,1,0,0,0,0,0,0,0,0,0,0,0,0,0,0,0,0,0,0,0,0,0,0,0,0,0,0,0,0,0,0,0,0,0,0,0,0,0,1,0,0,0,0,0,0,0,0,0,0,0,0,0,0,0,0,0,0,0,0,0,0,0,7,294.44166666666666,4,0.3836464604058158,0.0,0.0,0.0289997106806572,0.0,0.0389321264411998,0.0,0.0,0.0369669187033663,0.853835770589544,0.0,0.0300735132150625,0.0,0.0567713918763248,0.0382315479862374,0.1437243552979879,0.0328248851039194,0.0,0.0,0.0,0.2285450793097322,0.0,0.2012474806151274,28,23,40,0,4,1
54695,16,12,2,52,3,11,9,4.0,0,0,0,3501402.25801,1,2,0,10,19,0,0,0,0,0,0,0,0,0,0,0,0,0,0,0,0,0,0,0,0,0,0,0,0,0,0,0,0,0,0,0,0,0,0,0,0,0,0,0,0,0,0,0,0,0,0,0,0,0,0,0,0,0,0,0,0,0,0,0,0,0,0,0,0,0,0,1,1,0,1,0,0,0,0,0,0,0,1,0,0,1,0,0,0,0,0,0,0,0,0,0,0,0,0,0,0,0,0,0,0,0,0,0,0,0,0,0,0,0,0,0,0,0,0,0,0,0,0,0,0,0,0,0,0,0,0,0,1,0,1,0,0,0,0,0,0,0,0,0,0,0,0,0,0,0,0,0,0,0,0,0,0,0,7,418.8,4,0.0,0.0,0.0,0.0,0.0,0.0,0.0,0.0,0.0,0.0,0.0,0.0,0.0,0.0,0.0,0.0,0.0,0.0,0.0,0.0,0.0,0.0,0.0,23,24,33,0,6,0
54798,13,0,1,54,1,3,4,13.0,0,0,0,3501450.293294,0,1,0,10,259,0,0,0,0,0,0,0,0,0,0,0,0,0,0,1,0,0,0,0,0,0,0,0,0,0,0,0,0,0,0,0,0,0,0,0,0,0,0,0,0,0,0,0,0,0,0,0,0,0,0,0,0,0,0,0,0,0,0,0,0,0,0,0,0,0,0,0,1,0,0,0,0,0,0,0,0,1,0,0,0,0,0,0,0,0,1,0,0,0,0,0,0,0,0,0,0,0,0,0,0,0,0,0,0,0,0,0,0,0,0,0,0,0,0,0,0,0,0,0,0,0,0,0,0,0,0,0,0,0,1,1,0,0,0,0,0,0,0,0,0,0,0,0,0,0,0,0,0,0,0,0,0,0,6,300.2438888888889,4,0.1172709896240515,0.1244817597445748,0.0,0.0975092339808885,0.0,0.0,0.8380588269630403,0.0,0.1242983409418394,0.1043983731141783,0.0,0.0,0.0,0.1272595439508205,0.1285505569035941,0.2147830131261961,0.1103710804993906,0.1119491153676714,0.1200345728146387,0.1097571844613813,0.096058094591861,0.3054563879289977,0.0,27,23,39,0,4,1
54360,9,6,2,9,2,3,1,239765.0,0,0,0,3501514.545548,1,2,0,10,52,0,0,0,0,0,0,0,0,0,0,0,0,0,0,0,0,0,0,0,0,0,0,0,0,0,0,0,0,0,0,0,0,0,0,0,0,0,0,0,0,0,0,0,0,0,0,0,0,0,0,0,0,0,0,0,0,0,0,0,0,0,0,0,0,0,0,1,0,0,1,0,0,0,0,0,0,0,0,0,0,1,0,0,0,0,0,0,0,0,0,0,0,0,0,0,0,0,0,0,0,0,0,0,0,0,0,0,0,0,0,0,0,0,0,0,0,0,0,0,0,0,0,0,0,0,0,0,0,0,1,0,0,0,1,0,0,0,0,0,0,0,0,0,0,0,0,0,0,0,0,0,0,0,5,860.9677777777778,4,0.0,0.0,0.0,0.0,0.0,0.0,0.0,0.0,0.0,0.0,0.0,0.0,0.0,0.0,0.0,0.0,0.0,0.0,0.0,0.0,0.0,0.0,0.0,12,21,12,2,1,1
54379,30,9,13,700,19,5,4,5.0,0,0,0,3501485.582912,0,13,0,10,407,0,0,0,0,0,0,0,0,0,0,0,1,0,0,0,0,0,0,0,0,0,0,0,0,0,0,0,0,0,0,0,0,0,0,0,0,0,0,0,0,0,0,0,0,0,0,0,0,0,0,0,0,0,0,0,0,0,0,0,0,0,0,0,0,0,1,1,0,0,1,0,0,0,0,0,0,0,0,0,0,1,1,0,0,0,0,0,0,0,0,0,0,0,0,0,1,0,1,0,0,0,0,0,0,0,0,0,0,0,0,0,0,0,0,0,0,0,0,0,0,0,0,0,0,0,0,0,0,0,1,0,1,0,0,0,0,0,0,0,0,0,0,0,0,0,0,0,0,0,0,0,0,0,10,839.8594444444444,4,0.0986404952292488,0.1047057116817823,0.0,0.1640364622168562,0.0,0.0,0.7049189060985226,0.0,0.1045514320803721,0.2634387394049517,0.0,0.0850552056976406,0.0,0.2140843950954902,0.1081281111007662,0.1806610726959623,0.2785102626237489,0.0941640913557927,0.1009650361528024,0.092320386013168,0.2423928897938425,0.3211617966306723,0.103486689961985,12,22,13,0,2,1
54662,5,0,1,53,1,3,3,6.0,0,0,0,3501573.668603,0,1,0,10,30,0,0,0,0,0,0,0,0,0,0,0,0,0,0,0,0,1,0,0,0,0,0,0,0,0,0,0,0,0,0,0,0,0,0,0,0,0,0,0,0,0,0,0,0,0,0,0,0,0,0,0,0,0,0,0,0,0,0,0,0,0,0,0,0,0,0,0,0,0,1,0,0,0,0,0,0,0,0,0,1,0,0,0,0,0,0,0,0,0,0,0,0,0,0,0,0,0,0,0,0,0,0,0,0,0,0,0,0,0,0,0,0,0,0,0,0,0,0,0,0,0,0,0,0,0,0,0,0,0,1,0,0,0,0,0,0,0,0,0,0,0,0,0,0,0,0,0,0,0,0,0,0,0,4,447.82194444444445,4,0.0,0.0,0.0,0.0,0.0,0.0,0.0,0.0,0.0,0.0,0.0,0.0,0.0,0.0,0.0,0.0,0.0,0.0,0.0,0.0,0.0,1.0,0.0,21,19,30,4,4,1
54769,13,1,1,420,3,5,5,4.0,0,0,0,3501609.59329,0,1,0,10,354,0,0,0,0,0,0,0,0,0,0,0,0,0,0,1,0,0,0,0,0,0,0,0,0,0,0,0,0,0,0,0,0,0,0,0,0,0,0,0,0,0,0,0,0,0,0,0,0,0,0,0,0,0,0,0,0,0,0,0,0,0,0,0,0,0,0,0,1,0,0,0,0,0,0,0,0,0,0,0,0,0,0,0,0,0,0,0,0,0,1,0,0,0,0,0,0,0,0,0,0,0,0,0,0,0,0,0,0,0,0,0,0,0,0,0,0,0,0,0,0,0,0,0,0,0,0,0,0,0,1,1,0,0,0,0,0,0,0,0,0,0,0,0,0,0,0,0,0,0,0,0,0,0,5,313.62944444444446,4,0.2179653725013897,0.1156838243598739,0.0,0.0906176223766195,0.0,0.0,0.7788277603125673,0.0,0.1155133689565805,0.097019861251789,0.0,0.0,0.0,0.1182652844941484,0.1194650531669358,0.1996029009949647,0.1025704385694746,0.1040369434526842,0.1115509490474273,0.1019999305562363,0.0892690444440258,0.4258016982161081,0.0,27,17,39,2,2,1
54575,12,0,1,29,4,5,6,5.0,0,0,0,3501668.112671,0,1,0,10,0,0,0,0,0,0,0,0,0,0,0,0,0,0,0,0,0,0,0,0,0,0,0,0,0,0,0,0,0,0,0,0,0,0,0,0,0,0,0,0,0,0,0,0,0,0,0,0,0,0,0,0,0,0,0,0,0,0,0,0,0,0,0,0,0,0,0,0,1,0,1,0,0,0,1,0,0,0,0,0,0,0,0,0,0,0,1,0,0,0,0,0,0,0,0,0,0,0,0,0,0,0,0,0,0,0,0,0,0,0,0,0,0,0,0,0,0,0,0,0,0,0,0,0,0,0,0,0,0,0,1,0,0,0,0,0,0,0,0,0,0,0,0,0,0,0,0,0,0,0,0,0,0,0,5,515.0144444444444,4,0.0,0.0,0.0,0.0,0.0,0.0,0.0,0.0,0.0,0.0,0.0,0.0,0.0,0.0,0.0,0.0,0.0,0.0,0.0,0.0,0.0,0.0,0.0,19,13,23,2,0,1
54888,12,5,3,64,1,3,3,6.0,0,0,0,3501918.617789,0,3,0,10,63,0,0,0,0,0,0,0,0,0,0,0,0,0,0,0,0,0,0,0,0,0,0,0,0,0,0,0,0,0,0,0,0,0,0,0,0,0,0,0,0,0,0,0,0,0,0,0,0,0,0,0,0,0,0,0,0,0,0,0,0,0,0,0,0,0,1,1,0,0,1,0,0,0,0,0,0,0,0,0,0,1,0,0,0,0,0,0,0,0,0,0,0,0,0,0,0,0,0,0,0,0,0,0,0,0,0,0,0,0,0,0,0,0,0,0,0,0,0,0,0,0,0,0,0,0,0,0,0,0,1,0,0,0,0,0,0,0,0,0,0,0,0,0,0,0,0,0,0,0,0,0,0,0,5,215.0222222222222,4,0.0,0.0,0.0,0.0,0.0,0.0,0.0,0.0,0.0,0.0,0.0,0.0,0.0,0.0,0.0,0.0,0.2579057851649435,0.0,0.0,0.0,0.8978416518192592,0.3568822974552227,0.0,33,31,47,2,2,1
54883,12,0,1,197,11,3,3,5.0,0,0,0,3502262.201004,0,1,0,10,68,0,1,0,0,0,0,0,0,0,0,0,0,0,0,0,0,0,0,0,1,0,0,0,0,0,0,0,0,0,0,0,0,0,0,0,0,0,0,0,0,0,0,0,0,0,0,0,0,0,0,0,0,0,0,0,0,0,0,0,0,0,0,0,0,0,0,0,1,0,1,0,0,0,0,0,0,0,0,0,0,0,0,1,0,0,0,0,0,0,0,0,0,0,0,0,0,0,0,0,0,0,0,0,1,0,0,0,0,0,0,0,0,0,0,0,0,1,0,0,0,0,0,0,0,0,0,0,0,0,1,0,0,0,0,0,0,0,0,0,0,0,0,0,0,0,0,0,0,0,0,0,0,0,8,191.95444444444445,4,0.4891156905503505,0.0,0.0,0.4066930488648011,0.0,0.0,0.0,0.0,0.0,0.4354263788663533,0.0,0.0,0.0,0.0,0.0,0.0,0.0,0.0,0.0,0.0,0.0,0.6370011568669568,0.0,32,25,46,4,2,1
54777,5,2,1,81,4,6,5,5910.0,0,0,0,3502368.142499,0,1,0,10,366,0,0,0,0,0,0,0,0,0,0,0,0,0,0,0,0,0,0,0,0,0,0,0,0,0,0,0,0,0,0,0,0,0,0,0,0,0,0,0,0,0,0,0,0,0,0,0,0,0,0,0,0,0,0,0,0,0,0,0,0,0,0,0,0,0,0,0,1,0,1,0,0,0,0,0,0,0,0,0,0,0,0,0,0,0,1,0,0,0,0,0,0,0,0,0,0,0,0,0,1,0,0,0,0,0,0,0,0,0,0,0,0,0,0,0,0,0,0,0,0,0,0,0,0,0,0,0,0,0,1,0,0,0,0,0,0,0,0,0,0,0,0,0,0,0,0,0,0,0,0,0,0,0,5,761.2380555555555,4,0.0972790073281259,0.2065210169579217,0.0,0.1617723448466808,0.0,0.0,0.6951892452762064,0.0,0.1031083583256057,0.0866008732063747,0.0,0.0,0.0,0.1055647449403534,0.2132713402888288,0.1781674937240829,0.0915553725873168,0.0928643891310301,0.0995714637174756,0.0910461315774842,0.0796824186244521,0.4434205340664132,0.3061749370107692,28,72,39,1,2,1
54721,16,0,1,66,4,4,5,4460.0,0,0,0,3502390.491842,0,1,0,10,336,0,0,0,0,0,0,0,0,0,0,0,0,0,0,0,0,0,0,0,0,0,0,0,0,0,0,0,0,0,0,0,0,0,0,0,0,0,0,0,0,0,0,0,0,0,0,0,0,0,0,0,0,0,0,0,0,0,0,0,0,0,0,0,0,0,0,0,1,0,1,0,0,0,0,0,0,0,0,0,0,0,0,0,0,0,1,0,0,0,0,0,0,0,0,0,0,0,0,0,1,0,0,0,0,0,0,0,0,0,0,0,0,0,0,0,0,0,0,0,0,0,0,0,0,0,0,0,0,0,1,0,0,0,0,0,0,0,0,0,0,0,0,0,0,0,0,0,0,0,0,0,0,0,5,819.0697222222223,4,0.1120293791819514,0.1189178526451302,0.0,0.1863018122795164,0.0,0.0,0.8006004759029355,0.0,0.1187426320328831,0.0997321244161174,0.1269685999797944,0.0,0.0,0.1215714794382933,0.2456095770927157,0.2051829501609468,0.1054378722958434,0.1069453744256344,0.1146694396960793,0.1048514153021664,0.0917646276971493,0.2918035365485533,0.0,26,73,35,0,0,1
55757,8,0,1,52,2,3,3,4.0,0,0,0,3522037.272364,0,1,0,10,13,0,0,0,0,0,0,0,0,0,0,0,0,0,0,0,0,0,0,0,0,0,0,0,0,0,0,0,0,0,0,0,0,0,0,0,0,0,0,0,0,0,0,0,0,0,0,0,0,0,0,0,0,0,0,0,0,0,0,0,0,0,0,0,0,0,1,1,0,0,0,0,0,0,0,0,0,0,1,0,0,0,0,0,0,0,0,0,0,0,0,0,0,0,0,0,1,0,0,0,0,0,0,0,0,0,0,0,0,0,0,0,0,0,0,0,0,0,0,0,0,0,0,0,0,0,0,0,0,0,0,0,0,0,0,0,0,0,0,0,0,0,0,0,0,0,0,0,0,0,0,0,0,0,4,218.07888888888888,4,0.0,0.0,0.0,0.0,0.0,0.0,0.0,0.0,0.0,0.0,0.0,0.0,0.0,0.0,0.0,0.0,0.8223548294979172,0.0,0.0,0.0,0.0,0.5689749857431797,0.0,92,92,48,39,3,1
55548,7,2,1,62,8,5,4,4606.0,0,0,0,3618816.789733,0,1,0,10,266,0,0,0,0,0,0,0,0,0,0,0,0,0,0,0,0,0,0,0,0,0,0,0,0,0,0,0,0,0,0,0,0,0,0,0,0,0,0,0,0,0,0,0,0,0,0,0,0,0,0,0,0,0,0,0,0,0,0,0,0,0,0,0,0,0,0,1,1,0,0,0,0,0,0,0,0,0,0,0,0,0,0,0,0,0,0,1,0,0,0,0,0,0,0,0,0,0,0,0,0,0,0,1,0,0,0,0,0,0,0,0,0,0,0,0,0,0,0,0,0,0,0,0,0,1,0,0,0,0,0,0,0,0,0,0,0,0,0,0,0,0,0,0,0,0,0,0,0,0,0,0,0,0,5,470.8258333333333,4,0.1153995511379357,0.1224952500651371,0.0,0.0959531583153849,0.0,0.0,0.8246848838639363,0.0,0.1223147583035022,0.2054647178390664,0.0,0.0,0.0,0.1252287057269887,0.1264991163864446,0.2113554544587297,0.1086097524125133,0.1101626046231359,0.1181190324073314,0.1080056530742308,0.0945251765556232,0.3005818418709077,0.0,81,94,53,40,5,0
55230,3,0,2,24,1,1,1,7063.0,0,0,0,3624628.562948,0,2,0,10,47,0,0,0,0,0,0,0,0,0,0,0,0,0,0,0,0,0,0,0,0,0,0,0,0,0,0,0,0,0,0,0,0,0,0,0,0,0,0,0,0,0,0,0,0,0,0,0,0,0,0,0,0,0,0,0,0,0,0,0,0,0,0,0,0,0,0,1,1,0,0,0,0,0,0,0,0,0,0,0,0,0,0,0,0,0,0,0,0,0,0,0,0,0,0,0,0,0,0,0,0,0,0,0,0,0,0,0,0,0,0,0,0,0,0,0,0,0,0,0,0,0,0,0,0,0,0,0,0,0,0,0,0,0,0,0,0,0,0,0,0,0,0,0,0,0,0,0,0,0,0,0,0,0,2,1054.8455555555556,4,0.0,0.0,0.0,0.0,0.0,0.0,0.0,0.0,0.0,0.0,0.0,0.0,0.0,0.0,0.0,0.0,0.0,0.0,0.0,0.0,0.0,1.0,0.0,84,95,65,0,2,1
55457,11,2,2,28,2,7,6,4.0,0,0,0,3782253.478007,0,2,0,10,10,0,0,0,0,0,0,0,0,0,0,0,0,0,0,0,0,0,0,0,0,0,0,0,0,0,0,0,0,0,0,0,0,0,0,0,0,0,0,0,0,0,0,0,0,0,0,0,0,0,0,0,0,0,0,0,0,0,0,0,0,0,0,0,0,0,0,1,1,0,0,0,0,0,0,0,1,0,0,0,0,1,0,0,0,0,0,0,0,0,0,0,0,0,0,0,0,0,0,0,0,0,0,0,0,0,0,0,0,0,0,0,0,0,1,0,0,0,0,0,0,0,0,0,0,0,0,0,0,0,0,0,0,0,0,0,0,0,0,0,0,0,0,0,0,0,0,0,0,0,0,0,0,0,5,219.68722222222223,4,0.0,0.0,0.0,0.0,0.0,0.0,0.0,0.0,0.0,0.0,0.0,0.0,0.0,0.0,1.0,0.0,0.0,0.0,0.0,0.0,0.0,0.0,0.0,79,83,55,3,5,0
55602,12,9,9,175,6,7,4,257.0,1,0,0,3824264.857596,0,9,0,10,615,0,0,0,0,0,0,0,0,0,0,0,0,0,0,0,0,0,0,0,0,0,0,0,0,0,0,0,0,0,0,0,0,0,0,0,0,0,0,0,0,0,0,0,0,0,0,0,0,0,0,0,0,0,0,0,0,0,0,0,0,0,0,0,0,0,0,0,1,0,0,0,0,0,1,0,0,0,0,0,0,1,0,0,0,0,1,0,0,0,0,0,0,0,0,0,0,0,0,0,0,0,0,0,0,0,0,0,0,0,0,0,0,0,0,0,0,0,0,0,0,0,0,0,0,0,0,0,0,0,0,0,0,0,0,0,0,0,0,0,0,0,0,0,0,0,0,0,0,0,0,0,0,0,4,314.1188888888889,4,0.1093438858283789,0.1160672334126435,0.0,0.1818359098324219,0.0,0.0,0.781409016728531,0.0,0.1158962130717274,0.1946828252590103,0.0,0.0,0.0,0.1186572492390412,0.1198609942859925,0.2002644417040831,0.2058207722740158,0.1043817514339466,0.1119206605775094,0.1023379872981666,0.0895649074132986,0.356010771657282,0.0,88,99,55,0,2,1
55458,14,8,5,53,3,5,4,176.0,0,0,0,3833114.596147,1,5,0,10,14,0,0,0,0,0,0,0,0,0,0,0,0,0,0,0,0,0,0,0,0,0,0,0,0,0,0,0,0,0,0,0,0,0,0,0,0,0,0,0,0,0,0,0,0,0,0,0,0,0,0,0,0,0,0,0,0,0,0,0,0,0,0,0,0,0,0,1,1,1,1,0,0,0,1,0,0,0,0,0,0,1,0,0,0,0,1,0,0,0,0,0,0,0,0,0,0,0,0,0,0,0,0,0,0,0,0,1,0,0,0,0,0,0,0,0,0,1,0,0,0,0,0,0,0,0,0,0,0,0,1,0,0,0,0,1,0,0,0,0,0,0,0,0,0,0,0,0,0,0,0,0,0,0,11,224.07611111111112,4,0.0,0.0,0.0,0.0,0.0,0.0,0.0,0.0,0.0,0.6139777425726712,0.0,0.0,0.0,0.0,0.0,0.0,0.6491038588906828,0.0,0.0,0.0,0.0,0.4491052348821946,0.0,79,82,54,31,5,0
55362,17,4,4,779,5,4,3,5.0,0,0,0,3990921.688584,0,4,0,10,39,0,1,1,0,0,0,0,0,0,0,0,0,0,0,0,0,0,0,0,0,0,0,0,0,0,0,0,0,0,0,0,0,0,0,0,0,0,0,0,0,0,0,0,0,0,0,0,0,0,0,0,0,0,0,0,0,0,0,0,0,0,0,0,0,0,0,1,1,0,0,0,0,0,0,0,0,0,0,0,0,1,0,1,0,0,0,0,0,0,0,0,0,0,0,0,0,0,0,0,0,0,0,0,0,0,0,0,0,0,0,1,0,0,0,0,0,0,0,0,0,0,0,0,0,0,0,0,0,0,0,0,0,0,0,0,0,0,0,0,0,0,0,0,0,0,0,0,0,0,0,0,0,0,7,717.6786111111111,4,0.0,0.0,0.0,0.0,0.0,0.0,0.3850750417406101,0.0,0.0,0.0,0.4274879704171663,0.0,0.0,0.0,0.0,0.0,0.3549966057751865,0.0,0.0,0.0,0.0,0.7368504985851446,0.0,103,98,54,26,4,1
55551,4,0,3,58429,414,2,2,5.0,0,0,0,4276497.354681,0,3,0,10,9,0,0,1,0,0,0,0,0,0,0,0,0,0,0,0,0,0,0,0,0,0,0,0,0,0,0,0,0,0,0,0,0,0,0,0,0,0,0,0,0,0,0,0,0,0,0,0,0,0,0,0,0,0,0,0,0,0,0,0,0,0,0,0,0,0,1,0,1,0,0,0,0,0,0,0,0,0,0,0,0,1,0,0,0,0,0,0,0,0,0,0,0,0,0,0,0,0,0,0,0,0,0,0,0,0,0,0,0,0,0,0,0,0,0,0,1,0,0,0,0,0,0,0,0,0,0,0,0,0,0,0,0,0,0,0,0,0,0,0,0,0,0,0,0,0,0,0,0,0,0,0,0,0,5,287.1025,4,0.0,0.0,0.0,0.0,0.0,0.0,0.0,0.0,0.0,0.0,0.0,0.0,0.0,0.0,0.0,0.0,0.0,0.0,0.0,0.0,0.0,1.0,0.0,82,92,55,18,5,0
54869,24,6,6,41,6,8,6,5376.0,0,1,0,4284772.012498,0,6,0,10,13,0,0,0,0,0,0,0,0,0,0,0,0,0,0,0,0,0,0,0,0,0,0,0,0,0,0,0,0,0,0,0,0,0,0,0,0,0,0,0,0,0,0,0,0,0,0,0,0,0,0,0,0,0,0,0,0,0,0,0,0,0,0,0,0,0,0,1,1,0,0,0,0,0,0,0,0,0,0,0,0,1,0,0,0,0,0,0,0,0,0,0,0,0,0,0,0,0,0,0,0,0,0,1,0,0,1,0,0,0,0,0,0,0,0,0,0,0,0,0,0,0,0,0,0,1,0,0,0,0,0,0,0,0,0,0,0,0,0,0,0,0,0,0,0,0,0,0,0,0,0,0,0,0,6,1400.8594444444443,4,0.0,0.0,0.0,0.0,0.0,0.0,0.0,0.0,0.0,0.0,0.0,0.0,0.0,0.0,0.0,0.0,0.8223548294979172,0.0,0.0,0.0,0.0,0.5689749857431797,0.0,27,90,42,6,0,1
55197,6,4,1,2055,51,3,1,4.0,0,0,0,4357201.239013,0,1,0,10,35,0,0,0,0,0,0,0,0,0,0,0,0,0,0,0,0,0,0,0,0,0,0,0,0,0,0,0,0,0,0,0,0,0,0,0,0,0,0,0,0,0,0,0,0,0,0,0,0,0,0,0,0,0,0,0,0,0,0,0,0,0,0,0,0,0,1,1,1,0,0,0,0,0,0,0,0,0,0,0,0,0,0,0,0,0,0,0,0,0,0,0,0,0,0,0,0,1,0,0,0,0,0,0,0,0,0,0,0,0,0,0,0,0,0,0,0,0,0,0,0,0,0,0,0,0,0,0,0,0,0,0,0,0,0,0,0,0,0,0,0,0,0,0,0,0,0,0,0,0,0,0,0,0,4,878.0616666666666,4,0.0,0.0,0.0,0.0,0.0,0.0,0.0,0.0,0.0,0.0,0.0,0.0,0.0,0.0,0.0,0.0,0.0,0.0,0.0,0.0,0.0,0.0,0.0,69,87,52,21,0,1
55544,3,1,1,28,2,2,1,5241.0,0,0,0,4364319.736092,0,1,0,10,21,0,0,0,0,0,0,0,0,0,0,0,0,0,0,0,0,0,0,0,0,0,0,0,0,0,0,0,0,0,0,0,0,0,0,0,0,0,0,0,0,0,0,0,0,0,0,0,0,0,0,0,0,0,0,0,0,0,0,0,0,0,0,0,0,0,0,1,1,0,0,0,0,0,0,0,0,0,0,0,0,0,0,0,0,0,0,0,0,1,0,0,0,0,0,0,0,0,0,0,0,0,0,0,0,0,1,0,0,0,0,0,0,0,0,0,0,0,0,0,0,0,0,0,0,0,0,0,0,0,0,0,0,0,0,0,0,0,0,0,0,0,0,0,0,0,0,0,0,0,0,0,0,0,4,273.57472222222225,4,0.0,0.0,0.0,0.0,0.0,0.0,0.0,0.0,0.0,1.0,0.0,0.0,0.0,0.0,0.0,0.0,0.0,0.0,0.0,0.0,0.0,0.0,0.0,78,86,51,32,5,0
55591,7,0,2,14,1,3,4,583.0,0,0,0,4395097.196072,0,2,0,10,174,0,0,0,0,0,0,0,0,0,0,0,0,0,0,0,0,0,0,0,0,0,0,0,0,0,0,0,0,0,0,0,0,0,0,0,0,0,0,0,0,0,0,0,0,0,0,0,0,0,0,0,0,0,0,0,0,0,0,0,0,0,0,0,0,0,0,1,1,0,0,0,0,0,0,0,0,0,0,0,0,1,0,0,0,0,1,0,0,0,0,0,0,0,0,0,0,0,0,0,0,0,0,0,0,0,0,0,0,0,0,0,0,0,0,0,0,0,0,0,0,0,0,0,0,0,0,0,0,0,0,0,0,0,0,0,0,0,0,0,0,0,0,0,0,0,0,0,0,0,0,0,0,0,4,176.7927777777778,4,0.0,0.0,0.0,0.0,0.0,0.0,0.0,0.0,0.1636803624396128,0.0,0.0,0.3994742095525798,0.0,0.1675797771710941,0.0,0.0,0.4360213898778831,0.0,0.3161313696500156,0.0,0.0,0.70391222309989,0.0,89,86,58,1,1,1
55472,5,1,1,50,2,2,3,4524.0,0,0,0,4401333.459447,0,1,0,10,268,0,0,0,0,0,0,0,0,0,0,0,0,0,0,0,0,0,0,0,0,0,0,0,0,0,0,0,0,0,0,0,0,0,0,0,0,0,0,0,0,0,0,0,0,0,0,0,0,0,0,0,0,0,0,0,0,0,0,0,0,0,0,0,0,0,1,1,1,0,0,0,0,0,0,0,0,0,0,0,0,0,0,0,0,0,0,0,0,0,1,0,0,0,0,0,0,0,0,0,0,0,0,0,0,0,0,0,0,0,0,0,0,0,0,0,0,0,0,0,0,0,0,0,0,0,0,0,0,0,0,0,0,0,0,0,0,0,0,0,0,0,0,0,0,0,0,0,0,0,0,0,0,0,4,393.675,4,0.1100940318947982,0.116863504534024,0.0,0.09154169117481,0.0,0.0,0.7867698185303206,0.0,0.1166913109200433,0.0980092165696205,0.0,0.0,0.0,0.238942577965005,0.1206832922379956,0.2016383418728018,0.103616395629624,0.105097855125076,0.2253769688530535,0.1030400698886598,0.1803587223686383,0.2867625268869382,0.115502937397901,82,83,59,34,6,0
55495,7,1,1,8,1,3,3,23454.0,0,0,0,4402741.968402,1,1,0,10,257,0,0,0,0,0,0,0,0,0,0,0,0,0,0,0,0,0,0,0,0,0,0,0,0,0,0,0,0,0,0,0,0,0,0,0,0,0,0,0,0,0,0,0,0,0,0,0,0,0,0,0,0,0,0,0,0,0,0,0,0,0,0,0,0,0,0,1,0,1,0,0,0,0,0,0,0,0,0,1,0,0,0,0,0,0,0,0,0,0,0,0,0,0,0,0,0,0,0,0,0,0,0,0,0,0,0,0,0,0,0,0,0,0,0,0,0,0,0,0,0,0,0,1,0,0,0,0,0,0,0,0,0,0,0,1,0,0,0,0,0,0,0,0,0,0,0,0,0,0,0,0,0,0,5,339.8827777777778,4,0.1153995511379357,0.1224952500651371,0.0,0.0959531583153849,0.0,0.0,0.8246848838639363,0.0,0.1223147583035022,0.2054647178390664,0.0,0.0,0.0,0.1252287057269887,0.1264991163864446,0.2113554544587297,0.1086097524125133,0.1101626046231359,0.1181190324073314,0.1080056530742308,0.0945251765556232,0.3005818418709077,0.0,77,80,42,0,1,1
54677,8,0,1,39,5,2,2,4285.0,0,0,0,4426044.172624,1,1,0,10,116,0,0,0,0,0,0,0,0,0,0,0,0,0,0,0,0,0,0,0,0,0,0,0,0,0,0,0,0,0,0,0,0,0,0,0,0,0,0,0,0,0,0,0,0,0,0,0,0,0,0,0,0,0,0,0,0,0,0,0,0,0,0,0,0,0,0,1,1,0,0,0,0,0,0,0,0,0,0,0,0,0,0,0,0,1,0,0,0,0,0,0,0,0,0,0,0,0,0,0,0,0,0,0,0,0,0,0,0,0,1,0,0,0,0,0,0,0,0,0,0,0,0,0,0,0,0,0,0,0,1,0,0,0,0,0,0,0,0,0,0,0,0,0,0,0,0,0,0,0,0,0,0,0,5,662.4611111111111,4,0.0,0.0,0.0,0.195524016859537,0.0,0.0,0.0,0.0,0.0,0.2093380127351385,0.0,0.2027638885655991,0.0,0.0,0.0,0.0,0.6639431812764881,0.0,0.0,0.0,0.0,0.6124964529511981,0.2467028737320038,21,55,30,5,5,0
55571,4,0,1,58,1,1,1,4549.0,0,0,0,4526705.824541,1,1,0,10,268,0,0,0,0,0,0,0,0,0,0,0,0,0,0,0,0,0,0,0,0,0,0,0,0,0,0,0,0,0,0,0,0,0,0,0,0,0,0,0,0,0,0,0,0,0,0,0,0,0,0,0,0,0,0,0,0,0,0,0,0,0,0,0,0,0,0,1,1,0,0,0,0,0,0,0,0,0,0,0,0,0,0,0,0,0,1,0,0,1,0,0,0,0,0,0,0,0,1,0,1,0,0,0,0,0,0,0,0,0,0,0,0,0,0,0,0,0,0,0,0,0,0,0,0,0,0,0,0,0,0,0,0,0,0,0,0,0,0,0,0,0,0,0,0,0,0,0,0,0,0,0,0,0,6,169.3525,4,0.1163933752572396,0.1235501825394357,0.0,0.0967795095630014,0.0,0.0,0.8317870928441918,0.0,0.1233681363777682,0.1036170928298512,0.0,0.0,0.0,0.1263071787968877,0.1275885302680047,0.2131756534657124,0.1095451025978026,0.1111113280145202,0.1191362767743821,0.1089358007393463,0.0953392299849139,0.3031704609888367,0.1221117666824458,85,97,58,5,0,1
55460,21,0,1,68,2,4,6,5.0,0,0,0,4548418.952722,0,1,0,10,18,0,0,0,0,0,0,0,0,0,0,0,1,0,0,0,0,0,0,0,0,0,0,0,0,0,0,0,0,0,0,0,0,0,0,0,0,0,0,0,0,0,0,0,0,0,0,0,0,0,0,0,0,0,0,0,0,0,0,0,0,0,0,0,0,0,0,1,1,0,0,0,0,0,0,0,0,0,0,0,0,0,1,0,0,0,0,0,0,0,0,0,0,0,0,0,0,0,0,0,0,0,0,0,0,0,0,0,0,0,0,0,0,1,1,0,0,0,0,0,0,0,0,0,0,0,0,0,0,0,0,0,0,0,0,0,0,0,0,0,0,0,0,0,0,0,0,0,0,0,0,0,0,0,6,284.37,4,0.0,0.0,0.0,0.0,0.0,0.0,0.0,0.0,0.0,0.4994001906807335,0.6357845419577559,0.0,0.0,0.0,0.0,0.0,0.0,0.0,0.0,0.0,0.0,0.0,0.5885384148512426,77,77,55,0,5,0
54845,9,0,1,17,3,5,5,4.0,0,0,0,4666076.518604,0,1,0,10,9,0,0,1,0,0,0,0,0,0,0,0,0,0,0,1,0,0,0,0,0,0,0,0,0,0,0,0,0,0,0,0,0,0,0,0,0,0,0,0,0,0,0,0,0,0,0,0,0,0,0,0,0,0,0,0,0,0,0,0,0,0,0,0,0,0,0,1,1,0,0,0,0,0,0,0,0,0,0,0,0,0,0,0,0,0,0,0,0,0,0,0,0,0,0,0,0,0,0,0,0,0,0,0,0,0,0,0,0,0,0,0,0,0,0,0,0,0,0,0,0,0,0,0,0,0,0,0,0,1,0,0,0,0,0,1,0,0,0,0,0,0,0,0,0,0,0,0,0,0,0,0,0,0,6,230.0186111111111,4,0.0,0.0,0.0,0.0,0.0,0.0,0.0,0.0,0.0,0.0,0.0,0.0,0.0,0.0,0.0,0.0,0.0,0.0,0.0,0.0,0.0,1.0,0.0,27,15,40,3,6,0
54059,1,0,1,5,1,5,5,863791.0,0,0,0,4666525.051956,0,1,0,10,282,0,0,0,0,0,0,0,0,0,0,0,0,0,0,1,0,0,0,0,0,0,0,0,0,0,0,0,0,0,0,0,0,0,0,0,0,0,0,0,0,0,0,0,0,0,0,0,0,0,0,0,0,0,0,0,0,0,0,0,0,0,0,0,0,0,0,0,0,0,0,0,0,0,0,0,0,0,0,0,0,0,0,0,0,0,0,0,0,0,0,0,0,0,0,0,0,0,0,0,0,0,0,0,0,0,0,0,0,0,0,0,0,0,0,0,0,0,0,0,0,0,0,0,0,0,0,0,0,1,0,0,0,0,0,1,0,0,0,0,0,0,0,0,0,0,0,0,0,0,0,0,0,0,3,239.9413888888889,4,0.1163933752572396,0.1235501825394357,0.0,0.0967795095630014,0.0,0.0,0.8317870928441918,0.0,0.1233681363777682,0.1036170928298512,0.0,0.0,0.0,0.1263071787968877,0.1275885302680047,0.2131756534657124,0.1095451025978026,0.1111113280145202,0.1191362767743821,0.1089358007393463,0.0953392299849139,0.3031704609888367,0.1221117666824458,0,1,0,0,4,1
54350,15,0,2,137,8,4,4,4884.0,0,0,0,4668941.955012,0,2,0,10,41,0,0,0,0,0,0,0,0,0,0,0,0,0,0,0,0,0,0,0,0,0,0,0,0,0,0,0,0,0,0,0,0,0,0,0,0,0,0,0,0,0,0,0,0,0,0,0,0,0,0,0,0,0,0,0,0,0,0,0,0,0,0,0,0,0,0,0,1,0,1,0,0,0,0,0,0,0,0,0,0,1,0,0,0,0,1,0,0,0,0,0,0,0,0,0,0,0,0,0,1,0,0,0,0,0,0,0,0,0,0,0,0,0,0,0,0,0,0,0,0,0,0,0,0,0,0,0,0,0,1,0,0,0,0,0,0,0,0,0,0,0,0,0,0,0,0,0,0,0,0,0,0,0,6,291.7027777777778,4,0.0,0.0,0.0,0.4504635914253599,0.0,0.0,0.0,0.0,0.0,0.0,0.0,0.0,0.5912536521292243,0.0,0.0,0.0,0.0,0.0,0.0,0.0,0.0,0.3527793623045044,0.5683734627655023,10,3,10,0,1,1
54227,1,0,1,6,1,1,1,7610248.0,0,0,0,4684301.573002,0,1,0,10,255,0,0,0,0,0,0,0,0,0,0,0,0,0,0,0,0,0,0,0,0,0,0,0,0,0,0,0,0,0,0,0,0,0,0,0,0,0,0,0,0,0,0,0,0,0,0,0,0,0,0,0,0,0,0,0,0,0,0,0,0,0,0,0,0,0,0,0,0,0,0,0,0,0,0,0,0,0,0,1,0,0,0,0,0,0,0,0,0,0,0,0,0,0,0,0,0,0,0,0,0,0,0,0,0,0,0,0,0,0,0,0,0,0,0,0,0,0,0,0,0,0,0,0,0,0,0,0,0,0,0,0,0,0,0,0,0,0,0,0,0,0,0,0,0,0,0,0,0,0,0,0,0,0,1,2113.9575,4,0.0,0.0,0.0,0.0,0.0,0.0,0.0,0.0,0.0,0.0,0.6564657108195713,0.0,0.0,0.0,0.0,0.0,0.0,0.0,0.0,0.0,0.0,0.7543558646409233,0.0,8,92,6,0,1,1
54626,4,0,1,2,1,2,2,27602.0,0,0,0,4684874.758023,0,1,0,10,0,0,0,0,0,0,0,0,0,0,0,0,0,0,0,0,0,0,0,0,0,0,0,0,0,0,0,0,0,0,0,0,0,0,0,0,0,0,0,0,0,0,0,0,0,0,0,0,0,0,0,0,0,0,0,0,0,0,0,0,0,0,0,0,0,0,0,1,0,0,0,0,0,0,0,0,0,0,0,1,0,0,0,0,0,0,0,0,0,0,0,0,0,0,0,0,0,0,0,0,0,0,1,0,0,0,0,0,0,0,0,0,0,0,0,0,0,0,0,0,0,0,0,0,0,0,0,0,0,0,0,0,0,0,0,0,0,0,0,0,0,0,0,0,0,0,0,0,0,0,0,0,0,0,3,1574.4044444444444,4,0.0,0.0,0.0,0.0,0.0,0.0,0.0,0.0,0.0,0.0,0.0,0.0,0.0,0.0,0.0,0.0,0.0,0.0,0.0,0.0,0.0,0.0,0.0,16,91,24,0,3,1
55527,14,0,1,257,5,6,6,4595.0,0,0,0,4686751.437016,0,1,0,10,155,0,0,0,0,0,0,0,0,0,0,0,0,0,0,0,0,0,0,0,0,0,0,0,0,0,0,0,0,0,0,0,0,0,0,0,0,0,0,0,0,0,0,0,0,0,0,0,0,0,0,0,0,0,0,0,0,0,0,0,0,0,0,0,0,0,0,0,1,1,1,0,0,0,0,0,0,0,0,0,0,0,0,0,0,0,0,1,0,0,0,0,0,0,0,0,0,0,0,0,0,0,0,0,0,0,0,1,0,0,1,0,0,0,0,0,0,1,0,0,0,0,0,0,0,0,0,0,0,0,1,0,0,0,0,1,0,0,0,0,0,0,0,0,0,0,0,0,0,0,0,0,0,0,9,205.90527777777777,4,0.0,0.0,0.0,0.0,0.0,0.0,0.0,0.0,0.0,0.0,0.0,0.0,0.0,0.0,0.0,0.0,0.0,0.0,0.0,0.0,0.0,0.5273583657928256,0.8496429567932169,76,89,48,0,4,1
55434,6,5,4,5,1,4,2,9962.0,0,0,0,4691116.395644,0,4,0,10,12,0,0,0,0,0,0,0,0,0,0,0,0,0,0,0,0,0,0,0,0,0,0,0,0,0,0,0,0,0,0,0,0,0,0,0,0,0,0,0,0,0,0,0,0,0,0,0,0,0,0,0,0,0,0,0,0,0,0,0,0,0,0,0,0,0,0,0,1,0,0,0,0,0,0,0,0,0,0,0,0,1,0,0,0,0,0,0,0,1,0,0,0,0,0,0,0,0,0,0,0,0,0,0,0,0,0,0,0,0,0,0,0,0,0,0,0,0,0,0,0,0,0,0,0,0,1,0,0,0,0,0,0,0,0,0,0,0,0,0,0,0,0,0,0,0,0,0,0,0,0,0,0,0,4,379.49111111111114,4,0.0,0.0,0.0,0.0,0.0,0.0,0.0,0.0,0.0,0.0,0.0,0.0,0.0,0.0,0.0,0.0,0.0,0.0,0.0,0.0,0.0,0.0,0.0,78,83,52,3,3,1
55368,8,7,1,842,7,2,1,4.0,0,0,0,4691136.892451,1,1,0,10,255,0,0,1,0,0,0,0,0,0,0,0,0,0,0,0,0,0,0,0,0,0,0,0,0,0,0,0,0,0,0,0,0,0,0,0,0,0,0,0,0,0,0,0,0,0,0,0,0,0,0,0,0,0,0,0,0,0,0,0,0,0,0,0,0,0,0,1,1,0,0,0,0,0,0,0,0,0,0,0,0,0,0,0,0,0,0,0,0,0,0,0,0,0,0,0,0,0,0,0,0,0,0,0,0,0,0,0,0,0,0,1,0,0,0,0,0,0,0,0,0,0,0,0,0,0,0,0,0,0,0,0,0,0,0,0,0,0,0,0,0,0,0,0,0,0,0,0,0,0,0,0,0,0,4,497.0447222222222,4,0.1172709896240515,0.1244817597445748,0.0,0.0975092339808885,0.0,0.0,0.8380588269630403,0.0,0.1242983409418394,0.1043983731141783,0.0,0.0,0.0,0.1272595439508205,0.1285505569035941,0.2147830131261961,0.1103710804993906,0.1119491153676714,0.1200345728146387,0.1097571844613813,0.096058094591861,0.3054563879289977,0.0,96,82,54,0,5,0
55266,26,0,2,24829,11,2,3,5.0,0,0,0,4746726.698288,1,2,0,10,43,0,1,0,0,0,0,0,0,0,0,0,0,0,0,0,0,0,0,1,0,0,0,0,0,0,0,0,0,0,0,0,0,0,0,0,0,0,0,0,0,0,0,0,0,0,0,0,0,0,0,0,0,0,0,0,0,0,0,0,0,0,0,0,0,0,0,1,1,0,0,0,0,0,0,0,0,0,0,0,1,0,0,1,0,0,0,0,0,0,0,0,1,0,0,0,0,0,0,0,0,0,0,0,0,0,0,0,0,0,0,0,0,0,0,0,0,0,0,0,0,0,0,0,0,0,0,0,0,0,0,0,0,0,0,0,0,0,0,0,0,0,0,0,0,0,0,0,0,0,0,0,0,0,7,676.8236111111111,4,0.0,0.3643837184579491,0.0,0.0,0.0,0.0,0.0,0.0,0.0,0.0,0.0,0.0,0.0,0.0,0.0,0.0,0.6461577150758805,0.0,0.0,0.0,0.0,0.6706002631752207,0.0,96,78,65,23,4,1
55521,5,0,1,13,1,1,1,5.0,0,0,0,4819747.220132,0,1,0,10,70,0,0,0,0,0,0,0,0,0,0,0,0,0,0,0,0,0,0,0,0,0,0,0,0,0,0,0,0,0,0,0,0,0,0,0,0,0,0,0,0,0,0,0,0,0,0,0,0,0,0,0,0,0,0,0,0,0,0,0,0,0,0,0,0,0,0,1,1,0,0,0,0,0,0,0,0,0,0,0,0,0,0,0,0,0,1,0,0,0,0,0,0,0,0,0,0,0,0,0,0,0,0,0,0,0,0,0,1,0,0,0,0,0,0,0,0,0,0,0,0,0,0,0,0,0,0,0,0,0,0,0,0,0,0,0,0,0,0,0,0,0,0,0,0,0,0,0,0,0,0,0,0,0,4,177.71194444444444,4,0.0,0.0,0.0,0.3892618082735071,0.0,0.0,0.0,0.0,0.4962052821571807,0.4167636011498388,0.5305802044258963,0.0,0.0,0.0,0.0,0.0,0.0,0.0,0.0,0.0,0.383468786222483,0.0,0.0,76,78,49,3,3,1
55430,7,4,3,59,2,3,2,4.0,0,1,0,4953992.622515,0,3,0,10,19,0,0,0,0,0,0,0,0,0,0,0,0,0,0,0,0,0,0,0,0,0,0,0,0,0,0,0,0,0,0,0,0,0,0,0,0,0,0,0,0,0,0,0,0,0,0,0,0,0,0,0,0,0,0,0,0,0,0,0,0,0,0,0,0,0,0,1,1,0,0,0,0,0,0,0,0,0,0,0,0,1,0,0,0,0,1,0,0,0,0,0,0,0,0,0,0,0,0,0,0,0,0,0,0,0,0,0,1,0,0,0,0,0,0,0,0,0,0,0,0,0,0,0,0,0,0,0,0,0,0,0,0,0,0,0,0,0,0,0,0,0,0,0,0,0,0,0,0,0,0,0,0,0,5,308.0463888888889,4,0.0,0.0,0.0,0.0,0.0,0.0,0.0,0.0,0.0,0.0,0.0,0.0,0.0,0.0,0.0,0.0,0.6061943920361853,0.0,0.0,0.0,0.0,0.4194168176490992,0.6757350754082416,76,80,50,29,3,1
54160,12,12,3,257,5,3,2,4064.0,0,0,0,4961303.319103,0,3,0,10,304,0,0,0,0,0,0,0,0,0,0,0,0,0,0,0,0,0,0,0,0,0,0,0,0,0,0,0,0,0,0,0,0,0,0,0,0,0,0,0,0,0,0,0,0,0,0,0,0,0,0,0,0,0,0,0,0,0,0,0,0,0,0,0,0,0,0,0,1,0,0,0,0,0,0,0,0,0,0,0,0,0,0,0,0,0,0,1,0,0,0,0,0,0,0,0,0,0,0,0,0,0,0,1,0,0,0,0,0,0,0,0,0,0,0,0,0,0,0,0,0,0,0,0,0,0,0,0,0,0,0,0,0,0,0,0,0,0,0,0,0,0,0,0,0,0,0,0,0,0,0,0,0,0,3,1679.21,4,0.1054345584008941,0.1119175288765846,0.0,0.0876674022939762,0.0,0.0,0.7534716183267999,0.0,0.1117526229562814,0.2815836142174328,0.0,0.0,0.0,0.1144149449217412,0.1155756529621686,0.1931044686633178,0.2976932190132075,0.1006498331769888,0.1079192067716275,0.0986791389081774,0.0863627297475029,0.3432824634983392,0.0,4,87,3,0,3,1
55486,3,0,1,15,6,1,1,5265.0,0,0,0,5012633.598934,0,1,0,10,269,0,0,0,0,0,0,0,0,0,0,0,0,0,0,0,0,0,0,0,0,0,0,0,0,0,0,0,0,0,0,0,0,0,0,0,0,0,0,0,0,0,0,0,0,0,0,0,0,0,0,0,0,0,0,0,0,0,0,0,0,0,0,0,0,0,1,0,1,0,0,0,0,0,0,0,0,0,0,0,0,0,0,0,0,0,0,0,0,0,0,0,0,0,0,0,0,0,0,0,0,0,0,0,0,0,0,0,0,0,0,0,0,0,0,0,0,0,0,0,0,0,0,0,0,0,0,0,0,0,0,0,0,0,0,0,0,0,0,0,0,0,0,0,0,0,0,0,0,0,0,0,0,0,2,199.67527777777775,4,0.1145219607190091,0.1215636982803932,0.0,0.095223453809839,0.0,0.0,0.8184133208849126,0.0,0.1213845791223702,0.1019510999543769,0.0,0.0,0.0,0.2485527331214035,0.1255371160021386,0.209748138659042,0.1077837970497815,0.1093248401310911,0.1172207608793109,0.1071842917656883,0.0938063315646803,0.2982959773079344,0.0,84,77,58,3,0,1
55442,4,0,1,85,2,1,1,5192.0,0,0,0,5349305.071295,1,1,0,10,271,0,0,0,0,0,0,0,0,0,0,0,0,0,0,0,0,0,0,0,0,0,0,0,0,0,0,0,0,0,0,0,0,0,0,0,0,0,0,0,0,0,0,0,0,0,0,0,0,0,0,0,0,0,0,0,0,0,0,0,0,0,0,0,0,0,0,0,1,0,0,0,0,0,0,0,0,0,0,0,0,0,0,0,0,0,1,0,0,0,0,0,0,0,0,0,0,0,0,0,1,0,0,0,0,0,0,0,0,0,0,0,0,0,0,0,0,0,0,0,0,0,0,0,0,0,0,0,0,0,0,0,0,0,0,0,0,0,0,0,0,0,0,0,0,0,0,0,0,0,0,0,0,0,3,182.45472222222224,4,0.1172709896240515,0.1244817597445748,0.0,0.0975092339808885,0.0,0.0,0.8380588269630403,0.0,0.1242983409418394,0.1043983731141783,0.0,0.0,0.0,0.1272595439508205,0.1285505569035941,0.2147830131261961,0.1103710804993906,0.1119491153676714,0.1200345728146387,0.1097571844613813,0.096058094591861,0.3054563879289977,0.0,80,81,53,3,4,1
55071,17,3,5,22,2,6,4,5353.0,0,0,0,5654338.911713,0,5,0,10,13,0,0,0,0,0,0,0,0,0,0,0,0,0,0,0,0,0,0,0,0,0,0,0,0,0,0,0,0,0,0,0,0,0,0,0,0,0,0,0,0,0,0,0,0,0,0,0,0,0,0,0,0,0,0,0,0,0,0,0,0,0,0,0,0,0,0,1,1,0,0,0,0,0,0,0,0,0,0,0,0,1,0,0,0,0,0,1,0,0,0,0,0,0,0,0,0,0,0,0,0,0,0,0,0,0,0,0,0,0,0,0,0,0,0,0,0,0,0,0,0,0,0,0,0,0,0,0,0,0,0,0,0,0,0,0,0,0,0,0,0,0,0,0,0,0,0,0,0,0,0,0,0,0,4,707.9933333333333,4,0.0,0.0,0.0,0.0,0.0,0.0,0.0,0.0,0.0,1.0,0.0,0.0,0.0,0.0,0.0,0.0,0.0,0.0,0.0,0.0,0.0,0.0,0.0,45,100,52,15,6,0
55205,5,0,1,17,5,1,1,5.0,0,0,0,5671812.946956,0,1,0,10,263,0,0,0,0,0,0,0,0,0,0,0,0,0,0,0,0,0,0,0,0,0,0,0,0,0,0,0,0,0,0,0,0,0,0,0,0,0,0,0,0,0,0,0,0,0,0,0,0,0,0,0,0,0,0,0,0,0,0,0,0,0,0,0,0,0,1,1,1,0,0,0,0,0,0,0,0,0,0,0,0,0,0,0,0,0,0,0,0,0,0,0,0,0,0,0,0,0,0,0,0,0,0,0,0,0,0,0,0,0,0,0,0,0,0,0,0,0,0,0,0,0,0,0,0,0,0,0,0,0,0,0,0,0,0,0,0,0,0,0,0,0,0,0,0,0,0,0,0,0,0,0,0,0,3,508.2991666666667,4,0.1156808115144442,0.1227938046072829,0.0,0.0961870224956944,0.0,0.0,0.8266948672533789,0.0,0.1226128729376905,0.1029827458722066,0.0,0.0,0.0,0.1255339224507551,0.1268074294496411,0.2118705857058792,0.1088744641861277,0.1104311011237541,0.1184069209060309,0.1082688924919681,0.1895111207049745,0.3013144423115728,0.0,72,101,51,2,1,1
55322,6,3,4,9,1,3,1,999.0,0,0,0,5677966.685573,1,4,0,10,283,0,0,0,0,0,0,0,0,0,0,0,0,0,0,0,0,0,0,0,0,0,0,0,0,0,0,0,0,0,0,0,0,0,0,0,0,0,0,0,0,0,0,0,0,0,0,0,0,0,0,0,0,0,0,0,0,0,0,0,0,0,0,0,0,0,0,1,0,0,0,0,0,0,0,0,0,0,0,1,0,1,0,0,0,0,0,0,0,0,0,0,0,0,0,0,0,0,0,0,0,0,0,0,0,0,0,0,0,0,0,0,0,0,0,0,0,0,0,0,0,0,0,0,1,0,0,0,0,0,0,0,0,0,0,0,0,0,0,0,0,0,0,0,0,0,0,0,0,0,0,0,0,0,4,324.29583333333335,4,0.0981274571615962,0.1041611278790696,0.0,0.0815916469281444,0.0,0.1095368277888027,0.8014314966956751,0.0,0.1040076506997114,0.1747123805869344,0.0,0.0846128259399813,0.0,0.106485461472368,0.1075657270915504,0.179721438244406,0.1847078038362829,0.093674335466397,0.1004399079392029,0.0918402194007128,0.0803773942072558,0.383389686366532,0.0,95,99,68,0,1,1
55378,7,11,3,16,1,6,4,6959.0,0,0,0,5678525.436615,2,3,0,10,126,0,0,0,0,0,0,0,0,0,0,0,0,0,0,0,0,0,0,0,0,0,0,0,0,0,0,0,0,0,0,0,0,0,0,0,0,0,0,0,0,0,0,0,0,0,0,0,0,0,0,0,0,0,0,0,0,0,0,0,0,0,0,0,0,0,1,1,1,0,0,0,0,0,0,0,0,0,0,0,0,1,0,0,0,0,0,0,0,0,0,0,0,0,0,0,0,0,0,0,0,0,0,0,0,0,0,0,0,0,0,0,0,0,0,0,0,0,0,0,0,0,0,0,0,0,0,0,0,0,0,0,0,0,0,0,0,0,0,0,0,0,0,0,0,0,0,0,0,0,0,0,0,0,4,202.69722222222225,4,0.0,0.0,0.0,0.0,0.0,0.0,0.0,0.0,0.0,0.0,0.0,0.0,0.0,0.0,0.0,0.0,0.0,0.0,0.0,0.0,0.7827826577020859,0.622295195868375,0.0,100,97,59,27,6,0
54679,7,0,2,105,2,7,8,5.0,0,0,0,5725616.904509,0,2,0,10,9,0,0,1,0,0,0,0,0,0,0,0,0,0,0,0,0,0,0,0,0,0,0,0,0,0,0,0,0,0,0,0,0,0,0,0,0,0,0,0,0,0,0,0,0,0,0,0,0,0,0,0,0,0,0,0,0,0,0,0,0,0,0,0,0,0,0,1,1,0,0,0,0,0,0,0,0,0,0,0,0,1,0,0,0,0,0,0,0,0,0,0,0,0,0,0,0,0,0,0,0,0,0,0,0,0,0,0,0,0,0,0,0,0,0,0,0,0,0,0,0,0,0,0,0,0,0,0,0,0,0,0,0,0,0,0,0,0,0,0,0,0,0,0,0,0,0,0,0,0,0,0,0,0,4,1215.2769444444446,4,0.0,0.0,0.0,0.0,0.0,0.0,0.0,0.0,0.0,0.0,0.0,0.0,0.0,0.0,0.0,0.0,0.0,0.0,0.0,0.0,0.0,1.0,0.0,22,93,32,2,6,0
55381,2,0,1,4,1,6,6,1363.0,0,0,0,5734332.310483,0,1,0,10,16,0,0,0,0,0,0,0,0,0,0,0,0,0,0,0,0,0,0,0,0,0,0,0,0,0,0,0,0,0,0,0,0,0,0,0,0,0,0,0,0,0,0,0,0,0,0,0,0,0,0,0,0,0,0,0,0,0,0,0,0,0,0,0,0,0,0,1,0,0,0,0,0,0,0,0,0,0,0,1,1,0,0,0,0,0,0,0,0,0,0,0,0,0,0,0,0,0,0,0,0,0,0,0,0,0,0,0,0,0,0,0,0,0,0,0,0,0,0,0,0,0,0,0,0,0,0,0,0,0,0,0,0,0,0,0,0,0,0,0,0,0,0,0,0,0,0,0,0,0,0,0,0,0,3,177.23555555555555,4,0.0,0.0,0.0,0.0,0.0,0.0,0.0,0.0,0.0,0.0,0.6116925892269478,0.0,0.0,0.0,0.0,0.4942516892725703,0.5079646866822852,0.0,0.0,0.0,0.0,0.3514531562239995,0.0,100,93,59,12,0,1
55017,17,1,2,22,4,4,4,5.0,0,0,0,5800569.704746,2,2,0,10,42,0,0,0,0,0,0,0,0,0,0,0,0,0,0,0,0,0,0,0,0,0,0,0,0,0,0,0,0,0,0,0,0,0,0,0,0,0,0,0,0,0,0,0,0,0,0,0,0,0,0,0,0,0,0,0,0,0,0,0,0,0,0,0,0,0,0,0,1,0,0,0,0,0,0,0,0,0,0,0,0,1,0,0,0,0,0,0,0,0,0,0,0,0,0,0,0,0,0,0,0,0,0,1,0,0,0,0,0,0,0,0,0,0,0,0,0,0,0,1,0,0,0,0,0,1,0,0,0,0,0,0,0,0,0,0,0,0,0,0,0,0,0,0,0,0,0,0,0,0,0,0,0,0,5,743.3575,4,0.0,0.0,0.0,0.0,0.0,0.0,0.0,0.0,0.6513344000513295,0.0,0.0,0.0,0.0,0.0,0.0,0.0,0.0,0.0,0.0,0.0,0.0,0.4001546836145478,0.644701270737941,32,92,42,5,3,1
54259,25,0,1,28,3,3,4,99.0,0,0,0,5860829.56031,0,1,0,10,257,0,0,0,0,0,0,0,0,0,0,0,1,0,0,0,0,0,0,0,0,0,0,0,0,0,0,0,0,0,0,0,0,0,0,0,0,0,0,0,0,0,0,0,0,0,0,0,0,0,0,0,0,0,0,0,0,0,0,0,0,0,0,0,0,0,0,1,1,0,0,0,0,0,0,0,0,0,0,0,0,0,1,0,0,0,0,0,0,0,0,0,0,0,0,0,0,0,0,0,0,0,0,0,0,0,0,0,0,0,0,0,0,0,0,0,0,0,0,0,0,0,0,1,0,0,0,0,0,0,0,0,0,0,0,0,0,0,0,0,0,0,0,0,0,0,0,0,0,0,0,0,0,0,5,1754.6605555555554,4,0.1153995511379357,0.1224952500651371,0.0,0.0959531583153849,0.0,0.0,0.8246848838639363,0.0,0.1223147583035022,0.2054647178390664,0.0,0.0,0.0,0.1252287057269887,0.1264991163864446,0.2113554544587297,0.1086097524125133,0.1101626046231359,0.1181190324073314,0.1080056530742308,0.0945251765556232,0.3005818418709077,0.0,9,93,7,1,2,1
54075,15,9,1,58,5,4,3,411.0,0,0,0,5871755.712165,0,1,0,10,273,0,0,0,0,0,0,0,0,0,0,0,0,0,0,0,0,0,0,0,0,0,0,0,0,0,0,0,0,0,0,0,0,0,0,0,0,0,0,0,0,0,0,0,0,0,0,0,0,0,0,0,0,0,0,0,0,0,0,0,0,0,0,0,0,0,0,0,1,0,0,0,0,0,0,0,0,0,0,0,0,0,0,0,0,0,1,0,0,0,0,0,0,0,0,0,0,0,0,0,0,0,0,0,0,0,1,0,0,0,0,0,0,0,0,0,0,0,0,0,0,0,0,0,0,0,0,0,0,0,0,0,0,0,0,0,0,0,0,0,0,0,0,0,0,0,0,0,0,0,0,0,0,0,3,2011.326388888889,4,0.2179833548407164,0.11569336837946,0.0,0.0906250984119908,0.0,0.0,0.7788920143034755,0.1114484565982311,0.1155228989134425,0.0970278654776274,0.0,0.0,0.0,0.1182750414865181,0.2389498182826007,0.1996193684138721,0.1025789007229354,0.1040455265941173,0.111560152101082,0.1020083456422727,0.0892764092205045,0.3548640226994074,0.0,2,92,2,0,6,0
55156,7,1,2,391,4,6,5,5331.0,0,0,0,5981377.192559,3,2,0,10,24,0,0,0,0,0,0,0,0,0,0,0,0,0,0,0,0,0,0,0,0,0,0,0,0,0,0,0,0,0,0,0,0,0,0,0,0,0,0,0,0,0,0,0,0,0,0,0,0,0,0,0,0,0,0,0,0,0,0,0,0,0,0,0,0,0,0,0,1,0,0,0,0,0,0,0,0,0,0,0,0,1,0,0,0,0,1,0,0,0,0,0,0,0,0,0,0,0,0,0,0,0,0,0,0,0,0,0,0,0,0,0,0,0,0,0,0,0,0,0,0,0,0,0,0,0,0,0,0,0,0,0,0,0,0,0,0,0,0,0,0,0,0,0,0,0,0,0,0,0,0,0,0,0,3,478.4169444444444,4,0.0,0.0,0.0,0.0,0.0,0.0,0.0,0.0,0.0,0.0,0.0,0.0,0.0,0.0,0.0,0.0,0.0,0.0,0.0,0.0,0.0,0.5273583657928256,0.8496429567932169,57,93,49,7,5,0
55158,3,5,5,93,2,3,2,5.0,0,0,0,5985844.239822,0,5,0,10,21,0,0,0,0,0,0,0,0,0,0,0,0,0,0,0,0,0,0,0,0,0,0,0,0,0,0,0,0,0,0,0,0,0,0,0,0,0,0,0,0,0,0,0,0,0,0,0,0,0,0,0,0,0,0,0,0,0,0,0,0,0,0,0,0,0,0,1,0,0,0,0,0,0,0,0,0,0,1,0,0,1,0,0,0,0,0,0,0,0,0,0,0,0,0,0,0,0,0,0,0,0,0,0,0,0,0,0,0,0,0,0,0,0,0,0,0,0,0,0,0,0,0,0,0,0,0,0,0,0,0,0,0,0,0,0,0,0,0,0,0,0,0,0,0,0,0,0,0,0,0,0,0,0,3,475.3605555555555,4,0.5336513031707214,0.0,0.0,0.0,0.0,0.0,0.0,0.0,0.0,0.0,0.0,0.0,0.0,0.0,0.584979903681612,0.0,0.502252698043067,0.0,0.0,0.0,0.0,0.3475011168633885,0.0,58,92,50,2,5,0
55171,12,19,1,117,2,5,1,370126.0,0,0,0,5994895.467434,1,1,0,10,604,0,0,0,0,0,0,0,0,0,0,0,0,0,0,0,0,0,0,0,0,0,0,0,0,0,0,0,0,0,0,0,0,0,0,0,0,0,0,0,0,0,0,0,0,0,0,0,0,0,0,0,0,0,0,0,0,0,0,0,0,0,0,0,0,0,0,0,1,0,0,0,0,0,0,0,0,0,0,0,0,1,0,0,0,0,1,1,0,1,0,0,0,0,0,0,0,0,0,0,0,0,0,0,0,0,0,0,0,0,0,0,0,0,0,0,0,0,0,0,0,0,0,0,0,0,0,0,0,0,0,0,0,0,0,0,0,0,0,0,0,0,0,0,0,0,0,0,0,0,0,0,0,0,5,429.8894444444445,4,0.0,0.0,0.0,0.1148752910961205,0.0,0.0,0.846269317473094,0.0,0.0,0.0,0.0,0.0,0.0,0.2998480566255976,0.0,0.0,0.0,0.0,0.0,0.0,0.2263314176079258,0.3598571135056863,0.0,63,90,49,13,0,1
55192,10,0,1,28,5,5,5,4.0,0,0,0,6018712.621049,0,1,0,10,8,0,0,0,0,0,0,0,0,0,0,0,0,0,0,0,0,0,0,0,0,0,0,0,0,0,0,0,0,0,0,0,0,0,0,0,0,0,0,0,0,0,0,0,0,0,0,0,0,0,0,0,0,0,0,0,0,0,0,0,0,0,0,0,0,0,1,1,0,0,0,0,0,0,0,0,0,0,0,0,0,0,0,0,0,0,0,0,0,0,0,0,0,0,0,0,0,1,0,0,0,0,0,0,0,0,0,0,0,0,0,0,0,0,0,0,0,0,0,0,0,0,0,0,0,0,0,0,0,0,0,0,0,0,0,0,0,0,0,0,0,0,0,0,0,0,0,0,0,0,0,0,0,0,3,418.8541666666667,4,0.0,0.0,0.0,0.0,0.0,0.0,0.0,0.0,0.0,0.0,0.0,0.0,0.0,0.0,0.0,0.0,0.0,0.0,0.0,0.0,1.0,0.0,0.0,68,90,51,20,0,1
54224,21,12,3,255,9,6,6,2489.0,0,0,0,6075869.80084,3,3,0,10,317,0,0,0,0,0,0,0,0,0,0,0,1,0,0,0,0,1,0,0,0,0,0,0,0,0,0,0,0,0,0,0,0,0,0,0,0,0,0,0,0,0,0,0,0,0,0,0,0,0,0,0,0,0,0,0,0,0,0,0,0,0,0,0,0,0,0,1,1,0,0,0,0,0,0,0,0,0,0,0,0,1,1,0,0,0,1,0,0,0,0,0,0,1,0,0,0,0,0,0,0,0,0,1,0,0,0,0,0,0,0,0,0,0,0,0,0,0,0,0,0,0,0,0,0,0,0,0,0,0,0,0,0,0,0,0,0,0,0,0,0,0,0,0,0,0,0,0,0,0,0,0,0,0,9,938.8816666666668,4,0.0881682359787387,0.0935895331265914,0.0,0.146621379751191,0.0,0.0,0.6300805395828933,0.0,0.0934516327615109,0.3924508706729406,0.0,0.0,0.0962235660198543,0.0956779638133233,0.096648590351367,0.1614810231093259,0.3319226179260562,0.0841670736555594,0.0902459898689011,0.0825191069929226,0.0722196749493978,0.4593045727417232,0.0,7,10,5,1,1,1
54927,11,3,1,42,3,3,1,4.0,0,0,0,6073586.803607,0,1,0,10,34,0,0,0,0,0,0,0,0,0,0,0,0,0,0,0,0,0,0,0,0,0,0,0,0,0,0,0,0,0,0,0,0,0,0,0,0,0,0,0,0,0,0,0,0,0,0,0,0,0,0,0,0,0,0,0,0,0,0,0,0,0,0,0,0,0,0,1,1,0,0,0,0,0,0,0,0,0,0,0,0,0,0,0,0,0,0,0,0,0,0,0,0,0,0,0,0,0,0,0,0,0,0,0,0,0,0,0,0,0,0,0,0,0,0,0,0,0,0,0,1,0,0,0,0,0,0,0,0,0,0,0,0,0,0,0,0,0,0,0,0,0,0,0,0,0,0,0,0,0,0,0,0,0,3,814.4358333333333,4,0.0,0.0,0.0,0.4282237896960537,0.0,0.0,0.0,0.0,0.5458714466106775,0.0,0.5836870225843518,0.0,0.0,0.0,0.0,0.0,0.0,0.0,0.0,0.0,0.4218509326529108,0.0,0.0,29,93,50,0,4,1
55343,23,0,230,80689,2039,0,0,8.0,0,0,0,6133760.228925,0,230,0,10,3707,0,0,0,0,0,0,0,0,0,0,0,0,0,0,0,0,0,0,0,0,0,0,0,0,0,0,0,0,0,0,0,0,0,0,0,0,0,0,0,0,0,0,0,0,0,0,0,0,0,0,0,0,0,0,0,0,0,0,0,0,0,0,0,0,0,0,0,0,0,0,0,0,0,0,0,0,0,0,0,0,0,0,0,0,0,0,0,0,0,0,0,0,0,0,1,0,0,0,0,0,0,0,0,0,0,0,0,0,0,0,0,0,0,0,0,0,1,0,0,0,0,0,0,0,0,0,0,0,0,0,0,0,0,0,0,0,0,0,0,0,0,0,0,0,0,0,0,0,0,0,0,0,0,2,168.04666666666665,4,0.4812131647621775,0.0,0.0115828943888033,0.0434915441390551,0.0,0.0350324521687196,0.0213597191779112,0.0106969604542359,0.0443521218311929,0.2607599208305969,0.0118561605015635,0.0090203901812147,0.0114169201677718,0.0681131069979024,0.0458693971138657,0.0,0.0,0.0099864180930711,0.0,0.0097908869502885,0.8054728375722479,0.0613085166000622,0.1865768866722268,100,95,67,27,2,1
55244,14,0,1,169,2,4,4,5.0,0,0,0,6226918.161825,0,1,0,10,260,0,0,0,0,0,0,0,0,0,0,0,0,0,0,0,0,0,0,0,0,0,0,0,0,0,0,0,0,0,0,0,0,0,0,0,0,0,0,0,0,0,0,0,0,0,0,0,0,0,0,0,0,0,0,0,0,0,0,0,0,0,0,0,0,0,1,0,1,0,0,0,0,0,0,0,0,0,0,0,0,0,0,0,0,0,0,0,0,0,0,0,0,0,0,0,1,0,0,0,0,0,0,0,0,0,0,0,0,0,0,0,0,0,0,0,0,0,0,0,0,0,0,0,0,0,0,0,0,0,0,0,0,0,0,0,0,0,0,0,0,0,0,0,0,0,0,0,0,0,0,0,0,0,3,307.5113888888889,4,0.2298484205950102,0.1219906814204538,0.0,0.0955579188671734,0.0,0.0,0.8212879347257391,0.0,0.1218109331201653,0.1023091953513329,0.0,0.0,0.0,0.1247128777394503,0.1259780554663289,0.2104848628631702,0.1081623793466595,0.1097088352232619,0.11763248978579,0.1075607683463673,0.0941358190891275,0.2993437189846034,0.0,90,95,69,0,3,1
55175,17,3,3,19,3,5,4,48.0,0,1,0,6223996.636323,0,3,0,10,30,0,0,0,0,0,0,0,0,0,0,0,0,0,0,0,0,0,0,0,0,0,0,0,0,0,0,0,0,0,0,0,0,0,0,0,0,0,0,0,0,0,0,0,0,0,0,0,0,0,0,0,0,0,0,0,0,0,0,0,0,0,0,0,0,0,0,0,1,0,0,0,0,0,0,0,0,1,0,0,0,0,0,0,0,0,0,0,0,0,0,0,0,0,0,0,0,0,0,0,0,0,0,1,0,0,0,0,0,0,0,0,0,0,0,0,0,0,0,0,0,0,0,0,0,0,0,0,0,0,0,0,0,0,0,0,0,0,0,0,0,0,0,0,0,0,0,0,0,0,0,0,0,0,3,368.2597222222222,4,0.0,0.0,0.0,0.0,0.0,0.0,0.0,0.0,0.0,0.0,0.0,0.0,0.0,0.0,0.0,0.0,0.5857255462436565,0.0,0.0,0.0,0.0,0.8105094598322529,0.0,65,96,50,5,0,1
55061,4,16,8,22,9,6,2,4.0,0,0,0,6227453.639608,0,8,0,10,90,0,1,0,0,0,0,0,0,0,0,0,0,0,0,0,0,0,0,1,0,0,0,0,0,0,0,0,0,0,0,0,0,0,0,0,0,0,0,0,0,0,0,0,0,0,0,0,0,0,0,0,0,0,0,0,0,0,0,0,0,0,0,0,0,0,0,0,1,0,0,0,0,0,0,0,0,0,0,0,0,1,0,1,0,0,0,0,0,0,0,0,1,0,0,0,0,0,0,0,0,0,0,0,0,0,0,0,0,0,0,0,0,0,0,0,0,0,0,0,0,0,0,0,0,0,0,0,0,0,0,0,0,0,0,0,0,0,0,0,0,0,0,0,0,0,0,0,0,0,0,0,0,0,6,556.4391666666667,4,0.0,0.0,0.0,0.0,0.0,0.0,0.4969740985434828,0.0,0.0,0.4333621935477704,0.5517118112249995,0.0,0.0,0.0,0.0,0.0,0.0,0.0,0.0,0.0,0.0,0.0,0.510713258037412,40,92,48,0,6,0
55287,12,3,1,4,1,3,2,2084.0,0,0,0,6255876.538349,0,1,0,10,27,0,1,0,0,0,0,0,0,0,0,0,0,0,0,0,0,0,0,0,0,0,0,0,0,0,0,0,0,0,0,0,0,0,0,0,0,0,0,0,0,0,0,0,0,0,0,0,0,0,0,0,0,0,0,0,0,0,0,0,0,0,0,0,0,0,0,1,1,0,0,0,0,0,0,0,0,0,0,0,0,1,0,1,0,0,0,0,0,0,0,0,0,0,0,0,0,0,0,0,0,0,0,0,0,0,0,0,0,0,0,0,0,0,0,0,0,0,0,0,0,0,0,0,0,0,0,0,0,0,0,0,0,0,0,0,0,0,0,0,0,0,0,0,0,0,0,0,0,0,0,0,0,0,5,200.8738888888889,4,0.0,0.0,0.0,0.0,0.0,0.3566256021582307,0.0,0.0,0.0,0.5688215478674169,0.0,0.0,0.0,0.6933821726497417,0.0,0.0,0.0,0.0,0.0,0.0,0.2616894900803608,0.0,0.0,96,90,69,0,5,0
55207,6,6,1,37,2,4,2,5375.0,0,0,0,6276998.768424,0,1,0,10,273,0,0,0,0,0,0,0,0,0,0,0,0,0,0,0,0,0,0,0,0,0,0,0,0,0,0,0,0,0,0,0,0,0,0,0,0,0,0,0,0,0,0,0,0,0,0,0,0,0,0,0,0,0,0,0,0,0,0,0,0,0,0,0,0,0,0,0,1,0,0,0,0,0,0,0,0,0,0,0,0,0,0,0,0,0,1,0,0,0,0,0,0,0,0,0,0,0,0,0,0,0,0,0,0,0,0,0,0,0,0,0,0,0,0,0,0,0,0,0,0,0,0,0,0,0,0,0,0,0,0,0,0,0,0,0,0,0,0,0,0,0,0,0,0,0,0,0,0,0,0,0,0,0,2,335.3491666666667,4,0.1098499833349871,0.1166044498924131,0.0,0.0913387681143191,0.0,0.0,0.7850257635819232,0.0,0.1164326379848954,0.2933758702870248,0.0,0.0,0.0,0.1192064535912179,0.1204157701647548,0.2011913644473245,0.1033867062296537,0.1048648817318677,0.1124386846702796,0.1028116580462886,0.0899794580393172,0.3576585653358806,0.0,74,89,53,3,1,1
55291,6,0,1,1,1,2,2,11318.0,0,0,0,6363396.002669,0,1,0,10,25,0,0,0,0,0,0,0,0,0,0,0,0,0,0,0,0,0,0,0,0,0,0,0,0,0,0,0,0,0,0,0,0,0,0,0,0,0,0,0,0,0,0,0,0,0,0,0,0,0,0,0,0,0,0,0,0,0,0,0,0,0,0,0,0,0,1,1,1,0,0,0,0,0,0,0,0,0,0,0,0,0,0,0,0,0,1,0,0,0,0,0,0,0,0,0,0,0,0,0,0,0,0,0,0,0,0,0,0,0,0,0,0,0,0,0,0,0,0,0,0,0,0,0,0,0,0,0,0,0,0,0,0,0,0,0,0,0,0,0,0,0,0,0,0,0,0,0,0,0,0,0,0,0,4,190.31472222222223,4,0.0,0.0,0.0,0.0,0.0,0.0,0.0,0.0,0.0,0.0,0.0,0.0,0.0,0.0,0.0,0.0,0.0,0.0,0.0,0.0,1.0,0.0,0.0,97,91,71,1,6,0
55116,7,18,1,14,2,6,4,1234010.0,0,0,0,6348155.298617,0,1,0,10,394,0,0,0,0,0,0,0,0,0,0,0,0,0,0,0,0,0,0,0,0,0,0,0,0,0,0,0,0,0,0,0,0,0,0,0,0,0,0,0,0,0,0,0,0,0,0,0,0,0,0,0,0,0,0,0,0,0,0,0,0,0,0,0,0,0,0,1,1,0,0,0,0,0,0,0,0,0,0,0,0,0,0,0,0,0,0,0,0,0,0,0,0,0,0,0,0,0,0,0,0,0,0,0,0,0,0,0,0,0,0,0,0,0,0,0,0,0,0,0,0,0,0,0,0,0,1,0,0,0,0,0,0,0,0,0,0,0,0,0,0,0,0,0,0,0,0,0,0,0,0,0,0,0,3,455.17,4,0.0,0.0,0.0,0.0,0.0,0.0,0.8643895656814332,0.0,0.0,0.0,0.0,0.0,0.0,0.3062683782639474,0.1546876932193234,0.0,0.0,0.0,0.0,0.0,0.0,0.3675623440766468,0.0,48,91,51,0,2,1
55273,8,0,1,9,1,3,3,25953.0,0,0,0,6397572.452503,0,1,0,10,267,0,0,0,0,0,0,0,0,0,0,0,0,0,0,0,0,0,0,0,0,0,0,0,0,0,0,0,0,0,0,0,0,0,0,0,0,0,0,0,0,0,0,0,0,0,0,0,0,0,0,0,0,0,0,0,0,0,0,0,0,0,0,0,0,0,0,1,0,0,0,0,0,0,0,0,0,1,0,1,0,0,0,0,0,0,0,0,0,0,0,0,0,0,0,0,0,0,0,0,0,0,0,0,0,1,0,0,0,0,0,0,0,0,0,0,0,0,0,0,0,0,0,0,0,0,0,0,0,0,0,0,0,0,0,0,0,0,0,0,0,0,0,0,0,0,0,0,0,0,0,0,0,0,4,203.6586111111111,4,0.1134103019328831,0.1203836857097131,0.0,0.0942991246383127,0.0,0.0,0.8104690248465611,0.0,0.12020630525215,0.2019229317350702,0.0,0.0,0.0,0.1230700222584592,0.1243185336698722,0.207712124258398,0.2134750905440852,0.1082636295273735,0.1160829049787506,0.1061438593549268,0.0928957583259459,0.2954004335889962,0.0,95,90,65,0,5,0
54295,30,30,2,94,4,11,3,5.0,0,2,0,6533500.534159,0,2,0,10,2,0,0,0,0,0,0,0,0,0,0,0,0,0,0,0,0,0,0,0,0,0,0,0,0,0,0,0,0,0,0,0,0,0,0,0,0,0,0,0,0,0,0,0,0,0,0,0,0,0,0,0,0,0,0,0,0,0,0,0,0,0,0,0,0,0,0,1,1,0,0,1,0,1,0,0,0,0,0,0,0,1,0,0,0,0,0,0,0,0,0,0,0,0,0,0,0,0,1,0,0,0,0,0,0,0,0,0,0,0,0,0,0,0,0,0,0,0,0,0,0,0,0,0,1,0,0,0,0,0,0,0,0,0,0,0,0,0,0,0,0,0,0,0,0,0,0,0,0,0,0,0,0,0,7,1350.8858333333333,4,0.0,0.0,0.0,0.0,0.0,0.0,0.0,0.0,0.0,1.0,0.0,0.0,0.0,0.0,0.0,0.0,0.0,0.0,0.0,0.0,0.0,0.0,0.0,10,73,8,0,5,0
55191,4,0,1,16,3,1,1,4.0,0,0,0,6576675.21123,0,1,0,10,8,0,0,0,0,0,0,0,0,0,0,0,0,0,0,0,0,0,0,0,0,0,0,0,0,0,0,0,0,0,0,0,0,0,0,0,0,0,0,0,0,0,0,0,0,0,0,0,0,0,0,0,0,0,0,0,0,0,0,0,0,0,0,0,0,0,1,1,1,0,0,0,0,0,0,0,0,0,0,0,0,0,0,0,0,0,0,0,0,0,0,0,0,0,0,0,0,0,0,0,0,0,0,0,0,0,0,0,0,0,0,0,0,0,0,0,0,0,0,0,0,0,0,0,0,0,0,0,0,0,0,0,0,0,0,0,0,0,0,0,0,0,0,0,0,0,0,0,0,0,0,0,0,0,3,263.8883333333333,4,0.0,0.0,0.0,0.0,0.0,0.0,0.0,0.0,0.0,0.0,0.0,0.0,0.0,0.0,0.0,0.0,0.0,0.0,0.0,0.0,1.0,0.0,0.0,67,99,50,19,0,1
55222,2,0,1,6,3,1,1,6.0,0,0,0,6577149.636728,0,1,0,10,1015,0,0,1,0,0,0,0,0,0,0,0,0,0,0,0,0,0,0,0,0,0,0,0,0,0,0,0,0,0,0,0,0,0,0,0,0,0,0,0,0,0,0,0,0,0,0,0,0,0,0,0,0,0,0,0,0,0,0,0,0,0,0,0,0,0,0,0,0,0,0,0,0,0,0,0,0,0,0,0,1,0,0,0,0,0,0,0,0,0,0,0,0,0,0,0,0,0,0,0,0,0,0,0,0,0,0,0,0,0,0,0,0,0,0,0,0,0,0,0,0,0,1,0,0,0,0,0,0,0,0,0,0,0,0,0,0,0,0,0,0,0,0,0,0,0,0,0,0,0,0,0,0,0,3,241.08694444444444,4,0.0,0.2893785733249528,0.0603696511131727,0.0453352894003063,0.0,0.3651758954323019,0.0,0.0,0.0,0.0970765591078292,0.0,0.0,0.0,0.0,0.0,0.0,0.718412661059683,0.0,0.0,0.0510297693682506,0.0446606063833662,0.4970589566960016,0.0,77,98,59,4,1,1
55220,2,0,1,2,1,1,1,5.0,0,0,0,6577215.245462,0,1,0,10,433,0,0,1,0,0,0,0,0,0,0,0,0,0,0,0,0,0,0,0,0,0,0,0,0,0,0,0,0,0,0,0,0,0,0,0,0,0,0,0,0,0,0,0,0,0,0,0,0,0,0,0,0,0,0,0,0,0,0,0,0,0,0,0,0,0,0,0,0,0,0,0,0,0,0,0,0,0,0,0,1,0,0,0,0,0,0,0,0,0,0,0,0,0,0,0,0,0,0,0,0,0,0,0,0,0,0,0,0,0,0,0,0,0,0,0,0,0,0,0,0,0,1,0,0,0,0,0,0,0,0,0,0,0,0,0,0,0,0,0,0,0,0,0,0,0,0,0,0,0,0,0,0,0,3,241.07222222222225,4,0.0,0.2708687825211696,0.0,0.0848709322463646,0.0,0.3418178100240714,0.0,0.0,0.0,0.0454335804388573,0.0,0.0440067683880058,0.0,0.0,0.0,0.0,0.672460163906165,0.1948784827347183,0.0,0.2388285238657343,0.0,0.4984983347042995,0.0535430460610216,75,96,57,2,1,1
55221,2,0,1,2,1,1,1,5.0,0,0,0,6577200.247493,0,1,0,10,793,0,0,1,0,0,0,0,0,0,0,0,0,0,0,0,0,0,0,0,0,0,0,0,0,0,0,0,0,0,0,0,0,0,0,0,0,0,0,0,0,0,0,0,0,0,0,0,0,0,0,0,0,0,0,0,0,0,0,0,0,0,0,0,0,0,0,0,0,0,0,0,0,0,0,0,0,0,0,0,1,0,0,0,0,0,0,0,0,0,0,0,0,0,0,0,0,0,0,0,0,0,0,0,0,0,0,0,0,0,0,0,0,0,0,0,0,0,0,0,0,0,1,0,0,0,0,0,0,0,0,0,0,0,0,0,0,0,0,0,0,0,0,0,0,0,0,0,0,0,0,0,0,0,3,241.07416666666663,4,0.0878693066686989,0.2331805580544875,0.0,0.1095932013258036,0.0,0.2942578578177293,0.0,0.0,0.0,0.1173360866011005,0.0,0.1515349641310223,0.0,0.0,0.0,0.0,0.6202448502511547,0.2097042751380087,0.0,0.246717992184968,0.0,0.4863565350701231,0.2765589429148128,76,97,58,3,1,1
55254,5,1,2,12,1,2,1,5.0,0,0,0,6580318.213306,0,2,0,10,13,0,0,0,0,0,0,0,0,0,0,0,0,0,0,0,0,0,0,0,0,0,0,0,0,0,0,0,0,0,0,0,0,0,0,0,0,0,0,0,0,0,0,0,0,0,0,0,0,0,0,0,0,0,0,0,0,0,0,0,0,0,0,0,0,0,0,0,0,0,0,0,0,0,0,0,0,0,1,0,0,0,0,0,0,0,0,0,0,1,0,1,0,0,0,0,0,0,0,0,0,0,0,0,0,0,0,0,0,0,0,0,0,0,0,0,0,0,0,0,0,0,0,0,0,0,0,0,0,0,0,0,0,0,0,0,0,0,0,0,0,0,0,0,0,0,0,0,0,0,0,0,0,0,3,192.84333333333333,4,0.0,0.0,0.0,0.0,0.0,0.0,0.0,0.0,0.0,0.0,0.0,0.0,0.0,0.6667029444868696,0.0,0.0,0.0,0.0,0.6288518774408761,0.0,0.0,0.4000656196821008,0.0,93,95,66,6,3,1
54505,30,30,2,146,6,7,1,7.0,0,2,0,6591405.446769,4,2,0,10,66,0,0,0,0,0,0,0,0,0,0,0,0,0,0,0,0,0,0,0,0,0,0,0,0,0,0,0,0,0,0,0,0,0,0,0,0,0,0,0,0,0,0,0,0,0,0,0,0,0,0,0,0,0,0,0,0,0,0,0,0,0,0,0,0,0,0,0,1,0,0,0,0,0,0,0,0,1,0,0,0,1,0,0,0,0,1,0,0,0,0,0,0,0,0,0,0,0,0,0,0,0,0,0,0,0,0,0,0,0,0,0,0,0,0,0,0,0,0,0,0,0,0,0,0,0,0,0,0,0,0,0,0,0,0,0,0,0,0,0,0,0,0,0,0,0,0,0,0,0,0,0,0,0,4,1196.9630555555557,4,0.0,0.0,0.0,0.0,0.0,0.3752445205215698,0.0,0.0,0.0,0.0,0.0,0.0,0.0,0.0,0.7369840902248398,0.0,0.0,0.0,0.0,0.0,0.0,0.4377975941598664,0.352674449204695,14,94,20,1,3,1
55249,7,0,1,22,3,1,1,5.0,0,0,0,6608973.608023,4,1,0,10,34,0,1,0,0,0,0,0,0,0,0,0,0,0,0,0,0,1,0,1,1,0,0,0,0,0,0,0,0,0,0,0,0,0,0,0,0,0,0,0,0,0,0,0,0,0,0,0,0,0,0,0,0,0,0,0,0,0,0,0,0,0,0,0,0,0,0,0,1,0,0,0,0,0,0,0,0,0,0,0,0,0,0,1,0,0,0,0,0,0,0,0,1,0,0,0,0,0,0,0,0,0,0,0,1,0,0,0,0,0,0,0,0,0,0,0,0,0,0,0,0,0,0,0,0,0,0,0,0,0,0,0,0,0,0,0,0,0,0,0,0,0,0,0,0,0,0,0,0,0,0,0,0,0,8,188.80138888888888,4,0.0,0.0,0.0,0.6806959692706875,0.0,0.0,0.0,0.0,0.0,0.364393959812907,0.0,0.0,0.0,0.0,0.0,0.0,0.3852412051288951,0.0,0.0,0.0,0.0,0.2665426180201616,0.429434845023437,92,90,68,1,3,1
54648,30,24,1,189,34,7,4,5.0,0,0,0,6685928.569292,0,1,0,10,914,0,0,0,0,0,0,0,0,0,0,0,0,0,0,0,0,0,0,0,0,0,0,0,0,0,0,0,0,0,0,0,0,0,0,0,0,0,0,0,0,0,0,0,0,0,0,0,0,0,0,0,0,0,0,0,0,0,0,0,0,0,0,0,0,0,0,0,1,1,0,0,1,1,0,1,0,0,0,0,0,0,0,0,0,0,0,0,0,0,1,0,0,0,0,0,0,0,0,0,0,0,0,0,0,0,0,0,0,0,0,0,0,0,0,0,0,0,0,0,0,0,0,0,0,0,0,0,0,0,0,0,0,0,0,1,0,0,0,0,0,0,0,0,0,0,0,0,0,0,0,0,0,0,7,631.7186111111112,4,0.0721504035993457,0.0765867946976532,0.0,0.0599920799588889,0.0,0.0,0.515611600100084,0.0,0.0764739471751117,0.1284611783263778,0.0,0.0,0.0,0.156591625726969,0.1581802045544047,0.132144199797563,0.0679052682104567,0.0688761464558377,0.0738506846596527,0.06752757167142,0.1772978206120331,0.6107742900491843,0.4541708614031929,19,42,27,1,3,1
54705,30,30,20,333,9,4,0,5.0,0,0,0,6692418.205175,0,20,0,10,115,0,0,0,0,0,0,0,0,0,0,0,0,0,0,1,0,0,0,0,0,0,0,0,0,0,0,0,0,0,0,0,0,0,0,0,0,0,0,0,0,0,0,0,0,0,0,0,0,0,0,0,0,0,0,0,0,0,0,0,0,0,0,0,0,0,1,1,0,0,0,0,0,0,0,0,0,0,0,0,0,1,0,0,0,0,0,0,0,0,0,0,0,0,1,0,1,0,0,0,0,0,0,0,0,0,0,0,0,0,0,0,0,0,0,0,0,1,0,0,0,0,0,0,0,0,0,0,0,0,0,0,0,0,0,0,0,0,0,0,0,0,0,0,0,0,0,0,0,0,0,0,0,0,7,764.3661111111111,4,0.0,0.0,0.0,0.1113874351703094,0.0,0.0,0.0,0.0,0.0,0.0,0.0,0.0,0.0,0.0,0.7342338893777347,0.0,0.2521597406090269,0.0,0.0,0.0,0.1097297593993146,0.6106294130596571,0.0,24,68,34,1,6,0
55144,1,0,1,6,1,2,2,999139.0,0,0,0,6738649.222226,0,1,0,10,174,0,0,0,0,0,0,0,0,0,0,0,0,0,0,0,0,0,0,0,0,0,0,0,0,0,0,0,0,0,0,0,0,0,0,0,0,0,0,0,0,0,0,0,0,0,0,0,0,0,0,0,0,0,0,0,0,0,0,0,0,0,0,0,0,0,0,1,0,0,0,0,0,0,0,0,0,0,0,1,0,0,0,0,0,0,0,0,0,0,0,0,0,0,0,0,0,0,0,0,0,0,0,0,0,0,0,0,0,0,0,0,0,0,0,0,0,0,0,0,0,0,0,0,0,0,0,0,0,0,0,0,0,0,0,0,0,0,0,0,0,0,0,0,0,0,0,0,0,0,0,0,0,0,2,277.53833333333336,4,0.0,0.0,0.0,0.2990961673112034,0.0,0.0,0.0,0.0,0.0,0.0,0.0,0.0,0.0,0.0,0.0,0.6588173592071098,0.3385481129493254,0.0,0.0,0.0,0.0,0.4684727342242981,0.3773852705312961,51,84,50,0,4,1
55238,5,0,1,33,1,3,3,5.0,0,0,0,6768172.40537,0,1,0,10,355,0,0,0,0,0,0,0,0,0,0,0,0,0,0,0,0,0,0,0,0,0,0,0,0,0,0,0,0,0,0,0,0,0,0,0,0,0,0,0,0,0,0,0,0,0,0,0,0,0,0,0,0,0,0,0,0,0,0,0,0,0,0,0,0,0,0,0,0,0,0,0,0,0,0,0,0,0,1,0,0,0,0,0,0,0,0,0,0,0,1,0,0,0,0,0,0,0,0,0,0,0,0,0,0,0,0,0,0,0,0,0,0,0,0,0,0,0,0,0,0,0,0,0,0,0,0,0,0,0,0,0,0,0,0,0,0,0,0,0,0,0,0,0,0,0,0,0,0,0,0,0,0,0,2,169.85833333333332,4,0.1143096744545244,0.1213383589372413,0.0,0.0950469406662139,0.0,0.0,0.8168962502234921,0.0,0.1211595718075622,0.1017621159548581,0.0,0.0,0.0,0.1240459988176482,0.1253044112419079,0.2093593342012857,0.107584001137242,0.1091221876286269,0.117003471921884,0.1069856071398968,0.0936324453022739,0.3721787926425228,0.0,87,85,67,4,2,1
55161,11,0,1,212,15,3,3,5.0,0,0,0,6792399.095651,0,1,0,10,10,0,0,1,0,0,0,0,0,0,0,0,0,0,0,0,0,0,0,0,1,0,0,0,0,0,0,0,0,0,0,0,0,0,0,0,0,0,0,0,0,0,0,0,0,0,0,0,0,0,0,0,0,0,0,0,0,0,0,0,0,0,0,0,0,0,0,1,1,1,1,0,0,0,0,0,0,0,0,0,0,0,0,0,0,0,0,0,0,0,0,0,0,0,0,0,0,0,0,0,0,0,0,0,1,0,0,1,0,0,0,0,0,0,0,0,0,1,0,0,0,0,0,0,0,0,0,0,0,0,1,0,0,0,0,1,0,0,0,0,0,0,0,0,0,0,0,0,0,0,0,0,0,0,11,246.94166666666663,4,0.0,0.0,0.0,0.0,0.0,0.0,0.0,0.0,0.0,0.0,0.0,0.0,0.0,0.0,0.0,0.0,0.0,0.0,0.0,0.0,0.0,1.0,0.0,60,85,52,5,6,0
54380,30,26,9,298,7,8,7,26718.0,0,0,0,6866704.987383,1,9,0,10,62,0,0,0,0,0,0,0,0,0,0,0,0,0,0,0,0,0,0,0,0,0,0,0,0,0,0,0,0,0,0,0,0,0,0,0,0,0,0,0,0,0,0,0,0,0,0,0,0,0,0,0,0,0,0,0,0,0,0,0,0,0,0,0,0,0,0,1,1,0,1,0,0,1,0,0,0,0,0,0,0,1,0,0,0,0,0,0,0,0,0,0,0,0,0,0,0,0,0,0,0,0,0,0,0,0,1,0,0,0,0,0,0,0,0,0,0,0,0,0,0,0,0,0,0,0,0,0,0,0,1,0,0,0,0,0,0,0,0,0,0,0,0,0,0,0,0,0,0,0,0,0,0,0,7,506.0777777777778,4,0.0,0.0,0.0,0.0,0.0,0.0,0.0,0.0,0.0,0.0,0.0,0.0,0.0,0.0,0.4557287380151342,0.0,0.0,0.3968744305532692,0.0,0.3891037453862725,0.0,0.5414416613299454,0.436166489339558,13,8,14,0,2,1
55172,4,0,1,2,1,1,1,48108.0,0,0,0,6867203.204821,0,1,0,10,305,0,0,0,0,0,0,0,0,0,0,0,0,0,0,0,0,0,0,0,0,0,0,0,0,0,0,0,0,0,0,0,0,0,0,0,0,0,0,0,0,0,0,0,0,0,0,0,0,0,0,0,0,0,0,0,0,0,0,0,0,0,0,0,0,0,1,1,1,0,0,0,0,0,0,0,0,0,0,0,0,0,0,0,0,0,0,0,0,0,1,0,0,0,0,0,0,0,0,0,0,0,0,0,0,0,0,0,0,0,0,0,0,0,0,0,0,0,0,0,0,0,0,0,0,0,0,0,0,0,0,0,0,0,0,0,0,0,0,0,0,0,0,0,0,0,0,0,0,0,0,0,0,0,4,193.37055555555557,4,0.1130396201432568,0.1199902114018226,0.0,0.0939909077683689,0.0,0.0,0.8078200052826716,0.0,0.1198134107126257,0.1006314731224913,0.0,0.0,0.0,0.2453355353088024,0.1239121983038686,0.2070332167814321,0.1063886734003745,0.1079097696463867,0.1157034877809372,0.1057969279468188,0.1851842567229775,0.2944349167046133,0.0,64,81,50,14,0,1
55115,13,0,1,33,5,2,2,5.0,0,0,0,6868675.208954,0,1,0,10,289,0,1,0,0,0,0,0,0,0,0,0,0,0,0,1,0,0,0,0,1,0,0,0,0,0,0,0,0,0,0,0,0,0,0,0,0,0,0,0,0,0,0,0,0,0,0,0,0,0,0,0,0,0,0,0,0,0,0,0,0,0,0,0,0,0,0,1,1,1,1,0,0,0,0,0,0,0,0,0,0,0,0,1,0,0,0,0,0,0,0,0,0,0,0,0,0,0,0,1,0,0,0,0,1,0,0,0,0,0,0,0,0,0,0,0,0,1,0,0,0,0,0,0,0,0,0,0,0,0,1,0,0,0,0,1,0,0,0,0,0,0,0,0,0,0,0,0,0,0,0,0,0,0,13,197.74305555555551,4,0.1156334126146701,0.1227434912393071,0.0,0.1922952219095112,0.0,0.0,0.8263561384128415,0.0,0.1225626337044131,0.1029405498607319,0.0,0.0,0.0,0.1254824863505878,0.1267554715444327,0.2117837741376901,0.1088298541099331,0.110385853233239,0.1183584050138695,0.1082245305419031,0.0947167353369173,0.3011909821381469,0.0,47,68,50,7,2,1
55066,6,2,2,34,7,4,3,5.0,0,0,0,7129796.182981,0,2,0,10,114,0,0,0,0,0,0,0,0,0,0,0,0,0,0,1,0,0,0,0,0,0,0,0,0,0,0,0,0,0,0,0,0,0,0,0,0,0,0,0,0,0,0,0,0,0,0,0,0,0,0,0,0,0,0,0,0,0,0,0,0,0,0,0,0,0,0,0,0,0,0,0,0,0,0,0,0,0,0,1,0,1,0,0,0,0,0,0,0,0,0,0,0,0,0,0,0,0,0,0,0,0,0,0,0,0,0,0,0,0,0,0,0,0,0,0,0,1,0,0,0,0,0,0,0,0,0,0,0,0,0,0,0,0,0,0,0,0,0,0,0,0,0,0,0,0,0,0,0,0,0,0,0,0,4,170.04833333333335,4,0.0,0.0,0.0,0.0,0.0,0.0,0.4969740985434828,0.0,0.0,0.4333621935477704,0.5517118112249995,0.0,0.0,0.0,0.0,0.0,0.0,0.0,0.0,0.0,0.0,0.0,0.510713258037412,44,62,52,4,6,0
54644,8,26,12,44,3,3,2,6621.0,0,0,0,7220159.449736,0,12,0,10,316,0,0,0,0,0,0,0,0,0,0,0,0,0,0,0,0,0,0,0,0,0,0,0,0,0,0,0,0,0,0,0,0,0,0,0,0,0,0,0,0,0,0,0,0,0,0,0,0,0,0,0,0,0,0,0,0,0,0,0,0,0,0,0,0,0,0,1,1,1,1,0,0,0,0,0,0,0,1,0,0,1,0,0,0,0,0,1,0,0,0,0,0,0,0,0,0,0,0,0,0,0,0,0,0,0,0,1,0,0,0,0,0,0,0,0,0,1,0,0,0,0,0,0,0,0,0,0,1,0,1,0,0,0,0,1,0,0,0,0,0,0,0,0,0,0,0,0,0,0,0,0,0,0,12,687.0122222222222,4,0.1064521155301152,0.1129976536584437,0.0,0.088513487216771,0.0,0.0,0.7607434315588426,0.0,0.2256623124365377,0.0947670665314082,0.1206476030880619,0.0,0.0,0.1155191724602289,0.1166910825842937,0.1949681349199324,0.2003775196264752,0.1016212125506733,0.1089607434356576,0.0996314989580922,0.0871962231740075,0.3465955092716343,0.2233641883094659,18,48,26,0,3,1
54659,18,0,1,2,1,6,8,5.0,0,0,0,7225904.03149,0,1,0,10,255,0,0,0,0,0,0,0,0,0,0,0,0,0,0,0,0,0,0,1,1,0,0,0,0,0,0,0,0,0,0,0,0,0,0,0,0,0,0,0,0,0,0,0,0,0,0,0,0,0,0,0,0,0,0,0,0,0,0,0,0,0,0,0,0,0,0,0,1,1,1,0,0,0,0,0,0,0,0,0,0,0,0,0,0,0,0,0,0,0,0,0,1,0,0,0,0,0,0,0,0,0,0,0,1,0,0,1,0,0,0,0,0,0,0,0,0,1,0,0,0,0,0,0,0,0,0,0,0,0,1,0,0,0,0,1,0,0,0,0,0,0,0,0,0,0,0,0,0,0,0,0,0,0,11,429.2288888888889,4,0.1172709896240515,0.1244817597445748,0.0,0.0975092339808885,0.0,0.0,0.8380588269630403,0.0,0.1242983409418394,0.1043983731141783,0.0,0.0,0.0,0.1272595439508205,0.1285505569035941,0.2147830131261961,0.1103710804993906,0.1119491153676714,0.1200345728146387,0.1097571844613813,0.096058094591861,0.3054563879289977,0.0,20,14,29,3,4,1
54358,30,10,5,14,5,6,4,3079.0,0,1,0,7372871.023071,0,5,0,10,25,0,1,0,0,0,0,0,0,0,0,0,0,0,0,1,0,0,0,0,0,0,0,0,0,0,0,0,0,0,0,0,0,0,0,0,0,0,0,0,0,0,0,0,0,0,0,0,0,0,0,0,0,0,0,0,0,0,0,0,0,0,0,0,0,0,0,0,1,1,0,0,0,0,0,0,0,0,0,1,0,1,0,1,0,0,0,0,0,0,0,0,0,0,0,0,0,0,0,0,0,0,0,0,0,0,0,0,0,0,0,0,0,0,0,0,0,0,0,0,0,0,0,0,0,0,0,0,0,0,1,1,0,0,1,1,0,0,0,0,0,0,0,0,0,0,0,0,0,0,0,0,0,0,11,244.8863888888889,4,0.0,0.0,0.0,0.0,0.0,0.7286813541293743,0.0,0.0,0.0,0.0,0.0,0.0,0.0,0.0,0.0,0.0,0.0,0.0,0.0,0.0,0.0,0.0,0.6848528923383338,11,2,11,1,1,1
54729,5,2,1,163,4,4,2,15820.0,0,0,0,7470736.601703,0,1,0,10,319,0,0,0,0,0,0,0,0,0,0,0,0,0,0,0,0,1,0,0,0,0,0,0,0,0,0,0,0,0,0,0,0,0,0,0,0,0,0,0,0,0,0,0,0,0,0,0,0,0,0,0,0,0,0,0,0,0,0,0,0,0,0,0,0,0,0,0,0,0,0,0,0,0,0,0,0,0,0,0,1,0,0,0,0,0,0,0,0,0,0,0,0,0,0,0,0,0,0,0,0,0,0,0,0,0,0,0,0,0,0,0,0,0,0,0,0,0,0,0,0,0,0,0,0,0,0,0,0,0,0,0,0,0,0,0,0,0,0,0,0,0,0,0,0,0,0,0,0,0,0,0,0,0,2,656.1119444444445,4,0.1084953695263661,0.1151665434569679,0.0,0.0902124251437172,0.0,0.0,0.7753452273889546,0.0,0.1149968502460157,0.0965860363699973,0.0,0.0,0.0,0.1177364605770271,0.1189308644771181,0.1987103754459465,0.2042235884969413,0.1035717416464458,0.1110521483208559,0.1015438372651783,0.0888698773853029,0.4238977234112389,0.1138257329547225,27,68,36,2,1,1
54323,14,0,1,5,1,2,2,9067.0,0,0,0,7472717.803637,0,1,0,10,303,0,0,0,0,0,0,0,0,0,0,0,0,0,0,0,0,0,0,0,0,0,0,0,0,0,0,0,0,0,0,0,0,0,0,0,0,0,0,0,0,0,0,0,0,0,0,0,0,0,0,0,0,0,0,0,0,0,0,0,0,0,0,0,0,0,0,0,1,0,0,0,0,0,0,0,0,0,0,0,0,0,0,0,0,0,0,0,0,0,0,0,0,0,0,0,0,0,0,0,0,0,0,0,0,0,0,0,0,0,0,0,0,0,0,0,0,0,0,0,0,0,0,0,0,0,0,0,0,0,0,0,0,0,0,0,0,0,0,0,0,0,0,0,0,0,0,0,0,0,0,0,0,0,1,1196.3780555555556,4,0.1076890887799022,0.1143106860408264,0.0,0.0895420136616169,0.0,0.0,0.769583267856161,0.0,0.114142253900917,0.1917365190966943,0.0,0.0,0.0,0.1168615048832084,0.1180470325992525,0.1972336640384081,0.2027059057783361,0.1028020507229362,0.1102268669338673,0.1007892166646273,0.088209443014793,0.4207475376074723,0.0,9,72,9,0,0,1
54875,10,0,3,41,5,2,2,6.0,0,0,0,7561533.958567,0,3,0,10,342,0,0,0,0,0,0,0,0,0,0,0,0,0,0,0,0,0,0,0,0,0,0,0,0,0,0,0,0,0,0,0,0,0,0,0,0,0,0,0,0,0,0,0,0,0,0,0,0,0,0,0,0,0,0,0,0,0,0,0,0,0,0,0,0,0,0,0,1,0,0,0,0,1,1,0,0,0,0,0,0,1,0,0,0,0,1,0,0,0,0,0,0,0,0,0,0,0,0,0,0,0,0,0,0,0,0,0,0,0,0,0,0,0,0,0,0,0,0,0,0,0,0,0,0,0,0,0,0,0,0,0,0,0,0,0,0,0,0,0,0,0,0,0,0,0,0,0,0,0,0,0,0,0,5,474.3158333333334,4,0.1110474612664979,0.1178755584645129,0.0,0.0923344547388198,0.0,0.0,0.7935833527505086,0.0,0.1177018736302875,0.0988579897879912,0.0,0.095753418900335,0.1211931099890759,0.1205059266829329,0.1217284260523615,0.2033845574877051,0.1045137277854428,0.1060080169227168,0.1136643821119458,0.2078648219694973,0.0909603267843111,0.3615574119811228,0.0,29,67,44,0,1,1
54431,7,5,3,7,1,6,4,1243.0,0,0,0,86597.286613,0,3,0,10,2,0,0,0,0,0,0,0,0,0,0,0,0,0,0,0,0,0,0,0,0,0,0,0,0,0,0,0,0,0,0,0,0,0,0,0,0,0,0,0,0,0,0,0,0,0,0,0,0,0,0,0,0,0,0,0,0,0,0,0,0,0,0,0,0,0,0,0,0,0,0,0,0,0,0,0,0,0,0,1,0,1,0,0,0,0,0,0,0,0,0,0,0,0,0,0,0,0,0,0,0,0,0,0,0,0,1,0,0,0,0,0,0,0,0,0,0,0,0,0,0,0,0,0,0,0,0,0,0,0,0,0,0,0,0,0,0,0,0,0,0,0,0,0,0,0,0,0,0,0,0,0,0,0,3,3163.1316666666667,4,0.0,0.0,0.0,0.0,0.0,0.0,0.0,0.0,0.0,0.0,0.0,0.0,0.0,0.0,0.0,0.0,0.0,0.0,0.0,0.0,0.0,0.0,0.0,14,61,16,0,6,0
34100,1,0,1,4,2,1,1,2561.0,0,0,0,47440.345437,0,1,0,11,0,0,0,0,0,0,0,0,0,0,0,0,0,0,0,0,0,0,0,0,0,0,0,0,0,0,0,0,0,0,0,0,0,0,0,0,0,0,0,0,0,0,0,0,0,0,0,0,0,0,0,0,0,0,0,0,0,0,0,0,0,0,0,0,0,0,0,0,0,0,0,0,0,0,0,0,0,0,0,0,0,0,0,0,0,0,0,0,0,0,0,0,0,0,0,0,0,0,0,0,0,0,0,0,0,0,0,0,0,0,0,0,0,0,0,0,0,0,0,0,0,0,0,0,0,0,0,0,0,0,0,0,0,0,0,0,0,0,0,0,0,0,0,0,0,0,0,0,0,0,0,0,0,0,0,184.53333333333333,4,0.0,0.0,0.0,0.0,0.0,0.0,0.0,0.0,0.0,0.0,0.0,0.0,0.0,0.0,0.0,0.0,0.0,0.0,0.0,0.0,0.0,0.0,0.0,79,61,8,207,3,1
34101,1,0,1,4,2,1,1,2460.0,0,0,0,47452.456276,0,1,0,11,0,0,0,0,0,0,0,0,0,0,0,0,0,0,0,0,0,0,0,0,0,0,0,0,0,0,0,0,0,0,0,0,0,0,0,0,0,0,0,0,0,0,0,0,0,0,0,0,0,0,0,0,0,0,0,0,0,0,0,0,0,0,0,0,0,0,0,0,0,0,0,0,0,0,0,0,0,0,0,0,0,0,0,0,0,0,0,0,0,0,0,0,0,0,0,0,0,0,0,0,0,0,0,0,0,0,0,0,0,0,0,0,0,0,0,0,0,0,0,0,0,0,0,0,0,0,0,0,0,0,0,0,0,0,0,0,0,0,0,0,0,0,0,0,0,0,0,0,0,0,0,0,0,0,0,184.5288888888889,4,0.0,0.0,0.0,0.0,0.0,0.0,0.0,0.0,0.0,0.0,0.0,0.0,0.0,0.0,0.0,0.0,0.0,0.0,0.0,0.0,0.0,0.0,0.0,80,60,9,208,3,1
34102,1,0,1,4,2,1,1,1943.0,0,0,0,47459.981471,0,1,0,11,0,0,0,0,0,0,0,0,0,0,0,0,0,0,0,0,0,0,0,0,0,0,0,0,0,0,0,0,0,0,0,0,0,0,0,0,0,0,0,0,0,0,0,0,0,0,0,0,0,0,0,0,0,0,0,0,0,0,0,0,0,0,0,0,0,0,0,0,0,0,0,0,0,0,0,0,0,0,0,0,0,0,0,0,0,0,0,0,0,0,0,0,0,0,0,0,0,0,0,0,0,0,0,0,0,0,0,0,0,0,0,0,0,0,0,0,0,0,0,0,0,0,0,0,0,0,0,0,0,0,0,0,0,0,0,0,0,0,0,0,0,0,0,0,0,0,0,0,0,0,0,0,0,0,0,184.5255555555555,4,0.0,0.0,0.0,0.0,0.0,0.0,0.0,0.0,0.0,0.0,0.0,0.0,0.0,0.0,0.0,0.0,0.0,0.0,0.0,0.0,0.0,0.0,0.0,81,59,10,209,3,1
33904,16,22,20,282,7,3,1,2627.0,0,0,0,57577.541015,0,20,0,11,16,0,0,0,0,0,0,0,0,0,0,0,0,0,0,0,0,0,0,0,0,0,0,0,0,0,0,0,0,0,0,0,0,0,0,0,0,0,0,0,0,0,0,0,0,0,0,0,0,0,0,0,0,0,0,0,0,0,0,0,0,0,0,0,0,0,0,0,0,0,0,0,0,0,0,0,0,0,0,0,0,0,0,0,0,0,0,0,0,0,0,0,0,0,0,0,0,0,0,0,0,0,0,0,0,0,0,0,0,0,0,0,0,0,0,0,0,0,0,0,0,0,0,0,0,0,0,0,0,0,0,0,0,0,0,0,0,0,0,0,0,0,0,0,0,0,0,0,0,0,0,0,0,0,0,476.995,4,0.5385630402675625,0.0,0.0,0.0,0.0,0.6011822654086844,0.0,0.0,0.0,0.0,0.0,0.0,0.0,0.0,0.5903640702277214,0.0,0.0,0.0,0.0,0.0,0.0,0.0,0.0,41,58,10,2,5,0
33809,3,12,2,111,4,2,1,2574.0,0,0,0,117388.863787,0,2,0,11,2,0,0,0,0,0,0,0,0,0,0,0,0,0,0,0,0,0,0,0,0,0,0,0,0,0,0,0,0,0,0,0,0,0,0,0,0,0,0,0,0,0,0,0,0,0,0,0,0,0,0,0,0,0,0,0,0,0,0,0,0,0,0,0,0,0,0,0,0,0,0,0,0,0,0,0,0,0,0,0,0,0,0,0,0,0,0,0,0,0,0,0,0,0,0,0,0,0,0,0,0,0,0,0,0,0,0,0,0,0,0,0,0,0,0,0,0,0,0,0,0,0,0,0,0,0,0,0,0,0,0,0,0,0,0,0,0,0,0,0,0,0,0,0,0,0,0,0,0,0,0,0,0,0,0,351.4163888888889,4,0.0,0.0,0.0,0.0,0.0,1.0,0.0,0.0,0.0,0.0,0.0,0.0,0.0,0.0,0.0,0.0,0.0,0.0,0.0,0.0,0.0,0.0,0.0,77,56,7,6,4,1
33935,7,10,8,95,6,3,2,2644.0,0,0,0,651181.165792,1,8,0,11,28,0,0,0,0,0,0,0,0,0,0,0,0,0,0,0,0,0,0,0,0,0,0,0,0,0,0,0,0,0,0,0,0,0,0,0,0,0,0,0,0,0,0,0,0,0,0,0,0,0,0,0,0,0,0,0,0,0,0,0,0,0,0,0,0,0,0,0,0,0,0,0,0,0,0,0,0,0,0,0,0,0,0,0,0,0,0,0,0,0,0,0,0,0,0,0,0,0,0,0,0,0,0,0,0,0,0,0,0,0,0,0,0,0,0,0,0,0,0,0,0,0,0,0,0,0,0,0,0,0,0,0,0,0,0,0,0,0,0,0,0,0,0,0,0,0,0,0,0,0,0,0,0,0,0,235.02305555555552,4,0.8789527901160294,0.0,0.0,0.0,0.0,0.0,0.0,0.0,0.0,0.0,0.0,0.0,0.0,0.4769087887083303,0.0,0.0,0.0,0.0,0.0,0.0,0.0,0.0,0.0,34,89,9,2,1,1
33771,8,5,10,82,3,2,1,2610.0,1,0,0,828936.140131,0,10,0,11,43,0,0,0,0,0,0,0,0,0,0,0,0,0,0,0,0,0,0,0,0,0,0,0,0,0,0,0,0,0,0,0,0,0,0,0,0,0,0,0,0,0,0,0,0,0,0,0,0,0,0,0,0,0,0,0,0,0,0,0,0,0,0,0,0,0,0,0,0,0,0,0,0,0,0,0,0,0,0,0,0,0,0,0,0,0,0,0,0,0,0,0,0,0,0,0,0,0,0,0,0,0,0,0,0,0,0,0,0,0,0,0,0,0,0,0,0,0,0,0,0,0,0,0,0,0,0,0,0,0,0,0,0,0,0,0,0,0,0,0,0,0,0,0,0,0,0,0,0,0,0,0,0,0,0,524.8763888888889,4,0.6219604548712925,0.0,0.0,0.0,0.0,0.3471381874519064,0.0,0.0,0.0,0.0,0.0,0.0,0.0,0.0,0.0,0.0,0.2926829885724699,0.0,0.0,0.0,0.5094553767982386,0.2025029747219525,0.3262586456621686,99,73,5,111,1,1
33267,19,27,21,175,8,2,1,1686.0,1,0,0,991767.575854,0,21,0,11,14,0,0,0,0,0,0,0,0,0,0,0,0,0,0,0,0,0,0,0,0,0,0,0,0,0,0,0,0,0,0,0,0,0,0,0,0,0,0,0,0,0,0,0,0,0,0,0,0,0,0,0,0,0,0,0,0,0,0,0,0,0,0,0,0,0,0,0,0,0,0,0,0,0,0,0,0,0,0,0,0,0,0,0,0,0,0,0,0,0,0,0,0,0,0,0,0,0,0,0,0,0,0,0,0,0,0,0,0,0,0,0,0,0,0,0,0,0,0,0,0,0,0,0,0,0,0,0,0,0,0,0,0,0,0,0,0,0,0,0,0,0,0,0,0,0,0,0,0,0,0,0,0,0,0,1274.2147222222222,4,1.0,0.0,0.0,0.0,0.0,0.0,0.0,0.0,0.0,0.0,0.0,0.0,0.0,0.0,0.0,0.0,0.0,0.0,0.0,0.0,0.0,0.0,0.0,84,67,6,80,3,1
33754,2,3,3,8,2,2,1,2578.0,1,0,0,1424365.911179,0,3,0,11,62,0,0,0,0,0,0,0,0,0,0,0,0,0,0,0,0,0,0,0,0,0,0,0,0,0,0,0,0,0,0,0,0,0,0,0,0,0,0,0,0,0,0,0,0,0,0,0,0,0,0,0,0,0,0,0,0,0,0,0,0,0,0,0,0,0,0,0,0,0,0,0,0,0,0,0,0,0,0,0,0,0,0,0,0,0,0,0,0,0,0,0,0,0,0,0,0,0,0,0,0,0,0,0,0,0,0,0,0,0,0,0,0,0,0,0,0,0,0,0,0,0,0,0,0,0,0,0,0,0,0,0,0,0,0,0,0,0,0,0,0,0,0,0,0,0,0,0,0,0,0,0,0,0,0,388.2369444444444,4,0.0,0.0,0.0,0.0,0.0,0.6100304337034479,0.0,0.0,0.0,0.4865024460462988,0.0,0.0,0.0,0.0,0.0,0.0,0.5143356072895938,0.0,0.0,0.0,0.0,0.3558611007410002,0.0,103,38,2,110,0,1
33609,6,10,6,21,4,2,1,5783.0,1,0,0,1430997.235153,0,6,0,11,16,0,0,0,0,0,0,0,0,0,0,0,0,0,0,0,0,0,0,0,0,0,0,0,0,0,0,0,0,0,0,0,0,0,0,0,0,0,0,0,0,0,0,0,0,0,0,0,0,0,0,0,0,0,0,0,0,0,0,0,0,0,0,0,0,0,0,0,0,0,0,0,0,0,0,0,0,0,0,0,0,0,0,0,0,0,0,0,0,0,0,0,0,0,0,0,0,0,0,0,0,0,0,0,0,0,0,0,0,0,0,0,0,0,0,0,0,0,0,0,0,0,0,0,0,0,0,0,0,0,0,0,0,0,0,0,0,0,0,0,0,0,0,0,0,0,0,0,0,0,0,0,0,0,0,645.5491666666667,4,0.5283755023626697,0.0,0.0,0.0,0.0,0.0,0.0,0.0,0.0,0.0,0.0,0.0,0.0,0.0,0.0,0.0,0.4972873111425987,0.0,0.0,0.0,0.0,0.6881312801199787,0.0,96,37,12,101,3,1
33811,11,3,1,2,2,2,2,29.0,0,0,0,1547880.178143,0,1,0,11,55,0,0,0,0,0,0,0,0,0,0,0,0,0,0,0,0,0,0,0,0,0,0,0,0,0,0,0,0,0,0,0,0,0,0,0,0,0,0,0,0,0,0,0,0,0,0,0,0,0,0,0,0,0,0,0,0,0,0,0,0,0,0,0,0,0,0,0,0,0,0,0,0,0,0,0,0,0,0,0,0,0,0,0,0,0,0,0,0,0,0,0,0,0,0,0,0,0,0,0,0,0,0,0,0,0,0,0,0,0,0,0,0,0,0,0,0,0,0,0,0,0,0,0,0,0,0,0,0,0,0,0,0,0,0,0,0,0,0,0,0,0,0,0,0,0,0,0,0,0,0,0,0,0,0,264.62944444444446,4,0.0,0.0,0.0,0.0,0.0,0.0,0.0,0.0,0.0,0.8071222648004197,0.0,0.0,0.0,0.0,0.0,0.0,0.0,0.0,0.0,0.0,0.0,0.590384323693847,0.0,78,31,8,0,4,1
33774,6,0,2,12,3,1,1,2577.0,0,0,0,1586113.701916,0,2,0,11,46,0,0,0,0,0,0,0,0,0,0,0,0,0,0,0,0,0,0,0,0,0,0,0,0,0,0,0,0,0,0,0,0,0,0,0,0,0,0,0,0,0,0,0,0,0,0,0,0,0,0,0,0,0,0,0,0,0,0,0,0,0,0,0,0,0,0,0,0,0,0,0,0,0,0,0,0,0,0,0,0,0,0,0,0,0,0,0,0,0,0,0,0,0,0,0,0,0,0,0,0,0,0,0,0,0,0,0,0,0,0,0,0,0,0,0,0,0,0,0,0,0,0,0,0,0,0,0,0,0,0,0,0,0,0,0,0,0,0,0,0,0,0,0,0,0,0,0,0,0,0,0,0,0,0,297.9347222222222,4,0.0,0.0,0.0,0.0,0.0,0.0,0.0,0.0,0.0,0.6177108014558773,0.7864053444405994,0.0,0.0,0.0,0.0,0.0,0.0,0.0,0.0,0.0,0.0,0.0,0.0,99,30,4,0,2,1
33784,2,0,1,104,4,1,1,2604.0,0,0,0,1587420.712767,0,1,0,11,71,0,0,0,0,0,0,0,0,0,0,0,0,0,0,0,0,0,0,0,0,0,0,0,0,0,0,0,0,0,0,0,0,0,0,0,0,0,0,0,0,0,0,0,0,0,0,0,0,0,0,0,0,0,0,0,0,0,0,0,0,0,0,0,0,0,0,0,0,0,0,0,0,0,0,0,0,0,0,0,0,0,0,0,0,0,0,0,0,0,0,0,0,0,0,0,0,0,0,0,0,0,0,0,0,0,0,0,0,0,0,0,0,0,0,0,0,0,0,0,0,0,0,0,0,0,0,0,0,0,0,0,0,0,0,0,0,0,0,0,0,0,0,0,0,0,0,0,0,0,0,0,0,0,0,289.555,4,0.0,0.0,0.0,0.0,0.0,0.0,0.0,0.0,0.0,0.7631829832513469,0.0,0.0,0.0,0.4651524516257188,0.0,0.0,0.0,0.0,0.0,0.0,0.3511065403092013,0.2791220667992064,0.0,90,29,6,142,2,1
33821,3,0,4,33,2,2,1,2495.0,1,0,0,1841942.635521,1,4,0,11,50,0,0,0,0,0,0,0,0,0,0,0,0,0,0,0,0,0,0,0,0,0,0,0,0,0,0,0,0,0,0,0,0,0,0,0,0,0,0,0,0,0,0,0,0,0,0,0,0,0,0,0,0,0,0,0,0,0,0,0,0,0,0,0,0,0,0,0,0,0,0,0,0,0,0,0,0,0,0,0,0,0,0,0,0,0,0,0,0,0,0,0,0,0,0,0,0,0,0,0,0,0,0,0,0,0,0,0,0,0,0,0,0,0,0,0,0,0,0,0,0,0,0,0,0,0,0,0,0,0,0,0,0,0,0,0,0,0,0,0,0,0,0,0,0,0,0,0,0,0,0,0,0,0,0,170.79583333333332,4,0.0,0.0,0.0,0.0,0.0,0.6305962307271524,0.0,0.0,0.0,0.5029037762163077,0.0,0.0,0.0,0.0,0.0,0.0,0.0,0.0,0.0,0.0,0.4627273114070155,0.3678581532848233,0.0,77,33,9,113,4,1
33298,8,23,16,998,6,2,1,2528.0,1,0,0,3256831.707923,0,16,0,11,10,0,0,0,0,0,0,0,0,0,0,0,0,0,0,0,0,0,0,0,0,0,0,0,0,0,0,0,0,0,0,0,0,0,0,0,0,0,0,0,0,0,0,0,0,0,0,0,0,0,0,0,0,0,0,0,0,0,0,0,0,0,0,0,0,0,0,0,0,0,0,0,0,0,0,0,0,0,0,0,0,0,0,0,0,0,0,0,0,0,0,0,0,0,0,0,0,0,0,0,0,0,0,0,0,0,0,0,0,0,0,0,0,0,0,0,0,0,0,0,0,0,0,0,0,0,0,0,0,0,0,0,0,0,0,0,0,0,0,0,0,0,0,0,0,0,0,0,0,0,0,0,0,0,0,618.6297222222222,4,0.0,0.0,0.0,0.0,0.0,0.806228101463769,0.0,0.0,0.0,0.0,0.0,0.0,0.0,0.0,0.0,0.0,0.0,0.0,0.0,0.0,0.5916048076293217,0.0,0.0,91,101,10,83,4,1
33472,1,5,3,4,1,2,1,1116440.0,1,0,0,3261024.589685,0,3,0,11,19,0,0,0,0,0,0,0,0,0,0,0,0,0,0,0,0,0,0,0,0,0,0,0,0,0,0,0,0,0,0,0,0,0,0,0,0,0,0,0,0,0,0,0,0,0,0,0,0,0,0,0,0,0,0,0,0,0,0,0,0,0,0,0,0,0,0,0,0,0,0,0,0,0,0,0,0,0,0,0,0,0,0,0,0,0,0,0,0,0,0,0,0,0,0,0,0,0,0,0,0,0,0,0,0,0,0,0,0,0,0,0,0,0,0,0,0,0,0,0,0,0,0,0,0,0,0,0,0,0,0,0,0,0,0,0,0,0,0,0,0,0,0,0,0,0,0,0,0,0,0,0,0,0,0,331.3233333333333,4,0.3859734825033185,0.0,0.0,0.0,0.0,0.0,0.0,0.0,0.0,0.0,0.0,0.0,0.0,0.0,0.0,0.0,0.3632638425289357,0.0,0.0,0.0,0.0,0.251336810109215,0.8098726192429878,97,98,9,90,2,1
33537,7,14,7,103,7,2,1,1094.0,1,0,0,3320243.602543,0,7,0,11,50,0,0,0,0,0,0,0,0,0,0,0,0,0,0,0,0,0,0,0,0,0,0,0,0,0,0,0,0,0,0,0,0,0,0,0,0,0,0,0,0,0,0,0,0,0,0,0,0,0,0,0,0,0,0,0,0,0,0,0,0,0,0,0,0,0,0,0,0,0,0,0,0,0,0,0,0,0,0,0,0,0,0,0,0,0,0,0,0,0,0,0,0,0,0,0,0,0,0,0,0,0,0,0,0,0,0,0,0,0,0,0,0,0,0,0,0,0,0,0,0,0,0,0,0,0,0,0,0,0,0,0,0,0,0,0,0,0,0,0,0,0,0,0,0,0,0,0,0,0,0,0,0,0,0,197.26805555555555,4,0.0,0.0,0.0,0.7872991353527633,0.0,0.0,0.0,0.0,0.0,0.0,0.0,0.0,0.0,0.0,0.0,0.0,0.0,0.0,0.0,0.0,0.0,0.6165712217358115,0.0,82,96,12,94,0,1
33277,8,5,8,62,5,4,1,2607.0,0,0,0,3406250.512078,0,8,0,11,19,0,0,0,0,0,0,0,0,0,0,0,0,0,0,0,0,0,0,0,0,0,0,0,0,0,0,0,0,0,0,0,0,0,0,0,0,0,0,0,0,0,0,0,0,0,0,0,0,0,0,0,0,0,0,0,0,0,0,0,0,0,0,0,0,0,0,0,0,0,0,0,0,0,0,0,0,0,0,0,0,0,0,0,0,0,0,0,0,0,0,0,0,0,0,0,0,0,0,0,0,0,0,0,0,0,0,0,0,0,0,0,0,0,0,0,0,0,0,0,0,0,0,0,0,0,0,0,0,0,0,0,0,0,0,0,0,0,0,0,0,0,0,0,0,0,0,0,0,0,0,0,0,0,0,598.8308333333333,4,0.0,0.0,0.0,0.0,0.0,0.806228101463769,0.0,0.0,0.0,0.0,0.0,0.0,0.0,0.0,0.0,0.0,0.0,0.0,0.0,0.0,0.5916048076293217,0.0,0.0,89,102,8,0,3,1
33454,21,14,1,339,25,3,1,2578.0,0,0,0,3757538.600013,0,1,0,11,0,0,0,0,0,0,0,0,0,0,0,0,0,0,0,0,0,0,0,0,0,0,0,0,0,0,0,0,0,0,0,0,0,0,0,0,0,0,0,0,0,0,0,0,0,0,0,0,0,0,0,0,0,0,0,0,0,0,0,0,0,0,0,0,0,0,0,0,0,0,0,0,0,0,0,0,0,0,0,0,0,0,0,0,0,0,0,0,0,0,0,0,0,0,0,0,0,0,0,0,0,0,0,0,0,0,0,0,0,0,0,0,0,0,0,0,0,0,0,0,0,0,0,0,0,0,0,0,0,0,0,0,0,0,0,0,0,0,0,0,0,0,0,0,0,0,0,0,0,0,0,0,0,0,0,188.82305555555556,4,0.0,0.0,0.0,0.0,0.0,0.0,0.0,0.0,0.0,0.0,0.0,0.0,0.0,0.0,0.0,0.0,0.0,0.0,0.0,0.0,0.0,0.0,0.0,96,83,7,115,1,1
32248,12,12,10,104,11,2,2,2299.0,1,0,0,4031824.380836,0,10,0,11,98,0,0,0,0,0,0,0,0,0,0,0,0,0,0,0,0,0,0,0,0,0,0,0,0,0,0,0,0,0,0,0,0,0,0,0,0,0,0,0,0,0,0,0,0,0,0,0,0,0,0,0,0,0,0,0,0,0,0,0,0,0,0,0,0,0,0,0,0,0,0,0,0,0,0,0,0,0,0,0,0,0,0,0,0,0,0,0,0,0,0,0,0,0,0,0,0,0,0,0,0,0,0,0,0,0,0,0,0,0,0,0,0,0,0,0,0,0,0,0,0,0,0,0,0,0,0,0,0,0,0,0,0,0,0,0,0,0,0,0,0,0,0,0,0,0,0,0,0,0,0,0,0,0,0,384.32472222222225,4,0.0,0.0,0.0,0.0,0.0,0.4129279449726783,0.0,0.0,0.0,0.0,0.0,0.0,0.0,0.4014250153385134,0.4054973613353656,0.0,0.3481523766855406,0.0,0.0,0.0,0.0,0.4817628265940921,0.3880913047099241,73,84,9,19,2,1
33291,17,9,22,53,4,2,1,323.0,1,0,0,4276230.032164,0,22,0,11,19,0,0,0,0,0,0,0,0,0,0,0,0,0,0,0,0,0,0,0,0,0,0,0,0,0,0,0,0,0,0,0,0,0,0,0,0,0,0,0,0,0,0,0,0,0,0,0,0,0,0,0,0,0,0,0,0,0,0,0,0,0,0,0,0,0,0,0,0,0,0,0,0,0,0,0,0,0,0,0,0,0,0,0,0,0,0,0,0,0,0,0,0,0,0,0,0,0,0,0,0,0,0,0,0,0,0,0,0,0,0,0,0,0,0,0,0,0,0,0,0,0,0,0,0,0,0,0,0,0,0,0,0,0,0,0,0,0,0,0,0,0,0,0,0,0,0,0,0,0,0,0,0,0,0,339.27916666666664,4,0.657977633292238,0.0,0.0,0.0,0.0,0.0,0.0,0.0,0.0,0.0,0.0,0.0,0.0,0.0,0.0,0.0,0.6192640018107418,0.0,0.0,0.0,0.0,0.4284594848389877,0.0,90,84,8,82,4,1
33265,10,10,12,123,9,2,1,2782.0,1,0,0,4466246.711908,0,12,0,11,33,0,0,0,0,0,0,0,0,0,0,0,0,0,0,0,0,0,0,0,0,0,0,0,0,0,0,0,0,0,0,0,0,0,0,0,0,0,0,0,0,0,0,0,0,0,0,0,0,0,0,0,0,0,0,0,0,0,0,0,0,0,0,0,0,0,0,0,0,0,0,0,0,0,0,0,0,0,0,0,0,0,0,0,0,0,0,0,0,0,0,0,0,0,0,0,0,0,0,0,0,0,0,0,0,0,0,0,0,0,0,0,0,0,0,0,0,0,0,0,0,0,0,0,0,0,0,0,0,0,0,0,0,0,0,0,0,0,0,0,0,0,0,0,0,0,0,0,0,0,0,0,0,0,0,312.28555555555556,4,0.5527832239160315,0.0,0.0,0.0,0.0,0.0,0.0,0.0,0.0,0.0,0.0,0.0,0.0,0.5998665245747254,0.0,0.0,0.0,0.0,0.0,0.0,0.4527914651521769,0.3599593715087635,0.0,83,97,10,79,3,1
33081,26,21,16,367,13,2,1,1484.0,0,0,0,4540152.749735,0,16,0,11,40,0,0,0,0,0,0,0,0,0,0,0,0,0,0,0,0,0,0,0,0,0,0,0,0,0,0,0,0,0,0,0,0,0,0,0,0,0,0,0,0,0,0,0,0,0,0,0,0,0,0,0,0,0,0,0,0,0,0,0,0,0,0,0,0,0,0,0,0,0,0,0,0,0,0,0,0,0,0,0,0,0,0,0,0,0,0,0,0,0,0,0,0,0,0,0,0,0,0,0,0,0,0,0,0,0,0,0,0,0,0,0,0,0,0,0,0,0,0,0,0,0,0,0,0,0,0,0,0,0,0,0,0,0,0,0,0,0,0,0,0,0,0,0,0,0,0,0,0,0,0,0,0,0,0,532.3422222222222,4,0.3704887037318053,0.0,0.0,0.0,0.0,0.0,0.0,0.0,0.0,0.0,0.0,0.0,0.4043377282919028,0.0,0.0,0.0,0.3486901464274114,0.0,0.0,0.0,0.606943610902841,0.2412534881244059,0.3886907656779721,95,95,7,0,0,1
32833,9,10,3,97,8,2,1,1087.0,0,0,0,4611113.557567,0,3,0,11,133,0,0,0,0,0,0,0,0,0,0,0,0,0,0,0,0,0,0,0,0,0,0,0,0,0,0,0,0,0,0,0,0,0,0,0,0,0,0,0,0,0,0,0,0,0,0,0,0,0,0,0,0,0,0,0,0,0,0,0,0,0,0,0,0,0,0,0,0,0,0,0,0,0,0,0,0,0,0,0,0,0,0,0,0,0,0,0,0,0,0,0,0,0,0,0,0,0,0,0,0,0,0,0,0,0,0,0,0,0,0,0,0,0,0,0,0,0,0,0,0,0,0,0,0,0,0,0,0,0,0,0,0,0,0,0,0,0,0,0,0,0,0,0,0,0,0,0,0,0,0,0,0,0,0,776.3569444444445,4,0.0,0.2179808409817437,0.0,0.0,0.0,0.0,0.0,0.0,0.0,0.0,0.2327381598830409,0.0,0.4482316161338054,0.0,0.0,0.0,0.1932715363012808,0.0,0.0,0.0,0.6728318842921985,0.401165040930287,0.2154430292865805,125,87,9,98,3,1
33321,0,6,3,4,1,2,1,,1,0,0,4615311.660372,1,3,0,11,85,0,0,0,0,0,0,0,0,0,0,0,0,0,0,0,0,0,0,0,0,0,0,0,0,0,0,0,0,0,0,0,0,0,0,0,0,0,0,0,0,0,0,0,0,0,0,0,0,0,0,0,0,0,0,0,0,0,0,0,0,0,0,0,0,0,0,0,0,0,0,0,0,0,0,0,0,0,0,0,0,0,0,0,0,0,0,0,0,0,0,0,0,0,0,0,0,0,0,0,0,0,0,0,0,0,0,0,0,0,0,0,0,0,0,0,0,0,0,0,0,0,0,0,0,0,0,0,0,0,0,0,0,0,0,0,0,0,0,0,0,0,0,0,0,0,0,0,0,0,0,0,0,0,0,174.0522222222222,4,0.0,0.0,0.0,0.0,0.0,0.5837591875779655,0.0,0.0,0.0,0.0,0.0,0.0,0.0,0.0,0.0,0.0,0.492185503649399,0.0,0.0,0.0,0.0,0.3405357758923769,0.5486474516965131,94,87,10,84,0,1
33273,8,13,8,61,2,2,1,2634.0,1,0,0,4623550.490845,0,8,0,11,60,0,0,0,0,0,0,0,0,0,0,0,0,0,0,0,0,0,0,0,0,0,0,0,0,0,0,0,0,0,0,0,0,0,0,0,0,0,0,0,0,0,0,0,0,0,0,0,0,0,0,0,0,0,0,0,0,0,0,0,0,0,0,0,0,0,0,0,0,0,0,0,0,0,0,0,0,0,0,0,0,0,0,0,0,0,0,0,0,0,0,0,0,0,0,0,0,0,0,0,0,0,0,0,0,0,0,0,0,0,0,0,0,0,0,0,0,0,0,0,0,0,0,0,0,0,0,0,0,0,0,0,0,0,0,0,0,0,0,0,0,0,0,0,0,0,0,0,0,0,0,0,0,0,0,262.6927777777778,4,0.0,0.0,0.0,0.0,0.0,0.591350240935541,0.0,0.0,0.0,0.4716048950847332,0.0,0.0,0.0,0.0,0.0,0.0,0.0,0.0,0.0,0.0,0.0,0.3449640149676157,0.5557819211300581,87,85,7,81,3,1
33262,22,7,8,116,12,3,3,2245.0,0,0,0,4625469.113493,0,8,0,11,42,0,0,0,0,0,0,0,0,0,0,0,0,0,0,0,0,0,0,0,0,0,0,0,0,0,0,0,0,0,0,0,0,0,0,0,0,0,0,0,0,0,0,0,0,0,0,0,0,0,0,0,0,0,0,0,0,0,0,0,0,0,0,0,0,0,0,0,0,0,0,0,0,0,0,0,0,0,0,0,0,0,0,0,0,0,0,0,0,0,0,0,0,0,0,0,0,0,0,0,0,0,0,0,0,0,0,0,0,0,0,0,0,0,0,0,0,0,0,0,0,0,0,0,0,0,0,0,0,0,0,0,0,0,0,0,0,0,0,0,0,0,0,0,0,0,0,0,0,0,0,0,0,0,0,267.4275,4,0.0,0.0,0.0,0.0,0.0,0.0,0.0,0.0,0.0,0.0,0.0,0.0,0.0,0.0,0.431927064785318,0.0,0.7416888418933484,0.0,0.0,0.0,0.0,0.5131633974835338,0.0,81,83,9,110,3,1
32955,12,24,17,104,6,3,1,2352.0,1,0,0,6087511.405107,0,17,0,11,94,0,0,0,0,0,0,0,0,0,0,0,0,0,0,0,0,0,0,0,0,0,0,0,0,0,0,0,0,0,0,0,0,0,0,0,0,0,0,0,0,0,0,0,0,0,0,0,0,0,0,0,0,0,0,0,0,0,0,0,0,0,0,0,0,0,0,0,0,0,0,0,0,0,0,0,0,0,0,0,0,0,0,0,0,0,0,0,0,0,0,0,0,0,0,0,0,0,0,0,0,0,0,0,0,0,0,0,0,0,0,0,0,0,0,0,0,0,0,0,0,0,0,0,0,0,0,0,0,0,0,0,0,0,0,0,0,0,0,0,0,0,0,0,0,0,0,0,0,0,0,0,0,0,0,333.7916666666667,4,0.0,0.0,0.0,0.0,0.0,0.4118862935437026,0.0,0.0,0.0,0.0,0.0,0.0,0.0,0.0,0.0,0.0,0.0,0.0,0.0,0.0,0.0,0.4805475323935934,0.7742246123065702,116,88,14,69,4,1
33001,22,8,21,295,7,3,1,541.0,0,0,0,6264890.996622,1,21,0,11,81,0,0,0,0,0,0,0,0,0,0,0,0,0,0,0,0,0,0,0,0,0,0,0,0,0,0,0,0,0,0,0,0,0,0,0,0,0,0,0,0,0,0,0,0,0,0,0,0,0,0,0,0,0,0,0,0,0,0,0,0,0,0,0,0,0,0,0,0,0,0,0,0,0,0,0,0,0,0,0,0,0,0,0,0,0,0,0,0,0,0,0,0,0,0,0,0,0,0,0,0,0,0,0,0,0,0,0,0,0,0,0,0,0,0,0,0,0,0,0,0,0,0,0,0,0,0,0,0,0,0,0,0,0,0,0,0,0,0,0,0,0,0,0,0,0,0,0,0,0,0,0,0,0,0,198.05972222222223,4,0.1983003806747224,0.210493493945461,0.0,0.1648840713265802,0.0,0.0,0.202446103614186,0.202770265511222,0.420366680711424,0.1765333199347143,0.0,0.170989405811577,0.0,0.2151906118541325,0.0,0.0,0.18663292045777,0.0,0.0,0.0,0.6497210191717468,0.258257042939727,0.0,111,91,9,0,1,1
32127,5,6,1,93,3,2,1,397.0,0,0,0,6755454.712212,0,1,0,11,2,0,0,0,0,0,0,0,0,0,0,0,0,0,0,0,0,0,0,0,0,0,0,0,0,0,0,0,0,0,0,0,0,0,0,0,0,0,0,0,0,0,0,0,0,0,0,0,0,0,0,0,0,0,0,0,0,0,0,0,0,0,0,0,0,0,0,0,0,0,0,0,0,0,0,0,0,0,0,0,0,0,0,0,0,0,0,0,0,0,0,0,0,0,0,0,0,0,0,0,0,0,0,0,0,0,0,0,0,0,0,0,0,0,0,0,0,0,0,0,0,0,0,0,0,0,0,0,0,0,0,0,0,0,0,0,0,0,0,0,0,0,0,0,0,0,0,0,0,0,0,0,0,0,0,1360.3755555555556,4,0.0,0.0,0.0,0.0,0.0,0.0,0.0,0.0,0.0,1.0,0.0,0.0,0.0,0.0,0.0,0.0,0.0,0.0,0.0,0.0,0.0,0.0,0.0,96,111,4,0,1,1
32584,11,4,9,112,2,2,2,2472.0,1,0,0,6938591.048149,1,9,0,11,2,0,0,0,0,0,0,0,0,0,0,0,0,0,0,0,0,0,0,0,0,0,0,0,0,0,0,0,0,0,0,0,0,0,0,0,0,0,0,0,0,0,0,0,0,0,0,0,0,0,0,0,0,0,0,0,0,0,0,0,0,0,0,0,0,0,0,0,0,0,0,0,0,0,0,0,0,0,0,0,0,0,0,0,0,0,0,0,0,0,0,0,0,0,0,0,0,0,0,0,0,0,0,0,0,0,0,0,0,0,0,0,0,0,0,0,0,0,0,0,0,0,0,0,0,0,0,0,0,0,0,0,0,0,0,0,0,0,0,0,0,0,0,0,0,0,0,0,0,0,0,0,0,0,0,635.4427777777778,4,0.0,0.0,0.0,0.0,0.0,1.0,0.0,0.0,0.0,0.0,0.0,0.0,0.0,0.0,0.0,0.0,0.0,0.0,0.0,0.0,0.0,0.0,0.0,101,112,13,44,3,1
32855,6,2,4,526,7,3,1,761.0,1,0,0,7063457.815302,0,4,0,11,64,0,0,0,0,0,0,0,0,0,0,0,0,0,0,0,0,0,0,0,0,0,0,0,0,0,0,0,0,0,0,0,0,0,0,0,0,0,0,0,0,0,0,0,0,0,0,0,0,0,0,0,0,0,0,0,0,0,0,0,0,0,0,0,0,0,0,0,0,0,0,0,0,0,0,0,0,0,0,0,0,0,0,0,0,0,0,0,0,0,0,0,0,0,0,0,0,0,0,0,0,0,0,0,0,0,0,0,0,0,0,0,0,0,0,0,0,0,0,0,0,0,0,0,0,0,0,0,0,0,0,0,0,0,0,0,0,0,0,0,0,0,0,0,0,0,0,0,0,0,0,0,0,0,0,235.53166666666667,4,0.0,0.0,0.0,0.0,0.0,0.0,0.0,0.0,0.0,0.4974213132984818,0.0,0.0,0.0,0.0,0.0,0.0,0.5258791509340416,0.0,0.0,0.0,0.0,0.3638479056394835,0.5862063265191418,127,114,10,55,4,1
31992,4,0,3,32,2,1,1,264.0,0,0,0,7346818.56287,0,3,0,11,4,0,0,0,0,0,0,0,0,0,0,0,0,0,0,0,0,0,0,0,0,0,0,0,0,0,0,0,0,0,0,0,0,0,0,0,0,0,0,0,0,0,0,0,0,0,0,0,0,0,0,0,0,0,0,0,0,0,0,0,0,0,0,0,0,0,0,0,0,0,0,0,0,0,0,0,0,0,0,0,0,0,0,0,0,0,0,0,0,0,0,0,0,0,0,0,0,0,0,0,0,0,0,0,0,0,0,0,0,0,0,0,0,0,0,0,0,0,0,0,0,0,0,0,0,0,0,0,0,0,0,0,0,0,0,0,0,0,0,0,0,0,0,0,0,0,0,0,0,0,0,0,0,0,0,1488.3722222222225,4,0.0,0.0,0.0,0.0,0.0,0.0,0.0,0.0,0.0,0.0,0.0,0.0,0.0,0.0,0.0,0.0,0.0,0.0,0.0,0.0,0.0,0.0,0.0,72,111,6,19,5,0
32810,2,0,1,21,1,1,1,2446.0,0,0,0,7445425.44329,0,1,0,11,0,0,0,0,0,0,0,0,0,0,0,0,0,0,0,0,0,0,0,0,0,0,0,0,0,0,0,0,0,0,0,0,0,0,0,0,0,0,0,0,0,0,0,0,0,0,0,0,0,0,0,0,0,0,0,0,0,0,0,0,0,0,0,0,0,0,0,0,0,0,0,0,0,0,0,0,0,0,0,0,0,0,0,0,0,0,0,0,0,0,0,0,0,0,0,0,0,0,0,0,0,0,0,0,0,0,0,0,0,0,0,0,0,0,0,0,0,0,0,0,0,0,0,0,0,0,0,0,0,0,0,0,0,0,0,0,0,0,0,0,0,0,0,0,0,0,0,0,0,0,0,0,0,0,0,169.75944444444443,4,0.0,0.0,0.0,0.0,0.0,0.0,0.0,0.0,0.0,0.0,0.0,0.0,0.0,0.0,0.0,0.0,0.0,0.0,0.0,0.0,0.0,0.0,0.0,126,117,7,95,2,1
32777,1,4,1,29,1,3,1,104.0,0,0,0,7489804.680202,1,1,0,11,54,0,0,0,0,0,0,0,0,0,0,0,0,0,0,0,0,0,0,0,0,0,0,0,0,0,0,0,0,0,0,0,0,0,0,0,0,0,0,0,0,0,0,0,0,0,0,0,0,0,0,0,0,0,0,0,0,0,0,0,0,0,0,0,0,0,0,0,0,0,0,0,0,0,0,0,0,0,0,0,0,0,0,0,0,0,0,0,0,0,0,0,0,0,0,0,0,0,0,0,0,0,0,0,0,0,0,0,0,0,0,0,0,0,0,0,0,0,0,0,0,0,0,0,0,0,0,0,0,0,0,0,0,0,0,0,0,0,0,0,0,0,0,0,0,0,0,0,0,0,0,0,0,0,0,200.03861111111112,4,0.0,0.0,0.0,0.0,0.0,0.0,0.0,0.0,0.0,0.0,0.0,0.0,0.0,0.0,0.0,0.0,0.0,0.0,0.0,0.0,0.5527922317416704,0.4394578070189178,0.7080237173825372,125,117,9,0,1,1
32510,10,9,1,150,7,2,2,1716.0,0,0,0,7993455.66745,0,1,0,11,62,0,0,0,0,0,0,0,0,0,0,0,0,0,0,0,0,0,0,0,0,0,0,0,0,0,0,0,0,0,0,0,0,0,0,0,0,0,0,0,0,0,0,0,0,0,0,0,0,0,0,0,0,0,0,0,0,0,0,0,0,0,0,0,0,0,0,0,0,0,0,0,0,0,0,0,0,0,0,0,0,0,0,0,0,0,0,0,0,0,0,0,0,0,0,0,0,0,0,0,0,0,0,0,0,0,0,0,0,0,0,0,0,0,0,0,0,0,0,0,0,0,0,0,0,0,0,0,0,0,0,0,0,0,0,0,0,0,0,0,0,0,0,0,0,0,0,0,0,0,0,0,0,0,0,414.4611111111111,4,0.0,0.0,0.0,0.0,0.0,0.0,0.0,0.0,0.4879977616187397,0.8197401833415505,0.0,0.0,0.0,0.0,0.0,0.0,0.0,0.0,0.0,0.0,0.0,0.2998069653464724,0.0,83,125,12,52,0,1
32366,10,5,13,162,4,2,1,1729.0,1,0,0,8479940.991079,0,13,0,11,61,0,0,0,0,0,0,0,0,0,0,0,0,0,0,0,0,0,0,0,0,0,0,0,0,0,0,0,0,0,0,0,0,0,0,0,0,0,0,0,0,0,0,0,0,0,0,0,0,0,0,0,0,0,0,0,0,0,0,0,0,0,0,0,0,0,0,0,0,0,0,0,0,0,0,0,0,0,0,0,0,0,0,0,0,0,0,0,0,0,0,0,0,0,0,0,0,0,0,0,0,0,0,0,0,0,0,0,0,0,0,0,0,0,0,0,0,0,0,0,0,0,0,0,0,0,0,0,0,0,0,0,0,0,0,0,0,0,0,0,0,0,0,0,0,0,0,0,0,0,0,0,0,0,0,345.62694444444446,4,0.0,0.0,0.0,0.8511285167252743,0.0,0.0,0.0,0.0,0.0,0.0,0.0,0.0,0.0,0.0,0.0,0.0,0.0,0.0,0.0,0.0,0.2794873204365821,0.4443726878783322,0.0,75,104,8,25,3,1
32504,15,10,18,52,5,3,1,628.0,0,0,0,8680014.004088,0,18,0,11,278,0,0,0,0,0,0,0,0,0,0,0,0,0,0,0,0,0,0,0,0,0,0,0,0,0,0,0,0,0,0,0,0,0,0,0,0,0,0,0,0,0,0,0,0,0,0,0,0,0,0,0,0,0,0,0,0,0,0,0,0,0,0,0,0,0,0,0,0,0,0,0,0,0,0,0,0,0,0,0,0,0,0,0,0,0,0,0,0,0,0,0,0,0,0,0,0,0,0,0,0,0,0,0,0,0,0,0,0,0,0,0,0,0,0,0,0,0,0,0,0,0,0,0,0,0,0,0,0,0,0,0,0,0,0,0,0,0,0,0,0,0,0,0,0,0,0,0,0,0,0,0,0,0,0,223.9630555555555,4,0.0,0.0,0.0,0.0706167732073762,0.0,0.0948030541978083,0.0,0.0868427237246241,0.1800352109024542,0.0756059291663384,0.0,0.0732315741230344,0.0,0.0921621264649723,0.0930970858034045,0.0,0.0799313997462655,0.0810742220806975,0.0,0.0794868125464778,0.9043560414403776,0.2212133517052763,0.178201748959119,82,124,10,0,6,0
31790,8,3,6,63,4,3,1,1529.0,0,0,0,8852988.26897,0,6,0,11,85,0,0,0,0,0,0,0,0,0,0,0,0,0,0,0,0,0,0,0,0,0,0,0,0,0,0,0,0,0,0,0,0,0,0,0,0,0,0,0,0,0,0,0,0,0,0,0,0,0,0,0,0,0,0,0,0,0,0,0,0,0,0,0,0,0,0,0,0,0,0,0,0,0,0,0,0,0,0,0,0,0,0,0,0,0,0,0,0,0,0,0,0,0,0,0,0,0,0,0,0,0,0,0,0,0,0,0,0,0,0,0,0,0,0,0,0,0,0,0,0,0,0,0,0,0,0,0,0,0,0,0,0,0,0,0,0,0,0,0,0,0,0,0,0,0,0,0,0,0,0,0,0,0,0,1353.4647222222222,4,0.5283302849318492,0.0,0.0,0.0,0.0,0.0,0.0,0.0,0.0,0.0,0.0,0.0,0.0,0.0,0.0,0.0,0.0,0.0,0.0,0.0,0.0,0.1720180977688304,0.8314306249253898,1,114,1,0,0,1
32383,16,3,7,94,15,3,1,1707.0,0,0,0,9088515.203668,1,7,0,11,116,0,0,0,0,0,0,0,0,0,0,0,0,0,0,0,0,0,0,0,0,0,0,0,0,0,0,0,0,0,0,0,0,0,0,0,0,0,0,0,0,0,0,0,0,0,0,0,0,0,0,0,0,0,0,0,0,0,0,0,0,0,0,0,0,0,0,0,0,0,0,0,0,0,0,0,0,0,0,0,0,0,0,0,0,0,0,0,0,0,0,0,0,0,0,0,0,0,0,0,0,0,0,0,0,0,0,0,0,0,0,0,0,0,0,0,0,0,0,0,0,0,0,0,0,0,0,0,0,0,0,0,0,0,0,0,0,0,0,0,0,0,0,0,0,0,0,0,0,0,0,0,0,0,0,361.9377777777778,4,0.2807769112780854,0.0,0.0,0.2334621855415031,0.0,0.3134231036588629,0.0,0.0,0.0,0.0,0.0,0.0,0.3064295815755317,0.0,0.0,0.0,0.0,0.0,0.0,0.0,0.2299877846108781,0.7313411561359823,0.2945714445004444,77,114,14,0,3,1
32392,7,0,3,12,1,1,1,1676.0,1,0,0,9188806.145121,0,3,0,11,11,0,0,0,0,0,0,0,0,0,0,0,0,0,0,0,0,0,0,0,0,0,0,0,0,0,0,0,0,0,0,0,0,0,0,0,0,0,0,0,0,0,0,0,0,0,0,0,0,0,0,0,0,0,0,0,0,0,0,0,0,0,0,0,0,0,0,0,0,0,0,0,0,0,0,0,0,0,0,0,0,0,0,0,0,0,0,0,0,0,0,0,0,0,0,0,0,0,0,0,0,0,0,0,0,0,0,0,0,0,0,0,0,0,0,0,0,0,0,0,0,0,0,0,0,0,0,0,0,0,0,0,0,0,0,0,0,0,0,0,0,0,0,0,0,0,0,0,0,0,0,0,0,0,0,318.29055555555556,4,0.0,0.0,0.0,0.0,0.0,1.0,0.0,0.0,0.0,0.0,0.0,0.0,0.0,0.0,0.0,0.0,0.0,0.0,0.0,0.0,0.0,0.0,0.0,79,103,14,29,4,1
32212,0,16,6,178,1,2,1,,0,0,0,9467936.672894,0,6,0,11,4,0,0,0,0,0,0,0,0,0,0,0,0,0,0,0,0,0,0,0,0,0,0,0,0,0,0,0,0,0,0,0,0,0,0,0,0,0,0,0,0,0,0,0,0,0,0,0,0,0,0,0,0,0,0,0,0,0,0,0,0,0,0,0,0,0,0,0,0,0,0,0,0,0,0,0,0,0,0,0,0,0,0,0,0,0,0,0,0,0,0,0,0,0,0,0,0,0,0,0,0,0,0,0,0,0,0,0,0,0,0,0,0,0,0,0,0,0,0,0,0,0,0,0,0,0,0,0,0,0,0,0,0,0,0,0,0,0,0,0,0,0,0,0,0,0,0,0,0,0,0,0,0,0,0,526.94,4,0.0,0.0,0.0,0.0,0.0,0.0,0.0,0.0,0.0,1.0,0.0,0.0,0.0,0.0,0.0,0.0,0.0,0.0,0.0,0.0,0.0,0.0,0.0,78,86,10,1,6,0
32156,20,30,20,470,10,2,1,1673.0,1,0,0,9982175.68346,0,20,0,11,92,0,0,0,0,0,0,0,0,0,0,0,0,0,0,0,0,0,0,0,0,0,0,0,0,0,0,0,0,0,0,0,0,0,0,0,0,0,0,0,0,0,0,0,0,0,0,0,0,0,0,0,0,0,0,0,0,0,0,0,0,0,0,0,0,0,0,0,0,0,0,0,0,0,0,0,0,0,0,0,0,0,0,0,0,0,0,0,0,0,0,0,0,0,0,0,0,0,0,0,0,0,0,0,0,0,0,0,0,0,0,0,0,0,0,0,0,0,0,0,0,0,0,0,0,0,0,0,0,0,0,0,0,0,0,0,0,0,0,0,0,0,0,0,0,0,0,0,0,0,0,0,0,0,0,480.92027777777776,4,0.0,0.0,0.0,0.178307437025638,0.0,0.2393778255283992,0.0,0.0,0.0,0.0,0.0,0.0,0.2340365022834007,0.2327094798362355,0.0,0.0,0.6054806406166805,0.2047125079703663,0.0,0.0,0.1756538530043015,0.5585639783141318,0.2249798149023018,97,72,8,12,2,1
32299,3,0,1,2,1,1,1,1721.0,1,0,0,10090696.024631,1,1,0,11,46,0,0,0,0,0,0,0,0,0,0,0,0,0,0,0,0,0,0,0,0,0,0,0,0,0,0,0,0,0,0,0,0,0,0,0,0,0,0,0,0,0,0,0,0,0,0,0,0,0,0,0,0,0,0,0,0,0,0,0,0,0,0,0,0,0,0,0,0,0,0,0,0,0,0,0,0,0,0,0,0,0,0,0,0,0,0,0,0,0,0,0,0,0,0,0,0,0,0,0,0,0,0,0,0,0,0,0,0,0,0,0,0,0,0,0,0,0,0,0,0,0,0,0,0,0,0,0,0,0,0,0,0,0,0,0,0,0,0,0,0,0,0,0,0,0,0,0,0,0,0,0,0,0,0,230.72555555555556,4,0.0,0.0,0.0,0.1825573126545187,0.0,0.0,0.0,0.0,0.0,0.1954551960172673,0.0,0.0,0.0,0.2382560030966384,0.0,0.0,0.2066373309290222,0.0,0.0,0.0,0.8992024084016866,0.1429692733623654,0.0,75,69,10,23,4,1
31988,1,26,11,702,3,4,1,601982.0,1,0,0,11214455.717448,3,11,0,11,116,0,0,0,0,0,0,0,0,0,0,0,0,0,0,0,0,0,0,0,0,0,0,0,0,0,0,0,0,0,0,0,0,0,0,0,0,0,0,0,0,0,0,0,0,0,0,0,0,0,0,0,0,0,0,0,0,0,0,0,0,0,0,0,0,0,0,0,0,0,0,0,0,0,0,0,0,0,0,0,0,0,0,0,0,0,0,0,0,0,0,0,0,0,0,0,0,0,0,0,0,0,0,0,0,0,0,0,0,0,0,0,0,0,0,0,0,0,0,0,0,0,0,0,0,0,0,0,0,0,0,0,0,0,0,0,0,0,0,0,0,0,0,0,0,0,0,0,0,0,0,0,0,0,0,425.0552777777778,4,0.3661243657391132,0.1943183283379738,0.0,0.3044274339238426,0.0,0.0,0.0,0.0,0.1940320081959191,0.0,0.2074736934000373,0.0,0.0,0.5959635025159762,0.0,0.0,0.3445825943255472,0.174754638766335,0.0,0.0,0.1499484615474749,0.3576173015487033,0.0,70,69,5,6,4,1
31749,7,3,1,49,2,2,1,601.0,0,0,0,13357919.857902,0,1,0,11,81,0,0,0,0,0,0,0,0,0,0,0,0,0,0,0,0,0,0,0,0,0,0,0,0,0,0,0,0,0,0,0,0,0,0,0,0,0,0,0,0,0,0,0,0,0,0,0,0,0,0,0,0,0,0,0,0,0,0,0,0,0,0,0,0,0,0,0,0,0,0,0,0,0,0,0,0,0,0,0,0,0,0,0,0,0,0,0,0,0,0,0,0,0,0,0,0,0,0,0,0,0,0,0,0,0,0,0,0,0,0,0,0,0,0,0,0,0,0,0,0,0,0,0,0,0,0,0,0,0,0,0,0,0,0,0,0,0,0,0,0,0,0,0,0,0,0,0,0,0,0,0,0,0,0,192.0077777777778,4,0.0,0.4193774134805073,0.0,0.0,0.0,0.0,0.0,0.0,0.0,0.3517167477229944,0.0,0.0,0.0,0.0,0.0,0.0,0.0,0.0,0.0,0.0,0.3236184589329463,0.771808919015208,0.0,0,9,0,0,3,1
143608,1,0,1,5,1,1,1,4.0,0,0,0,81180.392593,0,1,0,12,48,0,0,0,0,0,0,0,0,0,0,0,0,0,0,0,0,0,0,0,0,0,0,0,0,0,0,0,0,0,0,0,0,0,0,0,0,0,0,0,0,0,0,0,0,0,0,0,0,0,0,0,0,0,0,0,0,0,0,0,0,0,0,0,0,0,0,0,0,0,0,0,0,0,0,0,0,0,0,0,0,0,0,0,0,0,0,0,0,0,0,0,0,0,0,1,0,0,0,0,0,0,0,0,0,0,0,0,0,0,0,0,0,0,0,0,0,0,0,0,0,0,0,0,0,0,0,0,0,0,0,0,0,0,0,0,1,0,0,0,0,0,0,0,0,0,0,0,0,0,0,0,0,0,2,168.8622222222222,4,0.0,0.0,0.0,0.0,0.0,0.0,0.0,0.0,0.0,0.0,0.0,0.0,0.0,0.0,0.0,0.0,0.0,0.0,0.0,0.0,0.7985655638018686,0.3174211315556199,0.5114067515703655,17,16,1,11,3,1
139358,17,0,6,9,1,1,1,3.0,0,0,0,1622108.352944,1,6,0,12,12,0,0,0,0,0,0,0,0,0,0,0,0,0,0,0,0,0,0,0,0,0,0,0,0,0,0,0,0,0,0,0,0,0,0,0,0,0,0,0,0,0,0,0,0,0,0,0,0,0,0,0,0,0,0,0,0,0,0,0,0,0,0,0,0,0,0,0,0,0,0,0,0,0,0,0,0,0,0,0,0,0,0,0,0,0,0,0,0,0,0,0,0,0,0,1,0,0,0,0,0,0,0,0,0,0,0,0,0,0,0,0,0,0,0,0,0,0,0,0,0,0,0,0,0,0,0,0,0,0,0,0,0,0,0,0,0,0,0,0,0,0,0,0,0,0,0,0,0,0,0,0,0,0,1,193.5211111111111,4,0.0,0.0,0.0,0.0,0.0,0.0,0.0,0.0,0.0,0.0,0.0,0.0,0.0,0.0,0.0,0.0,0.0,0.0,0.0,0.0,0.0,0.0,0.0,0,0,0,0,3,1
134464,9,0,1,31,2,0,0,8.0,1,0,0,-14468.858607,0,1,1,13,85,0,0,0,0,0,0,0,0,0,0,0,1,0,0,0,0,0,0,0,0,0,0,0,0,0,0,0,0,0,0,0,0,0,0,0,0,0,0,0,0,0,0,0,0,0,0,0,0,0,0,0,0,0,0,0,0,0,0,0,0,0,0,0,0,0,0,0,0,0,0,0,0,0,0,0,0,0,0,0,0,0,0,0,0,0,0,0,0,0,0,0,0,0,0,1,0,0,0,0,0,0,0,0,0,0,0,0,0,0,0,0,0,0,0,0,0,0,0,0,0,0,0,0,0,0,0,0,0,0,0,0,0,0,0,0,0,0,1,1,1,0,0,0,0,0,0,0,0,0,0,0,0,0,5,206.84805555555556,4,0.0,0.0,0.0,0.0,0.0,0.0,0.0,0.0,0.0,0.0,0.0,0.4699925972169914,0.297429925650263,0.0,0.0,0.2495713403898639,0.512991378593355,0.0,0.0,0.0,0.0,0.5323965735686134,0.2859200550612041,252,288,54,0,2,1
131522,11,0,1,63,4,0,0,8.0,1,0,0,-6932.68633,0,1,1,13,45,0,0,0,0,0,0,0,0,0,0,0,1,0,0,0,0,0,0,0,0,0,0,0,0,0,0,0,0,0,0,0,0,0,0,0,0,0,0,0,0,0,0,0,0,0,0,0,0,0,0,0,0,0,0,0,0,0,0,0,0,0,0,0,0,0,0,0,0,0,0,0,0,0,0,0,0,0,0,0,0,0,0,0,0,0,0,0,0,0,0,0,0,0,0,0,0,0,0,0,0,0,0,0,0,0,0,0,0,0,0,0,0,0,0,0,0,0,0,0,0,0,0,0,0,0,0,0,0,0,0,0,0,0,0,0,0,0,0,0,0,0,0,0,0,0,0,0,0,0,0,0,0,0,1,1855.2502777777777,4,0.0,0.0,0.0,0.0,0.0,0.0,0.0,0.0,0.0,0.8811753507272908,0.0,0.2845008706050297,0.0,0.0,0.0,0.0,0.3105293459660636,0.0,0.0,0.0,0.0,0.2148506020226728,0.0,12,296,22,0,3,1
134379,5,0,1,60,3,1,1,10.0,1,0,0,-6929.341536,0,1,1,13,53,0,0,0,0,0,0,0,0,0,0,0,1,0,0,0,0,0,0,0,0,0,0,0,0,0,0,0,0,0,0,0,0,0,0,0,0,0,0,0,0,0,0,0,0,0,0,0,0,0,0,0,0,0,0,0,0,0,0,0,0,0,0,0,0,0,0,0,0,0,0,0,0,0,0,0,0,0,0,0,0,0,0,0,0,0,0,0,0,0,0,0,0,0,0,0,0,0,0,0,0,0,0,0,0,0,0,0,0,0,0,0,0,0,0,0,0,0,0,0,0,0,0,0,0,0,0,0,0,0,0,0,0,0,0,0,0,0,0,0,0,0,0,0,0,0,0,0,0,0,0,0,0,0,1,260.34055555555557,4,0.2326465647063809,0.0,0.0,0.1934424565319079,0.0,0.0,0.0,0.0,0.0,0.0,0.2636701981799138,0.2006052521326274,0.0,0.0,0.0,0.0,0.6568748026284681,0.0,0.0,0.0,0.0,0.6059757792367627,0.0,267,288,64,3,0,1
132431,14,2,2,116,2,2,0,7.0,1,0,0,53334.457007,0,2,1,13,84,0,0,0,0,0,0,0,0,0,0,0,1,0,0,0,0,0,0,0,0,0,0,0,0,0,0,0,0,0,0,0,0,0,0,0,0,0,0,0,0,0,0,0,0,0,0,0,0,0,0,0,0,0,0,0,0,0,0,0,0,0,0,0,0,0,0,0,0,0,0,0,0,0,0,0,0,0,0,0,0,0,0,0,0,0,0,0,0,0,0,0,0,0,0,0,0,0,0,0,0,0,0,0,0,0,0,0,0,0,0,0,0,0,0,0,0,0,0,0,0,0,0,0,0,0,1,0,0,0,0,0,0,0,0,0,0,0,1,0,1,0,0,1,1,1,0,0,0,0,0,0,0,0,7,1332.949722222222,4,0.0,0.0,0.0,0.0,0.0,0.0,0.0,0.0,0.0,0.0,0.0,0.4699925972169914,0.297429925650263,0.0,0.0,0.2495713403898639,0.512991378593355,0.0,0.0,0.0,0.0,0.5323965735686134,0.2859200550612041,11,290,35,1,3,1
133249,22,0,1,4,1,0,0,361.0,1,0,0,136560.038007,0,1,1,13,103,0,0,0,0,0,0,0,0,0,0,0,1,0,0,0,0,0,0,0,0,0,0,0,0,0,0,0,0,0,0,0,0,0,0,0,0,0,0,0,0,0,0,0,0,0,0,0,0,0,0,0,0,0,0,0,0,0,0,0,0,0,0,0,0,0,0,0,0,0,0,0,0,0,0,0,0,0,0,0,0,0,0,0,0,0,0,0,0,0,0,0,0,0,0,0,0,0,0,0,0,0,0,0,0,0,0,0,0,0,0,0,0,0,0,0,0,0,0,0,0,0,0,0,0,0,0,0,0,0,0,0,0,0,0,0,0,0,0,0,0,0,0,0,0,0,0,0,0,0,0,0,0,0,1,535.3397222222222,4,0.0,0.0,0.0,0.0,0.0,0.0,0.0,0.0,0.0,0.0,0.8670716915071207,0.0,0.0,0.0,0.0,0.0,0.0,0.0,0.0,0.0,0.0,0.4981833816848776,0.0,35,264,62,1,2,1
129514,30,30,7,1963,77,3,0,8.0,1,0,0,156644.768334,0,7,1,13,113,0,0,0,0,0,0,0,0,0,0,0,1,0,0,0,0,0,0,0,0,0,0,0,0,0,0,0,0,0,0,0,0,0,0,0,0,0,0,0,0,0,0,0,0,0,0,0,0,0,0,0,0,0,0,0,0,0,0,0,0,0,0,0,0,0,0,0,0,0,0,0,0,0,0,0,0,0,0,1,0,0,0,0,0,0,0,0,0,0,0,0,0,0,0,0,0,0,0,0,0,0,0,0,0,0,0,0,0,0,0,0,0,0,0,0,0,0,0,0,0,0,0,0,0,0,0,0,0,0,0,0,0,0,0,0,0,0,1,0,1,0,0,0,0,0,0,0,0,0,0,0,0,0,4,2577.4938888888887,4,0.0,0.0,0.0,0.0,0.0,0.0,0.0,0.0,0.0,0.0,0.0,0.3801034696909353,0.0,0.0,0.0,0.0,0.0,0.0,0.0,0.0,0.0,0.0,0.9249439725350462,4,191,7,0,5,0
127912,26,4,2,675,21,3,0,8.0,1,1,0,182345.199306,0,2,1,13,111,0,0,0,0,0,0,0,0,0,0,0,1,0,0,0,0,0,0,0,0,0,0,0,0,0,0,0,0,0,0,0,0,0,0,0,0,0,0,0,0,0,0,0,0,0,0,0,0,0,0,0,0,0,0,0,0,0,0,0,0,0,0,0,0,0,0,0,0,0,0,0,0,0,0,0,0,0,0,0,0,0,0,0,0,0,0,0,0,0,0,0,0,0,0,0,0,0,0,0,0,0,0,0,0,0,0,0,0,0,0,0,0,0,0,0,0,0,0,0,0,0,0,0,0,0,0,0,0,0,0,0,0,0,0,0,0,0,1,0,1,0,0,0,0,0,0,0,0,0,0,0,0,0,3,1841.891388888889,4,0.0,0.0,0.0,0.2891645995092496,0.0,0.0,0.0,0.0,0.0,0.3095944098678427,0.0,0.0,0.0,0.0,0.0,0.0,0.0,0.0,0.0,0.0,0.0,0.9058339449199492,0.0,0,11,0,0,3,1
134333,30,0,1,30,4,0,0,8.0,1,0,0,190579.843208,0,1,1,13,60,0,0,0,0,0,0,0,0,0,0,0,1,0,0,0,0,0,0,0,0,0,0,0,0,0,0,0,0,0,0,0,0,0,0,0,0,0,0,0,0,0,0,0,0,0,0,0,0,0,0,0,0,0,0,0,0,0,0,0,0,0,0,0,0,0,0,0,0,0,0,0,0,0,0,0,0,0,0,0,0,0,0,0,0,0,0,0,0,0,0,0,0,0,0,0,0,0,0,0,0,0,0,0,0,0,0,0,0,0,0,0,0,0,0,0,0,0,0,0,0,0,0,0,0,0,0,0,0,0,0,0,0,0,0,0,0,0,1,0,1,0,0,0,0,0,0,0,0,0,0,0,0,0,3,228.85833333333332,4,0.0,0.3630240132784176,0.0,0.2843645006632316,0.0,0.0,0.0,0.0,0.0,0.0,0.0,0.0,0.3732411514569601,0.0,0.0,0.3131840020943345,0.3218732822782922,0.0,0.0,0.0,0.0,0.6680979047957265,0.0,272,313,62,0,6,0
131193,30,10,2,76,4,5,1,9.0,1,0,0,214383.170657,1,2,1,13,88,0,0,0,0,0,0,0,0,0,0,0,1,0,0,0,0,0,0,0,0,0,0,0,0,0,0,0,0,0,0,0,0,0,0,0,0,0,0,0,0,0,0,0,0,0,0,0,0,0,0,0,0,0,0,0,0,0,0,0,0,0,0,0,0,0,0,0,0,0,0,0,0,0,0,0,0,0,0,0,0,0,0,0,0,0,0,0,0,0,0,0,0,0,0,0,0,0,0,0,0,0,0,0,0,0,0,0,0,0,0,0,0,0,0,0,0,0,0,0,0,0,0,0,0,0,0,0,0,0,0,0,0,0,0,0,0,0,1,0,1,0,0,0,0,0,1,0,1,0,0,0,0,0,5,1927.9827777777775,4,0.0,0.0,0.0,0.6019714017442734,0.0,0.0,0.0,0.0,0.0,0.644501371179687,0.0,0.0,0.0,0.0,0.0,0.0,0.0,0.0,0.0,0.0,0.0,0.4714323005793492,0.0,17,332,18,0,3,1
130733,17,5,2,133,3,4,0,8.0,1,0,0,282707.256518,0,2,1,13,209,0,0,0,0,0,0,0,0,0,0,0,1,0,0,0,0,0,0,0,0,0,0,0,0,0,0,0,0,0,0,0,0,0,0,0,0,0,0,0,0,0,0,0,0,0,0,0,0,0,0,0,0,0,0,0,0,0,0,0,0,0,0,0,0,0,0,0,0,0,0,0,0,0,0,0,0,0,0,0,0,0,0,0,0,0,0,0,0,0,0,0,0,0,0,0,0,0,0,0,0,0,0,0,0,0,0,0,0,0,0,0,0,0,0,0,0,0,0,0,0,0,0,0,0,0,0,0,0,0,0,0,0,0,0,0,0,0,1,0,1,0,0,0,0,0,0,0,0,0,0,0,0,0,3,2159.391944444445,4,0.0,0.0,0.0,0.0,0.0,0.0,0.0,0.0,0.0,0.0,0.0,0.0,0.0,0.0,0.0,0.0,0.390704374279383,0.0,0.0,0.0,0.0,0.8109675087132431,0.4355247314796162,13,327,14,0,0,1
134363,6,3,1,93,8,2,1,8.0,1,0,0,290591.861078,0,1,1,13,111,0,0,0,0,0,0,0,0,0,0,0,1,0,0,0,0,0,0,0,0,0,0,0,0,0,0,0,0,0,0,0,0,0,0,0,0,0,0,0,0,0,0,0,0,0,0,0,0,0,0,0,0,0,0,0,0,0,0,0,0,0,0,0,0,0,0,0,0,0,0,0,0,0,0,0,0,0,0,0,0,0,0,0,0,0,0,0,0,0,0,0,0,0,0,0,0,0,0,0,0,0,0,0,0,0,0,0,0,0,0,0,0,0,0,0,0,0,0,0,0,0,0,0,0,0,0,0,0,0,0,0,0,0,0,0,0,0,0,0,0,0,0,0,0,0,0,0,0,0,0,0,0,0,1,185.31527777777777,4,0.0,0.0,0.0,0.0,0.0,0.0,0.0,0.0,0.0,0.0,0.0,0.4178093807320131,0.5288126399562468,0.0,0.0,0.2218614671681849,0.4560340130463712,0.0,0.0,0.0,0.0,0.4732846517662263,0.2541743888124075,268,332,52,13,0,1
130766,30,0,1,889,129,1,1,10.0,1,0,0,309089.987424,0,1,1,13,22,0,0,0,0,0,0,0,0,0,0,0,1,0,0,0,0,0,0,0,0,0,0,0,0,0,0,0,0,0,0,0,0,0,0,0,0,0,0,0,0,0,0,0,0,0,0,0,0,0,0,0,0,0,0,0,0,0,0,0,0,0,0,0,0,0,0,0,0,0,0,0,0,0,0,0,0,0,0,0,0,0,0,0,0,0,0,0,0,0,0,0,0,0,0,0,0,0,0,0,0,0,0,0,0,0,0,0,0,0,0,0,0,0,0,0,0,0,0,0,0,0,0,0,0,0,0,0,0,0,0,0,1,0,0,0,0,0,1,0,1,0,0,0,0,0,0,0,0,0,0,0,0,0,4,2035.0855555555556,4,0.0,0.0,0.0,0.0,0.0,1.0,0.0,0.0,0.0,0.0,0.0,0.0,0.0,0.0,0.0,0.0,0.0,0.0,0.0,0.0,0.0,0.0,0.0,15,302,16,0,0,1
131558,30,30,2,148,9,3,1,8.0,1,0,0,300526.060218,0,2,1,13,180,0,0,0,0,0,0,0,0,0,0,0,1,0,0,0,0,0,0,0,0,0,0,0,0,0,0,0,0,0,0,0,0,0,0,0,0,0,0,0,0,0,0,0,0,0,0,0,0,0,0,0,0,0,0,0,0,0,0,0,0,0,0,0,0,0,0,0,0,0,0,0,0,0,0,0,0,0,0,0,0,0,0,0,0,0,0,0,0,0,0,0,0,0,0,0,0,0,0,0,0,0,0,0,0,0,0,0,0,0,0,0,0,0,0,0,0,0,0,0,0,0,0,0,0,0,1,0,0,0,0,0,0,0,0,0,0,0,0,0,0,0,0,1,1,1,0,0,0,0,0,0,0,0,5,1436.8011111111111,4,0.3826544912396108,0.203091594077852,0.0,0.0,0.0,0.0,0.1953271862573956,0.0,0.0,0.340651225663877,0.0,0.1649766477138508,0.0,0.0,0.6291894710048325,0.0,0.1800700658852397,0.0,0.195836022782779,0.0,0.156718475018123,0.3737633421538283,0.0,14,203,24,0,4,1
134330,11,2,2,323,37,1,0,878.0,1,0,0,309567.866483,0,2,1,13,25,0,0,0,0,0,0,0,0,0,0,0,1,0,0,0,0,0,0,0,0,0,0,0,0,0,0,0,0,0,0,0,0,0,0,0,0,0,0,0,0,0,0,0,0,0,0,0,0,0,0,0,0,0,0,0,0,0,0,0,0,0,0,0,0,0,0,0,0,0,0,0,0,0,0,0,0,0,0,0,0,0,0,0,0,0,0,0,0,0,0,0,0,0,0,0,0,0,0,0,0,0,0,0,0,0,0,0,0,0,0,0,0,0,0,0,0,0,0,0,0,0,0,0,0,0,0,0,0,0,0,0,0,0,0,0,0,0,1,0,1,0,0,0,0,0,1,0,1,0,0,0,0,0,5,182.57416666666663,4,0.0,0.0,0.0,0.0,0.0,0.0,0.0,0.0,0.0,0.0,0.0,0.0,0.0,0.0,0.0,0.0,0.0,0.0,0.0,0.0,0.0,0.0,0.0,270,333,60,7,6,0
131808,30,30,3,1868,89,6,1,4.0,2,0,0,309702.059792,0,3,1,13,115,0,0,0,0,0,0,0,0,0,0,0,1,0,0,0,0,0,0,0,0,0,0,0,0,0,0,0,0,0,0,0,0,0,0,0,0,0,0,0,0,0,0,1,0,0,0,0,0,0,0,0,0,0,0,0,0,0,0,0,0,0,0,0,0,0,0,0,0,0,0,0,0,0,0,0,0,0,0,1,0,0,0,0,0,0,0,0,0,0,0,0,0,0,0,0,0,0,0,0,0,0,0,0,0,0,0,0,0,0,0,0,0,0,0,0,0,0,0,0,0,0,0,0,0,0,0,0,0,0,0,0,0,0,0,0,0,0,1,0,1,0,0,0,0,0,1,0,1,0,0,0,0,0,7,1440.236388888889,4,0.0,0.0,0.0,0.0,0.0,0.0,0.0,0.0,0.0,0.0,0.0,0.0,0.0,0.2584936272124244,0.2611159737224012,0.0,0.4483784878039085,0.0,0.0,0.0,0.0,0.775565894899458,0.2499075174960721,15,319,27,0,3,1
133734,13,15,3,3114,100,3,1,10.0,1,0,0,310019.461449,0,3,1,13,52,0,0,0,0,0,0,0,0,0,0,0,1,0,0,0,0,0,0,0,0,0,0,0,0,0,0,0,0,0,0,0,0,0,0,0,0,0,0,0,0,0,0,0,0,0,0,0,0,0,0,0,0,0,0,0,0,0,0,0,0,0,0,0,0,0,0,0,0,0,0,0,0,0,0,0,0,0,0,0,0,0,0,0,0,0,0,0,0,0,0,0,0,0,0,0,0,0,0,0,0,0,0,0,0,0,0,0,0,0,0,0,0,0,0,0,0,0,0,0,0,0,0,0,0,0,0,0,0,0,0,0,0,0,0,0,0,0,1,0,1,0,0,0,0,0,1,0,1,0,0,0,0,0,5,306.43638888888887,4,0.0,0.0,0.0,0.0,0.0,0.6982315975045473,0.0,0.0,0.0,0.0,0.0,0.0,0.0,0.0,0.0,0.0,0.5887007481758936,0.0,0.0,0.0,0.0,0.4073132275576022,0.0,100,306,110,3,0,1
133899,30,4,1,276,11,2,0,21.0,1,0,0,310229.599483,0,1,1,13,56,0,0,0,0,0,0,0,0,0,0,0,1,0,0,0,0,0,0,0,0,0,0,0,0,0,0,0,0,0,0,0,0,0,0,0,0,0,0,0,0,0,0,0,0,0,0,0,0,0,0,0,0,0,0,0,0,0,0,0,0,0,0,0,0,0,0,0,0,0,0,0,0,0,0,0,0,0,0,0,0,0,0,0,0,0,0,0,0,0,0,0,0,0,0,0,0,0,0,0,0,0,0,0,0,0,0,0,0,0,0,0,0,0,0,0,0,0,0,0,0,0,0,0,0,0,0,0,0,0,0,0,0,0,0,0,0,0,1,0,1,0,0,0,0,0,1,0,1,0,0,0,0,0,5,194.72,4,0.0,0.0,0.0,0.0,0.0,0.0,0.0,0.0,0.0,0.0,0.0,0.0,0.6622503322271079,0.0,0.0,0.0,0.0,0.0,0.0,0.0,0.0,0.3951404765918699,0.6366227306842216,165,269,101,4,3,1
129220,30,1,1,73,3,3,1,8.0,1,1,0,316559.497888,1,1,1,13,0,0,0,0,0,0,0,0,0,0,0,0,1,0,0,0,0,0,0,0,0,0,0,0,0,0,0,0,0,0,0,0,0,0,0,0,0,0,0,0,0,0,0,0,0,0,0,0,0,0,0,0,0,0,0,0,0,0,0,0,0,0,0,0,0,0,0,0,0,0,0,0,0,0,0,0,0,0,0,0,0,0,0,0,0,0,0,0,0,0,0,0,0,0,0,0,0,0,0,0,0,0,0,0,0,0,0,0,0,0,0,0,0,0,0,0,0,0,0,0,0,0,0,0,0,0,0,0,0,0,0,0,0,0,0,0,0,0,0,0,0,0,0,0,0,0,0,0,0,0,0,0,0,0,1,3060.637222222222,4,0.0,0.0,0.0,0.0,0.0,0.0,0.0,0.0,0.0,0.0,0.0,0.0,0.0,0.0,0.0,0.0,0.0,0.0,0.0,0.0,0.0,0.0,0.0,3,326,5,0,5,0
131311,26,0,1,137,3,0,0,4.0,1,0,0,348178.036017,0,1,1,13,195,0,0,0,0,0,0,0,0,0,0,0,1,0,0,0,0,0,0,0,0,0,0,0,0,0,0,0,0,0,0,0,0,0,0,0,0,0,0,0,0,0,0,0,0,0,0,0,0,0,0,0,0,0,0,0,0,0,0,0,0,0,0,0,0,0,0,0,0,0,0,0,0,0,0,0,0,0,0,0,0,0,0,0,0,0,0,0,0,0,0,0,0,0,0,0,0,0,0,0,0,0,0,0,0,0,0,0,0,0,0,0,0,0,0,0,0,0,0,0,0,0,0,0,0,0,0,0,0,0,0,0,0,0,0,0,0,0,1,0,1,0,0,0,0,0,0,0,0,0,0,0,0,0,3,1872.9230555555555,4,0.0,0.0,0.0,0.0,0.0,0.0,0.0,0.0,0.0,0.0,1.0,0.0,0.0,0.0,0.0,0.0,0.0,0.0,0.0,0.0,0.0,0.0,0.0,16,325,18,0,6,0
130289,9,2,1,17,1,2,0,8.0,1,0,0,345522.037294,0,1,1,13,97,0,0,0,0,0,0,0,0,0,0,0,1,0,0,0,0,0,0,0,0,0,0,0,0,0,0,0,0,0,0,0,0,0,0,0,0,0,0,0,0,0,0,0,0,0,0,0,0,0,0,0,0,0,0,0,0,0,0,0,0,0,0,0,0,0,0,0,0,0,0,0,0,0,0,0,0,0,0,0,0,0,0,0,0,0,0,0,0,0,0,0,0,0,0,0,0,0,0,0,0,0,0,0,0,0,0,0,0,0,0,0,0,0,0,0,0,0,0,0,0,0,0,0,0,0,0,0,0,0,0,0,0,0,0,0,0,0,0,0,0,0,0,0,0,0,0,0,0,0,0,0,0,0,1,2429.9319444444445,4,0.0,0.7358634789200871,0.0,0.0,0.0,0.0,0.0,0.0,0.0,0.0,0.0,0.0,0.0,0.0,0.0,0.0,0.0,0.0,0.0,0.0,0.0,0.677129928737186,0.0,2,326,10,0,3,1
133782,6,0,5,33,4,1,1,9.0,1,0,0,385718.09946,0,5,1,13,360,0,0,0,0,0,0,0,0,0,0,0,1,0,0,0,0,0,0,0,0,0,0,0,0,0,0,0,0,0,0,0,0,0,0,0,0,0,0,0,0,0,0,0,0,0,0,0,0,0,0,0,0,0,0,0,0,0,0,0,0,0,0,0,0,0,0,0,0,0,0,0,0,0,0,0,0,0,0,0,0,0,0,0,0,0,0,0,0,0,0,0,0,0,0,0,0,0,0,0,0,0,0,0,0,0,0,0,0,0,0,0,0,0,0,0,0,0,0,0,0,0,0,0,0,0,0,0,0,0,0,0,0,0,0,0,0,0,0,0,0,0,0,0,0,0,0,0,0,0,0,0,0,0,1,433.4669444444445,4,0.0,0.729984509089951,0.0,0.0,0.0,0.0,0.0,0.0,0.0,0.3061058716711479,0.0,0.0,0.0,0.3731369797011544,0.0,0.0,0.323618412775477,0.0,0.0,0.0,0.2816513888004051,0.2239067312434672,0.0,122,312,106,2,1,1
132830,4,0,2,15,1,0,0,8.0,1,0,0,357664.103951,0,2,1,13,110,0,0,0,0,0,0,0,0,0,0,0,1,0,0,0,0,0,0,0,0,0,0,0,0,0,0,0,0,0,0,0,0,0,0,0,0,0,0,0,0,0,0,0,0,0,0,0,0,0,0,0,0,0,0,0,0,0,0,0,0,0,0,0,0,0,0,0,0,0,0,0,0,0,0,0,0,0,0,0,0,0,0,0,0,0,0,0,0,0,0,0,0,0,0,0,0,0,0,0,0,0,0,0,0,0,0,0,0,0,0,0,0,0,0,0,0,0,0,0,0,0,0,0,0,0,0,0,0,0,0,0,0,0,0,0,0,0,0,0,0,0,0,0,0,0,0,0,0,0,0,0,0,0,1,970.8333333333334,4,0.0,0.0,0.0,0.0,0.0,0.0,0.0,0.0,0.4553268246437013,0.0,0.0,0.55562964503373,0.2344162936324788,0.0,0.0,0.1966970488365514,0.404308804409519,0.0,0.0,0.0,0.0,0.4196028064282148,0.2253449091785511,23,300,40,0,5,0
134326,16,4,2,142,4,2,0,43747.0,1,0,0,384521.355749,0,2,1,13,70,0,0,0,0,0,0,0,0,0,0,0,1,0,0,0,0,0,0,0,0,0,0,0,0,0,0,0,0,0,0,0,0,0,0,0,0,0,0,0,0,0,0,0,0,0,0,0,0,0,0,0,0,0,0,0,0,0,0,0,0,0,0,0,0,0,0,0,0,0,0,0,0,0,0,0,0,0,0,0,0,0,0,0,0,0,0,0,0,0,0,0,0,0,0,0,0,0,0,0,0,0,0,0,0,0,0,0,0,0,0,0,0,0,0,0,0,0,0,0,0,0,0,0,0,0,0,0,0,0,0,0,0,0,0,0,0,0,1,0,1,0,0,0,0,0,0,0,0,0,0,0,0,0,3,178.40805555555556,4,0.3821664353085163,0.0,0.0,0.6355323934692444,0.0,0.0,0.0,0.0,0.0,0.0,0.0,0.0,0.0,0.0,0.0,0.0,0.3596807917356445,0.0,0.0,0.0,0.3130371774842664,0.2488577509477644,0.4009422226919474,268,339,58,6,6,0
134268,16,13,6,443,8,2,2,73.0,1,0,0,426203.557792,0,6,1,13,367,0,0,0,0,0,0,0,0,0,0,0,1,0,0,0,0,0,0,0,0,0,0,0,0,0,0,0,0,0,0,0,0,0,0,0,0,0,0,0,0,0,0,0,0,0,0,0,0,0,0,0,0,0,0,0,0,0,0,0,0,0,0,0,0,0,0,0,0,0,0,0,0,0,0,0,0,0,0,0,0,0,0,0,0,0,0,0,0,0,0,0,0,0,0,0,0,0,0,0,0,0,0,0,0,0,0,0,0,0,0,0,0,0,0,0,0,0,0,0,0,0,0,0,0,0,0,0,0,0,0,0,0,0,0,0,0,0,1,0,1,0,0,0,0,0,0,0,0,0,0,0,0,0,3,199.60666666666663,4,0.1611428198166394,0.0,0.0,0.2679761290019544,0.0,0.0,0.0,0.0,0.1707991483836686,0.0,0.0,0.0,0.3517306791754576,0.1748681564516185,0.0,0.0,0.7583080519273376,0.0,0.1649402772232557,0.0,0.1319940445490305,0.3147971879469978,0.0,257,321,88,3,4,1
131072,4,2,4,203,5,1,0,8.0,1,0,0,437430.768825,0,4,1,13,259,0,0,0,0,0,0,0,0,0,0,0,1,0,0,0,0,1,0,0,0,0,0,0,0,0,0,0,0,0,0,0,0,0,0,0,0,0,0,0,0,0,0,0,0,0,0,0,0,0,0,0,0,0,0,0,0,0,0,0,0,0,0,0,0,0,0,0,0,0,0,0,0,0,0,0,0,0,0,0,0,0,0,0,0,0,0,0,0,0,0,0,0,0,0,0,0,0,0,0,0,0,0,0,0,0,0,0,0,0,0,0,0,0,0,0,0,0,0,0,0,0,0,0,0,0,0,0,0,0,0,0,0,0,0,0,0,0,0,0,0,0,0,0,0,0,0,0,0,0,0,0,0,0,2,1976.3608333333336,4,0.0,0.0,0.0,0.0,0.0,0.0,0.0,0.0,0.0,0.1651894574072961,0.0,0.3200035798211487,0.4050218727597497,0.0,0.0,0.1699254899298903,0.5239202017413979,0.0,0.0,0.0,0.0,0.6041542300711746,0.1946742176451827,18,327,19,0,0,1
128780,29,28,8,241,10,7,1,3070.0,1,0,0,482988.698493,0,8,1,13,56,0,0,0,0,0,0,0,0,0,0,0,1,0,0,0,0,0,0,0,0,0,0,0,0,0,0,0,0,0,0,0,0,0,0,0,0,0,0,0,0,0,0,0,0,0,0,0,0,0,0,0,0,0,0,0,0,0,0,0,0,0,0,0,0,0,0,0,0,0,0,0,0,0,0,0,0,0,0,1,0,0,0,0,0,0,0,0,0,0,0,0,0,0,0,0,0,0,0,0,0,0,0,0,0,0,0,0,0,0,0,0,0,0,0,0,0,0,0,0,0,0,0,0,0,0,1,0,0,0,0,0,0,0,0,0,0,0,0,0,0,0,0,1,1,1,0,0,0,0,0,0,0,0,6,3255.008611111111,4,0.4451057913919784,0.0,0.0,0.0,0.0,0.0,0.0,0.0,0.0,0.3962473637682256,0.0,0.3838034729658378,0.0,0.0,0.487917749717008,0.0,0.4189169656533147,0.0,0.0,0.0,0.0,0.2898423721858553,0.0,0,312,2,0,2,1
129195,30,14,4,2075,175,4,4,8.0,1,1,0,489050.714885,0,4,1,13,490,0,1,0,0,0,1,0,0,0,0,0,1,0,0,0,0,0,0,0,0,0,0,0,0,0,0,0,0,0,0,0,0,0,0,0,0,0,0,0,0,0,0,0,0,0,0,0,0,0,0,0,0,0,0,0,0,0,0,0,0,0,0,0,0,0,1,0,0,0,0,0,0,0,0,0,0,0,0,0,0,0,0,0,0,0,0,0,0,0,0,0,0,0,0,0,0,0,0,0,0,0,0,0,0,0,0,0,0,0,0,0,0,0,0,0,0,0,0,0,0,0,0,0,0,0,1,0,0,0,0,0,0,0,0,0,0,0,0,0,0,0,0,1,1,0,0,1,0,0,0,0,0,0,8,697.3436111111112,4,0.0,0.2446774923995213,0.0,0.0,0.0,0.0,0.0,0.0,0.0,0.0,0.1306210882786497,0.0,0.1257819120201825,0.1250687095108746,0.1263374970528732,0.0,0.0,0.0,0.2359362394763507,0.0,0.0944044081544119,0.9005934265699497,0.0,2,0,4,0,5,0
133087,3,2,3,162,5,2,0,9.0,1,0,0,499991.965772,0,3,1,13,89,0,0,0,0,0,0,0,0,0,0,0,1,0,0,0,0,0,0,0,0,0,0,0,0,0,0,0,0,0,0,0,0,0,0,0,0,0,0,0,0,0,0,0,0,0,0,0,0,0,0,0,0,0,0,0,0,0,0,0,0,0,0,0,0,0,0,0,0,0,0,0,0,0,0,0,0,0,0,0,0,0,0,0,0,0,0,0,0,0,0,0,0,0,0,0,0,0,0,0,0,0,0,0,0,0,0,0,0,0,0,0,0,0,0,0,0,0,0,0,0,0,0,0,0,0,0,0,0,0,0,0,0,0,0,0,0,0,0,0,0,0,0,0,0,0,0,0,0,0,0,0,0,0,1,849.1452777777778,4,0.0,0.0,0.0,0.0,0.0,0.0,0.0,0.0,0.0,0.0,0.0,0.0,0.0,0.0,0.0,0.0,0.0,0.0,0.0,0.0,0.0,0.0,0.0,28,320,48,1,5,0
133809,30,16,2,228,16,5,0,262.0,1,1,0,565306.245093,0,2,1,13,41,0,1,0,0,0,1,0,0,0,0,0,1,0,0,0,0,0,0,0,0,0,0,0,0,0,0,0,0,0,0,0,0,0,0,0,0,0,0,0,0,0,0,0,0,0,0,0,0,0,0,0,0,0,0,0,0,0,0,0,0,0,0,0,0,0,1,0,0,0,0,0,0,0,0,0,0,0,0,0,0,0,0,0,0,0,0,0,0,0,0,0,0,0,0,0,0,0,0,0,0,0,0,0,0,0,0,0,0,0,0,0,0,0,0,0,0,0,0,0,0,0,0,0,0,0,0,0,0,0,0,0,0,0,0,0,0,0,1,0,1,0,0,0,0,0,0,0,0,0,0,0,0,0,6,372.08222222222224,4,0.0,0.0,0.0,0.0,0.0,0.0,0.0,0.0,0.0,0.0,0.0,0.0,0.0,0.8574680420316001,0.0,0.0,0.0,0.0,0.0,0.0,0.0,0.5145372259559982,0.0,135,295,101,1,1,1
133103,30,25,1,939,31,2,0,10.0,1,0,0,583582.930446,0,1,1,13,13,0,0,0,0,0,0,0,0,0,0,0,1,0,0,0,0,0,0,0,0,0,0,0,0,0,0,0,0,0,0,0,0,0,0,0,0,0,0,0,0,0,0,0,0,0,0,0,0,0,0,0,0,0,0,0,0,0,0,0,0,0,0,0,0,0,0,0,0,0,0,0,0,0,0,0,0,0,0,0,0,0,0,0,0,0,0,0,0,0,0,0,0,0,0,0,0,0,0,0,0,0,0,0,0,0,0,0,0,0,0,0,0,0,0,0,0,0,0,0,0,0,0,0,0,0,0,0,0,0,0,0,0,0,0,0,0,0,0,0,0,0,0,0,0,0,0,0,0,0,0,0,0,0,1,814.3644444444444,4,0.0,0.0,0.0,0.0,0.0,0.0,0.0,0.0,0.0,0.0,0.0,0.0,0.0,0.0,0.0,0.0,0.0,0.0,0.0,0.0,0.0,0.0,0.0,30,300,50,0,5,0
133702,30,27,4,349,33,5,0,8.0,1,0,0,589389.383465,0,4,1,13,53,0,0,0,0,0,0,0,0,0,0,0,1,0,0,0,0,0,0,0,0,0,0,0,0,0,0,0,0,0,0,0,0,0,0,0,0,0,0,0,0,0,0,0,0,0,0,0,0,0,0,0,0,0,0,0,0,0,0,0,0,0,0,0,0,0,0,0,0,0,0,0,0,0,0,0,0,0,0,0,0,0,0,0,0,0,0,0,0,0,0,0,0,0,0,0,0,0,0,0,0,0,0,0,0,0,0,0,0,0,0,0,0,0,0,0,0,0,0,0,0,0,0,0,0,0,0,0,0,0,0,0,0,0,0,0,0,0,0,0,0,0,0,0,0,0,0,0,0,0,0,0,0,0,1,433.2525,4,0.0,0.0,0.0,0.0,0.0,0.0,0.0,0.0,0.0,0.3762256141302948,0.0,0.0,0.0,0.0,0.9265280822901604,0.0,0.0,0.0,0.0,0.0,0.0,0.0,0.0,84,300,105,14,6,0
133793,30,17,6,2259,22,3,1,12.0,1,0,0,604492.690527,0,6,1,13,17,0,0,0,0,0,0,0,0,0,0,0,1,0,0,0,0,0,0,0,0,0,0,0,0,0,0,0,0,0,0,0,0,0,0,0,0,0,0,0,0,0,0,0,0,0,0,0,0,0,0,0,0,0,0,0,0,0,0,0,0,0,0,0,0,0,0,0,0,0,0,0,0,0,0,0,0,0,0,0,0,0,0,0,0,0,0,0,0,0,0,0,0,0,0,0,0,0,0,0,0,0,0,0,0,0,0,0,0,0,0,0,0,0,0,0,0,0,0,0,0,0,0,0,0,0,0,0,0,0,0,0,0,0,0,0,0,0,1,0,1,0,0,0,0,0,0,0,0,0,0,0,0,0,3,397.2675,4,0.0,0.0,0.0,0.0,0.0,0.0,0.0,0.0,0.0,0.0,0.0,0.0,0.0,0.0,0.0,0.0,0.8223548294979172,0.0,0.0,0.0,0.0,0.5689749857431797,0.0,129,299,101,5,1,1
133961,27,1,2,260,23,1,0,1352.0,1,0,0,660814.372847,0,2,1,13,41,0,0,0,0,0,0,0,0,0,0,0,1,0,0,0,0,0,0,0,0,0,0,0,0,0,0,0,0,0,0,0,0,0,0,0,0,0,0,0,0,0,0,0,0,0,0,0,0,0,0,0,0,0,0,0,0,0,0,0,0,0,0,0,0,0,0,0,0,0,0,0,0,0,0,0,0,0,0,0,0,0,0,0,0,0,0,0,0,0,0,0,0,0,0,0,0,0,0,0,0,0,0,0,0,0,0,0,0,0,0,0,0,0,0,0,0,0,0,0,0,0,0,0,0,0,0,0,0,0,0,0,0,0,0,0,0,0,1,0,1,0,0,0,0,0,0,0,0,0,0,0,0,0,3,310.0097222222222,4,0.6716791619953633,0.0,0.0,0.0,0.0,0.0,0.0,0.0,0.0,0.5979502005722727,0.0,0.0,0.0,0.0,0.0,0.0,0.0,0.0,0.0,0.0,0.0,0.4373815965227451,0.0,174,295,97,9,4,1
133643,10,4,4,513,22,1,0,1282.0,1,0,0,672054.629518,0,4,1,13,70,0,0,0,0,0,0,0,0,0,0,0,1,0,0,0,0,0,0,0,0,0,0,0,0,0,0,0,0,0,0,0,0,0,0,0,0,0,0,0,0,0,0,1,0,0,0,0,0,0,0,0,0,0,0,0,0,0,0,0,0,0,0,0,0,0,0,0,0,0,0,0,0,0,0,0,0,0,0,0,0,0,0,0,0,0,0,0,0,0,0,0,0,0,0,0,0,0,0,0,0,0,0,0,0,0,0,0,0,0,0,0,0,0,0,0,0,0,0,0,0,0,0,0,0,0,0,0,0,0,0,0,0,0,0,0,0,0,0,0,0,0,0,0,0,0,0,0,0,0,0,0,0,0,2,470.7238888888889,4,0.0,0.0,0.0,0.0,0.0,0.0,0.0,0.0,0.0,0.4616957507647092,0.0,0.0,0.0,0.0,0.0,0.0,0.0,0.0,0.0,0.0,0.0,0.8442894758793057,0.2720520440012512,77,295,100,5,4,1
132975,30,6,3,133,1,3,0,10.0,2,1,0,674593.518683,2,3,1,13,80,0,0,0,0,0,0,0,0,0,0,0,1,0,0,0,0,0,0,0,0,0,0,0,0,0,0,0,0,0,0,0,0,0,0,0,0,0,0,0,0,0,0,0,0,0,0,0,0,0,0,0,0,0,0,0,0,0,0,0,0,0,0,0,0,0,0,0,0,0,0,0,0,0,0,0,0,0,0,0,0,0,0,0,0,0,0,0,0,0,0,0,0,0,0,0,0,0,0,0,0,0,0,0,0,0,0,0,0,0,0,0,0,0,0,0,0,0,0,0,0,0,0,0,0,0,0,0,0,0,0,0,0,0,0,0,0,0,0,0,0,0,0,0,0,0,0,1,0,0,0,0,0,0,2,692.3047222222223,4,0.0,0.0,0.0,0.0,0.0,0.2622926166693153,0.0,0.0,0.0,0.2091797270093885,0.2663059394154998,0.0,0.0,0.254985933869468,0.7727180873955615,0.0,0.0,0.0,0.0,0.0,0.0,0.3060166645048227,0.2465163354970073,25,238,45,0,2,1
132056,26,3,4,452,41,3,0,586.0,1,0,0,675757.411844,0,4,1,13,415,0,0,0,0,0,0,0,0,0,0,0,1,0,0,0,0,0,0,0,0,0,0,0,0,0,0,0,0,0,0,0,0,0,0,0,0,0,0,0,0,0,0,0,0,0,0,0,0,0,0,0,0,0,0,0,0,0,0,0,0,0,0,0,0,0,0,0,0,0,0,0,0,0,0,0,0,0,0,0,0,0,0,0,0,0,0,0,0,0,0,0,0,0,0,0,0,0,0,0,0,0,0,0,0,0,0,0,0,0,0,0,0,0,0,0,0,0,0,0,0,0,0,0,0,0,1,0,0,0,0,0,0,0,0,0,0,0,0,0,0,0,0,1,1,0,0,0,0,0,0,0,0,0,4,1369.8541666666667,4,0.2467569665664924,0.1309647915733559,0.0,0.0,0.0,0.0,0.0,0.0,0.0,0.1098354586531435,0.2796622351117696,0.0,0.1346507333377724,0.2677744865342153,0.2704909848007152,0.0,0.232238451368113,0.0,0.0,0.0,0.3031824508981137,0.7230703726345198,0.0,10,295,28,0,2,1
133328,17,0,5,424,5,0,0,254.0,1,0,0,686869.654401,0,5,1,13,13,0,0,0,0,0,0,0,0,0,0,0,1,0,0,0,0,0,0,0,0,0,0,0,0,0,0,0,0,0,0,0,0,0,0,0,0,0,0,0,0,0,0,0,0,0,0,0,0,0,0,0,0,0,0,0,0,0,0,0,0,0,0,0,0,0,0,0,0,0,0,0,0,0,0,0,0,0,0,0,0,0,0,0,0,0,0,0,0,0,0,0,0,0,0,0,0,0,0,0,0,0,0,0,0,0,0,0,0,0,0,0,0,0,0,0,0,0,0,0,0,0,0,0,0,0,0,0,0,0,0,0,0,0,0,0,0,0,1,0,1,0,0,0,0,0,0,0,0,0,0,0,0,0,3,643.4444444444445,4,0.0,0.0,0.0,0.0,0.0,0.0,0.0,0.0,0.0,0.0,0.0,0.0,0.0,0.0,0.0,0.0,0.8223548294979172,0.0,0.0,0.0,0.0,0.5689749857431797,0.0,45,294,74,2,4,1
130786,10,7,4,848,14,4,1,10.0,2,0,0,712443.971335,0,4,1,13,6,0,0,0,0,0,0,0,0,0,0,0,1,0,0,0,0,0,0,0,0,0,0,0,0,0,0,0,0,0,0,0,0,0,0,0,0,0,0,0,0,0,0,0,0,0,0,0,0,0,0,0,0,0,0,0,0,0,0,0,0,0,0,0,0,0,0,0,0,0,0,0,0,0,0,0,0,0,0,0,0,0,0,0,0,0,0,0,0,0,0,0,0,0,0,0,0,0,0,0,0,0,0,0,0,0,0,0,0,0,0,0,0,0,0,0,0,0,0,0,0,0,0,0,0,0,0,0,0,0,0,0,0,0,0,0,0,0,0,0,0,0,0,0,0,0,0,0,0,0,0,0,0,0,1,2044.7347222222224,4,0.0,0.0,0.0,0.0,0.0,0.0,0.0,0.0,0.0,1.0,0.0,0.0,0.0,0.0,0.0,0.0,0.0,0.0,0.0,0.0,0.0,0.0,0.0,18,297,19,0,1,1
134161,23,5,7,411,20,2,0,10776.0,1,0,0,719284.798015,0,7,1,13,6,0,0,0,0,0,0,0,0,0,0,0,1,0,0,0,0,0,0,0,0,0,0,0,0,0,0,0,0,0,0,0,0,0,0,0,0,0,0,0,0,0,0,0,0,0,0,0,0,0,0,0,0,0,0,0,0,0,0,0,0,0,0,0,0,0,0,0,0,0,0,0,0,0,0,0,0,0,0,1,0,0,0,0,0,0,0,0,0,0,0,0,0,0,0,0,0,0,0,0,0,0,0,0,0,0,0,0,0,0,0,0,0,0,0,0,0,0,0,0,0,0,0,0,0,0,0,0,0,0,0,0,0,0,0,0,0,0,0,0,0,0,0,0,0,0,1,0,0,0,0,0,0,0,3,181.3925,4,0.0,0.0,0.0,0.0,0.0,0.0,0.0,0.0,0.0,0.0,0.0,0.0,0.0,0.0,0.0,0.0,0.0,0.0,0.0,0.0,0.0,0.0,0.0,231,297,96,11,2,1
133926,6,0,1,282,5,0,0,1026006.0,1,0,0,723592.112892,0,1,1,13,4,0,0,0,0,0,0,0,0,0,0,0,1,0,0,0,0,0,0,0,0,0,0,0,0,0,0,0,0,0,0,0,0,0,0,0,0,0,0,0,0,0,0,0,0,0,0,0,0,0,0,0,0,0,0,0,0,0,0,0,0,0,0,0,0,0,0,0,0,0,0,0,0,0,0,0,0,0,0,0,0,0,0,0,0,0,0,0,0,0,0,0,0,0,0,0,0,0,0,0,0,0,0,0,0,0,0,0,0,0,0,0,0,0,0,0,0,0,0,0,0,0,0,0,0,0,0,0,0,0,0,0,0,0,0,0,0,0,0,0,0,0,0,0,0,0,0,0,0,0,0,0,0,0,1,314.5163888888889,4,0.0,0.0,0.0,0.0,0.0,0.0,0.0,0.0,0.0,1.0,0.0,0.0,0.0,0.0,0.0,0.0,0.0,0.0,0.0,0.0,0.0,0.0,0.0,168,297,98,25,3,1
133801,30,5,4,112,10,4,1,10.0,1,0,0,751046.096879,0,4,1,13,312,0,1,0,0,0,1,0,0,0,0,0,1,0,0,0,0,0,0,0,0,0,0,0,0,0,0,0,0,0,0,0,0,0,0,0,0,0,0,0,0,0,0,0,0,0,0,0,0,0,0,0,0,0,0,0,0,0,0,0,0,0,0,0,0,0,1,0,0,0,0,0,0,0,0,0,0,0,0,0,0,0,0,0,0,0,0,0,0,0,0,0,0,0,0,0,0,0,0,0,0,0,0,0,0,0,0,0,0,0,0,0,0,0,0,0,0,0,0,0,0,0,0,0,0,0,0,0,0,0,0,0,0,0,0,0,0,0,0,0,0,0,0,0,0,0,0,0,0,0,0,0,0,0,4,347.0366666666667,4,0.0,0.0,0.0,0.0,0.0,0.0,0.0,0.0,0.0,0.0,0.0,0.5624274584673875,0.2372842439734407,0.0,0.0,0.1991035256199503,0.4092552932200542,0.0,0.0,0.0,0.178091414392599,0.4247364086753824,0.4562037525559417,132,295,98,0,1,1
133265,12,7,4,177,11,3,1,9.0,1,0,0,782382.192265,0,4,1,13,11,0,0,0,0,0,0,0,0,0,0,0,1,0,0,0,0,0,0,0,0,0,0,0,0,0,0,0,0,0,0,0,0,0,0,0,0,0,0,0,0,0,0,0,0,0,0,0,0,0,0,0,0,0,0,0,0,0,0,0,0,0,0,0,0,0,0,0,0,0,0,0,0,0,0,0,0,0,0,0,0,0,0,0,0,0,0,0,0,0,0,0,0,0,0,0,0,0,0,0,0,0,0,0,0,0,0,0,0,0,0,0,0,0,0,0,0,0,0,0,0,0,0,0,0,0,0,0,0,0,0,0,0,0,0,0,0,0,0,0,0,0,0,0,0,0,0,0,0,0,0,0,0,0,1,652.9583333333334,4,0.5732085824324551,0.0,0.0,0.0,0.0,0.0,0.0,0.0,0.0,0.0,0.0,0.4942632716222298,0.0,0.0,0.0,0.0,0.0,0.0,0.0,0.5364818726146631,0.0,0.373259882262921,0.0,36,302,64,0,2,1
132325,30,5,2,649,7,3,2,10.0,1,0,0,830468.614649,0,2,1,13,1219,0,0,0,0,0,0,0,0,0,0,0,1,0,0,0,0,0,0,0,0,0,0,0,0,0,0,0,0,0,0,0,0,0,0,0,0,0,0,0,0,0,0,0,0,0,0,0,0,0,0,0,0,0,0,0,0,0,0,0,0,0,0,0,0,0,0,0,0,0,0,0,0,0,0,0,0,0,0,0,0,0,0,0,0,0,0,0,0,0,0,0,0,0,0,0,0,0,0,0,0,0,0,0,0,0,0,0,0,0,0,0,0,0,0,0,0,0,0,0,0,0,0,0,0,0,1,0,0,0,0,0,0,0,0,0,0,0,1,0,1,0,0,1,1,1,0,0,0,0,0,0,0,0,7,1171.3819444444443,4,0.1431603005803046,0.3545802287860561,0.0,0.0396786147219376,0.0,0.0,0.0,0.0,0.0,0.0,0.0540836194639207,0.0,0.0520799600952017,0.0,0.3138599993925469,0.0,0.0898247560931024,0.0,0.0,0.0,0.0390881147418399,0.4971872236578092,0.7009041553445023,9,298,31,0,1,1
134095,25,0,1,5028,4,0,0,3666.0,1,0,0,853011.0177,0,1,1,13,19,0,1,0,0,0,1,0,0,0,0,0,1,0,0,0,0,0,0,0,0,0,0,0,0,0,0,0,0,0,0,0,0,0,0,0,0,0,0,0,0,0,0,0,0,0,0,0,0,0,0,0,0,0,0,0,0,0,0,0,0,0,0,0,0,0,1,0,0,0,0,0,0,0,0,0,0,0,0,0,0,0,0,0,0,0,0,0,0,0,0,0,0,0,0,0,0,0,0,0,0,0,0,0,0,0,0,0,0,0,0,0,0,0,0,0,0,0,0,0,0,0,0,0,0,0,0,0,0,0,0,0,0,0,0,0,0,0,1,0,1,0,0,0,0,0,0,0,0,0,0,0,0,0,6,172.65805555555556,4,0.0,0.0,0.0,1.0,0.0,0.0,0.0,0.0,0.0,0.0,0.0,0.0,0.0,0.0,0.0,0.0,0.0,0.0,0.0,0.0,0.0,0.0,0.0,206,307,98,4,0,1
133633,29,1,1,140,8,1,0,11.0,1,0,0,878451.008533,0,1,1,13,120,0,0,0,0,0,0,0,0,0,0,0,1,0,0,0,0,0,0,0,0,0,0,0,0,0,0,0,0,0,0,0,0,0,0,0,0,0,0,0,0,0,0,0,0,0,0,0,0,0,0,0,0,0,0,0,0,0,0,0,0,0,0,0,0,0,0,0,0,0,0,0,0,0,0,0,0,0,0,0,0,0,0,0,0,0,0,0,0,0,0,0,0,0,0,0,0,0,0,0,0,0,0,0,0,0,0,0,0,0,0,0,0,0,0,0,0,0,0,0,0,0,0,0,0,0,0,0,0,0,0,0,0,0,0,0,0,0,0,0,0,0,0,0,0,0,0,0,0,0,0,0,0,0,1,383.2013888888889,4,0.0,0.0,0.0,0.0,0.0,0.0,0.0,0.0,0.0,0.2073429599984293,0.0,0.4016629783256378,0.2541882371919594,0.0,0.0,0.2132875463981674,0.43841040518783,0.0,0.0,0.217985959248878,0.0,0.4549943864141416,0.4887034457944511,76,314,100,1,4,1
133417,12,17,4,153,9,2,1,8.0,1,0,0,973076.326981,0,4,1,13,106,0,0,0,0,0,0,0,0,0,0,0,1,0,0,0,0,0,0,0,0,0,0,0,0,0,0,0,0,0,0,0,0,0,0,0,0,0,0,0,0,0,0,0,0,0,0,0,0,0,0,0,0,0,0,0,0,0,0,0,0,0,0,0,0,0,0,0,0,0,0,0,0,0,0,0,0,0,0,0,0,0,0,0,0,0,0,0,0,0,0,0,0,0,0,0,0,0,0,0,0,0,0,0,0,0,0,0,0,0,0,0,0,0,0,0,0,0,0,0,0,0,0,0,0,0,0,0,0,0,0,0,0,0,0,0,0,0,1,0,1,0,0,0,0,0,0,0,0,0,0,0,0,0,3,511.5833333333333,4,0.227837803945106,0.0,0.0,0.1894440373172968,0.0,0.0,0.0,0.0,0.0,0.4056569513402971,0.0,0.0,0.0,0.247243884593808,0.749256316708741,0.0,0.2144324413108922,0.0,0.0,0.0,0.0,0.1483625934467126,0.2390314456926545,52,322,76,7,6,0
133938,6,0,9,782,23,1,1,32.0,1,0,0,973158.681719,0,9,1,13,13,0,0,0,0,0,0,0,0,0,0,0,1,0,0,0,0,0,0,0,0,0,0,0,0,0,0,0,0,0,0,0,0,0,0,0,0,0,0,0,0,0,0,0,0,0,0,0,0,0,0,0,0,0,0,0,0,0,0,0,0,0,0,0,0,0,0,0,0,0,0,0,0,0,0,0,0,0,0,0,0,0,0,0,0,0,0,0,0,0,0,0,0,0,0,0,0,0,0,0,0,0,0,0,0,0,0,0,0,0,0,0,0,0,0,0,0,0,0,0,0,0,0,0,0,0,0,0,0,0,0,0,0,0,0,0,0,0,0,0,0,0,0,0,0,0,0,0,0,0,0,0,0,0,1,195.8763888888889,4,0.0,0.0,0.0,0.0,0.0,0.0,0.0,0.0,0.0,0.0,0.0,0.0,0.0,0.0,0.0,0.0,0.0,0.0,0.0,0.0,0.0,1.0,0.0,174,271,99,8,3,1
133406,4,7,1,603,5,3,1,7.0,1,0,0,1000840.655934,0,1,1,13,71,0,0,0,0,0,0,0,0,0,0,0,1,0,0,0,0,0,0,0,0,0,0,0,0,0,0,0,0,0,0,0,0,0,0,0,0,0,0,0,0,0,0,0,0,0,0,0,0,0,0,0,0,0,0,0,0,0,0,0,0,0,0,0,0,0,0,0,0,0,0,0,0,0,0,0,0,0,0,0,0,0,0,0,0,0,0,0,0,0,0,0,0,0,0,0,0,0,0,0,0,0,0,0,0,0,0,0,0,0,0,0,0,0,0,0,0,0,0,0,0,0,0,0,0,0,0,0,0,0,0,0,0,0,0,0,0,0,0,0,0,0,0,0,0,0,0,0,0,0,0,0,0,0,1,513.0461111111111,4,0.3640275732125966,0.0,0.0,0.0,0.0,0.0,0.0,0.0,0.0,0.0,0.0,0.3138917748461322,0.0,0.0,0.0,0.0,0.3426091714229471,0.0,0.0,0.0,0.0,0.7111384578778631,0.3819122006546388,51,314,76,1,6,0
130361,11,0,1,1,1,0,0,7.0,1,0,0,1002381.177979,0,1,1,13,2,0,0,0,0,0,0,0,0,0,0,0,1,0,0,0,0,0,0,0,0,0,0,0,0,0,0,0,0,0,0,0,0,0,0,0,0,0,0,0,0,0,0,0,0,0,0,0,0,0,0,0,0,0,0,0,0,0,0,0,0,0,0,0,0,0,0,0,0,0,0,0,0,0,0,0,0,0,0,0,0,0,0,0,0,0,0,0,0,0,0,0,0,0,0,0,0,0,0,0,0,0,0,0,0,0,0,0,0,0,0,0,0,0,0,0,0,0,0,0,0,0,0,0,0,0,0,0,0,0,0,0,0,0,0,0,0,0,0,0,0,0,0,0,0,0,0,0,0,0,0,0,0,0,1,2204.0230555555554,4,0.0,0.0,0.0,0.0,0.0,0.0,0.0,0.0,0.0,0.0,0.0,0.0,0.0,0.0,0.0,0.0,0.0,0.0,0.0,0.0,0.0,0.0,0.0,4,321,12,0,5,0
133223,8,1,4,286,6,1,1,8.0,1,0,0,1007546.419296,0,4,1,13,328,0,0,0,0,0,0,0,0,0,0,0,1,0,0,0,0,1,0,0,0,0,0,0,0,0,0,0,0,0,0,0,0,0,0,0,0,0,0,0,0,0,0,0,0,0,0,0,0,0,0,0,0,0,0,0,0,0,0,0,0,0,0,0,0,0,0,0,0,0,0,0,0,0,0,0,0,0,0,0,0,0,0,0,0,0,0,0,0,0,0,0,0,0,0,0,0,0,0,0,0,0,0,0,0,0,0,0,0,0,0,0,0,0,0,0,0,0,0,0,0,0,0,0,0,0,0,0,0,0,0,0,0,0,0,0,0,0,1,0,1,0,0,0,0,0,0,0,0,0,0,0,0,0,4,611.8733333333333,4,0.1164270877655268,0.0,0.0,0.0968075410554378,0.0,0.0,0.0,0.0,0.3702116072271177,0.0,0.0,0.3011764045484373,0.635321181247581,0.0,0.0,0.1066186991341772,0.3287304946587512,0.0,0.0,0.0,0.0,0.3032582721435174,0.3664414064456738,31,313,58,0,1,1
131341,15,15,1,1350,11,3,1,9.0,1,0,0,1018222.670036,0,1,1,13,631,0,0,0,0,0,0,0,0,0,0,0,1,0,0,0,0,0,0,0,0,0,0,0,0,0,0,0,0,0,0,0,0,0,0,0,0,0,0,0,0,0,0,0,0,0,0,0,0,0,0,0,0,0,0,0,0,0,0,0,0,0,0,0,0,0,0,0,0,0,0,0,0,0,0,0,0,0,0,0,0,0,0,0,0,0,0,0,0,0,0,0,0,0,0,0,0,0,0,0,0,0,0,0,0,0,0,0,0,0,0,0,0,0,0,0,0,0,0,0,0,0,0,0,0,0,0,0,0,0,0,0,0,0,0,0,0,0,1,0,1,0,0,0,0,0,0,0,0,0,0,0,0,0,3,701.7852777777778,4,0.0,0.0,0.0,0.0,0.0,0.0,0.0,0.0,0.1925559964093421,0.0,0.0,0.0,0.0,0.0,0.0,0.0,0.6839226724765445,0.0,0.0,0.0,0.0,0.591494812919386,0.3811900478879364,17,5,19,0,0,1
133986,15,13,1,140,1,3,3,7.0,1,2,0,1029318.633953,0,1,1,13,27,0,0,0,0,0,0,0,0,0,0,0,1,0,0,0,1,0,0,0,0,0,0,0,0,0,0,0,0,0,0,0,0,0,0,0,0,0,0,0,0,0,0,0,0,0,0,0,0,0,0,0,0,0,0,0,0,0,0,0,0,0,0,0,0,0,0,0,0,0,0,0,0,0,0,0,0,0,0,1,0,0,0,0,0,0,0,0,0,0,0,0,0,0,0,0,0,0,0,0,0,0,0,0,0,0,0,0,0,0,0,0,0,0,0,0,0,0,0,0,0,0,0,0,0,0,0,0,0,0,0,0,0,0,0,0,0,0,0,0,0,0,0,0,0,0,0,0,0,0,0,0,0,0,3,197.20583333333337,4,0.0,0.0,0.0,0.0,0.0,0.0,0.4848332724058886,0.0,0.5033629933627419,0.0,0.0,0.4094983883925746,0.0,0.0,0.0,0.0,0.0,0.0,0.0,0.0,0.0,0.3092467699179811,0.4982367911749161,179,307,95,0,4,1
133392,30,2,2,347,10,2,0,9.0,1,0,0,1035180.120727,0,2,1,13,350,0,0,0,0,0,0,0,0,0,0,0,1,0,0,0,0,0,0,0,0,0,0,0,0,0,0,0,0,0,0,0,0,0,0,0,0,0,0,0,0,0,0,0,0,0,0,0,0,0,0,0,0,0,0,0,0,0,0,0,0,0,0,0,0,0,0,0,0,0,0,0,0,0,0,0,0,0,0,0,0,0,0,0,0,0,0,0,0,0,0,0,0,0,0,0,0,0,0,0,0,0,0,0,0,0,0,0,0,0,0,0,0,0,0,0,0,0,0,0,0,0,0,0,0,0,1,0,0,0,0,0,0,0,0,0,0,0,0,0,0,0,0,1,1,1,0,0,0,0,0,0,0,0,5,513.9144444444445,4,0.0,0.0,0.0,0.120349456127564,0.0,0.0,0.0,0.0,0.0,0.2577045662640817,0.0,0.0,0.4738921645722743,0.0,0.0,0.0,0.4086720498568383,0.0,0.0,0.0,0.0,0.6597594930241472,0.3037024009186886,48,313,73,12,5,0
132939,10,16,1,608,12,3,1,7.0,1,2,0,1035181.661624,1,1,1,13,162,0,0,0,0,0,0,0,0,0,0,0,1,0,0,0,0,0,0,0,0,0,0,0,0,0,0,0,0,0,0,0,0,0,0,0,0,0,0,0,0,0,0,0,0,0,0,0,0,0,0,0,0,0,0,0,0,0,0,0,0,0,0,0,0,0,0,0,0,0,0,0,0,0,0,0,0,0,0,0,0,0,0,0,0,0,0,0,0,0,0,0,0,0,0,0,0,0,0,0,0,0,0,0,0,0,0,0,0,0,0,0,0,0,0,0,0,0,0,0,0,0,0,0,0,0,0,0,0,0,0,0,0,0,0,0,0,0,0,0,0,0,0,0,0,0,0,0,0,0,0,0,0,0,1,793.1172222222223,4,0.0,0.0,0.0,0.2647478878735391,0.0,0.0,0.0,0.0,0.0,0.5669052591435512,0.3608624978964497,0.2745509840529323,0.0,0.34552312737205,0.0,0.0,0.0,0.0,0.0,0.0,0.0,0.4146732070397179,0.334046250695645,23,307,42,0,1,1
133293,20,0,1,42,5,3,3,9.0,1,0,0,1035183.555376,0,1,1,13,0,0,0,0,0,0,0,0,0,0,0,0,1,0,0,0,0,0,0,0,0,0,0,0,0,0,0,0,0,0,0,0,0,0,0,0,0,0,0,0,0,0,0,0,0,0,0,0,0,0,0,0,0,0,0,0,0,0,0,0,0,0,0,0,0,0,0,0,0,0,0,0,0,0,0,0,0,0,0,0,0,0,0,0,0,0,0,0,0,0,0,0,0,0,0,0,0,0,0,0,0,0,0,0,0,0,0,0,0,0,0,0,0,0,0,0,0,0,0,0,0,0,0,0,0,0,0,0,0,0,0,0,0,0,0,0,0,0,0,0,0,0,0,0,0,0,0,1,0,0,0,0,0,0,2,567.6911111111111,4,0.0,0.0,0.0,0.0,0.0,0.0,0.0,0.0,0.0,0.0,0.0,0.0,0.0,0.0,0.0,0.0,0.0,0.0,0.0,0.0,0.0,0.0,0.0,37,313,66,0,3,1
133386,7,3,2,106,24,3,1,8.0,1,0,0,1056823.875272,0,2,1,13,49,0,0,0,0,0,0,0,0,0,0,0,1,0,0,0,0,0,0,0,0,0,0,0,0,0,0,0,0,0,0,0,0,0,0,0,0,0,0,0,0,0,0,0,0,0,0,0,0,0,0,0,0,0,0,0,0,0,0,0,0,0,0,0,0,0,0,0,0,0,0,0,0,0,0,0,0,0,0,0,0,0,0,0,0,0,0,0,0,0,0,0,0,0,0,0,0,0,0,0,0,0,0,0,0,0,0,0,0,0,0,0,0,0,0,0,0,0,0,0,0,0,0,0,0,0,0,0,0,0,0,0,0,0,0,0,0,0,0,0,0,0,0,0,0,0,0,0,0,0,0,0,0,0,1,510.2211111111111,4,0.0,0.2915465116230235,0.0,0.456749279195504,0.0,0.0,0.0,0.0,0.0,0.0,0.0,0.0,0.0,0.2980523105210646,0.3010759689559518,0.0,0.258498141170949,0.0,0.0,0.0,0.0,0.3577019819465939,0.5763044436300713,47,301,72,0,5,0
133221,3,3,3,240,8,1,1,2058455.0,1,0,0,1056824.442913,0,3,1,13,44,0,0,0,0,0,0,0,0,0,0,0,1,0,0,0,0,0,0,0,0,0,0,0,0,0,0,0,0,0,0,0,0,0,0,0,0,0,0,0,0,0,0,0,0,0,0,0,0,0,0,0,0,0,0,0,0,0,0,0,0,0,0,0,0,0,0,0,0,0,0,0,0,0,0,0,0,0,0,0,0,0,0,0,0,0,0,0,0,0,0,0,0,0,0,0,0,0,0,0,0,0,0,0,0,0,0,0,0,0,0,0,0,0,0,0,0,0,0,0,0,0,0,0,0,0,0,0,0,0,0,0,0,0,0,0,0,0,0,0,0,0,0,0,0,0,0,0,0,0,0,0,0,0,1,600.3838888888889,4,0.5274638574431079,0.0,0.0,0.0,0.0,0.0,0.0,0.0,0.0,0.0,0.5978016481794693,0.0,0.0,0.0,0.0,0.0,0.4964293049543131,0.0,0.0,0.0,0.0,0.3434719984332411,0.0,30,301,57,2,1,1
133942,18,10,1,92,1,3,0,9.0,1,0,0,1059157.533287,0,1,1,13,71,0,0,0,0,0,0,0,0,0,0,0,1,0,0,0,0,0,0,0,0,0,0,0,0,0,0,0,0,0,0,0,0,0,0,0,0,0,0,0,0,0,0,0,0,0,0,0,0,0,0,0,0,0,0,0,0,0,0,0,0,0,0,0,0,0,0,0,0,0,0,0,0,0,0,0,0,0,0,0,0,0,0,0,0,0,0,0,0,0,0,0,0,0,0,0,0,0,0,0,0,0,0,0,0,0,0,0,0,0,0,0,0,0,0,0,0,0,0,0,0,0,0,0,0,0,0,0,0,0,0,0,0,0,0,0,0,0,0,0,0,0,0,0,0,0,0,0,0,0,0,0,0,0,1,208.24055555555557,4,0.2843214389816068,0.0,0.0,0.0,0.0,0.317379756892156,0.0,0.0,0.3013591278875164,0.0,0.0,0.0,0.0,0.308538512177947,0.0,0.2603688071389859,0.2675927314175703,0.0,0.0,0.0,0.0,0.3702868034136747,0.5965802287803269,175,302,101,0,3,1
132150,20,0,1,6,3,0,0,10.0,1,0,0,1080821.5716,0,1,1,13,133,0,0,0,0,0,0,0,0,0,0,0,1,0,0,0,0,0,0,0,0,0,0,0,0,0,0,0,0,0,0,0,0,0,0,0,0,0,0,0,0,0,0,0,0,0,0,0,0,0,0,0,0,0,0,0,0,0,0,0,0,0,0,0,0,0,0,0,0,0,0,0,0,0,0,0,0,0,0,0,0,0,0,0,0,0,0,0,0,0,0,0,0,0,0,0,0,0,0,0,0,0,0,0,0,0,0,0,0,0,0,0,0,0,0,0,0,0,0,0,0,0,0,0,0,0,0,0,0,0,0,0,0,0,0,0,0,0,0,0,0,0,0,0,0,0,0,0,0,0,0,0,0,0,1,1195.9172222222223,4,0.0,0.0,0.0,0.0,0.0,0.0,0.0,0.0,0.0,0.2160809301407122,0.0,0.0,0.0,0.2633983634601449,0.0,0.0,0.0,0.0,0.0,0.0,0.0,0.7902817167099628,0.509298676603421,7,302,28,1,4,1
133099,24,19,3,1020,32,4,0,9.0,1,0,0,1111950.620519,0,3,1,13,177,0,0,0,0,0,0,0,0,0,0,0,1,0,0,0,0,0,0,0,0,0,0,0,0,0,0,0,0,0,0,0,0,0,0,0,0,0,0,0,0,0,0,0,0,0,0,0,0,0,0,0,0,0,0,0,0,0,0,0,0,0,0,0,0,0,0,0,0,0,0,0,0,0,0,0,0,0,0,0,0,0,0,0,0,0,0,0,0,0,0,0,0,0,0,0,0,0,0,0,0,0,0,0,0,0,0,0,0,0,0,0,0,0,0,0,0,0,0,0,0,0,0,0,0,0,0,0,0,0,0,0,0,0,0,0,0,0,1,0,1,0,0,0,0,0,0,0,0,0,0,0,0,0,3,661.3155555555555,4,0.0,0.3127960088801124,0.0,0.490039653693251,0.0,0.0,0.0,0.0,0.0,0.2623307584235448,0.3339723215932256,0.0,0.3215995037662033,0.3197759858263472,0.3230200249519888,0.0,0.0,0.0,0.0,0.2757963039394984,0.0,0.0,0.3091543247487863,30,269,49,4,5,0
130555,30,22,8,826,13,3,1,9.0,1,0,0,1118397.133732,0,8,1,13,136,0,0,0,0,0,0,0,0,0,0,0,1,0,0,0,0,0,0,0,0,0,0,0,0,0,0,0,0,0,0,0,0,0,0,0,0,0,0,0,0,0,0,0,0,0,0,0,0,0,0,0,0,0,0,0,0,0,0,0,0,0,0,0,0,0,0,0,0,0,0,0,0,0,0,0,0,0,0,0,0,0,0,0,0,0,0,0,0,0,0,0,0,0,0,0,0,0,0,0,0,0,0,0,0,0,0,0,0,0,0,0,0,0,0,0,0,0,0,0,0,0,0,0,0,0,0,0,0,0,0,0,0,0,0,0,0,0,0,0,0,0,0,0,0,0,0,1,0,0,0,0,0,0,2,392.0675,4,0.0,0.0,0.0,0.4403717766667334,0.0,0.0,0.0,0.0,0.0,0.0,0.0,0.0,0.0,0.5747303017312704,0.0,0.0,0.0,0.0,0.0,0.0,0.0,0.6897519688897363,0.0,10,12,13,0,3,1
133900,6,25,5,201,11,2,2,153869.0,1,0,0,1121272.471899,0,5,1,13,24,0,1,0,0,0,1,0,0,0,0,0,1,0,0,0,0,0,0,0,0,0,0,0,0,0,0,0,0,0,0,0,0,0,0,0,0,0,0,0,0,0,0,0,0,0,0,0,0,0,0,0,0,0,0,0,0,0,0,0,0,0,0,0,0,0,1,0,0,0,0,0,0,0,0,0,0,0,0,0,0,0,0,0,0,0,0,0,0,0,0,0,0,0,0,0,0,0,0,0,0,0,0,0,0,0,0,0,0,0,0,0,0,0,0,0,0,0,0,0,0,0,0,0,0,0,0,0,0,0,0,0,0,0,0,0,0,0,0,0,0,0,0,0,0,0,0,0,0,0,0,0,0,0,4,208.87444444444444,4,0.0,0.0,0.0,0.0,0.0,0.0,0.0,0.0,0.0,0.0,0.0,0.0,0.0,0.0,0.0,0.0,0.7543237525086004,0.0,0.0,0.0,0.6565026095921814,0.0,0.0,166,271,102,9,3,1
128004,30,30,4,741,18,3,0,900.0,1,0,0,1127066.806174,0,4,1,13,119,0,0,0,0,0,0,0,0,0,0,0,1,0,0,0,0,0,0,0,0,0,0,0,0,0,0,0,0,0,0,0,0,0,0,0,0,0,0,0,0,0,0,0,0,0,0,0,0,0,0,0,0,0,0,0,0,0,0,0,0,0,0,0,0,0,0,0,0,0,0,0,0,0,0,0,0,0,0,0,0,0,0,0,0,0,0,0,0,0,0,0,0,0,0,0,0,0,0,0,0,0,0,0,0,0,0,0,0,0,0,0,0,0,0,0,0,0,0,0,0,0,0,0,0,0,0,0,0,0,0,0,0,0,0,0,0,0,1,0,1,0,0,0,0,0,0,0,0,0,0,0,0,0,3,3468.4744444444445,4,0.0,0.0,0.0,0.2510184068193999,0.0,0.0,0.0,0.0,0.0,0.2687531449461964,0.0,0.7809393815513834,0.0,0.0,0.0,0.0,0.0,0.0,0.0,0.0,0.0,0.3931687939717262,0.3167230466959107,1,245,1,0,5,0
133937,7,4,3,263,28,4,1,9.0,1,0,0,1131941.885796,0,3,1,13,126,0,0,0,0,0,0,0,0,0,0,0,1,0,0,0,0,0,0,0,0,0,0,0,0,0,0,0,0,0,0,0,0,0,0,0,0,0,0,0,0,0,0,0,0,0,0,0,0,0,0,0,0,0,0,0,0,0,0,0,0,0,0,0,0,0,0,0,0,0,0,0,0,0,0,0,0,0,0,0,0,0,0,0,0,0,0,0,0,0,0,0,0,0,0,0,0,0,0,0,0,0,0,0,0,0,0,0,0,0,0,0,0,0,0,0,0,0,0,0,0,0,0,0,0,0,0,0,0,0,0,0,0,0,0,0,0,0,0,0,0,0,0,0,0,0,0,0,0,0,0,0,0,0,1,196.01611111111112,4,0.0,0.6725851399124704,0.0,0.0,0.0,0.0,0.0,0.0,0.0,0.5640729576101136,0.0,0.0,0.3457573643774926,0.0,0.0,0.0,0.0,0.0,0.0,0.0,0.2595048749445714,0.2063007341737636,0.0,173,271,98,7,3,1
132706,30,3,2,869,185,3,1,1790.0,1,0,0,1143349.376392,0,2,1,13,2296,0,0,0,0,0,0,0,0,0,0,0,1,0,0,0,0,0,0,0,0,0,0,0,0,0,0,0,0,0,0,0,0,0,0,0,0,0,0,0,0,0,0,0,0,0,0,0,0,0,0,0,0,0,0,0,0,0,0,0,0,0,0,0,0,0,0,0,0,0,0,0,0,0,0,0,0,0,0,0,0,0,0,0,0,0,0,0,0,0,0,0,0,0,0,0,0,0,0,0,0,0,0,0,0,0,0,0,0,0,0,0,0,0,0,0,0,0,0,0,0,0,0,0,0,0,1,0,0,0,0,0,0,0,0,0,0,0,1,0,1,0,0,1,1,0,0,0,0,0,0,0,0,0,6,872.655,4,0.0,0.0874087836968673,0.0,0.0342345880993788,0.0,0.0,0.0,0.0,0.0,0.0366533009838807,0.0,0.0710044558000093,0.3594754493494078,0.0893592922640543,0.0,0.0754083247803994,0.1162507895320128,0.0,0.0,0.0,0.1349004260502372,0.8311325222255599,0.3455645562443858,20,267,37,4,2,1
133294,25,13,1,113,10,3,2,2519.0,1,1,0,1191422.946958,0,1,1,13,6,0,0,0,0,0,0,0,0,0,0,0,1,0,0,0,0,0,0,0,0,0,0,0,0,0,0,0,0,0,0,0,0,0,0,0,0,0,0,0,0,0,0,0,0,0,0,0,0,0,0,0,0,0,0,0,0,0,0,0,0,0,0,0,0,0,0,0,0,0,0,0,0,0,0,0,0,0,0,0,0,0,0,0,0,0,0,0,0,0,0,0,0,0,0,0,0,0,0,0,0,0,0,0,0,0,0,0,0,0,0,0,0,0,0,0,0,0,0,0,0,0,0,0,0,0,0,0,0,0,0,0,0,0,0,0,0,0,1,0,1,0,0,0,0,0,0,0,0,0,0,0,0,0,3,522.8155555555555,4,0.0,0.0,0.0,0.0,0.0,0.0,0.0,0.0,0.0,0.0,0.0,0.0,0.0,0.0,0.0,0.0,0.0,0.0,0.0,0.0,0.0,0.0,0.0,38,268,67,5,3,1
132961,30,25,6,1943,50,3,0,15.0,2,0,0,1218643.879181,0,6,1,13,168,0,0,0,0,0,0,0,0,0,0,0,1,0,0,0,0,0,0,0,0,0,0,0,0,0,0,0,0,0,0,0,0,0,0,0,0,0,0,0,0,0,0,0,0,0,0,0,0,0,0,0,0,0,0,0,0,0,0,0,0,0,0,0,0,0,0,0,0,0,0,0,0,0,0,0,0,0,0,0,0,0,0,0,0,0,0,0,0,0,0,0,0,0,0,0,0,0,0,0,0,0,0,0,0,0,0,0,0,0,0,0,0,0,0,0,0,0,0,0,0,0,0,0,0,0,0,0,0,0,0,0,0,0,0,0,0,0,1,0,1,0,0,0,0,0,0,0,0,0,0,0,0,0,3,725.4502777777777,4,0.1394652159209352,0.0,0.0,0.0,0.0,0.0,0.0,0.0,0.0,0.0,0.0,0.0,0.0,0.0,0.3057590156404587,0.0,0.6562972915390766,0.0,0.0,0.0,0.2284753108361238,0.6357151684201924,0.0,23,266,43,0,1,1
132789,30,5,1,146,10,3,2,267.0,1,0,0,1238804.094094,0,1,1,13,4,0,1,0,0,0,1,0,0,0,0,0,1,0,0,0,0,0,0,0,0,0,0,0,0,0,0,0,0,0,0,0,0,0,0,0,0,0,0,0,0,0,0,0,0,0,0,0,0,0,0,0,0,0,0,0,0,0,0,0,0,0,0,0,0,0,1,0,0,0,0,0,0,0,0,0,0,0,0,0,0,0,0,0,0,0,0,0,0,0,0,0,0,0,0,0,0,0,0,0,0,0,0,0,0,0,0,0,0,0,0,0,0,0,0,0,0,0,0,0,0,0,0,0,0,0,0,0,0,0,0,0,0,0,0,0,0,0,1,0,1,0,0,0,0,0,0,0,0,0,0,0,0,0,6,814.3088888888889,4,0.0,0.0,0.0,0.0,0.0,0.0,0.0,0.0,0.0,0.0,0.0,0.0,0.0,0.0,0.0,0.0,0.0,0.0,0.0,0.0,0.0,0.0,0.0,23,257,40,2,4,1
133122,15,15,3,654,23,3,1,8.0,1,0,0,1233510.540209,0,3,1,13,230,0,0,0,0,0,0,0,0,0,0,0,1,0,0,0,0,0,0,0,0,0,0,0,0,0,0,0,0,0,0,0,0,0,0,0,0,0,0,0,0,0,0,0,0,0,0,0,0,0,0,0,0,0,0,0,0,0,0,0,0,0,0,0,0,0,0,0,0,0,0,0,0,0,0,0,0,0,0,0,0,0,0,0,0,0,0,0,0,0,0,0,0,0,0,0,0,0,0,0,0,0,0,0,0,0,0,0,0,0,0,0,0,0,0,0,0,0,0,0,0,0,0,0,0,0,0,0,0,0,0,0,0,0,0,0,0,0,0,0,0,0,0,0,0,0,0,0,0,0,0,0,0,0,1,625.1919444444444,4,0.0,0.0,0.0,0.0,0.0,0.0,0.0,0.0,0.0,0.0,0.2138322972055054,0.0,0.2059103591052581,0.2047428161537503,0.2068198755194823,0.0,0.5327149180758591,0.0,0.0,0.0,0.0,0.7371549410184592,0.0,32,264,54,5,5,0
130350,30,21,2,866,90,13,5,8.0,1,1,0,1252069.581244,0,2,1,13,345,0,0,0,0,0,0,0,0,0,0,0,1,0,0,0,0,0,0,0,0,0,0,0,0,0,0,0,0,0,0,0,0,0,0,0,0,0,0,0,0,0,0,0,0,0,0,0,0,0,0,0,0,0,0,0,0,0,0,0,0,0,0,0,0,0,0,0,0,0,0,0,0,0,0,0,0,0,0,0,0,0,0,0,0,0,0,0,0,0,0,0,0,0,0,0,0,0,0,0,0,0,0,0,0,0,0,0,0,0,0,0,0,0,0,0,0,0,0,0,0,0,0,0,0,0,1,0,0,0,0,0,0,0,0,0,0,0,0,0,0,0,0,1,1,1,0,0,0,0,0,0,0,0,5,895.9447222222223,4,0.0,0.0,0.0,0.0,0.0,0.0,0.0,0.0,0.0,0.0,0.0,0.0,0.0,0.4077966753332494,0.4119336600623215,0.0,0.3536784612239664,0.0,0.0,0.0,0.0,0.734114485186783,0.0,3,3,11,1,5,0
133859,3,0,1,150,14,0,0,8.0,1,0,0,1266390.623692,0,1,1,13,23,0,0,0,0,0,0,0,0,0,0,0,1,0,0,0,0,0,0,0,0,0,0,0,0,0,0,0,0,0,0,0,0,0,0,0,0,0,0,0,0,0,0,0,0,0,0,0,0,0,0,0,0,0,0,0,0,0,0,0,0,0,0,0,0,0,0,0,0,0,0,0,0,0,0,0,0,0,0,0,0,0,0,0,0,0,0,0,0,0,0,0,0,0,0,0,0,0,0,0,0,0,0,0,0,0,0,0,0,0,0,0,0,0,0,0,0,0,0,0,0,0,0,0,0,0,0,0,0,0,0,0,0,0,0,0,0,0,0,0,0,0,0,0,0,0,0,0,0,0,0,0,0,0,1,189.4338888888889,4,0.0,0.0,0.0,0.0,0.0,0.0,0.0,0.0,0.0,0.0,0.0,0.0,0.0,0.0,0.0,0.0,0.0,0.0,0.0,0.0,1.0,0.0,0.0,149,254,93,2,2,1
129181,21,2,1,1765,24,2,0,8.0,1,0,0,1287714.62623,0,1,1,13,67,0,0,0,0,0,0,0,0,0,0,0,1,0,0,0,0,0,0,0,0,0,0,0,0,0,0,0,0,0,0,0,0,0,0,0,0,0,0,0,0,0,0,0,0,0,0,0,0,0,0,0,0,0,0,0,0,0,0,0,0,0,0,0,0,0,0,0,0,0,0,0,0,0,0,0,0,0,0,0,0,0,0,0,0,0,0,0,0,0,0,0,0,0,0,0,0,0,0,0,0,0,0,0,0,0,0,0,0,0,0,0,0,0,0,0,0,0,0,0,0,0,0,0,0,0,0,0,0,0,0,0,0,0,0,0,0,0,1,0,1,0,0,0,0,0,0,0,0,0,0,0,0,0,3,2808.7091666666665,4,0.0,0.0,0.0,0.0,0.0,0.0,0.0,0.0,0.0,0.0,0.0,0.0,0.0,0.0,0.0,0.0,0.7475701549482,0.0,0.0,0.0,0.0,0.5172325898704485,0.4166645070156956,1,245,3,0,5,0
133598,4,0,1,62,3,0,0,9.0,1,0,0,1316308.689432,0,1,1,13,586,0,0,0,0,0,0,0,0,0,0,0,1,0,0,0,0,0,0,0,0,0,0,0,0,0,0,0,0,0,0,0,0,0,0,0,0,0,0,0,0,0,0,0,0,0,0,0,0,0,0,0,0,0,0,0,0,0,0,0,0,0,0,0,0,0,0,0,0,0,0,0,0,0,0,0,0,0,0,0,0,0,0,0,0,0,0,0,0,0,0,0,0,0,0,0,0,0,0,0,0,0,0,0,0,0,0,0,0,0,0,0,0,0,0,0,0,0,0,0,0,0,0,0,0,0,0,0,0,0,0,0,0,0,0,0,0,0,0,0,0,0,0,0,0,0,0,0,0,0,0,0,0,0,1,312.2061111111111,4,0.0,0.0,0.4142178149106676,0.3110616703504535,0.0,0.0,0.0,0.0,0.0,0.0,0.0,0.3225796752594286,0.2041411915779621,0.2029836800745345,0.0,0.1712934255001753,0.352091912292674,0.0,0.0,0.0,0.0,0.4872142379204462,0.392482771251899,72,238,96,0,3,1
133583,8,0,1,4,2,1,1,8.0,1,0,0,1349929.587195,0,1,1,13,0,0,0,0,0,0,0,0,0,0,0,0,1,0,0,0,0,0,0,0,0,0,0,0,0,0,0,0,0,0,0,0,0,0,0,0,0,0,0,0,0,0,0,0,0,0,0,0,0,0,0,0,0,0,0,0,0,0,0,0,0,0,0,0,0,0,0,0,0,0,0,0,0,0,0,0,0,0,0,0,0,0,0,0,0,0,0,0,0,0,0,0,0,0,0,0,0,0,0,0,0,0,0,0,0,0,0,0,0,0,0,0,0,0,0,0,0,0,0,0,0,0,0,0,0,0,0,0,0,0,0,0,0,0,0,0,0,0,0,0,0,0,0,0,0,0,0,0,0,0,0,0,0,0,1,302.5155555555556,4,0.0,0.0,0.0,0.0,0.0,0.0,0.0,0.0,0.0,0.0,0.0,0.0,0.0,0.0,0.0,0.0,0.0,0.0,0.0,0.0,0.0,0.0,0.0,69,221,91,0,3,1
133478,3,15,1,431,3,3,2,1207404.0,1,0,0,1426747.916844,0,1,1,13,38,0,0,0,0,0,0,0,0,0,0,0,1,0,0,0,0,0,0,0,0,0,0,0,0,0,0,0,0,0,0,0,0,0,0,0,0,0,0,0,0,0,0,0,0,0,0,0,0,0,0,0,0,0,0,0,0,0,0,0,0,0,0,0,0,0,0,0,0,0,0,0,0,0,0,0,0,0,0,1,0,0,0,0,0,0,0,0,0,0,0,0,0,0,0,0,0,0,0,0,0,0,0,0,0,0,0,0,0,0,0,0,0,0,0,0,0,0,0,0,0,0,0,0,0,0,0,0,0,0,0,0,0,0,0,0,0,0,0,0,0,0,0,0,0,0,0,0,0,0,0,0,0,0,2,353.57472222222225,4,0.0,0.0,0.0,0.0,0.0,0.0,0.0,0.0,0.8520472416382425,0.0,0.0,0.0,0.0,0.0,0.0,0.0,0.0,0.0,0.0,0.0,0.0,0.5234648966422316,0.0,60,219,83,0,0,1
132410,12,1,7,423,33,1,0,10.0,1,0,0,1435677.142587,0,7,1,13,127,0,0,0,0,0,0,0,0,0,0,0,1,0,0,0,0,0,0,0,0,0,0,0,0,0,0,0,0,0,0,0,0,0,0,0,0,0,0,0,0,0,0,0,0,0,0,0,0,0,0,0,0,0,0,0,0,0,0,0,0,0,0,0,0,0,0,0,0,0,0,0,0,0,0,0,0,0,0,0,0,0,0,0,0,0,0,0,0,0,0,0,0,0,0,0,0,0,0,0,0,0,0,0,0,0,0,0,0,0,0,0,0,0,0,0,0,0,0,0,0,0,0,0,0,0,0,0,0,0,0,0,0,0,0,0,0,0,0,0,0,0,0,0,0,0,0,0,0,0,0,0,0,0,1,659.3683333333333,4,0.0,0.0,0.0,0.792214111252298,0.0,0.0,0.0,0.0,0.0,0.2827283153820578,0.3599403761713549,0.0,0.346605508534083,0.0,0.0,0.0,0.0,0.0,0.0,0.0,0.0,0.2068067906752782,0.0,9,24,33,0,3,1
133184,4,5,3,175,1,2,1,9.0,1,0,0,1436575.389998,0,3,1,13,266,0,0,0,0,0,0,0,0,0,0,0,1,0,0,0,0,0,0,0,0,0,0,0,0,0,0,0,0,0,0,0,0,0,0,0,0,0,0,0,0,0,0,0,0,0,0,0,0,0,0,0,0,0,0,0,0,0,0,0,0,0,0,0,0,0,0,0,0,0,0,0,0,0,0,0,0,0,0,0,0,0,0,0,0,0,0,0,0,0,0,0,0,0,0,0,0,0,0,0,0,0,0,0,0,0,0,0,0,0,0,0,0,0,0,0,0,0,0,0,0,0,0,0,0,0,0,0,0,0,0,0,0,0,0,0,0,0,0,0,0,0,0,0,0,0,0,0,0,0,0,0,0,0,1,523.1222222222223,4,0.0,0.0,0.0,0.0,0.0,0.0,0.0,0.0,0.0,0.0,0.0,0.4349945321496981,0.1835211761797486,0.1824805832895601,0.0,0.1539913168756283,0.3165276021358544,0.0,0.0,0.0,0.5509602372166451,0.4380014111974684,0.3528386370906809,33,203,56,0,0,1
133472,12,4,4,25,2,2,0,10.0,1,0,0,1436577.528625,1,4,1,13,47,0,0,0,0,0,0,0,0,0,0,0,1,0,0,0,0,0,0,0,0,0,0,0,0,0,0,0,0,0,0,0,0,0,0,0,0,0,0,0,0,0,0,0,0,0,0,0,0,0,0,0,0,0,0,0,0,0,0,0,0,0,0,0,0,0,0,0,0,0,0,0,0,0,0,0,0,0,0,0,0,0,0,0,0,0,0,0,0,0,0,0,0,0,0,0,0,0,0,0,0,0,0,0,0,0,0,0,0,0,0,0,0,0,0,0,0,0,0,0,0,0,0,0,0,0,0,0,0,0,0,0,0,0,0,0,0,0,0,0,0,0,0,0,0,0,0,0,0,0,0,0,0,0,1,354.1922222222222,4,0.0,0.0,0.0,0.0,0.0,0.0,0.0,0.0,0.0,0.0,0.0,0.0,0.0,0.0,0.0,0.0,0.0,0.0,0.0,0.0,0.5324000242765266,0.8464928907854772,0.0,58,213,81,0,0,1
133456,27,0,2,1031,6,0,0,8.0,1,0,0,1436581.399281,0,2,1,13,712,0,1,0,0,0,1,0,0,0,0,0,1,0,0,0,0,0,0,0,0,0,0,0,0,0,0,0,0,0,0,0,0,0,0,0,0,0,0,0,0,0,0,0,0,0,0,0,0,0,0,0,0,0,0,0,0,0,0,0,0,0,0,0,0,0,1,0,0,0,0,0,0,0,0,0,0,0,0,0,0,0,0,0,0,0,0,0,0,0,0,0,0,0,0,0,0,0,0,0,0,0,0,0,0,0,0,0,0,0,0,0,0,0,0,0,0,0,0,0,0,0,0,0,0,0,0,0,0,0,0,0,0,0,0,0,0,0,0,0,0,0,0,0,0,0,0,0,0,0,0,0,0,0,4,357.8313888888889,4,0.0,0.0,0.0,0.6211277397986427,0.0,0.0,0.0,0.0,0.0,0.0,0.0,0.0,0.0,0.0,0.0,0.0,0.0,0.0,0.0,0.0,0.0,0.0,0.783709340797103,56,203,79,1,0,1
133089,30,6,1,236,46,5,2,10.0,1,0,0,1487315.995938,0,1,1,13,30,0,0,0,0,0,0,0,0,0,0,0,1,0,0,0,0,0,0,0,0,0,0,0,0,0,0,0,0,0,0,0,0,0,0,0,0,0,0,0,0,0,0,0,0,0,0,0,0,0,0,0,0,0,0,0,0,0,0,0,0,0,0,0,0,0,0,0,0,0,0,0,0,0,0,0,0,0,0,0,0,0,0,0,0,0,0,0,0,0,0,0,0,0,0,0,0,0,0,0,0,0,0,0,0,0,0,0,0,0,0,0,0,0,0,0,0,0,0,0,0,0,0,0,0,0,1,0,0,0,0,0,0,0,0,0,0,0,1,0,1,0,0,1,1,0,0,0,0,0,0,0,0,0,6,499.5933333333333,4,0.0,0.0,0.0,0.0,0.0,0.0,0.0,0.0,0.0,0.0,0.0,0.4249788169253802,0.0,0.534836946214045,0.0,0.0,0.0,0.0,0.0,0.0,0.4037058154986382,0.3209373471129439,0.5170718324273949,29,153,49,0,5,0
131669,30,30,7,671,15,3,1,8.0,1,0,0,1537189.958484,0,7,1,13,183,0,0,0,0,0,0,0,0,0,0,0,1,0,0,0,0,0,0,0,0,0,0,0,0,0,0,0,0,0,0,0,0,0,0,0,0,0,0,0,0,0,0,0,0,0,0,0,0,0,0,0,0,0,0,0,0,0,0,0,0,0,0,0,0,0,0,0,0,0,0,0,0,0,0,0,0,0,0,0,0,0,0,0,0,0,0,0,0,0,0,0,0,0,0,0,0,0,0,0,0,0,0,0,0,0,0,0,0,0,0,0,0,0,0,0,0,0,0,0,0,0,0,0,0,0,0,0,0,0,0,0,0,0,0,0,0,0,0,0,0,0,0,0,0,0,0,0,0,0,0,0,0,0,1,1337.671111111111,4,0.0,0.0,0.0,0.0,0.0,0.0,0.0,0.0,0.0,0.0,0.0,0.0,0.0,0.5817234497634125,0.5876248736194255,0.0,0.0,0.0,0.0,0.0,0.0,0.0,0.5624009565239986,15,170,25,0,6,0
133424,8,16,8,409,31,4,0,9.0,1,2,0,1537390.602011,0,8,1,13,23,0,0,0,0,0,0,0,0,0,0,0,1,0,0,0,0,0,0,0,0,0,0,0,0,0,0,0,0,0,0,0,0,0,0,0,0,0,0,0,0,0,0,0,0,0,0,0,0,0,0,0,0,0,0,0,0,0,0,0,0,0,0,0,0,0,0,0,0,0,0,0,0,0,0,0,0,0,0,0,0,0,0,0,0,0,0,0,0,0,0,0,0,0,0,0,0,0,0,0,0,0,0,0,0,0,0,0,0,0,0,0,0,0,0,0,0,0,0,0,0,0,0,0,0,0,0,0,0,0,0,0,0,0,0,0,0,0,0,0,0,0,0,0,0,0,0,0,0,0,0,0,0,0,1,343.72305555555556,4,0.0,0.0,0.0,0.0,0.0,0.0,0.0,0.0,0.0,0.0,0.0,0.4728483843733313,0.0,0.0,0.0,0.0,0.5161084366044275,0.0,0.0,0.0,0.0,0.7141753895656611,0.0,53,174,77,0,6,0
133567,10,13,8,648,36,4,0,9.0,2,0,0,1546265.370717,0,8,1,13,41,0,0,0,0,0,0,0,0,0,0,0,1,0,0,0,0,0,0,0,0,0,0,0,0,0,0,0,0,0,0,0,0,0,0,0,0,0,0,0,0,0,0,0,0,0,0,0,0,0,0,0,0,0,0,0,0,0,0,0,0,0,0,0,0,0,0,0,0,0,0,0,0,0,0,0,0,0,0,1,0,0,0,0,0,0,0,0,0,0,0,0,0,0,0,0,0,0,0,0,0,0,0,0,0,0,0,0,0,0,0,0,0,0,0,0,0,0,0,0,0,0,0,0,0,0,0,0,0,0,0,0,0,0,0,0,0,0,0,0,0,0,0,0,0,0,0,0,0,0,0,0,0,0,2,260.0127777777778,4,0.0,0.0,0.695315919726298,0.0,0.0,0.0,0.0,0.0,0.0,0.0,0.0,0.0,0.0,0.0,0.0,0.0,0.5910298954108718,0.0,0.0,0.0,0.0,0.4089247296334453,0.0,70,182,90,1,3,1
133134,18,0,3,23,1,0,0,9.0,1,0,0,1572600.364344,0,3,1,13,223,0,0,0,0,0,0,0,0,0,0,0,1,0,0,0,0,0,0,0,0,0,0,0,0,0,0,0,0,0,0,0,0,0,0,0,0,0,0,0,0,0,0,0,0,0,0,0,0,0,0,0,0,0,0,0,0,0,0,0,0,0,0,0,0,0,0,0,0,0,0,0,0,0,0,0,0,0,0,0,0,0,0,0,0,0,0,0,0,0,0,0,0,0,0,0,0,0,0,0,0,0,0,0,0,0,0,0,0,0,0,0,0,0,0,0,0,0,0,0,0,0,0,0,0,0,0,0,0,0,0,0,0,0,0,0,0,0,1,0,1,0,0,0,0,0,0,0,0,0,0,0,0,0,3,510.4747222222222,4,0.0,0.0,0.0,0.0,0.0,0.0,0.0,0.0,0.0,0.1636190674514921,0.0,0.3169614340603973,0.401171492167394,0.0,0.0,0.1683100764113205,0.3459596682636678,0.0,0.0,0.0,0.0,0.4787286223836401,0.5784705836780616,33,173,54,0,6,0
133104,6,0,1,9,1,0,0,5484.0,1,0,0,1598500.057997,0,1,1,13,14,0,0,0,0,0,0,0,0,0,0,0,1,0,0,0,0,0,0,0,0,0,0,0,0,0,0,0,0,0,0,0,0,0,0,0,0,0,0,0,0,0,0,0,0,0,0,0,0,0,0,0,0,0,0,0,0,0,0,0,0,0,0,0,0,0,0,0,0,0,0,0,0,0,0,0,0,0,0,0,0,0,0,0,0,0,0,0,0,0,0,0,0,0,0,0,0,0,0,0,0,0,0,0,0,0,0,0,0,0,0,0,0,0,0,0,0,0,0,0,0,0,0,0,0,0,0,0,0,0,0,0,0,0,0,0,0,0,0,0,0,0,0,0,0,0,0,0,0,0,0,0,0,0,1,531.7294444444444,4,0.0,0.0,0.0,0.0,0.0,0.0,0.0,0.0,0.0,0.0,0.0,0.0,0.0,0.0,0.0,0.0,0.0,0.0,0.0,0.0,0.0,0.0,0.0,31,170,51,3,5,0
133522,16,16,10,860,160,4,1,9.0,1,0,0,1609395.796073,0,10,1,13,256,0,0,0,0,0,0,0,0,0,0,0,1,0,0,0,0,0,0,0,0,0,0,0,0,0,0,0,0,0,0,0,0,0,0,0,0,0,0,0,0,0,0,1,0,0,0,0,0,0,0,0,0,0,0,0,0,0,0,0,0,0,0,0,0,0,0,0,0,0,0,0,0,0,0,0,0,0,0,0,0,0,0,0,0,0,0,0,0,0,0,0,0,0,0,0,0,0,0,0,0,0,0,0,0,0,0,0,0,0,0,0,0,0,0,0,0,0,0,0,0,0,0,0,0,0,0,0,0,0,0,0,0,0,0,0,0,0,1,0,1,0,0,0,0,0,0,0,0,0,0,0,0,0,4,272.58472222222224,4,0.0,0.0,0.0,0.0,0.0,0.0,0.0,0.0,0.0,0.2357755520656948,0.0,0.4567423483285656,0.2890446434882284,0.0,0.0,0.242535309620092,0.498528888153659,0.0,0.0,0.0,0.0,0.5173870028883495,0.2778592644994238,62,164,86,3,2,1
130209,8,0,1,2,1,1,1,104.0,1,0,0,1619537.824791,0,1,1,13,92,0,0,0,0,0,0,0,0,0,0,0,1,0,0,0,0,0,0,0,0,0,0,0,0,0,0,0,0,0,0,0,0,0,0,0,0,0,0,0,0,0,0,0,0,0,0,0,0,0,0,0,0,0,0,0,0,0,0,0,0,0,0,0,0,0,0,0,0,0,0,0,0,0,0,0,0,0,0,0,0,0,0,0,0,0,0,0,0,0,0,0,0,0,0,0,0,0,0,0,0,0,0,0,0,0,0,0,0,0,0,0,0,0,0,0,0,0,0,0,0,0,0,0,0,0,0,0,0,0,0,0,0,0,0,0,0,0,0,0,0,0,0,0,0,0,0,0,0,0,0,0,0,0,1,2101.6825,4,0.0,0.3099645112087476,0.0,0.0,0.0,0.0,0.0,0.0,0.0,0.0,0.0,0.0,0.0,0.0,0.0,0.0,0.0,0.0,0.0,0.0,0.0,0.9507481274192036,0.0,1,161,8,0,1,1
130254,4,2,2,28,6,3,1,10.0,1,0,0,1619606.125342,0,2,1,13,18,0,0,0,0,0,0,0,0,0,0,0,1,0,0,0,0,1,0,0,0,0,0,0,0,0,0,0,0,0,0,0,0,0,0,0,0,0,0,0,0,0,0,0,0,0,0,0,0,0,0,0,0,0,0,0,0,0,0,0,0,0,0,0,0,0,0,0,0,0,0,0,0,0,0,0,0,0,0,0,0,0,0,0,0,0,0,0,0,0,0,0,0,0,0,0,0,0,0,0,0,0,0,0,0,0,0,0,0,0,0,0,0,0,0,0,0,0,0,0,0,0,0,0,0,0,0,0,0,0,0,0,0,0,0,0,0,0,0,0,0,0,0,0,0,0,0,0,0,0,0,0,0,0,2,2076.3269444444445,4,0.0,0.0,0.0,0.0,0.0,0.0,0.0,0.0,0.0,0.0,0.0,0.0,0.0,0.0,0.0,0.0,0.0,0.0,0.0,0.0,0.0,0.0,0.0,1,161,9,1,3,1
130586,13,3,1,150,7,2,1,2557.0,1,0,0,1626429.87242,0,1,1,13,130,0,1,0,0,0,1,0,0,0,0,0,1,0,0,0,0,0,0,0,0,0,0,0,0,0,0,0,0,0,0,0,0,0,0,0,0,0,0,0,0,0,0,0,0,0,0,0,0,0,0,0,0,0,0,0,0,0,0,0,0,0,0,0,0,0,1,0,0,0,0,0,0,0,0,0,0,0,0,0,0,0,0,0,0,0,0,0,0,0,0,0,0,0,0,0,0,0,0,0,0,0,0,0,0,0,0,0,0,0,0,0,0,0,0,0,0,0,0,0,0,0,0,0,0,0,0,0,0,0,0,0,0,0,0,0,0,0,0,0,0,0,0,0,0,0,0,0,0,0,0,0,0,0,4,1184.8630555555555,4,0.0,0.0,0.0,0.5351411562840499,0.0,0.0,0.0,0.0,0.0,0.2864747461427343,0.0,0.0,0.0,0.0,0.0,0.0,0.0,0.0,0.0,0.0,0.0,0.4190943717769109,0.675215573145601,11,11,14,0,3,1
133559,27,1,2,112,8,2,0,1423.0,1,0,0,1627002.69468,0,2,1,13,2,0,0,0,0,0,0,0,0,0,0,0,1,0,0,0,0,0,0,0,0,0,0,0,0,0,0,0,0,0,0,0,0,0,0,0,0,0,0,0,0,0,0,1,0,0,0,0,0,0,0,0,0,0,0,0,0,0,0,0,0,0,0,0,0,0,0,0,0,0,0,0,0,0,0,0,0,0,0,0,0,0,0,0,0,0,0,0,0,0,0,0,0,0,0,0,0,0,0,0,0,0,0,0,0,0,0,0,0,0,0,0,0,0,0,0,0,0,0,0,0,0,0,0,0,0,0,0,0,0,0,0,0,0,0,0,0,0,1,0,1,0,0,0,0,0,0,0,0,0,0,0,0,0,4,198.71527777777777,4,0.0,0.0,0.0,0.0,0.0,0.0,0.0,0.0,0.0,0.0,0.0,0.0,0.0,0.0,0.0,0.0,0.0,0.0,0.0,0.0,0.0,0.0,0.0,67,153,89,19,3,1
133106,18,3,1,1546,2,2,0,7.0,1,0,0,1665474.99158,0,1,1,13,40,0,0,0,0,0,0,0,0,0,0,0,1,0,0,0,0,0,0,0,0,0,0,0,0,0,0,0,0,0,0,0,0,0,0,0,0,0,0,0,0,0,0,0,0,0,0,0,0,0,0,0,0,0,0,0,0,0,0,0,0,0,0,0,0,0,0,0,0,0,0,0,0,0,0,0,0,0,0,0,0,0,0,0,0,0,0,0,0,0,0,0,0,0,0,0,0,0,0,0,0,0,0,0,0,0,0,0,0,0,0,0,0,0,0,0,0,0,0,0,0,0,0,0,0,0,0,0,0,0,0,0,0,0,0,0,0,0,0,0,0,0,0,0,0,0,0,0,0,0,0,0,0,0,1,342.59166666666664,4,0.0,0.0,0.0,0.6231769894236371,0.0,0.0,0.0,0.0,0.0,0.0,0.0,0.3231260068959056,0.0,0.0,0.410780321869901,0.0,0.3526882268325734,0.0,0.0,0.0,0.0,0.2440197000562018,0.3931474930901074,32,26,52,0,5,0
132187,18,0,4,252,2,1,2,7.0,1,0,0,1699108.913128,0,4,1,13,84,0,0,0,0,0,0,0,0,0,0,0,1,0,0,0,0,0,0,0,0,0,0,0,0,0,0,0,0,0,0,0,0,0,0,0,0,0,0,0,0,0,0,0,0,0,0,0,0,0,0,0,0,0,0,0,0,0,0,0,0,0,0,0,0,0,0,0,0,0,0,0,0,0,0,0,0,0,0,0,0,0,0,0,0,0,0,0,0,0,0,0,0,0,0,0,0,0,0,0,0,0,0,0,0,0,0,0,0,0,0,0,0,0,0,0,0,0,0,0,0,0,0,0,0,0,1,0,0,0,0,0,0,0,0,0,0,0,0,0,0,0,0,1,1,1,0,0,0,0,0,0,0,0,5,1004.8427777777778,4,0.0,0.0,0.0,0.0,0.0,0.0,0.0,0.0,0.0,0.0,0.0,0.4699925972169914,0.297429925650263,0.0,0.0,0.2495713403898639,0.512991378593355,0.0,0.0,0.0,0.0,0.5323965735686134,0.2859200550612041,9,161,30,0,5,0
133211,10,30,1,535,19,2,0,10.0,1,0,0,1780952.003313,0,1,1,13,275,0,0,0,0,0,0,0,0,0,0,0,1,0,0,0,0,0,0,0,0,0,0,0,0,0,0,0,0,0,0,0,0,0,0,0,0,0,0,0,0,0,0,0,0,0,0,0,0,0,0,0,0,0,0,0,0,0,0,0,0,0,0,0,0,0,0,0,0,0,0,0,0,0,0,0,0,0,0,0,0,0,0,0,0,0,0,0,0,0,0,0,0,0,0,0,0,0,0,0,0,0,0,0,0,0,0,0,0,0,0,0,0,0,0,0,0,0,0,0,0,0,0,0,0,0,0,0,0,0,0,0,0,0,0,0,0,0,0,0,0,0,0,0,0,0,0,0,0,0,0,0,0,0,1,406.685,4,0.0,0.1757507805044901,0.0,0.1376693582553807,0.0,0.0,0.0,0.0,0.0,0.0,0.0,0.2855339703484614,0.1806972026245714,0.1796726220925466,0.0,0.1516217407011723,0.4674854432334744,0.0,0.0,0.0,0.0,0.5390769569248409,0.5211138792863833,31,157,56,0,1,1
130777,18,11,1,283,15,5,1,8.0,1,1,0,1780952.101128,0,1,1,13,25,0,0,0,0,0,0,0,0,0,0,0,1,0,0,0,0,0,0,0,0,0,0,0,0,0,0,0,0,0,0,0,0,0,0,0,0,0,0,0,0,0,0,0,0,0,0,0,0,0,0,0,0,0,0,0,0,0,0,0,0,0,0,0,0,0,0,0,0,0,0,0,0,0,0,0,0,0,0,0,0,0,0,0,0,0,0,0,0,0,0,0,0,0,0,0,0,0,0,0,0,0,0,0,0,0,0,0,0,0,0,0,0,0,0,0,0,0,0,0,0,0,0,0,0,0,0,0,0,0,0,0,0,0,0,0,0,0,0,0,0,0,0,0,0,0,0,0,0,0,0,0,0,0,1,1755.9330555555557,4,0.0,0.0,0.0,0.0,0.0,0.0,0.0,0.0,0.0,0.0,0.0,0.7980097845746185,0.0,0.0,0.0,0.0,0.0,0.0,0.0,0.0,0.0,0.602644491987748,0.0,16,157,17,0,1,1
132155,30,15,8,300,11,4,0,11.0,1,0,0,1793858.846361,0,8,1,13,30,0,1,0,0,0,1,0,0,0,0,0,1,0,0,0,0,0,0,0,0,0,0,0,0,0,0,0,0,0,0,0,0,0,0,0,0,0,0,0,0,0,0,0,0,0,0,0,0,0,0,0,0,0,0,0,0,0,0,0,0,0,0,0,0,0,1,0,0,0,0,0,0,0,0,0,0,0,0,1,0,0,0,0,0,0,0,0,0,0,0,0,0,0,0,0,0,0,0,0,0,0,0,0,0,0,0,0,0,0,0,0,0,0,0,0,0,0,0,0,0,0,0,0,0,0,1,0,0,0,0,0,0,0,0,0,0,0,0,0,0,0,0,1,1,1,0,0,0,0,0,0,0,0,9,989.2436111111112,4,0.0,0.0,0.0,0.0,0.0,0.0,0.0,0.0,0.0,0.5073751633555982,0.0,0.0,0.6220071246659106,0.0,0.0,0.0,0.0,0.0,0.0,0.0,0.4668414840322255,0.3711288310833799,0.0,8,145,29,1,4,1
133256,30,9,1,103,4,2,0,8.0,1,0,0,1821105.344803,1,1,1,13,113,0,1,0,0,0,1,0,0,0,0,0,1,0,0,0,0,0,0,0,0,0,0,0,0,0,0,0,0,0,0,0,0,0,0,0,0,0,0,0,0,0,0,0,0,0,0,0,0,0,0,0,0,0,0,0,0,0,0,0,0,0,0,0,0,0,1,0,0,0,0,0,0,0,0,0,0,0,0,0,0,0,0,0,0,0,0,0,0,0,0,0,0,0,0,0,0,0,0,0,0,0,0,0,0,0,0,0,0,0,0,0,0,0,0,0,0,0,0,0,0,0,0,0,0,0,0,0,0,0,0,0,0,0,0,0,0,0,0,0,0,0,0,0,0,0,0,0,0,0,0,0,0,0,4,369.27,4,0.0,0.0,0.0,0.0,0.0,0.0,0.0,0.0,0.0,0.0,0.0,0.4211750119970418,0.2665362247103495,0.0,0.0,0.2236486551176228,0.4597075598909544,0.0,0.0,0.0,0.0,0.4770971598014739,0.5124437420234498,36,145,63,0,2,1
133233,9,9,12,1628,88,2,0,9.0,1,0,0,1880810.149514,0,12,1,13,74,0,1,0,0,0,1,0,0,0,0,0,1,0,0,0,0,0,0,0,0,0,0,0,0,0,0,0,0,0,0,0,0,0,0,0,0,0,0,0,0,0,0,0,0,0,0,0,0,0,0,0,0,0,0,0,0,0,0,0,0,0,0,0,0,0,1,0,0,0,0,0,0,0,0,0,0,0,0,0,0,0,0,0,0,0,0,0,0,0,0,0,0,0,0,0,0,0,0,0,0,0,0,0,0,0,0,0,0,0,0,0,0,0,0,0,0,0,0,0,0,0,0,0,0,0,0,0,0,0,0,0,0,0,0,0,0,0,0,0,0,0,0,0,0,0,0,0,0,0,0,0,0,0,4,363.3983333333333,4,0.6899549315288515,0.0,0.0,0.0,0.0,0.0,0.0,0.0,0.0,0.0,0.0,0.0,0.0,0.0,0.0,0.0,0.0,0.0,0.0,0.0,0.0,0.0,0.7238523277983003,32,129,59,2,2,1
132390,27,0,3,25,9,0,0,9.0,1,0,0,1887438.492035,0,3,1,13,9,0,0,0,0,0,0,0,0,0,0,0,1,0,0,0,0,0,0,0,0,0,0,0,0,0,0,0,0,0,0,0,0,0,0,0,0,0,0,0,0,0,0,0,0,0,0,0,0,0,0,0,0,0,0,0,0,0,0,0,0,0,0,0,0,0,0,0,0,0,0,0,0,0,0,0,0,0,0,0,0,0,0,0,0,0,0,0,0,0,0,0,0,0,0,0,0,0,0,0,0,0,0,0,0,0,0,0,0,0,0,0,0,0,0,0,0,0,0,0,0,0,0,0,0,0,0,0,0,0,0,0,0,0,0,0,0,0,1,0,1,0,0,0,0,0,0,1,0,0,0,0,0,0,4,752.8394444444444,4,0.0,0.0,0.0,0.0,0.0,0.0,0.0,0.0,0.0,1.0,0.0,0.0,0.0,0.0,0.0,0.0,0.0,0.0,0.0,0.0,0.0,0.0,0.0,8,33,32,2,3,1
133395,5,10,2,29,7,3,0,9.0,1,0,0,1918683.872545,1,2,1,13,18,0,0,0,0,0,0,0,0,0,0,0,1,0,0,0,0,0,0,0,0,0,0,0,0,0,0,0,0,0,0,0,0,0,0,0,0,0,0,0,0,0,0,0,0,0,0,0,0,0,0,0,0,0,0,0,0,0,0,0,0,0,0,0,0,0,0,0,0,0,0,0,0,0,0,0,0,0,0,0,0,0,0,0,0,0,0,0,0,0,0,0,0,0,0,0,0,0,0,0,0,0,0,0,0,0,0,0,0,0,0,0,0,0,0,0,0,0,0,0,0,0,0,0,0,0,0,0,0,0,0,0,0,0,0,0,0,0,0,0,0,0,0,0,0,0,0,0,0,0,0,0,0,0,1,233.0611111111111,4,0.8379928823303993,0.0,0.0,0.0,0.0,0.0,0.0,0.0,0.0,0.0,0.0,0.0,0.0,0.0,0.0,0.0,0.0,0.0,0.0,0.0,0.0,0.5456811607189581,0.0,50,84,75,0,5,0
133041,14,0,1,47,6,1,1,12.0,1,0,0,1918692.996543,0,1,1,13,189,0,0,0,0,0,0,0,0,0,0,0,1,0,0,0,0,0,0,0,0,0,0,0,0,0,0,0,0,0,0,0,0,0,0,0,0,0,0,0,0,0,0,0,0,0,0,0,0,0,0,0,0,0,0,0,0,0,0,0,0,0,0,0,0,0,0,0,0,0,0,0,0,0,0,0,0,0,0,0,0,0,0,0,0,0,0,0,0,0,0,0,0,0,0,0,0,0,0,0,0,0,0,0,0,0,0,0,0,0,0,0,0,0,0,0,0,0,0,0,0,0,0,0,0,0,0,0,0,0,0,0,0,0,0,0,0,0,0,0,0,0,0,0,0,0,0,0,0,0,0,0,0,0,1,451.73583333333335,4,0.0,0.0,0.0,0.2306964820396555,0.0,0.0,0.0,0.0,0.0,0.0,0.1572245003225842,0.0,0.1513997358895444,0.0,0.0,0.0,0.3916893654674114,0.0,0.0,0.0,0.0,0.8130120106498626,0.2910818118059267,26,84,47,1,3,1
132723,9,3,1,141,2,2,1,9.0,1,0,0,1918708.281558,0,1,1,13,78,0,0,0,0,0,0,0,0,0,0,0,1,0,0,0,0,0,0,0,0,0,0,0,0,0,0,0,0,0,0,0,0,0,0,0,0,0,0,0,0,0,0,0,0,0,0,0,0,0,0,0,0,0,0,0,0,0,0,0,0,0,0,0,0,0,0,0,0,0,0,0,0,0,0,0,0,0,0,0,0,0,0,0,0,0,0,0,0,0,0,0,0,0,0,0,0,0,0,0,0,0,0,0,0,0,0,0,0,0,0,0,0,0,0,0,0,0,0,0,0,0,0,0,0,0,0,0,0,0,0,0,0,0,0,0,0,0,0,0,0,0,0,0,0,0,0,0,0,0,0,0,0,0,1,624.5152777777778,4,0.0,0.0,0.0,0.0,0.0,0.3568944920786439,0.0,0.0,0.0,0.0,0.7247106242799527,0.0,0.0,0.3469524857814597,0.0,0.0,0.3009088320515097,0.3052110879232689,0.0,0.0,0.0,0.2081943125828486,0.0,21,84,38,4,3,1
129687,30,3,4,182,6,2,2,4731.0,1,0,0,1922906.664527,0,4,1,13,203,0,1,0,0,0,1,0,0,0,0,0,1,0,0,0,0,0,0,0,0,0,0,0,0,0,0,0,0,0,0,0,0,0,0,0,0,0,0,0,0,0,0,0,0,0,0,0,0,0,0,0,0,0,0,0,0,0,0,0,0,0,0,0,0,0,1,0,0,0,0,0,0,0,0,0,0,0,0,0,0,0,0,0,0,0,0,0,0,0,0,0,0,1,0,0,0,0,0,0,0,0,0,0,0,0,0,0,0,0,0,0,0,0,0,0,0,0,0,0,0,0,0,0,0,0,0,0,0,0,0,0,0,0,0,0,0,0,1,0,1,0,0,0,0,0,0,1,0,0,0,0,0,0,8,759.4227777777778,4,0.0,0.0,0.0,0.327464905138695,0.0,0.0,0.0,0.2013540338565022,0.0,0.3506006759848916,0.0,0.0,0.0,0.0,0.0,0.0,0.3706587974311445,0.0,0.0,0.0,0.0,0.7693598058373307,0.0,7,12,8,0,2,1
132937,5,0,1,6,1,0,0,8.0,1,0,0,1986243.869286,0,1,1,13,115,0,0,0,0,0,0,0,0,0,0,0,1,0,0,0,1,0,0,0,0,0,0,0,0,0,0,0,0,0,0,0,0,0,0,0,0,0,0,0,0,0,0,0,0,0,0,0,0,0,0,0,0,0,0,0,0,0,0,0,0,0,0,0,0,0,0,0,0,0,0,0,0,0,0,0,0,0,0,1,0,0,0,0,0,0,0,0,0,0,0,0,0,0,0,0,0,0,0,0,0,0,0,0,0,0,0,0,0,0,0,0,0,0,0,0,0,0,0,0,0,0,0,0,0,0,0,0,0,0,0,0,0,0,0,0,0,0,0,0,0,0,0,0,0,0,0,0,0,0,0,0,0,0,3,529.8444444444444,4,0.0,0.0,0.0,0.2210023273263103,0.0,0.0,0.0,0.0,0.0,0.0,0.0,0.4583712220163944,0.2900754592558243,0.0,0.0,0.2434002598171896,0.5003067845793084,0.0,0.0,0.0,0.0,0.5192321527381796,0.2788501900103138,22,102,41,0,1,1
133365,30,9,2,351,18,3,0,16.0,1,0,0,1991301.927807,0,2,1,13,44,0,0,0,0,0,0,0,0,0,0,0,1,0,0,0,0,0,0,0,0,0,0,0,0,0,0,0,0,0,0,0,0,0,0,0,0,0,0,0,0,0,0,0,0,0,0,0,0,0,0,0,0,0,0,0,0,0,0,0,0,0,0,0,0,0,0,0,0,0,0,0,0,0,0,0,0,0,0,0,0,0,0,0,0,0,0,0,0,0,0,0,0,0,0,0,0,0,0,0,0,0,0,0,0,0,0,0,0,0,0,0,0,0,0,0,0,0,0,0,0,0,0,0,0,0,0,0,0,0,0,0,0,0,0,0,0,0,1,0,1,0,0,0,0,0,1,0,1,0,0,0,0,0,5,192.0125,4,0.0,0.0,0.0,0.0,0.0,0.0,0.0,0.0,0.0,0.9861224808672248,0.0,0.0,0.0,0.0,0.0,0.0,0.0,0.0,0.0,0.0,0.0,0.0,0.1660194347908398,46,31,71,11,5,0
133325,4,6,2,348,14,3,0,205.0,1,1,0,2004809.442803,0,2,1,13,12,0,0,0,0,0,0,0,0,0,0,0,1,0,0,0,0,0,0,0,0,0,0,0,0,0,0,0,0,0,0,0,0,0,0,0,0,0,0,0,0,0,0,0,0,0,0,0,0,0,0,0,0,0,0,0,0,0,0,0,0,0,0,0,0,0,0,0,0,0,0,0,0,0,0,0,0,0,0,0,0,0,0,0,0,0,0,0,0,0,0,0,0,0,0,0,0,0,0,0,0,0,0,0,0,0,0,0,0,0,0,0,0,0,0,0,0,0,0,0,0,0,0,0,0,0,0,0,0,0,0,0,0,0,0,0,0,0,0,0,0,0,0,0,0,0,0,0,0,0,0,0,0,0,1,273.24083333333334,4,0.0,0.0,0.0,0.0,0.0,0.0,0.0,0.0,0.0,0.0,0.0,0.0,0.0,0.0,0.0,0.0,0.0,0.0,0.0,0.0,0.0,1.0,0.0,44,84,73,9,4,1
132612,12,1,2,253,64,1,0,168694.0,1,0,0,2009054.754401,0,2,1,13,91,0,0,0,0,0,0,0,0,0,0,0,1,0,0,0,0,0,0,0,0,0,0,0,0,0,0,0,0,0,0,0,0,0,0,0,0,0,0,0,0,0,0,0,0,0,0,0,0,0,0,0,0,0,0,0,0,0,0,0,0,0,0,0,0,0,0,0,0,0,0,0,0,0,0,0,0,0,0,0,0,0,0,0,0,0,0,0,0,0,0,0,0,0,0,0,0,0,0,0,0,0,0,0,0,0,0,0,0,0,0,0,0,0,0,0,0,0,0,0,0,0,0,0,0,0,0,0,0,0,0,0,0,0,0,0,0,0,0,0,0,0,0,0,0,0,0,0,0,0,0,0,0,0,1,698.5286111111111,4,0.0,0.0,0.0,0.0,0.0,0.0,0.0,0.0,0.0,0.0,0.0,0.0,0.5671803232565755,0.0,0.5696855872756779,0.0,0.4891212868078092,0.0,0.0,0.0,0.0,0.3384156901687702,0.0,18,92,40,3,0,1
133321,9,11,1,695,38,3,1,9.0,1,0,0,2056550.115359,0,1,1,13,82,0,0,0,0,0,0,0,0,0,0,0,1,0,0,0,0,0,0,0,0,0,0,0,0,0,0,0,0,0,0,0,0,0,0,0,0,0,0,0,0,0,0,0,0,0,0,0,0,0,0,0,0,0,0,0,0,0,0,0,0,0,0,0,0,0,0,0,0,0,0,0,0,0,0,0,0,0,0,0,0,0,0,0,0,0,0,0,0,0,0,0,0,0,0,0,0,0,0,0,0,0,0,0,0,0,0,0,0,0,0,0,0,0,0,0,0,0,0,0,0,0,0,0,0,0,0,0,0,0,0,0,0,0,0,0,0,0,1,0,1,0,0,0,0,0,0,0,0,0,0,0,0,0,3,268.6661111111111,4,0.0,0.0,0.0,0.3045781584825858,0.0,0.0,0.0,0.0,0.0,0.0,0.0,0.3158560916352517,0.3997724832584203,0.0,0.0,0.0,0.0,0.0,0.0,0.0,0.0,0.2385295739026909,0.7686043707626551,42,84,71,7,4,1
131633,21,6,1,101,5,2,1,8.0,1,0,0,2067476.099897,0,1,1,13,140,0,0,0,0,0,0,0,0,0,0,0,1,0,0,0,0,0,0,0,0,0,0,0,0,0,0,0,0,0,0,0,0,0,0,0,0,0,0,0,0,0,0,0,0,0,0,0,0,0,0,0,0,0,0,0,0,0,0,0,0,0,0,0,0,0,0,0,0,0,0,0,0,0,0,0,0,0,0,0,0,0,0,0,0,0,0,0,0,0,0,0,0,0,0,0,0,0,0,0,0,0,0,0,0,0,0,0,0,0,0,0,0,0,0,0,0,0,0,0,0,0,0,0,0,0,0,0,0,0,0,0,0,0,0,0,0,0,0,0,0,0,0,0,0,0,0,0,0,0,0,0,0,0,1,369.6988888888889,4,0.0,0.0,0.0,0.0,0.0,0.0,0.0,0.0,0.0,0.2145007682502851,0.0,0.415529022201668,0.2629632188055674,0.0,0.0,0.2206505712128919,0.4535450285961996,0.0,0.0,0.0,0.0,0.6276020202543634,0.2527871324164211,14,3,24,0,6,0
131713,17,1,1,4,1,2,2,137.0,1,0,0,2073985.19782,0,1,1,13,45,0,0,0,0,0,0,0,0,0,0,0,1,0,0,0,0,0,0,0,0,0,0,0,0,0,0,0,0,0,0,0,0,0,0,0,0,0,0,0,0,0,0,0,0,0,0,0,0,0,0,0,0,0,0,0,0,0,0,0,0,0,0,0,0,0,0,0,0,0,0,0,0,0,0,0,0,0,0,0,0,0,0,0,0,0,0,0,0,0,0,0,0,0,0,0,0,0,0,0,0,0,0,0,0,0,0,0,0,0,0,0,0,0,0,0,0,0,0,0,0,0,0,0,0,0,1,0,0,0,0,0,0,0,0,0,0,0,0,0,0,0,0,1,1,1,0,0,0,0,0,0,0,0,5,1181.3180555555557,4,0.0,0.0,0.0,0.0,0.0,0.6494146023437927,0.0,0.0,0.0,0.0,0.6593512541199142,0.0,0.0,0.0,0.0,0.0,0.0,0.0,0.0,0.0,0.0,0.3788358456550145,0.0,13,73,26,2,0,1
132259,11,0,1,114,12,0,0,9.0,1,0,0,2110772.934519,0,1,1,13,46,0,0,0,0,0,0,0,0,0,0,0,1,0,0,0,0,0,0,0,0,0,0,0,0,0,0,0,0,0,0,0,0,0,0,0,0,0,0,0,0,0,0,0,0,0,0,0,0,0,0,0,0,0,0,0,0,0,0,0,0,0,0,0,0,0,0,0,0,0,0,0,0,0,0,0,0,0,0,0,0,0,0,0,0,0,0,0,0,0,0,0,0,0,0,0,0,0,0,0,0,0,0,0,0,0,0,0,0,0,0,0,0,0,0,0,0,0,0,0,0,0,0,0,0,0,0,0,0,0,0,0,0,0,0,0,0,0,0,0,0,0,0,0,0,0,0,0,0,0,0,0,0,0,1,206.6,4,0.2360911320279598,0.0,0.7842208009157069,0.0,0.0,0.0,0.0,0.0,0.0,0.0,0.0,0.0,0.0,0.0,0.5175985399200501,0.0,0.0,0.0,0.0,0.0,0.0,0.0,0.2476902587134104,9,10,31,0,0,1
131784,17,5,1,71,7,5,1,3333.0,1,0,0,2112819.252949,0,1,1,13,173,0,0,0,0,0,0,0,0,0,0,0,1,0,0,0,0,0,0,0,0,0,0,0,0,0,0,0,0,0,0,0,0,0,0,0,0,0,0,0,0,0,0,0,0,0,0,0,0,0,0,0,0,0,0,0,0,0,0,0,0,0,0,0,0,0,0,0,0,0,0,0,0,0,0,0,0,0,0,0,0,0,0,0,0,0,0,0,0,0,0,0,0,0,0,0,0,0,0,0,0,0,0,0,0,0,0,0,0,0,0,0,0,0,0,0,0,0,0,0,0,0,0,0,0,0,1,0,0,0,0,0,0,0,0,0,0,0,0,0,0,0,0,1,1,1,0,0,0,0,0,0,0,0,5,1121.5313888888888,4,0.0,0.6800255800843921,0.0,0.0,0.0,0.0,0.0,0.0,0.0,0.0,0.0,0.0,0.0,0.0,0.0,0.0,0.60294101075648,0.0,0.0,0.0,0.0,0.4171658518848833,0.0,14,45,26,1,2,1
131416,5,2,1,16,1,1,0,8.0,1,0,0,2118822.648719,0,1,1,13,18,0,0,0,0,0,0,0,0,0,0,0,1,0,0,0,0,0,0,0,0,0,0,0,0,0,0,0,0,0,0,0,0,0,0,0,0,0,0,0,0,0,0,0,0,0,0,0,0,0,0,0,0,0,0,0,0,0,0,0,0,0,0,0,0,0,0,0,0,0,0,0,0,0,0,0,0,0,0,0,0,0,0,0,0,0,0,0,0,0,0,0,0,0,0,0,0,0,0,0,0,0,0,0,0,0,0,0,0,0,0,0,0,0,0,0,0,0,0,0,0,0,0,0,0,0,0,0,0,0,0,0,0,0,0,0,0,0,0,0,0,0,0,0,0,0,0,0,0,0,0,0,0,0,1,1308.985,4,0.0,0.0,0.0,0.0,0.0,0.0,0.0,0.0,0.0,0.0,0.0,0.6349546157432081,0.0,0.0,0.0,0.0,0.0,0.0,0.0,0.0,0.0,0.0,0.7725494391599769,12,45,20,1,1,1
132662,30,4,1,44,4,2,0,8.0,1,0,0,2122451.164812,0,1,1,13,19,0,0,0,0,0,0,0,0,0,0,0,1,0,0,0,0,0,0,0,0,0,0,0,0,0,0,0,0,0,0,0,0,0,0,0,0,0,0,0,0,0,0,0,0,0,0,0,0,0,0,0,0,0,0,0,0,0,0,0,0,0,0,0,0,0,0,0,0,0,0,0,0,0,0,0,0,0,0,0,0,0,0,0,0,0,0,0,0,0,0,0,0,0,0,0,0,0,0,0,0,0,0,0,0,0,0,0,0,0,0,0,0,0,0,0,0,0,0,0,0,0,0,0,0,0,0,0,0,0,0,0,0,0,0,0,0,0,1,0,1,0,0,0,0,0,1,0,1,0,0,0,0,0,5,194.1063888888889,4,0.0,0.0,0.0,0.0,0.0,0.0,0.0,0.0,0.0,0.0,0.0,0.0,0.0,0.0,0.0,0.0,0.0,0.0,0.0,0.0,0.0,1.0,0.0,21,12,39,3,1,1
133345,30,15,8,640,9,3,0,30.0,1,0,0,2139913.123925,0,8,1,13,41,0,0,0,0,0,0,0,0,0,0,0,1,0,0,0,0,0,0,0,0,0,0,0,0,0,0,0,0,0,0,0,0,0,0,0,0,0,0,0,0,0,0,0,0,0,0,0,0,0,0,0,0,0,0,0,0,0,0,0,0,0,0,0,0,0,0,0,0,0,0,0,0,0,0,0,0,0,0,1,0,0,0,0,0,0,0,0,0,0,0,0,0,0,0,0,0,0,0,0,0,0,0,0,0,0,0,0,0,0,0,0,0,0,0,0,0,0,0,0,0,0,0,0,0,0,0,0,0,0,0,0,0,0,0,0,0,0,1,0,1,0,0,0,0,0,0,0,0,0,0,0,0,0,4,226.4611111111111,4,0.0,0.0,0.0,0.0,0.0,0.0,0.0,0.0,0.0,0.0,0.5763832320991705,0.0,0.0,0.0,0.0,0.0,0.4786429213932345,0.0,0.0,0.0,0.0,0.6623317322573814,0.0,48,43,77,3,4,1
132515,11,6,1,32,3,4,0,8.0,1,0,0,2175784.147453,0,1,1,13,203,0,0,0,0,0,0,0,0,0,0,0,1,0,0,0,0,1,0,0,0,0,0,0,0,0,0,0,0,0,0,0,0,0,0,0,0,0,0,0,0,0,0,0,0,0,0,0,0,0,0,0,0,0,0,0,0,0,0,0,0,0,0,0,0,0,0,0,0,0,0,0,0,0,0,0,0,0,0,0,0,0,0,0,0,0,0,0,0,0,0,0,0,0,0,0,0,0,0,0,0,0,0,0,0,0,0,0,0,0,0,0,0,0,0,0,0,0,0,0,0,0,0,0,0,0,1,0,0,0,0,0,0,0,0,0,0,0,0,0,0,0,0,1,1,1,0,1,0,0,0,0,0,0,7,681.4361111111111,4,0.1029561106978353,0.1092866861378926,0.0,0.2568198201442954,0.0,0.0,0.0,0.0,0.2182513133144168,0.2749644347713293,0.0,0.0,0.0,0.1117253954823755,0.0,0.0,0.0,0.0,0.1053823524973196,0.0,0.0,0.1340851722569965,0.8641146484689917,12,29,36,0,5,0
132974,4,9,3,143,5,2,0,58116.0,1,0,0,2179270.102234,0,3,1,13,114,0,0,0,0,0,0,0,0,0,0,0,1,0,0,0,0,0,0,0,0,0,0,0,0,0,0,0,0,0,0,0,0,0,0,0,0,0,0,0,0,0,0,0,0,0,0,0,0,0,0,0,0,0,0,0,0,0,0,0,0,0,0,0,0,0,0,0,0,0,0,0,0,0,0,0,0,0,0,0,0,0,0,0,0,0,0,0,0,0,0,0,0,0,0,0,0,0,0,0,0,0,0,0,0,0,0,0,0,0,0,0,0,0,0,0,0,0,0,0,0,0,0,0,0,0,0,0,0,0,0,0,0,0,0,0,0,0,0,0,0,0,0,0,0,0,0,0,0,0,0,0,0,0,1,454.4502777777778,4,0.0,0.0,0.0,0.0,0.0,0.0,0.0,0.0,0.0,0.1560437211256883,0.0,0.0,0.0,0.0,0.0,0.0,0.3299421933893872,0.0,0.0,0.0,0.0,0.5707051507632556,0.7355842147646579,24,35,44,0,2,1
133403,4,2,3,620,36,2,0,269738.0,1,1,0,2180938.404586,0,3,1,13,25,0,0,0,0,0,0,0,0,0,0,0,1,0,0,0,0,0,0,0,0,0,0,0,0,0,0,0,0,0,0,0,0,0,0,0,0,0,0,0,0,0,0,0,0,0,0,0,0,0,0,0,0,0,0,0,0,0,0,0,0,0,0,0,0,0,0,0,0,0,0,0,0,0,0,0,0,0,0,0,0,0,0,0,0,0,0,0,0,0,0,0,0,0,0,0,0,0,0,0,0,0,0,0,0,0,0,0,0,0,0,0,0,0,0,0,0,0,0,0,0,0,0,0,0,0,0,0,0,0,0,0,0,0,0,0,0,0,0,0,0,0,0,0,0,0,0,0,0,0,0,0,0,0,1,188.22333333333333,4,0.0,0.0,0.0,0.0,0.0,0.0,0.0,0.0,0.0,0.0,0.0,0.0,0.0,0.0,0.0,0.0,1.0,0.0,0.0,0.0,0.0,0.0,0.0,50,35,75,14,6,0
132791,8,13,1,16,2,4,1,8.0,1,1,0,2187189.828214,1,1,1,13,124,0,0,0,0,0,0,0,0,0,0,0,1,0,0,0,0,0,0,0,0,0,0,0,0,0,0,0,0,0,0,0,0,0,0,0,0,0,0,0,0,0,0,0,0,0,0,0,0,0,0,0,0,0,0,0,0,0,0,0,0,0,0,0,0,0,0,0,0,0,0,0,0,0,0,0,0,0,0,0,0,0,0,0,0,0,0,0,0,0,0,0,0,0,0,0,0,0,0,0,0,0,0,0,0,0,0,0,0,0,0,0,0,0,0,0,0,0,0,0,0,0,0,0,0,0,0,0,0,0,0,0,0,0,0,0,0,0,1,0,1,0,0,0,0,0,0,0,0,0,0,0,0,0,3,372.40527777777777,4,0.0,0.0,0.0,0.0,0.0,0.0,0.0,0.0,0.0,0.0,0.0,0.3604325378971956,0.228095981901612,0.0,0.0,0.1913937201048993,0.3934078655720143,0.0,0.6417787821618219,0.0,0.0,0.4082895120378056,0.2192691793267463,23,16,41,0,4,1
134670,12,27,8,626,9,3,1,78.0,1,0,0,-1650.18635,0,8,1,13,176,0,0,0,0,0,0,0,0,0,0,0,1,0,0,0,0,0,0,0,0,0,0,0,0,0,0,0,0,0,0,0,0,0,0,0,0,0,0,0,0,0,0,0,0,0,0,0,0,0,0,0,0,0,0,0,0,0,0,0,0,0,0,0,0,0,0,0,0,0,0,0,0,0,0,0,0,0,0,0,0,0,0,0,0,0,0,0,0,0,0,0,0,0,0,0,0,0,0,0,0,0,0,0,0,0,0,0,0,0,0,0,0,0,0,0,0,0,0,0,0,0,0,0,0,0,0,0,0,0,0,0,0,0,0,0,0,0,1,0,1,0,0,0,0,0,0,0,0,0,0,0,0,0,3,172.06555555555556,4,0.0,0.0,0.0,0.0,0.0,0.0,0.0,0.0,0.0,0.0,0.0,0.0,0.0,0.2345190887382522,0.0,0.0,0.4067926761041402,0.0,0.0,0.0,0.0,0.5629075157936294,0.6801879478118211,271,279,40,7,0,1
133663,20,14,2,636,12,4,0,9.0,1,0,0,39499.883215,0,2,1,13,55,0,0,0,0,0,0,0,0,0,0,0,1,0,0,0,0,0,0,0,0,0,0,0,0,0,0,0,0,0,0,0,0,0,0,0,0,0,0,0,0,0,0,0,0,0,0,0,0,0,0,0,0,0,0,0,0,0,0,0,0,0,0,0,0,0,0,0,0,0,0,0,0,0,0,0,0,0,0,0,0,0,0,0,0,0,0,0,0,0,0,0,0,0,0,0,0,0,0,0,0,0,0,0,0,0,0,0,0,0,0,0,0,0,0,0,0,0,0,0,0,0,0,0,0,0,0,0,0,0,0,0,0,0,0,0,0,0,0,0,0,0,0,0,0,0,0,0,0,0,0,0,0,0,1,663.1097222222222,4,0.5180357714807087,0.0,0.0,0.0,0.0,0.0,0.0,0.0,0.0,0.0,0.0,0.0,0.0,0.0,0.5678624110985601,0.0,0.0,0.0,0.0,0.0,0.0,0.3373326516681314,0.5434868017222353,78,304,102,1,5,0
133070,9,0,6,246,5,0,0,9.0,1,0,0,39991.607206,0,6,1,13,8,0,0,0,0,0,0,0,0,0,0,0,1,0,0,0,0,0,0,0,0,0,0,0,0,0,0,0,0,0,0,0,0,0,0,0,0,0,0,0,0,0,0,0,0,0,0,0,0,0,0,0,0,0,0,0,0,0,0,0,0,0,0,0,0,0,0,0,0,0,0,0,0,0,0,0,0,0,0,0,0,0,0,0,0,0,0,0,0,0,0,0,0,0,0,0,0,0,0,0,0,0,0,0,0,0,0,0,0,0,0,0,0,0,0,0,0,0,0,0,0,0,0,0,0,0,0,0,0,0,0,0,0,0,0,0,0,0,0,0,0,0,0,0,0,0,1,0,0,0,0,0,0,0,2,276.71305555555557,4,0.0,0.0,0.0,0.0,0.0,0.0,0.0,0.0,0.0,0.0,0.0,0.0,0.0,0.0,0.0,0.0,0.0,0.0,0.0,0.0,0.0,0.0,0.0,27,19,47,1,4,1
134650,9,4,3,23,4,3,0,9.0,1,1,0,49774.616115,0,3,1,13,6,0,0,0,0,0,0,0,0,0,0,0,1,0,0,0,0,0,0,0,0,0,0,0,0,0,0,0,0,0,0,0,0,0,0,0,0,0,0,0,0,0,0,0,0,0,0,0,0,0,0,0,0,0,0,0,0,0,0,0,0,0,0,0,0,0,0,0,0,0,0,0,0,0,0,0,0,0,0,0,0,0,0,0,0,0,0,0,0,0,0,0,0,0,0,0,0,0,0,0,0,0,0,0,0,0,0,0,0,0,0,0,0,0,0,0,0,0,0,0,0,0,0,0,0,0,0,0,0,0,0,0,0,0,0,0,0,0,1,0,1,0,0,0,0,0,0,0,0,0,0,0,0,0,3,173.8388888888889,4,0.0,0.0,0.0,0.0,0.0,0.0,0.0,0.0,0.0,1.0,0.0,0.0,0.0,0.0,0.0,0.0,0.0,0.0,0.0,0.0,0.0,0.0,0.0,278,281,45,12,6,0
134627,6,0,1,50,3,0,0,8.0,1,0,0,65729.375466,0,1,1,13,116,0,0,0,0,0,0,0,0,0,0,0,1,0,0,0,0,0,0,0,0,0,0,0,0,0,0,0,0,0,0,0,0,0,0,0,0,0,0,0,0,0,0,0,0,0,0,0,0,0,0,0,0,0,0,0,0,0,0,0,0,0,0,0,0,0,0,0,0,0,0,0,0,0,0,0,0,0,0,0,0,0,0,0,0,0,0,0,0,0,0,0,0,0,0,0,0,0,0,0,0,0,0,0,0,0,0,0,0,0,0,0,0,0,0,0,0,0,0,0,0,0,0,0,0,0,0,0,0,0,0,0,0,0,0,0,0,0,1,0,1,0,0,0,0,0,0,0,0,0,0,0,0,0,3,182.91833333333332,4,0.0,0.0,0.0,0.0,0.0,0.0,0.0,0.0,0.0,0.2145007682502851,0.0,0.415529022201668,0.2629632188055674,0.0,0.0,0.2206505712128919,0.4535450285961996,0.0,0.0,0.0,0.0,0.6276020202543634,0.2527871324164211,270,281,42,17,5,0
134547,26,2,3,94,2,2,0,10.0,1,0,0,130801.866457,0,3,1,13,84,0,0,0,0,0,0,0,0,0,0,0,1,0,0,0,0,0,0,0,0,0,0,0,0,0,0,0,0,0,0,0,0,0,0,0,0,0,0,0,0,0,0,0,0,0,0,0,0,0,0,0,0,0,0,0,0,0,0,0,0,0,0,0,0,0,0,0,0,0,0,0,0,0,0,0,0,0,0,0,0,0,0,0,0,0,0,0,0,0,0,0,0,0,0,0,0,0,0,0,0,0,0,0,0,0,0,0,0,0,0,0,0,0,0,0,0,0,0,0,0,0,0,0,0,0,0,0,0,0,0,0,0,0,0,0,0,0,1,0,1,0,0,0,0,0,0,0,0,0,0,0,0,0,3,203.13305555555556,4,0.0,0.0,0.0,0.0,0.0,0.0,0.0,0.0,0.0,0.0,0.0,0.0,0.0,0.0,0.0,0.0,0.0,0.0,0.4223121513035627,0.0,0.0,0.2686683121597671,0.865719229832963,248,290,44,1,4,1
131244,30,4,2,137,7,2,1,8.0,1,0,0,140895.75645,0,2,1,13,2,0,0,0,0,0,0,0,0,0,0,0,1,0,0,0,0,0,0,0,0,0,0,0,0,0,0,0,0,0,0,0,0,0,0,0,0,0,0,0,0,0,0,0,0,0,0,0,0,0,0,0,0,0,0,0,0,0,0,0,0,0,0,0,0,0,0,0,0,0,0,0,0,0,0,0,0,0,0,0,0,0,0,0,0,0,0,0,0,0,0,0,0,0,0,0,0,0,0,0,0,0,0,0,0,0,0,0,0,0,0,0,0,0,0,0,0,0,0,0,0,0,0,0,0,0,0,0,0,0,0,0,0,0,0,0,0,0,1,0,1,0,0,0,0,0,1,0,0,0,0,0,0,0,4,2038.608611111111,4,0.0,0.0,0.0,0.0,0.0,0.0,0.0,0.0,0.0,1.0,0.0,0.0,0.0,0.0,0.0,0.0,0.0,0.0,0.0,0.0,0.0,0.0,0.0,15,296,19,0,4,1
132533,3,0,1,20,1,0,0,9.0,1,0,0,206111.353277,0,1,1,13,6,0,0,0,0,0,0,0,0,0,0,0,1,0,0,0,0,0,0,0,0,0,0,0,0,0,0,0,0,0,0,0,0,0,0,0,0,0,0,0,0,0,0,0,0,0,0,0,0,0,0,0,0,0,0,0,0,0,0,0,0,0,0,0,0,0,0,0,0,0,0,0,0,0,0,0,0,0,0,0,0,0,0,0,0,0,0,0,0,0,0,0,0,0,0,0,0,0,0,0,0,0,0,0,0,0,0,0,0,0,0,0,0,0,0,0,0,0,0,0,0,0,0,0,0,0,0,0,0,0,0,0,0,0,0,0,0,0,0,0,0,0,0,0,0,0,0,0,0,0,0,0,0,0,1,544.6486111111111,4,0.0,0.0,0.0,0.0,0.0,0.0,0.0,0.0,0.0,0.0,0.0,1.0,0.0,0.0,0.0,0.0,0.0,0.0,0.0,0.0,0.0,0.0,0.0,13,17,37,0,5,0
77349,1,0,1,6,1,1,1,836.0,0,0,0,362338.01798,0,1,0,14,15,0,0,0,0,0,0,0,0,0,0,0,0,0,0,0,0,0,0,0,0,0,0,0,0,0,0,0,0,0,0,0,0,0,0,0,0,0,0,0,0,0,0,0,0,0,0,0,0,0,0,0,0,0,0,0,0,0,0,0,0,0,0,0,0,0,0,0,0,0,0,0,0,0,0,0,0,0,0,0,0,0,0,0,0,0,0,0,0,0,0,0,0,0,0,0,0,0,0,0,0,0,0,0,0,0,0,0,0,0,0,0,0,0,0,0,0,0,0,0,0,0,0,0,0,0,0,0,0,0,0,0,0,0,0,0,0,0,0,0,0,0,0,0,0,0,0,0,0,0,0,0,0,0,0,170.23944444444444,4,0.0,0.0,0.0,0.0,0.0,0.0,0.0,0.0,0.0,0.0,0.0,0.0,0.0,0.0,0.0,0.0,0.0,0.0,0.0,0.0,0.0,0.0,0.0,19,77,43,0,4,1
76878,9,23,15,2670,73,7,2,428764.0,0,0,0,639532.134215,15,15,0,14,140,0,0,0,0,0,0,0,0,0,0,0,0,0,0,0,0,0,0,0,0,0,0,0,0,0,0,0,0,0,0,0,0,0,0,0,0,0,0,0,0,0,0,0,0,0,0,0,0,0,0,0,0,0,0,0,0,0,0,0,0,0,0,0,0,0,0,0,0,0,0,0,0,0,0,0,0,0,0,0,0,0,0,0,0,0,0,0,0,0,0,0,0,0,0,0,0,0,0,0,0,0,0,0,0,0,0,0,0,0,0,0,0,0,0,0,0,0,0,0,0,0,0,0,0,0,0,0,0,0,0,0,0,0,0,0,0,0,0,0,0,0,0,0,0,0,0,0,0,0,0,0,0,0,0,1844.473888888889,4,0.0,0.0,0.0,0.0,0.0,0.0,0.0,0.0,0.0,0.0,0.0,0.0,0.0,0.1807273365633004,0.0,0.0,0.3134864512790812,0.0,0.0,0.0,0.0,0.32534486832666,0.8736215378164003,7,244,19,0,4,1
77699,3,0,4,94,2,2,2,25.0,0,0,0,722244.031609,0,4,0,14,46,0,0,0,0,0,0,0,0,0,0,0,0,0,0,0,0,0,0,0,0,0,0,0,0,0,0,0,0,0,0,0,0,0,0,0,0,0,0,0,0,0,0,0,0,0,0,0,0,0,0,0,0,0,0,0,0,0,0,0,0,0,0,0,0,0,0,0,0,0,0,0,0,0,0,0,0,0,0,0,0,0,0,0,0,0,0,0,0,0,0,0,0,0,0,0,0,0,0,0,0,0,0,0,0,0,0,0,0,0,0,0,0,0,0,0,0,0,0,0,0,0,0,0,0,0,0,0,0,0,0,0,0,0,0,0,0,0,0,0,0,0,0,0,0,0,0,0,0,0,0,0,1,0,1,725.3613888888889,4,0.0,0.0,0.0,0.0,0.0,0.0,0.0,0.0,0.0,0.0,0.0,0.3442317177721085,0.0,0.4332165119551735,0.0,0.0,0.3757248614150906,0.0,0.0,0.0,0.3270006428769527,0.5199168047630486,0.4188268167712149,214,245,40,4,1,1
78105,7,20,11,527,7,2,1,579399.0,0,0,0,776522.105803,2,11,0,14,103,0,0,0,0,0,0,0,0,0,0,0,0,0,0,0,0,0,0,0,0,0,0,0,0,0,0,0,0,0,0,0,0,0,0,0,0,0,0,0,0,0,0,0,0,0,0,0,0,0,0,0,0,0,0,0,0,0,0,0,0,0,0,0,0,0,0,0,0,0,0,0,0,0,0,0,0,0,0,0,0,0,0,0,0,0,0,0,0,0,0,0,0,0,0,0,0,0,0,0,0,0,0,0,0,0,0,0,0,0,0,0,0,0,0,0,0,0,0,0,0,0,0,0,0,0,0,0,0,0,0,0,0,0,0,0,0,0,0,0,0,0,0,0,0,0,0,0,0,0,0,0,0,0,0,194.5536111111111,4,0.0,0.0,0.0,0.0,0.0,0.0,0.0,0.0,0.0,0.0,0.0,0.0,0.0,0.0,0.0,0.0,0.0,0.0,0.0,0.0,0.0,1.0,0.0,168,249,47,15,2,1
78104,16,4,1,290,9,1,1,24.0,0,0,0,801076.433672,4,1,0,14,147,0,0,0,0,0,0,0,0,0,0,0,0,0,0,0,0,0,0,0,0,0,0,0,0,0,0,0,0,0,0,0,0,0,0,0,0,0,0,0,0,0,0,0,0,0,0,0,0,0,0,0,0,0,0,0,0,0,0,0,0,0,0,0,0,0,0,0,0,0,0,0,0,0,0,0,0,0,0,0,0,0,0,0,0,0,0,0,0,0,0,0,0,0,0,0,0,0,0,0,0,0,0,0,0,0,0,0,0,0,0,0,0,0,0,0,0,0,0,0,0,0,0,0,0,0,0,0,0,0,0,0,0,0,0,0,0,0,0,0,0,0,0,0,0,0,0,0,0,0,0,0,0,0,0,188.265,4,0.0,0.1325023844342257,0.1382120767969787,0.2075839228708468,0.0,0.0,0.1274366772364386,0.1276407321147862,0.0,0.11112498246383,0.1414728055660623,0.4305406985908214,0.1362316010183434,0.0,0.0,0.1143109698705431,0.0,0.4766489404377224,0.0,0.4673162937208235,0.1022473220473949,0.4064219913052558,0.1309597438088399,167,247,46,2,2,1
77624,11,0,1,25,1,1,1,419.0,0,0,0,813880.333198,0,1,0,14,25,0,0,0,0,0,0,0,0,0,0,0,0,0,0,0,0,0,0,0,0,0,0,0,0,0,0,0,0,0,0,0,0,0,0,0,0,0,0,0,0,0,0,0,0,0,0,0,0,0,0,0,0,0,0,0,0,0,0,0,0,0,0,0,0,0,0,0,0,0,0,0,0,0,0,0,0,0,0,0,0,0,0,0,0,0,0,0,0,0,0,0,0,0,0,0,0,0,0,0,0,0,0,0,0,0,0,0,0,0,0,0,0,0,0,0,0,0,0,0,0,0,0,0,0,0,0,0,0,0,0,0,0,0,0,0,0,0,0,0,0,0,0,0,0,0,0,0,0,0,0,0,0,0,0,812.7680555555555,4,0.0,0.0,0.0,0.0,0.0,0.0,0.0,0.0,0.0,0.0,0.0,0.0,0.0,0.0,0.0,0.0,0.0,0.0,0.0,0.0,0.0,1.0,0.0,187,249,36,3,3,1
77140,14,14,17,886,12,4,1,791188.0,0,0,0,819634.684545,8,17,0,14,213,0,0,0,0,0,0,0,0,0,0,0,0,0,0,0,0,0,0,0,0,0,0,0,0,0,0,0,0,0,0,0,0,0,0,0,0,0,0,0,0,0,0,0,0,0,0,0,0,0,0,0,0,0,0,0,0,0,0,0,0,0,0,0,0,0,0,0,0,0,0,0,0,0,0,0,0,0,0,0,0,0,0,0,0,0,0,0,0,0,0,0,0,0,0,0,0,0,0,0,0,0,0,0,0,0,0,0,0,0,0,0,0,0,0,0,0,0,0,0,0,0,0,0,0,0,0,0,0,0,0,0,0,0,0,0,0,0,0,0,0,0,0,0,0,0,0,0,0,0,0,0,0,0,0,1396.4588888888889,4,0.0,0.2560086137014832,0.0,0.0,0.0,0.0,0.0,0.0,0.0,0.2147052132657194,0.0,0.0,0.0,0.0,0.2643764831969855,0.0,0.6809659672877961,0.0,0.0,0.0,0.0,0.3141001002091524,0.5060561378779603,11,250,30,0,0,1
77938,12,30,21,838,17,3,2,41910.0,0,0,0,819669.882367,1,21,0,14,314,0,0,0,0,0,0,0,0,0,0,0,0,0,0,0,0,0,0,0,0,0,0,0,0,0,0,0,0,0,0,0,0,0,0,0,0,0,0,0,0,0,0,0,0,0,0,0,0,0,0,0,0,0,0,0,0,0,0,0,0,0,0,0,0,0,0,0,0,0,0,0,0,0,0,0,0,0,0,0,0,0,0,0,0,0,0,0,0,0,0,0,0,0,0,0,0,0,0,0,0,0,0,0,0,0,0,0,0,0,0,0,0,0,0,0,0,0,0,0,0,0,0,0,0,0,0,0,0,0,0,0,0,0,0,0,0,0,0,0,0,0,0,0,0,0,0,0,0,0,0,0,0,0,0,353.95472222222224,4,0.3796029708605455,0.0,0.0,0.157817355443762,0.0,0.0,0.0,0.0,0.0,0.0,0.0,0.0,0.0,0.0,0.4161146201871374,0.0,0.1786340773151634,0.181188105067642,0.3885486137064894,0.0,0.1554687062809403,0.2471884834815057,0.5973792233523577,132,249,67,2,1,1
77864,2,0,1,350,3,1,1,38059.0,0,0,0,829960.235374,3,1,0,14,46,0,0,0,0,0,0,0,0,0,0,0,0,0,0,0,0,0,0,0,0,0,0,0,0,0,0,0,0,0,0,0,0,0,0,0,0,0,0,0,0,0,0,0,0,0,0,0,0,0,0,0,0,0,0,0,0,0,0,0,0,0,0,0,0,0,0,0,0,0,0,0,0,0,0,0,0,0,0,0,0,0,0,0,0,0,1,0,0,0,0,0,0,0,0,0,0,0,0,0,0,0,0,0,0,0,0,0,0,0,0,0,0,0,0,0,0,0,0,0,0,0,0,0,0,0,0,0,0,0,0,0,0,0,0,0,0,0,0,0,0,0,0,0,0,0,0,0,0,0,1,0,0,0,2,488.31138888888887,4,0.8959700244938548,0.0,0.0,0.0,0.0,0.0,0.0,0.0,0.0,0.0,0.0,0.0,0.0,0.0,0.0,0.0,0.0,0.2851033376046096,0.0,0.2795210977170539,0.0,0.1944781685080525,0.0,156,248,76,1,3,1
77617,4,2,1,128,2,2,1,77405.0,0,0,0,829026.287187,4,1,0,14,6,0,0,0,0,0,0,0,0,0,0,0,0,0,0,0,0,0,0,0,0,0,0,0,0,0,0,0,0,0,0,0,0,0,0,0,0,0,0,0,0,0,0,0,0,0,0,0,0,0,0,0,0,0,0,0,0,0,0,0,0,0,0,0,0,0,0,0,0,0,0,0,0,0,0,0,0,0,0,0,0,0,0,0,0,0,1,0,0,0,0,0,0,0,0,0,0,0,0,0,0,0,0,0,0,0,0,0,0,0,0,0,0,0,0,0,0,0,0,0,0,0,0,0,0,0,0,0,0,0,0,0,0,0,0,0,0,0,0,0,0,0,0,0,0,0,0,0,0,0,1,0,0,0,2,813.2988888888889,4,0.0,0.0,0.0,0.0,0.0,0.0,0.0,0.0,0.0,0.0,0.0,0.0,0.0,0.0,0.0,0.0,0.0,0.0,0.0,0.0,0.0,0.0,0.0,183,249,36,4,3,1
77989,3,0,3,50,6,2,2,201.0,0,0,0,830386.260369,0,3,0,14,93,0,0,0,0,0,0,0,0,0,0,0,0,0,0,0,0,0,0,0,0,0,0,0,0,0,0,0,0,0,0,0,0,0,0,0,0,0,0,0,0,0,0,0,0,0,0,0,0,0,0,0,0,0,0,0,0,0,0,0,0,0,0,0,0,0,0,0,0,0,0,0,0,0,0,0,0,0,0,0,0,0,0,0,0,0,1,0,0,0,0,0,0,0,0,0,0,0,0,0,0,0,0,0,0,0,0,0,0,0,0,0,0,0,0,0,0,0,0,0,0,0,0,0,0,0,0,0,0,0,0,0,0,0,0,0,0,0,0,0,0,0,0,0,0,0,0,0,0,0,1,0,0,0,2,305.5422222222222,4,0.0,0.0,0.0,0.222111192963423,0.0,0.0,0.0,0.0,0.0,0.0,0.0,0.2303355357698149,0.0,0.289877870730047,0.0,0.0,0.2514085216092092,0.0,0.2734204862068729,0.0,0.4376114366311868,0.6957831576700239,0.0,130,247,46,26,3,1
77892,3,0,1,71,5,1,1,1214154.0,0,0,0,834280.464485,2,1,0,14,3,0,0,0,0,0,0,0,0,0,0,0,0,0,0,0,0,0,0,0,0,0,0,0,0,0,0,0,0,0,0,0,0,0,0,0,0,0,0,0,0,0,0,0,0,0,0,0,0,0,0,0,0,0,0,0,0,0,0,0,0,0,0,0,0,0,0,0,0,0,0,0,0,0,0,0,0,0,0,0,0,0,0,0,0,0,0,0,0,0,0,0,0,0,0,0,0,0,0,0,0,0,0,0,0,0,0,0,0,0,0,0,0,0,0,0,0,0,0,0,0,0,0,0,0,0,0,0,0,0,0,0,0,0,0,0,0,0,0,0,0,0,0,0,0,0,0,0,0,0,0,0,0,0,0,387.3183333333333,4,0.0,0.0,0.0,0.0,0.0,0.0,0.0,0.0,0.0,1.0,0.0,0.0,0.0,0.0,0.0,0.0,0.0,0.0,0.0,0.0,0.0,0.0,0.0,127,244,79,2,0,1
77960,5,5,5,47,4,3,1,10635.0,0,0,0,879643.105344,0,5,0,14,16,0,0,0,0,0,0,0,0,0,0,0,0,0,0,0,0,0,0,0,0,0,0,0,0,0,0,0,0,0,0,0,0,0,0,0,0,0,0,0,0,0,0,0,0,0,0,0,0,0,0,0,0,0,0,0,0,0,0,0,0,0,0,0,0,0,0,0,0,0,0,0,0,0,0,0,0,0,0,0,0,0,0,0,0,0,0,0,0,0,0,0,0,0,0,0,0,0,0,0,0,0,0,0,0,0,0,0,0,0,0,0,0,0,0,0,0,0,0,0,0,0,0,0,0,0,0,0,0,0,0,0,0,0,0,0,0,0,0,0,0,0,0,0,0,0,0,0,0,0,0,0,0,0,0,315.3302777777778,4,1.0,0.0,0.0,0.0,0.0,0.0,0.0,0.0,0.0,0.0,0.0,0.0,0.0,0.0,0.0,0.0,0.0,0.0,0.0,0.0,0.0,0.0,0.0,135,243,52,5,2,1
77851,6,0,5,3145,17,1,1,19.0,0,0,0,915962.833824,2,5,0,14,2,0,0,0,0,0,0,0,0,0,0,0,0,0,0,0,0,0,0,0,0,0,0,0,0,0,0,0,0,0,0,0,0,0,0,0,0,0,0,0,0,0,0,0,0,0,0,0,0,0,0,0,0,0,0,0,0,0,0,0,0,0,0,0,0,0,0,0,0,0,0,0,0,0,0,0,0,0,0,0,0,0,0,0,0,0,0,0,0,0,0,0,0,0,0,0,0,0,0,0,0,0,0,0,0,0,0,0,0,0,0,0,0,0,0,0,0,0,0,0,0,0,0,0,0,0,0,0,0,0,0,0,0,0,0,0,0,0,0,0,0,0,0,0,0,0,0,0,0,0,0,0,0,0,0,481.0283333333333,4,0.0,0.0,0.0,0.0,0.0,0.0,0.0,0.0,0.0,1.0,0.0,0.0,0.0,0.0,0.0,0.0,0.0,0.0,0.0,0.0,0.0,0.0,0.0,165,252,66,0,2,1
77865,5,0,1,6,1,1,1,11.0,0,0,0,930810.055284,0,1,0,14,11,0,0,0,0,0,0,0,0,0,0,0,0,0,0,0,0,0,0,0,0,0,0,0,0,0,0,0,0,0,0,0,0,0,0,0,0,0,0,0,0,0,0,0,0,0,0,0,0,0,0,0,0,0,0,0,0,0,0,0,0,0,0,0,0,0,0,0,0,0,0,0,0,0,0,0,0,0,0,0,0,0,0,0,0,0,0,0,0,0,0,0,0,0,0,0,0,0,0,0,0,0,0,0,0,0,0,0,0,0,0,0,0,0,0,0,0,0,0,0,0,0,0,0,0,0,0,0,0,0,0,0,0,0,0,0,0,0,0,0,0,0,0,0,0,0,0,0,0,0,0,0,0,0,0,458.74833333333333,4,0.0,0.0,0.0,0.0,0.0,0.0,0.0,0.0,0.0,1.0,0.0,0.0,0.0,0.0,0.0,0.0,0.0,0.0,0.0,0.0,0.0,0.0,0.0,157,253,77,1,3,1
77487,24,9,13,160,4,5,3,7.0,1,0,0,1198778.842361,1,13,0,14,2,0,0,0,0,0,0,0,0,0,0,0,0,0,0,0,0,0,0,0,0,0,0,0,0,0,0,0,0,0,0,0,0,0,0,0,0,0,0,0,0,0,0,0,0,0,0,0,0,0,0,0,0,0,0,0,0,0,0,0,0,0,0,0,0,0,0,0,0,0,0,0,0,0,0,0,0,0,0,0,0,0,0,0,0,0,0,0,0,0,0,0,0,0,0,0,0,0,0,0,0,0,0,0,0,0,0,0,0,0,0,0,0,0,0,0,0,0,0,0,0,0,0,0,0,0,0,0,0,0,0,0,0,0,0,0,0,0,0,0,0,0,0,0,0,0,0,0,0,0,0,0,0,0,0,854.0972222222222,4,0.0,0.0,0.0,0.0,0.0,0.0,0.0,0.0,0.0,1.0,0.0,0.0,0.0,0.0,0.0,0.0,0.0,0.0,0.0,0.0,0.0,0.0,0.0,92,257,56,0,4,1
77730,8,6,10,235,28,2,0,42875.0,0,0,0,1217448.41103,8,10,0,14,19,0,0,0,0,0,0,0,0,0,0,0,0,0,0,0,0,0,0,0,0,0,0,0,0,0,0,0,0,0,0,0,0,0,0,0,0,0,0,0,0,0,0,0,0,0,0,0,0,0,0,0,0,0,0,0,0,0,0,0,0,0,0,0,0,0,0,0,0,0,0,0,0,0,0,0,0,0,0,0,0,0,0,0,0,0,0,0,0,0,0,0,0,0,0,0,0,0,0,0,0,0,0,0,0,0,0,0,0,0,0,0,0,0,0,0,0,0,0,0,0,0,0,0,0,0,0,0,0,0,0,0,0,0,0,0,0,0,0,0,0,0,0,0,0,0,0,0,0,0,0,0,0,0,0,565.1961111111111,4,0.0,0.0,0.0,0.0,0.0,0.0,0.0,0.0,0.0,0.0,0.0,0.0,0.0,0.0,0.0,0.0,0.0,0.0,0.0,0.0,0.0,0.2963960219679354,0.955065127706788,217,250,51,1,2,1
78032,5,0,1,18,2,4,4,10.0,0,0,0,1221455.115951,1,1,0,14,13,0,0,0,0,0,0,0,0,0,0,0,0,0,0,0,0,0,0,0,0,0,0,0,0,0,0,0,0,0,0,0,0,0,0,0,0,0,0,0,0,0,0,0,0,0,0,0,0,0,0,0,0,0,0,0,0,0,0,0,0,0,0,0,0,0,0,0,0,0,0,0,0,0,0,0,0,0,0,0,0,0,0,0,0,0,0,0,0,0,0,0,0,0,0,0,0,0,0,0,0,0,0,0,0,0,0,0,0,0,0,0,0,0,0,0,0,0,0,0,0,0,0,0,0,0,0,0,0,0,0,0,0,0,0,0,0,0,0,0,0,0,0,0,0,0,0,0,0,0,0,0,0,0,0,169.25555555555556,4,0.0,0.0,0.0,0.0,0.0,0.0,0.0,0.0,0.0,0.0,0.0,0.0,0.0,0.0,0.0,0.0,0.0,0.0,0.0,0.0,0.0,0.0,0.0,133,248,50,4,4,1
77700,6,12,1,199,6,2,1,787305.0,0,1,0,1239421.466053,4,1,0,14,66,0,0,0,0,0,0,0,0,0,0,0,0,0,0,0,0,0,0,0,0,0,0,0,0,0,0,0,0,0,0,0,0,0,0,0,0,0,0,0,0,0,0,0,0,0,0,0,0,0,0,0,0,0,0,0,0,0,0,0,0,0,0,0,0,0,0,0,0,0,0,0,0,0,0,0,0,0,0,0,0,0,0,0,0,0,1,0,0,0,0,0,0,0,0,0,0,0,0,0,0,0,0,0,0,0,0,0,0,0,0,0,0,0,0,0,0,0,0,0,0,0,0,0,0,0,0,0,0,0,0,0,0,0,0,0,0,0,0,0,0,0,0,0,0,0,0,0,0,0,1,0,0,0,2,581.4766666666667,4,0.0,0.0,0.0,0.4064631167187773,0.0,0.0,0.0,0.0,0.0,0.0,0.0,0.0,0.5335010571117929,0.0,0.5358575581181414,0.0,0.0,0.0,0.0,0.0,0.0,0.0,0.5128557635588392,215,235,41,6,1,1
76876,2,2,2,189,2,2,0,6.0,0,0,0,1248773.994587,0,2,0,14,60,0,0,0,0,0,0,0,0,0,0,0,0,0,0,0,0,0,0,0,0,0,0,0,0,0,0,0,0,0,0,0,0,0,0,0,0,0,0,0,0,0,0,0,0,0,0,0,0,0,0,0,0,0,0,0,0,0,0,0,0,0,0,0,0,0,0,0,0,0,0,0,0,0,0,0,0,0,0,0,0,0,0,0,0,0,0,0,0,0,0,0,0,0,0,0,0,0,0,0,0,0,0,0,0,0,0,0,0,0,0,0,0,0,0,0,0,0,0,0,0,0,0,0,0,0,0,0,0,0,0,0,0,0,0,0,0,0,0,0,0,0,0,0,0,0,0,0,0,0,0,0,0,0,0,173.15027777777777,4,0.3729619960203072,0.0,0.0,0.310112830568837,0.0,0.0,0.0,0.0,0.0,0.0,0.0,0.0,0.0,0.0,0.0,0.0,0.0,0.0,0.0,0.0,0.3054977092607417,0.2428640376114537,0.7825711409914334,6,0,18,0,4,1
77923,6,0,2,340,34,0,0,16937.0,0,0,0,1314925.662458,6,2,0,14,22,0,0,0,0,0,0,0,0,0,0,0,0,0,0,0,0,0,0,0,0,0,0,0,0,0,0,0,0,0,0,0,0,0,0,0,0,0,0,0,0,0,0,0,0,0,0,0,0,0,0,0,0,0,0,0,0,0,0,0,0,0,0,0,0,0,0,0,0,0,0,0,0,0,0,0,0,0,0,0,0,0,0,0,0,0,0,0,0,0,0,0,0,0,0,0,0,0,0,0,0,0,0,0,0,0,0,0,0,0,0,0,0,0,0,0,0,0,0,0,0,0,0,0,0,0,0,0,0,0,0,0,0,0,0,0,0,0,0,0,0,0,0,0,0,0,0,0,0,0,0,0,0,0,0,221.7375,4,0.0,0.0,0.0,0.0,0.0,0.0,0.0,0.0,0.0,0.0,0.5659114762353535,0.0,0.0,0.0,0.54735296117386,0.0,0.0,0.0,0.0,0.0,0.0,0.3251492301347892,0.523857724102722,133,217,61,5,1,1
77831,3,0,1,52,2,1,1,8.0,0,0,0,1337073.534591,1,1,0,14,43,0,0,0,0,0,0,0,0,0,0,0,0,0,0,0,0,0,0,0,0,0,0,0,0,0,0,0,0,0,0,0,0,0,0,0,0,0,0,0,0,0,0,0,0,0,0,0,0,0,0,0,0,0,0,0,0,0,0,0,0,0,0,0,0,0,0,0,0,0,0,0,0,0,0,0,0,0,0,0,0,0,0,0,0,0,0,0,0,0,0,0,0,0,0,0,0,0,0,0,0,0,0,0,0,0,0,0,0,0,0,0,0,0,0,0,0,0,0,0,0,0,0,0,0,0,0,0,0,0,0,0,0,0,0,0,0,0,0,0,0,0,0,0,0,0,0,0,0,0,0,0,0,0,0,172.33388888888888,4,0.0,0.0,0.0,0.0,0.0,0.0,0.0,0.0,0.0,0.6470032568936306,0.0,0.0,0.0,0.0,0.0,0.0,0.0,0.0,0.0,0.0,0.0,0.0,0.7624872363318843,198,109,61,3,0,1
77912,6,19,4,200,3,4,1,40.0,0,1,0,1338003.855758,1,4,0,14,357,0,0,0,0,0,0,0,0,0,0,0,0,0,0,0,0,0,0,0,0,0,0,0,0,0,0,0,0,0,0,0,0,0,0,0,0,0,0,0,0,0,0,0,0,0,0,0,0,0,0,0,0,0,0,0,0,0,0,0,0,0,0,0,0,0,0,0,0,0,0,0,0,0,0,0,0,0,0,0,0,0,0,0,0,0,0,0,0,0,0,0,0,0,0,0,0,0,0,0,0,0,0,0,0,0,0,0,0,0,0,0,0,0,0,0,0,0,0,0,0,0,0,0,0,0,0,0,0,0,0,0,0,0,0,0,0,0,0,0,0,0,0,0,0,0,0,0,0,0,0,0,0,0,0,221.4738888888889,4,0.3121258698977106,0.3313178960221252,0.0,0.1297642092767936,0.0,0.0,0.0,0.0,0.0,0.2778643987624847,0.0,0.0,0.1703213403058746,0.677422369944583,0.171073658233802,0.0,0.0,0.0,0.0,0.0,0.1278330490401695,0.4064979800366465,0.0,129,211,61,5,1,1
77281,10,7,8,186,11,2,1,22.0,0,0,0,1356969.330435,4,8,0,14,7,0,0,0,0,0,0,0,0,0,0,0,0,0,0,0,0,0,0,0,0,0,0,0,0,0,0,0,0,0,0,0,0,0,0,0,0,0,0,0,0,0,0,0,0,0,0,0,0,0,0,0,0,0,0,0,0,0,0,0,0,0,0,0,0,0,0,0,0,0,0,0,0,0,0,0,0,0,0,0,0,0,0,0,0,0,0,0,0,0,0,0,0,0,0,0,0,0,0,0,0,0,0,0,0,0,0,0,0,0,0,0,0,0,0,0,0,0,0,0,0,0,0,0,0,0,0,0,0,0,0,0,0,0,0,0,0,0,0,0,0,0,0,0,0,0,0,0,0,0,0,0,0,0,0,1047.2047222222222,4,0.0,0.0,0.0,0.0,0.0,0.0,0.0,0.0,0.0,0.0,0.0,0.0,0.0,0.0,0.0,0.0,0.8223548294979172,0.0,0.0,0.0,0.0,0.5689749857431797,0.0,11,209,37,0,1,1
77387,8,30,1,377,10,3,0,773195.0,0,0,0,1406106.450275,10,1,0,14,48,0,0,0,0,0,0,0,0,0,0,0,0,0,0,0,0,0,0,0,0,0,0,0,0,0,0,0,0,0,0,0,0,0,0,0,0,0,0,0,0,0,0,0,0,0,0,0,0,0,0,0,0,0,0,0,0,0,0,0,0,0,0,0,0,0,0,0,0,0,0,0,0,0,0,0,0,0,0,0,0,0,0,0,0,0,0,0,0,0,0,0,0,0,0,0,0,0,0,0,0,0,0,0,0,0,0,0,0,0,0,0,0,0,0,0,0,0,0,0,0,0,0,0,0,0,0,0,0,0,0,0,0,0,0,0,0,0,0,0,0,0,0,0,0,0,0,0,0,0,0,0,0,0,0,878.8983333333333,4,0.0,0.0,0.0,0.0,0.0,0.0,0.0,0.0,0.0,0.5643161771835089,0.0,0.0,0.0,0.0,0.0,0.0,0.0,0.0,0.0,0.0,0.0,0.8255587514943987,0.0,27,204,54,1,1,1
76946,1,7,1,28,3,2,1,5309784.0,0,0,0,1476651.676171,2,1,0,14,29,0,0,0,0,0,0,0,0,0,0,0,0,0,0,0,0,0,0,0,0,0,0,0,0,0,0,0,0,0,0,0,0,0,0,0,0,0,0,0,0,0,0,0,0,0,0,0,0,0,0,0,0,0,0,0,0,0,0,0,0,0,0,0,0,0,0,0,0,0,0,0,0,0,0,0,0,0,0,0,0,0,0,0,0,0,0,0,0,0,0,0,0,0,0,0,0,0,0,0,0,0,0,0,0,0,0,0,0,0,0,0,0,0,0,0,0,0,0,0,0,0,0,0,0,0,0,0,0,0,0,0,0,0,0,0,0,0,0,0,0,0,0,0,0,0,0,0,0,0,0,0,0,0,0,1482.6161111111112,4,0.0,0.0,0.0,1.0,0.0,0.0,0.0,0.0,0.0,0.0,0.0,0.0,0.0,0.0,0.0,0.0,0.0,0.0,0.0,0.0,0.0,0.0,0.0,9,188,24,0,3,1
77785,5,5,3,4,2,3,2,6714.0,0,0,0,1488599.141557,0,3,0,14,4,0,0,0,0,0,0,0,0,0,0,0,0,0,0,0,0,0,0,0,0,0,0,0,0,0,0,0,0,0,0,0,0,0,0,0,0,0,0,0,0,0,0,0,0,0,0,0,0,0,0,0,0,0,0,0,0,0,0,0,0,0,0,0,0,0,0,0,0,0,0,0,0,0,0,0,0,0,0,0,0,0,0,0,0,0,0,0,0,0,0,0,0,0,0,0,0,0,0,0,0,0,0,0,0,0,0,0,0,0,0,0,0,0,0,0,0,0,0,0,0,0,0,0,0,0,0,0,0,0,0,0,0,0,0,0,0,0,0,0,0,0,0,0,0,0,0,0,0,0,0,0,0,0,0,458.5169444444445,4,1.0,0.0,0.0,0.0,0.0,0.0,0.0,0.0,0.0,0.0,0.0,0.0,0.0,0.0,0.0,0.0,0.0,0.0,0.0,0.0,0.0,0.0,0.0,223,185,47,3,3,1
77832,7,6,1,71,2,2,1,17.0,0,1,0,1518184.740716,4,1,0,14,21,0,0,0,0,0,0,0,0,0,0,0,0,0,0,0,0,0,0,0,0,0,0,0,0,0,0,0,0,0,0,0,0,0,0,0,0,0,0,0,0,0,0,0,0,0,0,0,0,0,0,0,0,0,0,0,0,0,0,0,0,0,0,0,0,0,0,0,0,0,0,0,0,0,0,0,0,0,0,0,0,0,0,0,0,0,0,0,0,0,0,0,0,0,0,0,0,0,0,0,0,0,0,0,0,0,0,0,0,0,0,0,0,0,0,0,0,0,0,0,0,0,0,0,0,0,0,0,0,0,0,0,0,0,0,0,0,0,0,0,0,0,0,0,0,0,0,0,0,0,0,0,0,0,0,355.3625,4,0.657977633292238,0.0,0.0,0.0,0.0,0.0,0.0,0.0,0.0,0.0,0.0,0.0,0.0,0.0,0.0,0.0,0.6192640018107418,0.0,0.0,0.0,0.0,0.4284594848389877,0.0,199,174,62,0,0,1
77584,13,11,7,508,17,2,1,1183755.0,0,0,0,1536187.008836,10,7,0,14,100,0,0,0,0,0,0,0,0,0,0,0,0,0,0,0,0,0,0,0,0,0,0,0,0,0,0,0,0,0,0,0,0,0,0,0,0,0,0,0,0,0,0,0,0,0,0,0,0,0,0,0,0,0,0,0,0,0,0,0,0,0,0,0,0,0,0,0,0,0,0,0,0,0,0,0,0,0,0,0,0,0,0,0,0,0,0,0,0,0,0,0,0,0,0,0,0,0,0,0,0,0,0,0,0,0,0,0,0,0,0,0,0,0,0,0,0,0,0,0,0,0,0,0,0,0,0,0,0,0,0,0,0,0,0,0,0,0,0,0,0,0,0,0,0,0,0,0,0,0,0,0,0,0,0,501.0775,4,0.0,0.0,0.0,0.3527501715084018,0.0,0.0,0.0,0.4338032495220001,0.0,0.0,0.4808133090176982,0.0,0.0,0.0,0.0,0.3885003585004402,0.0,0.0,0.0,0.0,0.0,0.552510715300099,0.0,163,126,38,2,2,1
77819,3,0,1,5,2,3,3,864306.0,0,0,0,1572115.233869,1,1,0,14,37,0,0,0,0,0,0,0,0,0,0,0,0,0,0,0,0,0,0,0,0,0,0,0,0,0,0,0,0,0,0,0,0,0,0,0,0,0,0,0,0,0,0,0,0,0,0,0,0,0,0,0,0,0,0,0,0,0,0,0,0,0,0,0,0,0,0,0,0,0,0,0,0,0,0,0,0,0,0,0,0,0,0,0,0,0,0,0,0,0,0,0,0,0,0,0,0,0,0,0,0,0,0,0,0,0,0,0,0,0,0,0,0,0,0,0,0,0,0,0,0,0,0,0,0,0,0,0,0,0,0,0,0,0,0,0,0,0,0,0,0,0,0,0,0,0,0,0,0,0,0,0,0,0,0,407.76222222222225,4,0.6755718093394608,0.0,0.0,0.0,0.0,0.0,0.0,0.0,0.0,0.0,0.0,0.0,0.7372941953018533,0.0,0.0,0.0,0.0,0.0,0.0,0.0,0.0,0.0,0.0,216,167,57,10,4,1
77794,10,1,1,813,13,1,1,198.0,0,0,0,1574546.838263,4,1,0,14,97,0,0,0,0,0,0,0,0,0,0,0,0,0,0,0,0,0,0,0,0,0,0,0,0,0,0,0,0,0,0,0,0,0,0,0,0,0,0,0,0,0,0,0,0,0,0,0,0,0,0,0,0,0,0,0,0,0,0,0,0,0,0,0,0,0,0,0,0,0,0,0,0,0,0,0,0,0,0,0,0,0,0,0,0,0,0,0,0,0,0,0,0,0,0,0,0,0,0,0,0,0,0,0,0,0,0,0,0,0,0,0,0,0,0,0,0,0,0,0,0,0,0,0,0,0,0,0,0,0,0,0,0,0,0,0,0,0,0,0,0,0,0,0,0,0,0,0,0,0,0,0,0,0,0,433.0002777777778,4,0.0,0.0,0.0,0.5553460515207305,0.0,0.0,0.0,0.0,0.0,0.0,0.3784800040490352,0.0,0.0,0.0,0.0,0.0,0.0,0.0,0.0,0.0,0.0,0.6523766725316027,0.3503545728714987,225,166,48,14,3,1
76798,13,29,1,197,7,5,3,53.0,0,1,0,1598390.788008,7,1,0,14,27,0,0,0,0,0,0,0,0,0,0,0,0,0,0,0,0,0,0,0,0,0,0,0,0,0,0,0,0,0,0,0,0,0,0,0,0,0,0,0,0,0,0,0,0,0,0,0,0,0,0,0,0,0,0,0,0,0,0,0,0,0,0,0,0,0,0,0,0,0,0,0,0,0,0,0,0,0,0,0,0,0,0,0,0,0,1,0,0,0,0,0,0,0,0,0,0,0,0,0,0,0,0,0,0,0,0,0,0,0,0,0,0,0,0,0,0,0,0,0,0,0,0,0,0,0,0,0,0,0,0,0,0,0,0,0,0,0,0,0,0,0,0,0,0,0,0,0,0,0,1,0,0,0,2,726.4138888888889,4,0.0,0.0,0.0,0.0,0.0,0.0,0.0,0.0,0.0,0.0,0.0,0.0,0.0,0.0,0.0,0.0,0.0,0.0,0.0,0.0,0.0,0.0,0.0,9,0,17,0,1,1
77397,4,28,1,188,5,4,2,103733.0,0,0,0,1598410.094198,9,1,0,14,42,0,0,0,0,0,0,0,0,0,0,0,0,0,0,0,0,0,0,0,0,0,0,0,0,0,0,0,0,0,0,0,0,0,0,0,0,0,0,0,0,0,0,0,0,0,0,0,0,0,0,0,0,0,0,0,0,0,0,0,0,0,0,0,0,0,0,0,0,0,0,0,0,0,0,0,0,0,0,0,0,0,0,0,0,0,1,0,0,0,0,0,0,0,0,0,0,0,0,0,0,0,0,0,0,0,0,0,0,0,0,0,0,0,0,0,0,0,0,0,0,0,0,0,0,0,0,0,0,0,0,0,0,0,0,0,0,0,0,0,0,0,0,0,0,0,0,0,0,0,1,0,0,0,2,687.1583333333333,4,0.0,0.0,0.0,0.0,0.0,0.0,0.0,0.0,0.0,0.0,0.0,0.0,0.0,0.0,0.0,0.0,0.0,0.0,0.0,0.0,0.0,0.0,0.0,33,125,60,1,1,1
77868,14,1,2,327,13,1,1,538223.0,0,0,0,1678991.710635,4,2,0,14,80,0,0,0,0,0,0,0,0,0,0,0,0,0,0,0,0,0,0,0,0,0,0,0,0,0,0,0,0,0,0,0,0,0,0,0,0,0,0,0,0,0,0,0,0,0,0,0,0,0,0,0,0,0,0,0,0,0,0,0,0,0,0,0,0,0,0,0,0,0,0,0,0,0,0,0,0,0,0,0,0,0,0,0,0,0,0,0,0,0,0,0,0,0,0,0,0,0,0,0,0,0,0,0,0,0,0,0,0,0,0,0,0,0,0,0,0,0,0,0,0,0,0,0,0,0,0,0,0,0,0,0,0,0,0,0,0,0,0,0,0,0,0,0,0,0,0,0,0,0,0,0,0,0,0,218.70055555555555,4,0.0,0.5109295447165346,0.0,0.8004441554447849,0.0,0.0,0.0,0.0,0.0,0.0,0.0,0.0,0.0,0.0,0.0,0.0,0.0,0.0,0.0,0.0,0.0,0.3134328546117008,0.0,152,146,78,18,3,1
77854,7,9,5,58,2,3,1,84689.0,0,0,0,1713569.422321,0,5,0,14,72,0,0,0,0,0,0,0,0,0,0,0,0,0,0,0,0,0,0,0,0,0,0,0,0,0,0,0,0,0,0,0,0,0,0,0,0,0,0,0,0,0,0,0,0,0,0,0,0,0,0,0,0,0,0,0,0,0,0,0,0,0,0,0,0,0,0,0,0,0,0,0,0,0,0,0,0,0,0,0,0,0,0,0,0,0,0,0,0,0,0,0,0,0,0,0,0,0,0,0,0,0,0,0,0,0,0,0,0,0,0,0,0,0,0,0,0,0,0,0,0,0,0,0,0,0,0,0,0,0,0,0,0,0,0,0,0,0,0,0,0,0,0,0,0,0,0,0,0,0,0,0,0,0,0,247.33638888888888,4,0.0,0.0,0.0,0.0,0.0,0.0,0.0,0.0,0.5512196862727337,0.2314851430813053,0.2947028823985012,0.0,0.0,0.0,0.0,0.0,0.0,0.0,0.0,0.0,0.0,0.5079721088242694,0.5456061159487277,167,147,69,0,2,1
77647,16,0,1,2,1,1,1,15463.0,0,0,0,1825988.559475,0,1,0,14,163,0,0,0,0,0,0,0,0,0,0,0,0,0,0,0,0,0,0,0,0,0,0,0,0,0,0,0,0,0,0,0,0,0,0,0,0,0,0,0,0,0,0,0,0,0,0,0,0,0,0,0,0,0,0,0,0,0,0,0,0,0,0,0,0,0,0,0,0,0,0,0,0,0,0,0,0,0,0,0,0,0,0,0,0,0,0,0,0,0,0,0,0,0,0,0,0,0,0,0,0,0,0,0,0,0,0,0,0,0,0,0,0,0,0,0,0,0,0,0,0,0,0,0,0,0,0,0,0,0,0,0,0,0,0,0,0,0,0,0,0,0,0,0,0,0,0,0,0,0,0,0,0,0,0,509.305,4,0.0,0.0,0.0,0.2491469958192352,0.0,0.0,0.0,0.0,0.0,0.0,0.1697989131790002,0.0,0.0,0.0,0.1642305233866236,0.0,0.0,0.1430212536791285,0.0,0.0,0.0,0.682915822552438,0.6287235792056897,199,137,42,3,4,1
77860,14,0,2,61,10,2,2,9.0,0,0,0,1841559.623032,1,2,0,14,103,0,0,0,0,0,0,0,0,0,0,0,0,0,0,0,0,0,0,0,0,0,0,0,0,0,0,0,0,0,0,0,0,0,0,0,0,0,0,0,0,0,0,0,0,0,0,0,0,0,0,0,0,0,0,0,0,0,0,0,0,0,0,0,0,0,0,0,0,0,0,0,0,0,0,0,0,0,0,0,0,0,0,0,0,0,0,0,0,0,0,0,0,0,0,0,0,0,0,0,0,0,0,0,0,0,0,0,0,0,0,0,0,0,0,0,0,0,0,0,0,0,0,0,0,0,0,0,0,0,0,0,0,0,0,0,0,0,0,0,0,0,0,0,0,0,0,0,0,0,0,0,0,0,0,218.99805555555557,4,0.0,0.5752469513142136,0.0,0.0,0.0,0.0,0.0,0.0,0.0,0.0,0.0,0.0,0.0,0.5880834656704566,0.0,0.0,0.0,0.0,0.0,0.0,0.0,0.0,0.5685497185020212,167,136,73,1,2,1
77530,4,6,1,191,2,4,2,38.0,1,0,0,1852286.534489,3,1,0,14,176,0,0,0,0,0,0,0,0,0,0,0,0,0,0,0,0,0,0,0,0,0,0,0,0,0,0,0,0,0,0,0,0,0,0,0,0,0,0,0,0,0,0,0,0,0,0,0,0,0,0,0,0,0,0,0,0,0,0,0,0,0,0,0,0,0,0,0,0,0,0,0,0,0,0,0,0,0,0,0,0,0,0,0,0,0,0,0,0,0,0,0,0,0,0,0,0,0,0,0,0,0,0,0,0,0,0,0,0,0,0,0,0,0,0,0,0,0,0,0,0,0,0,0,0,0,0,0,0,0,0,0,0,0,0,0,0,0,0,0,0,0,0,0,0,0,0,0,0,0,0,0,0,0,0,599.5430555555556,4,0.3098865807313392,0.0,0.0,0.2576664800471026,0.0,0.0,0.0,0.0,0.0,0.2758709121666025,0.1756051207071338,0.0,0.0,0.0,0.0,0.0,0.0,0.0,0.0,0.0,0.3807478036136693,0.4035816356684393,0.6502225364743432,123,132,48,1,0,1
77754,14,2,1,43,4,3,2,9.0,0,0,0,1863760.503796,6,1,0,14,144,0,0,0,0,0,0,0,0,0,0,0,0,0,0,0,0,0,0,0,0,0,0,0,0,0,0,0,0,0,0,0,0,0,0,0,0,0,0,0,0,0,0,0,0,0,0,0,0,0,0,0,0,0,0,0,0,0,0,0,0,0,0,0,0,0,0,0,0,0,0,0,0,0,0,0,0,0,0,0,0,0,0,0,0,0,1,0,0,0,0,0,0,0,0,0,0,0,0,0,0,0,0,0,0,0,0,0,0,0,0,0,0,0,0,0,0,0,0,0,0,0,0,0,0,0,0,0,0,0,0,0,0,0,0,0,0,0,0,0,0,0,0,0,0,0,0,0,0,0,1,0,0,0,2,373.9580555555556,4,0.0,0.1354796360178994,0.1413176218502521,0.1061241064973835,0.0,0.0,0.1303001053229622,0.1305087451958539,0.0,0.0,0.1446516173000308,0.4402146979093153,0.1392926459316869,0.1385028355129149,0.0,0.1168794709396488,0.0,0.4873589651579119,0.0,0.4778166192923041,0.1045447599598659,0.4155540572859557,0.0,215,131,45,13,3,1
77829,8,4,1,165,3,2,2,48.0,0,0,0,1865267.022772,4,1,0,14,89,0,0,0,0,0,0,0,0,0,0,0,0,0,0,0,0,0,0,0,0,0,0,0,0,0,0,0,0,0,0,0,0,0,0,0,0,0,0,0,0,0,0,0,0,0,0,0,0,0,0,0,0,0,0,0,0,0,0,0,0,0,0,0,0,0,0,0,0,0,0,0,0,0,0,0,0,0,0,0,0,0,0,0,0,0,1,0,0,0,0,0,0,0,0,0,0,0,0,0,0,0,0,0,0,0,0,0,0,0,0,0,0,0,0,0,0,0,0,0,0,0,0,0,0,0,0,0,0,0,0,0,0,0,0,0,0,0,0,0,0,0,0,0,0,0,0,0,0,0,1,0,0,0,2,264.97277777777776,4,0.6776578498020345,0.0,0.0,0.0,0.0,0.0,0.0,0.0,0.0,0.0,0.0,0.0,0.0,0.7353773443625276,0.0,0.0,0.0,0.0,0.0,0.0,0.0,0.0,0.0,205,129,60,11,0,1
77770,13,20,11,112,9,4,0,586086.0,0,0,0,1916785.016871,3,11,0,14,79,0,0,0,0,0,0,0,0,0,0,0,0,0,0,0,0,0,0,0,0,0,0,0,0,0,0,0,0,0,0,0,0,0,0,0,0,0,0,0,0,0,0,0,0,0,0,0,0,0,0,0,0,0,0,0,0,0,0,0,0,0,0,0,0,0,0,0,0,0,0,0,0,0,0,0,0,0,0,0,0,0,0,0,0,0,0,0,0,0,0,0,0,0,0,0,0,0,0,0,0,0,0,0,0,0,0,0,0,0,0,0,0,0,0,0,0,0,0,0,0,0,0,0,0,0,0,0,0,0,0,0,0,0,0,0,0,0,0,0,0,0,0,0,0,0,0,0,0,0,0,0,0,0,0,345.50944444444445,4,0.8379928823303993,0.0,0.0,0.0,0.0,0.0,0.0,0.0,0.0,0.0,0.0,0.0,0.0,0.0,0.0,0.0,0.0,0.0,0.0,0.0,0.0,0.5456811607189581,0.0,220,127,45,0,3,1
77837,12,5,2,92,3,4,2,345.0,0,0,0,1932464.457638,8,2,0,14,32,0,0,0,0,0,0,0,0,0,0,0,0,0,0,0,0,0,0,0,0,0,0,0,0,0,0,0,0,0,0,0,0,0,0,0,0,0,0,0,0,0,0,0,0,0,0,0,0,0,0,0,0,0,0,0,0,0,0,0,0,0,0,0,0,0,0,0,0,0,0,0,0,0,0,0,0,0,0,0,0,0,0,0,0,0,1,0,0,0,0,0,0,0,0,0,0,0,0,0,0,0,0,0,0,0,0,0,0,0,0,0,0,0,0,0,0,0,0,0,0,0,0,0,0,0,0,0,0,0,0,0,0,0,0,0,0,0,0,0,0,0,0,0,0,0,0,0,0,0,1,0,0,0,2,234.4725,4,0.0,0.0,0.0,0.0,0.0,0.0,0.0,0.0,0.0,0.0,0.0,0.0,0.0,0.0,0.0,0.0,0.0,0.0,0.0,0.0,0.0,1.0,0.0,188,127,63,0,1,1
77810,7,0,1,2,1,1,1,6.0,0,0,0,1932653.22274,0,1,0,14,16,0,0,0,0,0,0,0,0,0,0,0,0,0,0,0,0,0,0,0,0,0,0,0,0,0,0,0,0,0,0,0,0,0,0,0,0,0,0,0,0,0,0,0,0,0,0,0,0,0,0,0,0,0,0,0,0,0,0,0,0,0,0,0,0,0,0,0,0,0,0,0,0,0,0,0,0,0,0,0,0,0,0,0,0,0,0,0,0,0,0,0,0,0,0,0,0,0,0,0,0,0,0,0,0,0,0,0,0,0,0,0,0,0,0,0,0,0,0,0,0,0,0,0,0,0,0,0,0,0,0,0,0,0,0,0,0,0,0,0,0,0,0,0,0,0,0,0,0,0,0,0,0,0,0,314.03694444444443,4,0.0,0.0,0.0,0.0,0.0,0.0,0.0,0.0,0.0,0.0,0.0,0.0,0.0,0.0,0.0,0.0,0.0,0.0,0.0,0.0,0.0,0.0,1.0,220,126,50,8,4,1
77498,3,0,1,98,2,2,2,250.0,1,0,0,2017084.983106,3,1,0,14,212,0,0,0,0,0,0,0,0,0,0,0,0,0,0,0,0,0,0,0,0,0,0,0,0,0,0,0,0,0,0,0,0,0,0,0,0,0,0,0,0,0,0,0,0,0,0,0,0,0,0,0,0,0,0,0,0,0,0,0,0,0,0,0,0,0,0,0,0,0,0,0,0,0,0,0,0,0,0,0,0,0,0,0,0,0,0,0,0,0,0,0,0,0,0,0,0,0,0,0,0,0,0,0,0,0,0,0,0,0,0,0,0,0,0,0,0,0,0,0,0,0,0,0,0,0,0,0,0,0,0,0,0,0,0,0,0,0,0,0,0,0,0,0,0,0,0,0,0,0,0,0,0,0,0,621.0922222222222,4,0.1342202699301114,0.0,0.0,0.3348069905664642,0.0,0.0,0.0,0.0,0.0,0.3584614881626866,0.3042373328563777,0.0,0.0,0.0,0.0,0.0,0.126323110810246,0.0,0.0,0.0,0.4397658253392107,0.34960427102338,0.563257977510751,100,133,55,0,4,1
77399,2,1,1,8,1,3,3,7.0,0,0,0,2025241.820644,1,1,0,14,0,0,0,0,0,0,0,0,0,0,0,0,0,0,0,0,0,0,0,0,0,0,0,0,0,0,0,0,0,0,0,0,0,0,0,0,0,0,0,0,0,0,0,0,0,0,0,0,0,0,0,0,0,0,0,0,0,0,0,0,0,0,0,0,0,0,0,0,0,0,0,0,0,0,0,0,0,0,0,0,0,0,0,0,0,0,0,0,0,0,0,0,0,0,0,0,0,0,0,0,0,0,0,0,0,0,0,0,0,0,0,0,0,0,0,0,0,0,0,0,0,0,0,0,0,0,0,0,0,0,0,0,0,0,0,0,0,0,0,0,0,0,0,0,0,0,0,0,0,0,0,0,0,0,0,694.4372222222222,4,0.0,0.0,0.0,0.0,0.0,0.0,0.0,0.0,0.0,0.0,0.0,0.0,0.0,0.0,0.0,0.0,0.0,0.0,0.0,0.0,0.0,0.0,0.0,35,126,58,1,1,1
77768,1,0,1,77,3,1,1,943692.0,0,0,0,2090530.855569,0,1,0,14,52,0,0,0,0,0,0,0,0,0,0,0,0,0,0,0,0,0,0,0,0,0,0,0,0,0,0,0,0,0,0,0,0,0,0,0,0,0,0,0,0,0,0,0,0,0,0,0,0,0,0,0,0,0,0,0,0,0,0,0,0,0,0,0,0,0,0,0,0,0,0,0,0,0,0,0,0,0,0,0,0,0,0,0,0,0,0,0,0,0,0,0,0,0,0,1,0,0,0,0,0,0,0,0,0,0,0,0,0,0,0,0,0,0,0,0,0,0,0,0,0,0,0,0,0,0,0,0,0,0,0,0,0,0,0,0,0,0,0,0,0,0,0,0,0,0,0,0,0,0,0,1,1,0,3,298.7447222222222,4,0.3198276637479754,0.0,0.0,0.0,0.0,0.0,0.0,0.0,0.0,0.2847207811517361,0.0,0.2757793101571298,0.0,0.0,0.3505898979771674,0.0,0.0,0.0,0.0,0.0,0.7859241934229242,0.0,0.0,218,117,43,23,3,1
77626,4,1,4,141,8,3,2,1692.0,0,0,0,2108457.074029,0,4,0,14,139,0,0,0,0,0,0,0,0,0,0,0,0,0,0,0,0,0,0,0,0,0,0,0,0,0,0,0,0,0,0,0,0,0,0,0,0,0,0,0,0,0,0,0,0,0,0,0,0,0,0,0,0,0,0,0,0,0,0,0,0,0,0,0,0,0,0,0,0,0,0,0,0,0,0,0,0,0,0,0,0,0,0,0,0,0,0,0,0,0,0,0,0,0,0,0,0,0,0,0,0,0,0,0,0,0,0,0,0,0,0,0,0,0,0,0,0,0,0,0,0,0,0,0,0,0,0,0,0,0,0,0,0,0,0,0,0,0,0,0,0,0,0,0,0,0,0,0,0,0,0,0,0,0,0,453.11861111111114,4,0.5166843740587734,0.0,0.0,0.2864106896677478,0.0,0.0,0.0,0.0,0.0,0.3066459331398617,0.0,0.2970159170037272,0.0,0.0,0.0,0.0,0.3241893715563465,0.0,0.0,0.0,0.5642966106290395,0.1121508845348307,0.1806896701067647,189,116,38,0,3,1
77107,4,0,1,91,2,1,1,609.0,0,0,0,2108480.973868,0,1,0,14,61,0,0,0,0,0,0,0,0,0,0,0,0,0,0,0,0,0,0,0,0,0,0,0,0,0,0,0,0,0,0,0,0,0,0,0,0,0,0,0,0,0,0,0,0,0,0,0,0,0,0,0,0,0,0,0,0,0,0,0,0,0,0,0,0,0,0,0,0,0,0,0,0,0,0,0,0,0,0,0,0,0,0,0,0,0,0,0,0,0,0,0,0,0,0,0,0,0,0,0,0,0,0,0,0,0,0,0,0,0,0,0,0,0,0,0,0,0,0,0,0,0,0,0,0,0,0,0,0,0,0,0,0,0,0,0,0,0,0,0,0,0,0,0,0,0,0,0,0,0,0,0,0,0,0,1102.891111111111,4,0.0,0.0,0.0,0.0,0.0,0.0,0.0,0.0,0.0,0.504541375823502,0.0,0.2443482909949268,0.3092665478296282,0.0,0.0,0.0,0.2667032787253571,0.0,0.0,0.0,0.6963511273019005,0.1845280027151633,0.0,8,115,26,0,4,1
77111,1,0,1,34,2,1,1,3903348.0,0,0,0,2108493.549662,0,1,0,14,59,0,0,0,0,0,0,0,0,0,0,0,0,0,0,0,0,0,0,0,0,0,0,0,0,0,0,0,0,0,0,0,0,0,0,0,0,0,0,0,0,0,0,0,0,0,0,0,0,0,0,0,0,0,0,0,0,0,0,0,0,0,0,0,0,0,0,0,0,0,0,0,0,0,0,0,0,0,0,0,0,0,0,0,0,0,0,0,0,0,0,0,0,0,0,0,0,0,0,0,0,0,0,0,0,0,0,0,0,0,0,0,0,0,0,0,0,0,0,0,0,0,0,0,0,0,0,0,0,0,0,0,0,0,0,0,0,0,0,0,0,0,0,0,0,0,0,0,0,0,0,0,0,0,0,1101.1261111111112,4,0.0,0.0,0.0,0.0,0.0,0.0,0.0,0.0,0.0,0.504541375823502,0.0,0.2443482909949268,0.3092665478296282,0.0,0.0,0.0,0.2667032787253571,0.0,0.0,0.0,0.6963511273019005,0.1845280027151633,0.0,9,114,27,1,4,1
76613,15,0,3,315,27,2,2,130.0,0,0,0,2110035.247748,0,3,0,14,101,0,0,0,0,0,0,0,0,0,0,0,0,0,0,0,0,0,0,0,0,0,0,0,0,0,0,0,0,0,0,0,0,0,0,0,0,0,0,0,0,0,0,0,0,0,0,0,0,0,0,0,0,0,0,0,0,0,0,0,0,0,0,0,0,0,0,0,0,0,0,0,0,0,0,0,0,0,0,0,0,0,0,0,0,0,0,0,0,0,0,0,0,0,0,0,0,0,0,0,0,0,0,0,0,0,0,0,0,0,0,0,0,0,0,0,0,0,0,0,0,0,0,0,0,0,0,0,0,0,0,0,0,0,0,0,0,0,0,0,0,0,0,0,0,0,0,0,0,0,0,0,0,0,0,1775.4047222222223,4,0.0,0.0,0.0,0.0,0.0,0.0,0.0,0.0,0.0,0.0,0.0,0.0,0.0,0.0,0.0,0.0,0.6061943920361853,0.0,0.0,0.0,0.0,0.4194168176490992,0.6757350754082416,7,114,11,2,4,1
77792,1,0,3,231,7,1,1,912418.0,0,0,0,2112198.992547,1,3,0,14,63,0,0,0,0,0,0,0,0,0,0,0,0,0,0,0,0,0,0,0,0,0,0,0,0,0,0,0,0,0,0,0,0,0,0,0,0,0,0,0,0,0,0,0,0,0,0,0,0,0,0,0,0,0,0,0,0,0,0,0,0,0,0,0,0,0,0,0,0,0,0,0,0,0,0,0,0,0,0,0,0,0,0,0,0,0,0,0,0,0,0,0,0,0,0,1,0,0,0,0,0,0,0,0,0,0,0,0,0,0,0,0,0,0,0,0,0,0,0,0,0,0,0,0,0,0,0,0,0,0,0,0,0,0,0,0,0,0,0,0,0,0,0,0,0,0,0,0,0,0,0,1,1,0,3,284.04277777777776,4,0.0,0.0,0.0,0.0,0.0,0.0,0.0,0.0,0.0,0.5643862066071434,0.0,0.2733310123881843,0.0,0.0,0.0,0.0,0.0,0.0,0.0,0.0,0.7789469606195593,0.0,0.0,224,113,47,25,3,1
77767,1,0,1,75,7,1,1,943870.0,0,0,0,2113689.739004,0,1,0,14,46,0,0,0,0,0,0,0,0,0,0,0,0,0,0,0,0,0,0,0,0,0,0,0,0,0,0,0,0,0,0,0,0,0,0,0,0,0,0,0,0,0,0,0,0,0,0,0,0,0,0,0,0,0,0,0,0,0,0,0,0,0,0,0,0,0,0,0,0,0,0,0,0,0,0,0,0,0,0,0,0,0,0,0,0,0,0,0,0,0,0,0,0,0,0,1,0,0,0,0,0,0,0,0,0,0,0,0,0,0,0,0,0,0,0,0,0,0,0,0,0,0,0,0,0,0,0,0,0,0,0,0,0,0,0,0,0,0,0,0,0,0,0,0,0,0,0,0,0,0,0,1,1,0,3,292.3594444444444,4,0.0,0.0,0.0,0.0,0.0,0.0,0.0,0.0,0.0,0.3234634425823575,0.0,0.3133052834976356,0.0,0.0,0.0,0.0,0.0,0.0,0.0,0.0,0.8928668437372036,0.0,0.0,217,113,42,22,3,1
77788,2,0,1,11,2,1,1,7.0,0,0,0,2114082.294944,0,1,0,14,72,0,0,0,0,0,0,0,0,0,0,0,0,0,0,0,0,0,0,0,0,0,0,0,0,0,0,0,0,0,0,0,0,0,0,0,0,0,0,0,0,0,0,0,0,0,0,0,0,0,0,0,0,0,0,0,0,0,0,0,0,0,0,0,0,0,0,0,0,0,0,0,0,0,0,0,0,0,0,0,0,0,0,0,0,0,0,0,0,0,0,0,0,0,0,0,0,0,0,0,0,0,0,0,0,0,0,0,0,0,0,0,0,0,0,0,0,0,0,0,0,0,0,0,0,0,0,0,0,0,0,0,0,0,0,0,0,0,0,0,0,0,0,0,0,0,0,0,0,0,0,0,0,0,0,284.4658333333333,4,0.0,0.0,0.0,0.3361946803712126,0.0,0.0,0.0,0.4134437247568242,0.0,0.0,0.0,0.0,0.0,0.0,0.0,0.0,0.0,0.0,0.0,0.0,0.6623828142206097,0.5265799376870398,0.0,226,111,48,17,3,1
77766,1,0,2,94,5,1,1,944075.0,0,0,0,2113702.303991,0,2,0,14,48,0,0,0,0,0,0,0,0,0,0,0,0,0,0,0,0,0,0,0,0,0,0,0,0,0,0,0,0,0,0,0,0,0,0,0,0,0,0,0,0,0,0,0,0,0,0,0,0,0,0,0,0,0,0,0,0,0,0,0,0,0,0,0,0,0,0,0,0,0,0,0,0,0,0,0,0,0,0,0,0,0,0,0,0,0,0,0,0,0,0,0,0,0,0,1,0,0,0,0,0,0,0,0,0,0,0,0,0,0,0,0,0,0,0,0,0,0,0,0,0,0,0,0,0,0,0,0,0,0,0,0,0,0,0,0,0,0,0,0,0,0,0,0,0,0,0,0,0,0,0,1,1,0,3,292.41027777777776,4,0.0,0.0,0.0,0.0,0.0,0.0,0.0,0.0,0.0,0.3005045629095399,0.0,0.2910674125121106,0.0,0.0,0.3700252002188161,0.0,0.0,0.0,0.0,0.0,0.8294926884831935,0.0,0.0,216,112,41,21,3,1
77115,14,5,9,1027,115,7,3,250706.0,0,0,0,2116994.517093,20,9,0,14,96,0,0,0,0,0,0,0,0,0,0,0,0,0,0,0,0,0,0,0,0,0,0,0,0,0,0,0,0,0,0,0,0,0,0,0,0,0,0,0,0,0,0,0,0,0,0,0,0,0,0,0,0,0,0,0,0,0,0,0,0,0,0,0,0,0,0,0,0,0,0,0,0,0,0,0,0,0,0,0,0,0,0,0,0,0,0,0,0,0,0,0,0,0,0,0,0,0,0,0,0,0,0,0,0,0,0,0,0,0,0,0,0,0,0,0,0,0,0,0,0,0,0,0,0,0,0,0,0,0,0,0,0,0,0,0,0,0,0,0,0,0,0,0,0,0,0,0,0,0,0,0,0,0,0,1097.46,4,0.0,0.0,0.0,0.7368071250557631,0.0,0.0,0.0,0.0,0.0,0.0,0.0,0.0,0.0,0.0,0.0,0.0,0.5559965635527613,0.0,0.0,0.0,0.0,0.3846856922015443,0.0,9,110,28,0,4,1
77793,1,0,1,1,1,1,1,911665.0,0,0,0,2138506.35681,0,1,0,14,53,0,0,0,0,0,0,0,0,0,0,0,0,0,0,0,0,0,0,0,0,0,0,0,0,0,0,0,0,0,0,0,0,0,0,0,0,0,0,0,0,0,0,0,0,0,0,0,0,0,0,0,0,0,0,0,0,0,0,0,0,0,0,0,0,0,0,0,0,0,0,0,0,0,0,0,0,0,0,0,0,0,0,0,0,0,0,0,0,0,0,0,0,0,0,0,0,0,0,0,0,0,0,0,0,0,0,0,0,0,0,0,0,0,0,0,0,0,0,0,0,0,0,0,0,0,0,0,0,0,0,0,0,0,0,0,0,0,0,0,0,0,0,0,0,0,0,0,0,0,0,0,1,0,1,276.5316666666667,4,0.0,0.0,0.0,0.0,0.0,0.0,0.0,0.0,0.0,0.2968847515813867,0.0,0.287561279004964,0.0,0.0,0.0,0.0,0.0,0.0,0.0,0.0,0.2731669344990297,0.8686470980737173,0.0,224,108,47,26,3,1
76457,1,0,3,63,2,1,1,11.0,0,0,0,2169141.184492,0,3,0,14,65,0,0,0,0,0,0,0,0,0,0,0,0,0,0,0,0,0,0,0,0,0,0,0,0,0,0,0,0,0,0,0,0,0,0,0,0,0,0,0,0,0,0,0,0,0,0,0,0,0,0,0,0,0,0,0,0,0,0,0,0,0,0,0,0,0,0,0,0,0,0,0,0,0,0,0,0,0,0,0,0,0,0,0,0,0,0,0,0,0,0,0,0,0,0,0,0,0,0,0,0,0,0,0,0,0,0,0,0,0,0,0,0,0,0,0,0,0,0,0,0,0,0,0,0,0,0,0,0,0,0,0,0,0,0,0,0,0,0,0,0,0,0,0,0,0,0,0,0,0,0,0,0,0,0,1927.4619444444445,4,0.0,0.0,0.0,0.0,0.0,0.0,0.0,0.3487739718177368,0.0,0.607290491991727,0.0,0.0,0.0,0.0,0.0,0.0,0.0,0.0,0.0,0.0,0.5587746799529067,0.4442137232937015,0.0,5,110,6,0,4,1
77797,3,0,4,321,19,0,0,1384.0,0,0,0,2173227.538467,5,4,0,14,214,0,0,0,0,0,0,0,0,0,0,0,0,0,0,0,0,0,0,0,0,0,0,0,0,0,0,0,0,0,0,0,0,0,0,0,0,0,0,0,0,0,0,0,0,0,0,0,0,0,0,0,0,0,0,0,0,0,0,0,0,0,0,0,0,0,0,0,0,0,0,0,0,0,0,0,0,0,0,0,0,0,0,0,0,0,0,0,0,0,0,0,0,0,0,0,0,0,0,0,0,0,0,0,0,0,0,0,0,0,0,0,0,0,0,0,0,0,0,0,0,0,0,0,0,0,0,0,0,0,0,0,0,0,0,0,0,0,0,0,0,0,0,0,0,0,0,0,0,0,0,0,0,0,0,264.705,4,0.0,0.1209434808772007,0.1261550857252034,0.0947376242070843,0.0,0.0,0.1163196828661605,0.1165059369277965,0.0,0.1014309459333922,0.129131363391551,0.3929822921241376,0.2486947552375757,0.123642309137007,0.0,0.1043390023328609,0.0,0.435068261292943,0.0,0.4265497521011387,0.0933277321127957,0.5193546271694582,0.1195354131826201,220,109,48,11,3,1
77817,2,0,1,107,3,0,0,6.0,0,0,0,2182754.278093,4,1,0,14,43,0,0,0,0,0,0,0,0,0,0,0,0,0,0,0,0,0,0,0,0,0,0,0,0,0,0,0,0,0,0,0,0,0,0,0,0,0,0,0,0,0,0,0,0,0,0,0,0,0,0,0,0,0,0,0,0,0,0,0,0,0,0,0,0,0,0,0,0,0,0,0,0,0,0,0,0,0,0,0,0,0,0,0,0,0,0,0,0,0,0,0,0,0,0,0,0,0,0,0,0,0,0,0,0,0,0,0,0,0,0,0,0,0,0,0,0,0,0,0,0,0,0,0,0,0,0,0,0,0,0,0,0,0,0,0,0,0,0,0,0,0,0,0,0,0,0,0,0,0,0,0,0,0,0,239.7122222222222,4,0.0,0.4139365220340683,0.0,0.6484907228669582,0.0,0.0,0.0,0.0,0.0,0.0,0.0,0.0,0.0,0.0,0.0,0.0,0.0,0.0,0.0,0.0,0.638839837582026,0.0,0.0,218,108,55,5,4,1
77816,3,3,2,79,3,3,1,16.0,0,0,0,2182903.05997,2,2,0,14,150,0,0,0,0,0,0,0,0,0,0,0,0,0,0,0,0,0,0,0,0,0,0,0,0,0,0,0,0,0,0,0,0,0,0,0,0,0,0,0,0,0,0,0,0,0,0,0,0,0,0,0,0,0,0,0,0,0,0,0,0,0,0,0,0,0,0,0,0,0,0,0,0,0,0,0,0,0,0,0,0,0,0,0,0,0,0,0,0,0,0,0,0,0,0,0,0,0,0,0,0,0,0,0,0,0,0,0,0,0,0,0,0,0,0,0,0,0,0,0,0,0,0,0,0,0,0,0,0,0,0,0,0,0,0,0,0,0,0,0,0,0,0,0,0,0,0,0,0,0,0,0,0,0,0,239.83083333333337,4,0.0,0.1413510081020691,0.1474419986519671,0.1107232782597276,0.0,0.0,0.1359470086026295,0.1361646904419845,0.0,0.0,0.1509204817043697,0.459292578278026,0.145329264990402,0.0,0.0,0.1219447551628579,0.0,0.5084799683367214,0.0,0.4985240794119528,0.109075486519343,0.3468505623118992,0.0,217,107,54,12,4,1
77261,4,0,4,333,16,2,2,92.0,0,0,0,2184053.274213,5,4,0,14,296,0,0,0,0,0,0,0,0,0,0,0,0,0,0,0,0,0,0,0,0,0,0,0,0,0,0,0,0,0,0,0,0,0,0,0,0,0,0,0,0,0,0,0,0,0,0,0,0,0,0,0,0,0,0,0,0,0,0,0,0,0,0,0,0,0,0,0,0,0,0,0,0,0,0,0,0,0,0,0,0,0,0,0,0,0,0,0,0,0,0,0,0,0,0,0,0,0,0,0,0,0,0,0,0,0,0,0,0,0,0,0,0,0,0,0,0,0,0,0,0,0,0,0,0,0,0,0,0,0,0,0,0,0,0,0,0,0,0,0,0,0,0,0,0,0,0,0,0,0,0,0,0,0,0,839.0527777777778,4,0.0,0.1669968885934584,0.1741929919954987,0.7848734810956712,0.0,0.0,0.0,0.0804347982565608,0.0,0.2100814230140237,0.0,0.1356559683520485,0.0,0.0,0.0,0.0,0.2221003350842289,0.1501838822454951,0.0,0.2208649886951946,0.1288654896425981,0.102445262843744,0.3301053009793784,9,106,35,0,0,1
76199,9,0,2,72,4,2,1,107215.0,0,0,0,2184970.646338,0,2,0,14,276,0,0,0,0,0,0,0,0,0,0,0,0,0,0,0,0,0,0,0,0,0,0,0,0,0,0,0,0,0,0,0,0,0,0,0,0,0,0,0,0,0,0,0,0,0,0,0,0,0,0,0,0,0,0,0,0,0,0,0,0,0,0,0,0,0,0,0,0,0,0,0,0,0,0,0,0,0,0,0,0,0,0,0,0,0,1,0,0,0,0,0,0,0,0,0,0,0,0,0,0,0,0,0,0,0,0,0,0,0,0,0,0,0,0,0,0,0,0,0,0,0,0,0,0,0,0,0,0,0,0,0,0,0,0,0,0,0,0,0,0,0,0,0,0,0,0,0,0,0,1,0,0,0,2,2222.7319444444443,4,0.0,0.0,0.0,0.0,0.0,0.0,0.0,0.0,0.0,0.0,0.0,0.1903603150532853,0.0,0.0,0.2419993124045725,0.0,0.2077760395097556,0.0,0.0,0.0,0.3616630437401678,0.7187856438443702,0.4632228854989789,2,103,3,0,6,0
77799,1,0,1,12,4,0,0,9.0,0,0,0,2185207.194173,5,1,0,14,0,0,0,0,0,0,0,0,0,0,0,0,0,0,0,0,0,0,0,0,0,0,0,0,0,0,0,0,0,0,0,0,0,0,0,0,0,0,0,0,0,0,0,0,0,0,0,0,0,0,0,0,0,0,0,0,0,0,0,0,0,0,0,0,0,0,0,0,0,0,0,0,0,0,0,0,0,0,0,0,0,0,0,0,0,0,0,0,0,0,0,0,0,0,0,0,0,0,0,0,0,0,0,0,0,0,0,0,0,0,0,0,0,0,0,0,0,0,0,0,0,0,0,0,0,0,0,0,0,0,0,0,0,0,0,0,0,0,0,0,0,0,0,0,0,0,0,0,0,0,0,0,0,0,0,252.1505555555555,4,0.0,0.0,0.0,0.0,0.0,0.0,0.0,0.0,0.0,0.0,0.0,0.0,0.0,0.0,0.0,0.0,0.0,0.0,0.0,0.0,0.0,0.0,0.0,216,105,44,5,4,1
77828,2,0,1,325,4,2,2,347053.0,0,0,0,2191585.703803,0,1,0,14,40,0,0,0,0,0,0,0,0,0,0,0,0,0,0,0,0,0,0,0,0,0,0,0,0,0,0,0,0,0,0,0,0,0,0,0,0,0,0,0,0,0,0,0,0,0,0,0,0,0,0,0,0,0,0,0,0,0,0,0,0,0,0,0,0,0,0,0,0,0,0,0,0,0,0,0,0,0,0,0,0,0,0,0,0,0,1,0,0,0,0,0,0,0,0,0,0,0,0,0,0,0,0,0,0,0,0,0,0,0,0,0,0,0,0,0,0,0,0,0,0,0,0,0,0,0,0,0,0,0,0,0,0,0,0,0,0,0,0,0,0,0,0,0,0,0,0,0,0,0,1,0,0,0,2,176.13444444444443,4,0.0,0.0,0.0,0.0,0.0,0.0,0.0,0.0,0.0,0.0,0.0,0.0,0.0,0.0,0.0,0.0,0.521834007436435,0.0,0.0,0.0,0.4541622698697393,0.7220982629182796,0.0,205,102,59,10,0,1
76594,6,12,3,60,1,3,0,5172451.0,0,0,0,2194014.960225,1,3,0,14,19,0,0,0,0,0,0,0,0,0,0,0,0,0,0,0,0,0,0,0,0,0,0,0,0,0,0,0,0,0,0,0,0,0,0,0,0,0,0,0,0,0,0,0,0,0,0,0,0,0,0,0,0,0,0,0,0,0,0,0,0,0,0,0,0,0,0,0,0,0,0,0,0,0,0,0,0,0,0,0,0,0,0,0,0,0,0,0,0,0,0,0,0,0,0,0,0,0,0,0,0,0,0,0,0,0,0,0,0,0,0,0,0,0,0,0,0,0,0,0,0,0,0,0,0,0,0,0,0,0,0,0,0,0,0,0,0,0,0,0,0,0,0,0,0,0,0,0,0,0,0,0,0,0,0,1767.4611111111112,4,0.0,0.0,0.0,0.0,0.0,0.0,0.0,0.0,0.0,0.0,0.0,0.0,0.0,0.0,0.0,0.0,0.5191597780443472,0.0,0.0,0.5162721544984586,0.0,0.3591988722089251,0.5787161286453834,6,101,10,0,4,1
77827,1,0,1,56,4,1,1,605385.0,0,0,0,2198195.71336,1,1,0,14,53,0,0,0,0,0,0,0,0,0,0,0,0,0,0,0,0,0,0,0,0,0,0,0,0,0,0,0,0,0,0,0,0,0,0,0,0,0,0,0,0,0,0,0,0,0,0,0,0,0,0,0,0,0,0,0,0,0,0,0,0,0,0,0,0,0,0,0,0,0,0,0,0,0,0,0,0,0,0,0,0,0,0,0,0,0,0,0,0,0,0,0,0,0,0,1,0,0,0,0,0,0,0,0,0,0,0,0,0,0,0,0,0,0,0,0,0,0,0,0,0,0,0,0,0,0,0,0,0,0,0,0,0,0,0,0,0,0,0,0,0,0,0,0,0,0,0,0,0,0,0,1,1,0,3,174.88805555555555,4,0.0,0.0,0.0,0.0,0.0,0.0,0.0,0.0,0.0,0.5643862066071434,0.0,0.2733310123881843,0.0,0.0,0.0,0.0,0.0,0.0,0.0,0.0,0.7789469606195593,0.0,0.0,204,101,58,29,0,1
77814,1,0,1,23,3,2,2,8.0,0,0,0,2198397.772216,0,1,0,14,61,0,0,0,0,0,0,0,0,0,0,0,0,0,0,0,0,0,0,0,0,0,0,0,0,0,0,0,0,0,0,0,0,0,0,0,0,0,0,0,0,0,0,0,0,0,0,0,0,0,0,0,0,0,0,0,0,0,0,0,0,0,0,0,0,0,0,0,0,0,0,0,0,0,0,0,0,0,0,0,0,0,0,0,0,0,0,0,0,0,0,0,0,0,0,0,0,0,0,0,0,0,0,0,0,0,0,0,0,0,0,0,0,0,0,0,0,0,0,0,0,0,0,0,0,0,0,0,0,0,0,0,0,0,0,0,0,0,0,0,0,0,0,0,0,0,0,0,0,0,0,0,0,0,0,236.1038888888889,4,0.0,0.0,0.0,0.4905324748741871,0.0,0.0,0.0,0.0,0.0,0.5251891564092671,0.0,0.0,0.0,0.3200975769012372,0.0,0.0,0.0,0.0,0.0,0.0,0.4832323355250605,0.3841592016975244,0.0,219,100,53,16,4,1
77781,1,0,1,46,3,1,1,25.0,0,0,0,2198409.073416,0,1,0,14,68,0,0,0,0,0,0,0,0,0,0,0,0,0,0,0,0,0,0,0,0,0,0,0,0,0,0,0,0,0,0,0,0,0,0,0,0,0,0,0,0,0,0,0,0,0,0,0,0,0,0,0,0,0,0,0,0,0,0,0,0,0,0,0,0,0,0,0,0,0,0,0,0,0,0,0,0,0,0,0,0,0,0,0,0,0,0,0,0,0,0,0,0,0,0,0,0,0,0,0,0,0,0,0,0,0,0,0,0,0,0,0,0,0,0,0,0,0,0,0,0,0,0,0,0,0,0,0,0,0,0,0,0,0,0,0,0,0,0,0,0,0,0,0,0,0,0,0,0,0,0,0,0,0,0,263.05055555555555,4,0.0,0.0,0.0,0.5315279889992511,0.0,0.0,0.0,0.0,0.0,0.2845405252955256,0.0,0.2756047151188737,0.0,0.3468492506586559,0.350367940584444,0.0,0.0,0.0,0.0,0.0,0.5236177514789916,0.2081323647187827,0.0,222,99,45,14,3,1
77796,1,0,5,118,11,1,1,6.0,0,0,0,2199609.773142,0,5,0,14,66,0,0,0,0,0,0,0,0,0,0,0,0,0,0,0,0,0,0,0,0,0,0,0,0,0,0,0,0,0,0,0,0,0,0,0,0,0,0,0,0,0,0,0,0,0,0,0,0,0,0,0,0,0,0,0,0,0,0,0,0,0,0,0,0,0,0,0,0,0,0,0,0,0,0,0,0,0,0,0,0,0,0,0,0,0,0,0,0,0,0,0,0,0,0,0,0,0,0,0,0,0,0,0,0,0,0,0,0,0,0,0,0,0,0,0,0,0,0,0,0,0,0,0,0,0,0,0,0,0,0,0,0,0,0,0,0,0,0,0,0,0,0,0,0,0,0,0,0,0,0,0,0,0,0,257.49194444444447,4,0.0,0.0,0.3981369791287473,0.2989855802864996,0.0,0.0,0.0,0.3676849134725797,0.0,0.0,0.0,0.0,0.0,0.0,0.3941653655027878,0.0,0.3384229390667353,0.0,0.0,0.0,0.5890721110247272,0.0,0.0,219,98,48,3,3,1
77813,1,0,1,23,3,1,1,9.0,0,0,0,2198443.872144,2,1,0,14,16,0,0,0,0,0,0,0,0,0,0,0,0,0,0,0,0,0,0,0,0,0,0,0,0,0,0,0,0,0,0,0,0,0,0,0,0,0,0,0,0,0,0,0,0,0,0,0,0,0,0,0,0,0,0,0,0,0,0,0,0,0,0,0,0,0,0,0,0,0,0,0,0,0,0,0,0,0,0,0,0,0,0,0,0,0,0,0,0,0,0,0,0,0,0,0,0,0,0,0,0,0,0,0,0,0,0,0,0,0,0,0,0,0,0,0,0,0,0,0,0,0,0,0,0,0,0,0,0,0,0,0,0,0,0,0,0,0,0,0,0,0,0,0,0,0,0,0,0,0,0,0,0,0,0,237.4111111111111,4,0.0,0.0,0.0,0.0,0.0,0.0,0.0,0.0,0.0,0.0,0.0,0.0,0.0,0.0,0.0,0.0,0.0,0.0,0.0,0.0,0.0,0.0,0.0,219,98,52,15,4,1
77811,2,0,3,62,5,1,1,152.0,0,0,0,2200902.809294,0,3,0,14,74,0,0,0,0,0,0,0,0,0,0,0,0,0,0,0,0,0,0,0,0,0,0,0,0,0,0,0,0,0,0,0,0,0,0,0,0,0,0,0,0,0,0,0,0,0,0,0,0,0,0,0,0,0,0,0,0,0,0,0,0,0,0,0,0,0,0,0,0,0,0,0,0,0,0,0,0,0,0,0,0,0,0,0,0,0,0,0,0,0,0,0,0,0,0,0,0,0,0,0,0,0,0,0,0,0,0,0,0,0,0,0,0,0,0,0,0,0,0,0,0,0,0,0,0,0,0,0,0,0,0,0,0,0,0,0,0,0,0,0,0,0,0,0,0,0,0,0,0,0,0,0,0,0,0,238.3125,4,0.0,0.0,0.0,0.0,0.0,0.0,0.0,0.3561552722871361,0.0,0.0,0.0,0.0,0.0,0.0,0.3818053663147459,0.0,0.0,0.33249776610163,0.0,0.3259875571786123,0.5706003439665627,0.2268074345525246,0.3654162933893722,221,96,51,13,4,1
77782,2,0,1,1,1,1,1,844.0,0,0,0,2201930.004271,1,1,0,14,8,0,0,0,0,0,0,0,0,0,0,0,0,0,0,0,0,0,0,0,0,0,0,0,0,0,0,0,0,0,0,0,0,0,0,0,0,0,0,0,0,0,0,0,0,0,0,0,0,0,0,0,0,0,0,0,0,0,0,0,0,0,0,0,0,0,0,0,0,0,0,0,0,0,0,0,0,0,0,0,0,0,0,0,0,0,0,0,0,0,0,0,0,0,0,0,0,0,0,0,0,0,0,0,0,0,0,0,0,0,0,0,0,0,0,0,0,0,0,0,0,0,0,0,0,0,0,0,0,0,0,0,0,0,0,0,0,0,0,0,0,0,0,0,0,0,0,0,0,0,0,0,0,0,0,261.2638888888889,4,0.0,0.0,0.0,0.0,0.0,0.0,0.0,0.0,0.0,0.0,0.0,0.0,0.0,0.0,0.0,0.0,0.0,0.0,0.0,0.0,0.0,0.0,0.0,222,95,45,2,3,1
77777,2,2,1,5,1,3,2,6735.0,0,0,0,2201982.497296,0,1,0,14,14,0,0,0,0,0,0,0,0,0,0,0,0,0,0,0,0,0,0,0,0,0,0,0,0,0,0,0,0,0,0,0,0,0,0,0,0,0,0,0,0,0,0,0,0,0,0,0,0,0,0,0,0,0,0,0,0,0,0,0,0,0,0,0,0,0,0,0,0,0,0,0,0,0,0,0,0,0,0,0,0,0,0,0,0,0,0,0,0,0,0,0,0,0,0,0,0,0,0,0,0,0,0,0,0,0,0,0,0,0,0,0,0,0,0,0,0,0,0,0,0,0,0,0,0,0,0,0,0,0,0,0,0,0,0,0,0,0,0,0,0,0,0,0,0,0,0,0,0,0,0,0,0,0,0,263.3436111111111,4,1.0,0.0,0.0,0.0,0.0,0.0,0.0,0.0,0.0,0.0,0.0,0.0,0.0,0.0,0.0,0.0,0.0,0.0,0.0,0.0,0.0,0.0,0.0,221,94,44,1,3,1
77818,1,0,7,443,17,0,0,579503.0,0,0,0,2205682.120789,16,7,0,14,22,0,0,0,0,0,0,0,0,0,0,0,0,0,0,0,0,0,0,0,0,0,0,0,0,0,0,0,0,0,0,0,0,0,0,0,0,0,0,0,0,0,0,0,0,0,0,0,0,0,0,0,0,0,0,0,0,0,0,0,0,0,0,0,0,0,0,0,0,0,0,0,0,0,0,0,0,0,0,0,0,0,0,0,0,0,0,0,0,0,0,0,0,0,0,0,0,0,0,0,0,0,0,0,0,0,0,0,0,0,0,0,0,0,0,0,0,0,0,0,0,0,0,0,0,0,0,0,0,0,0,0,0,0,0,0,0,0,0,0,0,0,0,0,0,0,0,0,0,0,0,0,0,0,0,232.91722222222225,4,0.0,0.0,0.0,0.0,0.0,0.0,0.0,0.0,0.0,0.0,0.0,0.0,0.0,1.0,0.0,0.0,0.0,0.0,0.0,0.0,0.0,0.0,0.0,219,90,56,22,4,1
77802,3,0,1,56,4,1,1,8.0,0,0,0,2210634.437486,2,1,0,14,80,0,0,0,0,0,0,0,0,0,0,0,0,0,0,0,0,0,0,0,0,0,0,0,0,0,0,0,0,0,0,0,0,0,0,0,0,0,0,0,0,0,0,0,0,0,0,0,0,0,0,0,0,0,0,0,0,0,0,0,0,0,0,0,0,0,0,0,0,0,0,0,0,0,0,0,0,0,0,0,0,0,0,0,0,0,0,0,0,0,0,0,0,0,0,0,0,0,0,0,0,0,0,0,0,0,0,0,0,0,0,0,0,0,0,0,0,0,0,0,0,0,0,0,0,0,0,0,0,0,0,0,0,0,0,0,0,0,0,0,0,0,0,0,0,0,0,0,0,0,0,0,0,0,0,239.33694444444444,4,0.0,0.0,0.0,0.6825829040288234,0.0,0.0,0.0,0.0,0.0,0.7308081684871741,0.0,0.0,0.0,0.0,0.0,0.0,0.0,0.0,0.0,0.0,0.0,0.0,0.0,218,89,47,27,4,1
77800,1,0,1,34,3,1,1,24.0,0,0,0,2223021.727581,0,1,0,14,40,0,0,0,0,0,0,0,0,0,0,0,0,0,0,0,0,0,0,0,0,0,0,0,0,0,0,0,0,0,0,0,0,0,0,0,0,0,0,0,0,0,0,0,0,0,0,0,0,0,0,0,0,0,0,0,0,0,0,0,0,0,0,0,0,0,0,0,0,0,0,0,0,0,0,0,0,0,0,0,0,0,0,0,0,0,0,0,0,0,0,0,0,0,0,0,0,0,0,0,0,0,0,0,0,0,0,0,0,0,0,0,0,0,0,0,0,0,0,0,0,0,0,0,0,0,0,0,0,0,0,0,0,0,0,0,0,0,0,0,0,0,0,0,0,0,0,0,0,0,0,0,0,0,0,239.32694444444445,4,0.4406166376963888,0.0,0.0,0.0,0.0,0.0,0.0,0.0,0.0,0.0,0.0,0.0,0.0,0.4781461514918964,0.4829968122418158,0.0,0.0,0.0,0.0,0.0,0.3609144495008757,0.0,0.4622640759396534,216,90,45,9,4,1
77764,1,0,1,46,2,1,1,88142.0,0,0,0,2223068.216217,4,1,0,14,1,0,0,0,0,0,0,0,0,0,0,0,0,0,0,0,0,0,0,0,0,0,0,0,0,0,0,0,0,0,0,0,0,0,0,0,0,0,0,0,0,0,0,0,0,0,0,0,0,0,0,0,0,0,0,0,0,0,0,0,0,0,0,0,0,0,0,0,0,0,0,0,0,0,0,0,0,0,0,0,0,0,0,0,0,0,1,0,0,0,0,0,0,0,0,0,0,0,0,0,0,0,0,0,0,0,0,0,0,0,0,0,0,0,0,0,0,0,0,0,0,0,0,0,0,0,0,0,0,0,0,0,0,0,0,0,0,0,0,0,0,0,0,0,0,0,0,0,0,0,1,0,0,0,2,262.6502777777778,4,0.0,0.0,0.0,0.0,0.0,0.0,0.0,0.0,0.0,0.0,0.0,0.0,0.0,0.0,0.0,0.0,0.0,0.0,0.0,0.0,0.0,0.0,0.0,214,89,39,7,3,1
77791,1,0,2,37,3,1,1,673650.0,0,0,0,2228079.240383,0,2,0,14,28,0,0,0,0,0,0,0,0,0,0,0,0,0,0,0,0,0,0,0,0,0,0,0,0,0,0,0,0,0,0,0,0,0,0,0,0,0,0,0,0,0,0,0,0,0,0,0,0,0,0,0,0,0,0,0,0,0,0,0,0,0,0,0,0,0,0,0,0,0,0,0,0,0,0,0,0,0,0,0,0,0,0,0,0,0,0,0,0,0,0,0,0,0,0,0,0,0,0,0,0,0,0,0,0,0,0,0,0,0,0,0,0,0,0,0,0,0,0,0,0,0,0,0,0,0,0,0,0,0,0,0,0,0,0,0,0,0,0,0,0,0,0,0,0,0,0,0,0,0,0,0,0,0,0,252.33027777777775,4,0.0,0.0,0.0,0.0,0.0,0.0,0.0,0.0,0.0,0.0,0.0,0.7980097845746185,0.0,0.0,0.0,0.0,0.0,0.0,0.0,0.0,0.0,0.602644491987748,0.0,226,87,47,24,3,1
77807,1,3,2,18,2,2,1,571.0,0,0,0,2228113.559514,0,2,0,14,11,0,0,0,0,0,0,0,0,0,0,0,0,0,0,0,0,0,0,0,0,0,0,0,0,0,0,0,0,0,0,0,0,0,0,0,0,0,0,0,0,0,0,0,0,0,0,0,0,0,0,0,0,0,0,0,0,0,0,0,0,0,0,0,0,0,0,0,0,0,0,0,0,0,0,0,0,0,0,0,0,0,0,0,0,0,0,0,0,0,0,0,0,0,0,0,0,0,0,0,0,0,0,0,0,0,0,0,0,0,0,0,0,0,0,0,0,0,0,0,0,0,0,0,0,0,0,0,0,0,0,0,0,0,0,0,0,0,0,0,0,0,0,0,0,0,0,0,0,0,0,0,0,0,0,233.46694444444444,4,0.0,0.0,0.0,0.0,0.0,0.0,0.0,0.0,0.0,0.0,0.0,0.0,0.0,0.0,0.0,0.0,0.0,0.0,0.0,0.0,0.0,0.0,0.0,221,86,50,28,4,1
77752,7,0,5,123,8,1,1,558.0,0,0,0,2236822.192344,1,5,0,14,87,0,0,0,0,0,0,0,0,0,0,0,0,0,0,0,0,0,0,0,0,0,0,0,0,0,0,0,0,0,0,0,0,0,0,0,0,0,0,0,0,0,0,0,0,0,0,0,0,0,0,0,0,0,0,0,0,0,0,0,0,0,0,0,0,0,0,0,0,0,0,0,0,0,0,0,0,0,0,0,0,0,0,0,0,0,0,0,0,0,0,0,0,0,0,0,0,0,0,0,0,0,0,0,0,0,0,0,0,0,0,0,0,0,0,0,0,0,0,0,0,0,0,0,0,0,0,0,0,0,0,0,0,0,0,0,0,0,0,0,0,0,0,0,0,0,0,0,0,0,0,0,0,0,0,271.68055555555554,4,0.0,0.0,0.0,0.0,0.0,0.0,0.0,0.0,0.0,0.0,0.0,0.0,0.0,0.0,0.0,0.0,0.0,0.0,0.0,0.0,0.0,0.0,1.0,217,85,47,11,2,1
77805,1,0,1,37,8,0,0,13.0,0,0,0,2239264.448807,2,1,0,14,5,0,0,0,0,0,0,0,0,0,0,0,0,0,0,0,0,0,0,0,0,0,0,0,0,0,0,0,0,0,0,0,0,0,0,0,0,0,0,0,0,0,0,0,0,0,0,0,0,0,0,0,0,0,0,0,0,0,0,0,0,0,0,0,0,0,0,0,0,0,0,0,0,0,0,0,0,0,0,0,0,0,0,0,0,0,0,0,0,0,0,0,0,0,0,0,0,0,0,0,0,0,0,0,0,0,0,0,0,0,0,0,0,0,0,0,0,0,0,0,0,0,0,0,0,0,0,0,0,0,0,0,0,0,0,0,0,0,0,0,0,0,0,0,0,0,0,0,0,0,0,0,0,0,0,231.88055555555556,4,0.0,0.0,0.0,0.0,0.0,0.0,0.0,0.0,0.0,0.0,0.0,0.0,0.0,0.0,0.0,0.0,0.0,0.0,0.0,0.0,0.0,1.0,0.0,219,83,48,17,4,1
77806,8,0,5,1658,26,0,0,119.0,0,0,0,2239287.13143,3,5,0,14,60,0,0,0,0,0,0,0,0,0,0,0,0,0,0,0,0,0,0,0,0,0,0,0,0,0,0,0,0,0,0,0,0,0,0,0,0,0,0,0,0,0,0,0,0,0,0,0,0,0,0,0,0,0,0,0,0,0,0,0,0,0,0,0,0,0,0,0,0,0,0,0,0,0,0,0,0,0,0,0,0,0,0,0,0,0,0,0,0,0,0,0,0,0,0,0,0,0,0,0,0,0,0,0,0,0,0,0,0,0,0,0,0,0,0,0,0,0,0,0,0,0,0,0,0,0,0,0,0,0,0,0,0,0,0,0,0,0,0,0,0,0,0,0,0,0,0,0,0,0,0,0,0,0,0,231.6575,4,0.0,0.0,0.0,0.0,0.0,0.0,0.0,0.0,0.0,0.0,0.0,0.0,0.0,0.8574680420316001,0.0,0.0,0.0,0.0,0.0,0.0,0.0,0.5145372259559982,0.0,220,82,49,18,4,1
77605,3,0,1,414,7,0,0,17.0,0,0,0,3147304.027134,1,1,0,14,40,0,0,0,0,0,0,0,0,0,0,0,0,0,0,0,0,0,0,0,0,0,0,0,0,0,0,0,0,0,0,0,0,0,0,0,0,0,0,0,0,0,0,0,0,0,0,0,0,0,0,0,0,0,0,0,0,0,0,0,0,0,0,0,0,0,0,0,0,0,0,0,0,0,0,0,0,0,0,0,0,0,0,0,0,0,0,0,0,0,0,0,0,0,0,0,0,0,0,0,0,0,0,0,0,0,0,0,0,0,0,0,0,0,0,0,0,0,0,0,0,0,0,0,0,0,0,0,0,0,0,0,0,0,0,0,0,0,0,0,0,0,0,0,0,0,0,0,0,0,0,0,0,0,0,185.3372222222222,4,0.0,0.0,0.0,0.0,0.0,0.0,0.0,0.0,0.0,1.0,0.0,0.0,0.0,0.0,0.0,0.0,0.0,0.0,0.0,0.0,0.0,0.0,0.0,178,229,45,1,3,1
76743,12,0,1,111,2,1,1,7.0,0,0,0,3172175.927019,3,1,0,14,38,0,0,0,0,0,0,0,0,0,0,0,0,0,0,0,0,0,0,0,0,0,0,0,0,0,0,0,0,0,0,0,0,0,0,0,0,0,0,0,0,0,0,0,0,0,0,0,0,0,0,0,0,0,0,0,0,0,0,0,0,0,0,0,0,0,0,0,0,0,0,0,0,0,0,0,0,0,0,0,0,0,0,0,0,0,0,0,0,0,0,0,0,0,0,0,0,0,0,0,0,0,0,0,0,0,0,0,0,0,0,0,0,0,0,0,0,0,0,0,0,0,0,0,0,0,0,0,0,0,0,0,0,0,0,0,0,0,0,0,0,0,0,0,0,0,0,0,0,0,0,0,0,0,0,1326.1672222222223,4,0.0,0.0,0.0,0.0,0.0,0.0,0.0,0.0,0.0,0.0,0.0,0.0,0.0,0.0,0.0,0.0,0.0,0.0,0.0,0.0,0.0,1.0,0.0,10,228,16,1,4,1
77174,2,3,5,198,7,2,1,2438602.0,0,0,0,3251668.538214,4,5,0,14,64,0,0,0,0,0,0,0,0,0,0,0,0,0,0,0,0,0,0,0,0,0,0,0,0,0,0,0,0,0,0,0,0,0,0,0,0,0,0,0,0,0,0,0,0,0,0,0,0,0,0,0,0,0,0,0,0,0,0,0,0,0,0,0,0,0,0,0,0,0,0,0,0,0,0,0,0,0,0,0,0,0,0,0,0,0,0,0,0,0,0,0,0,0,0,0,0,0,0,0,0,0,0,0,0,0,0,0,0,0,0,0,0,0,0,0,0,0,0,0,0,0,0,0,0,0,0,0,0,0,0,0,0,0,0,0,0,0,0,0,0,0,0,0,0,0,0,0,0,0,0,0,0,0,0,687.9905555555556,4,0.0,0.0,0.0,0.6019714017442734,0.0,0.0,0.0,0.0,0.0,0.644501371179687,0.0,0.0,0.0,0.0,0.0,0.0,0.0,0.0,0.0,0.0,0.0,0.4714323005793492,0.0,10,226,32,0,1,1
76665,5,1,2,33,4,1,0,1506092.0,0,0,0,3386943.651001,5,2,0,14,51,0,0,0,0,0,0,0,0,0,0,0,0,0,0,0,0,0,0,0,0,0,0,0,0,0,0,0,0,0,0,0,0,0,0,0,0,0,0,0,0,0,0,0,0,0,0,0,0,0,0,0,0,0,0,0,0,0,0,0,0,0,0,0,0,0,0,0,0,0,0,0,0,0,0,0,0,0,0,0,0,0,0,0,0,0,0,0,0,0,0,0,0,0,0,0,0,0,0,0,0,0,0,0,0,0,0,0,0,0,0,0,0,0,0,0,0,0,0,0,0,0,0,0,0,0,0,0,0,0,0,0,0,0,0,0,0,0,0,0,0,0,0,0,0,0,0,0,0,0,0,0,0,0,0,1337.9219444444443,4,0.6776578498020345,0.0,0.0,0.0,0.0,0.0,0.0,0.0,0.0,0.0,0.0,0.0,0.0,0.7353773443625276,0.0,0.0,0.0,0.0,0.0,0.0,0.0,0.0,0.0,9,224,14,0,1,1
76740,30,3,4,1565,733,2,1,45.0,0,0,0,3408597.215259,22,4,0,14,438,0,0,0,0,0,0,0,0,0,0,0,0,0,0,0,0,0,0,0,0,0,0,0,0,0,0,0,0,0,0,0,0,0,0,0,0,0,0,0,0,0,0,0,0,0,0,0,0,0,0,0,0,0,0,0,0,0,0,0,0,0,0,0,0,0,0,0,0,0,0,0,0,0,0,0,0,0,0,0,0,0,0,0,0,0,0,0,0,0,0,0,0,0,0,0,0,0,0,0,0,0,0,0,0,0,0,0,0,0,0,0,0,0,0,0,0,0,0,0,0,0,0,0,0,0,0,0,0,0,0,0,0,0,0,0,0,0,0,0,0,0,0,0,0,0,0,0,0,0,0,0,0,0,0,889.0983333333334,4,0.0599370349184785,0.0,0.0,0.2491841494952284,0.0,0.0,0.0,0.0,0.0,0.0,0.1358593873519439,0.0,0.0,0.0650421707358528,0.1314040112157516,0.0,0.0564105012423756,0.0,0.0,0.0,0.883712783424259,0.273207064544385,0.1886452010029055,9,3,15,0,4,1
76460,14,4,1,35,5,4,3,894679.0,0,0,0,3697109.618454,5,1,0,14,100,0,0,0,0,0,0,0,0,0,0,0,0,0,0,0,0,0,0,0,0,0,0,0,0,0,0,0,0,0,0,0,0,0,0,0,0,0,0,0,0,0,0,0,0,0,0,0,0,0,0,0,0,0,0,0,0,0,0,0,0,0,0,0,0,0,0,0,0,0,0,0,0,0,0,0,0,0,0,0,0,0,0,0,0,0,0,0,0,0,0,0,0,0,0,0,0,0,0,0,0,0,0,0,0,0,0,0,0,0,0,0,0,0,0,0,0,0,0,0,0,0,0,0,0,0,0,0,0,0,0,0,0,0,0,0,0,0,0,0,0,0,0,0,0,0,0,0,0,0,0,0,0,0,0,1500.4916666666666,4,0.3363224759892024,0.0,0.0,0.0,0.0,0.0,0.0,0.0,0.0,0.0,0.0,0.0,0.0,0.0,0.7373424872802561,0.3079890218655083,0.0,0.0,0.0,0.0,0.2754858325618994,0.2190052480676115,0.3528459555991912,6,198,7,1,4,1
77300,3,1,1,147,2,1,0,17.0,0,0,0,3723335.779208,2,1,0,14,64,0,0,0,0,0,0,0,0,0,0,0,0,0,0,0,0,0,0,0,0,0,0,0,0,0,0,0,0,0,0,0,0,0,0,0,0,0,0,0,0,0,0,0,0,0,0,0,0,0,0,0,0,0,0,0,0,0,0,0,0,0,0,0,0,0,0,0,0,0,0,0,0,0,0,0,0,0,0,0,0,0,0,0,0,0,0,0,0,0,0,0,0,0,0,0,0,0,0,0,0,0,0,0,0,0,0,0,0,0,0,0,0,0,0,0,0,0,0,0,0,0,0,0,0,0,0,0,0,0,0,0,0,0,0,0,0,0,0,0,0,0,0,0,0,0,0,0,0,0,0,0,0,0,0,368.5975,4,0.0,0.0,0.0,0.0,0.0,0.0,0.0,0.0,0.0,0.6358699920238979,0.0,0.6159009083938831,0.0,0.0,0.0,0.0,0.0,0.0,0.0,0.0,0.0,0.4651187206328268,0.0,13,193,39,1,2,1
77412,5,7,3,592,15,2,1,508334.0,0,0,0,3719261.954077,8,3,0,14,5,0,0,0,0,0,0,0,0,0,0,0,0,0,0,0,0,0,0,0,0,0,0,0,0,0,0,0,0,0,0,0,0,0,0,0,0,0,0,0,0,0,0,0,0,0,0,0,0,0,0,0,0,0,0,0,0,0,0,0,0,0,0,0,0,0,0,0,0,0,0,0,0,0,0,0,0,0,0,0,0,0,0,0,0,0,0,0,0,0,0,0,0,0,0,0,0,0,0,0,0,0,0,0,0,0,0,0,0,0,0,0,0,0,0,0,0,0,0,0,0,0,0,0,0,0,0,0,0,0,0,0,0,0,0,0,0,0,0,0,0,0,0,0,0,0,0,0,0,0,0,0,0,0,0,218.29194444444445,4,0.0,0.0,0.0,0.0,0.0,0.0,0.0,0.0,0.0,0.0,0.0,0.0,0.0,0.0,0.0,0.0,0.0,0.0,0.0,0.0,0.0,0.0,0.0,43,194,64,3,2,1
76257,4,0,1,10,4,1,1,5903749.0,0,0,0,3744519.678457,1,1,0,14,112,0,0,0,0,0,0,0,0,0,0,0,0,0,0,0,0,0,0,0,0,0,0,0,0,0,0,0,0,0,0,0,0,0,0,0,0,0,0,0,0,0,0,0,0,0,0,0,0,0,0,0,0,0,0,0,0,0,0,0,0,0,0,0,0,0,0,0,0,0,0,0,0,0,0,0,0,0,0,0,0,0,0,0,0,0,0,0,0,0,0,0,0,0,0,0,0,0,0,0,0,0,0,0,0,0,0,0,0,0,0,0,0,0,0,0,0,0,0,0,0,0,0,0,0,0,0,0,0,0,0,0,0,0,0,0,0,0,0,0,0,0,0,0,0,0,0,0,0,0,0,0,0,0,0,1701.1922222222222,4,0.0,0.1367980909413862,0.1426928906344057,0.1071568805350523,0.0,0.0,0.1315681543113076,0.1317788246167849,0.0,0.0,0.1460593317184129,0.4444987604659426,0.1406482081418619,0.0,0.0,0.1180169135726844,0.0,0.4921018242768498,0.0,0.4824666146181442,0.1055621641804945,0.4195981284756007,0.0,2,184,3,0,2,1
77445,7,6,1,60,3,2,1,26462.0,0,0,0,3769469.93017,5,1,0,14,9,0,0,0,0,0,0,0,0,0,0,0,0,0,0,0,0,0,0,0,0,0,0,0,0,0,0,0,0,0,0,0,0,0,0,0,0,0,0,0,0,0,0,0,0,0,0,0,0,0,0,0,0,0,0,0,0,0,0,0,0,0,0,0,0,0,0,0,0,0,0,0,0,0,0,0,0,0,0,0,0,0,0,0,0,0,1,0,0,0,0,0,0,0,0,0,0,0,0,0,0,0,0,0,0,0,0,0,0,0,0,0,0,0,0,0,0,0,0,0,0,0,0,0,0,0,0,0,0,0,0,0,0,0,0,0,0,0,0,0,0,0,0,0,0,0,0,0,0,0,1,0,0,0,2,172.83583333333334,4,0.0,0.0,0.0,0.0,0.0,0.0,0.0,0.0,0.0,0.0,0.0,0.0,0.0,0.0,0.0,0.0,0.0,0.0,0.0,0.0,0.0,0.0,0.0,66,182,57,0,3,1
75965,15,4,1,60,2,3,2,10.0,0,0,0,3813085.632806,0,1,0,14,74,0,0,0,0,0,0,0,0,0,0,0,0,0,0,0,0,0,0,0,0,0,0,0,0,0,0,0,0,0,0,0,0,0,0,0,0,0,0,0,0,0,0,0,0,0,0,0,0,0,0,0,0,0,0,0,0,0,0,0,0,0,0,0,0,0,0,0,0,0,0,0,0,0,0,0,0,0,0,0,0,0,0,0,0,0,0,0,0,0,0,0,0,0,0,0,0,0,0,0,0,0,0,0,0,0,0,0,0,0,0,0,0,0,0,0,0,0,0,0,0,0,0,0,0,0,0,0,0,0,0,0,0,0,0,0,0,0,0,0,0,0,0,0,0,0,0,0,0,0,0,0,0,0,0,2068.5308333333332,4,0.0,0.0,0.0,0.0,0.0,0.0,0.0,0.0,0.0,0.0,0.0,0.0,0.0,0.0,0.0,0.0,0.0,0.0,0.0,0.0,0.0,0.5273583657928256,0.8496429567932169,1,174,1,0,0,1
77116,11,0,1,172,6,1,1,18.0,0,0,0,3814587.640718,2,1,0,14,33,0,0,0,0,0,0,0,0,0,0,0,0,0,0,0,0,0,0,0,0,0,0,0,0,0,0,0,0,0,0,0,0,0,0,0,0,0,0,0,0,0,0,0,0,0,0,0,0,0,0,0,0,0,0,0,0,0,0,0,0,0,0,0,0,0,0,0,0,0,0,0,0,0,0,0,0,0,0,0,0,0,0,0,0,0,0,0,0,0,0,0,0,0,0,0,0,0,0,0,0,0,0,0,0,0,0,0,0,0,0,0,0,0,0,0,0,0,0,0,0,0,0,0,0,0,0,0,0,0,0,0,0,0,0,0,0,0,0,0,0,0,0,0,0,0,0,0,0,0,0,0,0,0,0,624.8752777777778,4,0.0,0.0,0.0,0.0,0.0,0.0,0.0,0.0,0.0,0.0,0.0,0.0,0.0,0.0,0.0,0.0,0.0,0.0,0.0,0.0,0.0,0.0,1.0,10,173,29,0,4,1
77378,3,6,1,990,39,3,1,426.0,1,0,0,3821902.883849,2,1,0,14,15,0,0,0,0,0,0,0,0,0,0,0,0,0,0,0,0,0,0,0,0,0,0,0,0,0,0,0,0,0,0,0,0,0,0,0,0,0,0,0,0,0,0,0,0,0,0,0,0,0,0,0,0,0,0,0,0,0,0,0,0,0,0,0,0,0,0,0,0,0,0,0,0,0,0,0,0,0,0,0,0,0,0,0,0,0,0,0,0,0,0,0,0,0,0,0,0,0,0,0,0,0,0,0,0,0,0,0,0,0,0,0,0,0,0,0,0,0,0,0,0,0,0,0,0,0,0,0,0,0,0,0,0,0,0,0,0,0,0,0,0,0,0,0,0,0,0,0,0,0,0,0,0,0,0,213.61055555555555,4,0.0,0.0,0.0,0.0,0.0,0.0,0.0,0.0,0.0,0.0,0.0,0.0,0.0,0.0,0.0,0.0,0.0,0.0,0.0,0.0,1.0,0.0,0.0,22,172,50,1,1,1
76588,14,4,8,110,22,3,2,1603.0,0,1,0,3893877.681297,18,8,0,14,42,0,0,0,0,0,0,0,0,0,0,0,0,0,0,0,0,0,0,0,0,0,0,0,0,0,0,0,0,0,0,0,0,0,0,0,0,0,0,0,0,0,0,0,0,0,0,0,0,0,0,0,0,0,0,0,0,0,0,0,0,0,0,0,0,0,0,0,0,0,0,0,0,0,0,0,0,0,0,0,0,0,0,0,0,0,0,0,0,0,0,0,0,0,0,0,0,0,0,0,0,0,0,0,0,0,0,0,0,0,0,0,0,0,0,0,0,0,0,0,0,0,0,0,0,0,0,0,0,0,0,0,0,0,0,0,0,0,0,0,0,0,0,0,0,0,0,0,0,0,0,0,0,0,0,1299.8575,4,0.0,0.0,0.0,0.0,0.0,0.0,0.0,0.0,0.0,0.0,0.0,0.0,0.0,0.0,0.0,0.0,0.5857255462436565,0.0,0.0,0.0,0.0,0.8105094598322529,0.0,5,151,9,0,3,1
76891,9,4,7,331,6,4,1,15.0,0,0,0,3918559.2895,1,7,0,14,88,0,0,0,0,0,0,0,0,0,0,0,0,0,0,0,0,0,0,0,0,0,0,0,0,0,0,0,0,0,0,0,0,0,0,0,0,0,0,0,0,0,0,0,0,0,0,0,0,0,0,0,0,0,0,0,0,0,0,0,0,0,0,0,0,0,0,0,0,0,0,0,0,0,0,0,0,0,0,0,0,0,0,0,0,0,0,0,0,0,0,0,0,0,0,0,0,0,0,0,0,0,0,0,0,0,0,0,0,0,0,0,0,0,0,0,0,0,0,0,0,0,0,0,0,0,0,0,0,0,0,0,0,0,0,0,0,0,0,0,0,0,0,0,0,0,0,0,0,0,0,0,0,0,0,866.1288888888889,4,0.0,0.0,0.0,0.1552853013291801,0.0,0.2084705965649465,0.0,0.0,0.0,0.3325127716722452,0.0,0.3220704242917109,0.0,0.0,0.0,0.0,0.0,0.0,0.0,0.0,0.76487167188328,0.3648338109068781,0.0,6,143,20,1,0,1
76892,30,5,1,148,13,2,2,14489.0,0,0,0,3929771.532275,7,1,0,14,125,0,0,0,0,0,0,0,0,0,0,0,0,0,0,0,0,0,0,0,0,0,0,0,0,0,0,0,0,0,0,0,0,0,0,0,0,0,0,0,0,0,0,0,0,0,0,0,0,0,0,0,0,0,0,0,0,0,0,0,0,0,0,0,0,0,0,0,0,0,0,0,0,0,0,0,0,0,0,0,0,0,0,0,0,0,1,0,0,0,0,0,0,0,0,0,0,0,0,0,0,0,0,0,0,0,0,0,0,0,0,0,0,0,0,0,0,0,0,0,0,0,0,0,0,0,0,0,0,0,0,0,0,0,0,0,0,0,0,0,0,0,0,0,0,0,0,0,0,0,1,0,0,0,2,862.4455555555555,4,0.3231438010618412,0.0,0.0,0.2686896785660821,0.0,0.0,0.0,0.0,0.0,0.0,0.0,0.0,0.0,0.0,0.0,0.0,0.0,0.0,0.0,0.0,0.0,0.8416944256241918,0.3390198140824846,7,139,21,0,0,1
76406,27,30,23,1661,8,6,2,8.0,0,1,0,3939700.414417,1,23,0,14,24,0,0,0,0,0,0,0,0,0,0,0,0,0,0,0,0,0,0,0,0,0,0,0,0,0,0,0,0,0,0,0,0,0,0,0,0,0,0,0,0,0,0,0,0,0,0,0,0,0,0,0,0,0,0,0,0,0,0,0,0,0,0,0,0,0,0,0,0,0,0,0,0,0,0,0,0,0,0,0,0,0,0,0,0,0,0,0,0,0,0,0,0,0,0,0,0,0,0,0,0,0,0,0,0,0,0,0,0,0,0,0,0,0,0,0,0,0,0,0,0,0,0,0,0,0,0,0,0,0,0,0,0,0,0,0,0,0,0,0,0,0,0,0,0,0,0,0,0,0,0,0,0,0,0,1376.469722222222,4,0.0,0.0,0.0,0.0,0.0,0.0,0.0,0.0,0.0,0.0,0.0,0.0,0.0,0.0,0.0,0.0,0.0,0.6088652575840191,0.0,0.5969438540831384,0.5224376835370081,0.0,0.0,4,60,5,0,2,1
76331,6,0,1,10,2,0,0,13.0,0,0,0,3943820.170328,4,1,0,14,29,0,0,0,0,0,0,0,0,0,0,0,0,0,0,0,0,0,0,0,0,0,0,0,0,0,0,0,0,0,0,0,0,0,0,0,0,0,0,0,0,0,0,0,0,0,0,0,0,0,0,0,0,0,0,0,0,0,0,0,0,0,0,0,0,0,0,0,0,0,0,0,0,0,0,0,0,0,0,0,0,0,0,0,0,0,0,0,0,0,0,0,0,0,0,0,0,0,0,0,0,0,0,0,0,0,0,0,0,0,0,0,0,0,0,0,0,0,0,0,0,0,0,0,0,0,0,0,0,0,0,0,0,0,0,0,0,0,0,0,0,0,0,0,0,0,0,0,0,0,0,0,0,0,0,1572.5388888888888,4,0.0,0.0,0.0,0.0,0.0,0.0,0.0,0.0,0.0,0.5559465433493862,0.0,0.0,0.0,0.0,0.0,0.0,0.0,0.0,0.0,0.0,0.5115325464954092,0.0,0.6551777581800156,4,133,4,0,6,0
76951,8,2,1,217,10,2,1,49.0,0,0,0,3993666.486185,8,1,0,14,67,0,0,0,0,0,0,0,0,0,0,0,0,0,0,0,0,0,0,0,0,0,0,0,0,0,0,0,0,0,0,0,0,0,0,0,0,0,0,0,0,0,0,0,0,0,0,0,0,0,0,0,0,0,0,0,0,0,0,0,0,0,0,0,0,0,0,0,0,0,0,0,0,0,0,0,0,0,0,0,0,0,0,0,0,0,0,0,0,0,0,0,0,0,0,0,0,0,0,0,0,0,0,0,0,0,0,0,0,0,0,0,0,0,0,0,0,0,0,0,0,0,0,0,0,0,0,0,0,0,0,0,0,0,0,0,0,0,0,0,0,0,0,0,0,0,0,0,0,0,0,0,0,0,0,776.2383333333333,4,0.0,0.0,0.0,0.0,0.0,0.0,0.0,0.0,0.0,0.0,0.0,0.7980097845746185,0.0,0.0,0.0,0.0,0.0,0.0,0.0,0.0,0.0,0.602644491987748,0.0,10,120,25,0,3,1
76969,20,30,13,1339,51,2,2,32.0,0,0,0,3993758.960208,6,13,0,14,188,0,0,0,0,0,0,0,0,0,0,0,0,0,0,0,0,0,0,0,0,0,0,0,0,0,0,0,0,0,0,0,0,0,0,0,0,0,0,0,0,0,0,0,0,0,0,0,0,0,0,0,0,0,0,0,0,0,0,0,0,0,0,0,0,0,0,0,0,0,0,0,0,0,0,0,0,0,0,0,0,0,0,0,0,0,0,0,0,0,0,0,0,0,0,0,0,0,0,0,0,0,0,0,0,0,0,0,0,0,0,0,0,0,0,0,0,0,0,0,0,0,0,0,0,0,0,0,0,0,0,0,0,0,0,0,0,0,0,0,0,0,0,0,0,0,0,0,0,0,0,0,0,0,0,768.0408333333334,4,0.0,0.9560377547324426,0.0,0.0,0.0,0.0,0.0,0.0,0.0,0.0,0.0,0.0,0.0,0.0,0.0,0.0,0.0,0.0,0.0,0.0,0.0,0.2932436044079222,0.0,11,119,26,0,3,1
77347,2,0,1,112,4,1,1,14.0,0,0,0,3994488.690051,2,1,0,14,128,0,0,0,0,0,0,0,0,0,0,0,0,0,0,0,0,0,0,0,0,0,0,0,0,0,0,0,0,0,0,0,0,0,0,0,0,0,0,0,0,0,0,0,0,0,0,0,0,0,0,0,0,0,0,0,0,0,0,0,0,0,0,0,0,0,0,0,0,0,0,0,0,0,0,0,0,0,0,0,0,0,0,0,0,0,0,0,0,0,0,0,0,0,0,0,0,0,0,0,0,0,0,0,0,0,0,0,0,0,0,0,0,0,0,0,0,0,0,0,0,0,0,0,0,0,0,0,0,0,0,0,0,0,0,0,0,0,0,0,0,0,0,0,0,0,0,0,0,0,0,0,0,0,0,245.73388888888888,4,0.1266829082437148,0.1344723993401336,0.140266982092677,0.1053351163908175,0.0,0.0,0.1293313763755306,0.1295384650947685,0.0,0.0,0.1435761906254014,0.4369418784446449,0.1382570610567253,0.0,0.0,0.1160105190183968,0.0,0.4837356470019628,0.0,0.4742642446451381,0.1037675116604545,0.4124645797792587,0.1329068230895555,18,117,42,0,4,1
76625,2,0,1,8,1,0,0,12.0,0,0,0,4048350.745374,0,1,0,14,8,0,0,0,0,0,0,0,0,0,0,0,0,0,0,0,0,0,0,0,0,0,0,0,0,0,0,0,0,0,0,0,0,0,0,0,0,0,0,0,0,0,0,0,0,0,0,0,0,0,0,0,0,0,0,0,0,0,0,0,0,0,0,0,0,0,0,0,0,0,0,0,0,0,0,0,0,0,0,0,0,0,0,0,0,0,0,0,0,0,0,0,0,0,0,0,0,0,0,0,0,0,0,0,0,0,0,0,0,0,0,0,0,0,0,0,0,0,0,0,0,0,0,0,0,0,0,0,0,0,0,0,0,0,0,0,0,0,0,0,0,0,0,0,0,0,0,0,0,0,0,0,0,0,0,1226.0347222222222,4,0.0,0.0,0.0,0.0,0.0,0.0,0.0,0.0,0.0,0.0,0.0,0.0,0.0,0.0,0.0,0.0,0.0,0.0,0.0,0.0,0.0,0.0,0.0,8,103,12,0,5,0
76630,12,0,17,5969,15,0,0,75.0,0,0,0,4335678.834111,2,17,0,14,1,0,0,0,0,0,0,0,0,0,0,0,0,0,0,0,0,0,0,0,0,0,0,0,0,0,0,0,0,0,0,0,0,0,0,0,0,0,0,0,0,0,0,0,0,0,0,0,0,0,0,0,0,0,0,0,0,0,0,0,0,0,0,0,0,0,0,0,0,0,0,0,0,0,0,0,0,0,0,0,0,0,0,0,0,0,0,0,0,0,0,0,0,0,0,0,0,0,0,0,0,0,0,0,0,0,0,0,0,0,0,0,0,0,0,0,0,0,0,0,0,0,0,0,0,0,0,0,0,0,0,0,0,0,0,0,0,0,0,0,0,0,0,0,0,0,0,0,0,0,0,0,0,0,0,1133.2447222222222,4,0.0,0.0,0.0,0.0,0.0,0.0,0.0,0.0,0.0,0.0,0.0,0.0,0.0,0.0,0.0,0.0,0.0,0.0,0.0,0.0,0.0,0.0,0.0,9,59,13,0,5,0
77149,7,8,10,315,23,2,1,4022.0,0,0,0,4341984.594225,10,10,0,14,23,0,0,0,0,0,0,0,0,0,0,0,0,0,0,0,0,0,0,0,0,0,0,0,0,0,0,0,0,0,0,0,0,0,0,0,0,0,0,0,0,0,0,0,0,0,0,0,0,0,0,0,0,0,0,0,0,0,0,0,0,0,0,0,0,0,0,0,0,0,0,0,0,0,0,0,0,0,0,0,0,0,0,0,0,0,0,0,0,0,0,0,0,0,0,0,0,0,0,0,0,0,0,0,0,0,0,0,0,0,0,0,0,0,0,0,0,0,0,0,0,0,0,0,0,0,0,0,0,0,0,0,0,0,0,0,0,0,0,0,0,0,0,0,0,0,0,0,0,0,0,0,0,0,0,410.1686111111111,4,0.0,0.0,0.0,0.6620910381544105,0.0,0.0,0.0,0.0,0.0,0.0,0.0,0.0,0.0,0.0,0.0,0.0,0.7494234164980536,0.0,0.0,0.0,0.0,0.0,0.0,10,54,31,0,0,1
77285,3,0,1,47,2,0,0,12.0,0,0,0,4343174.074862,0,1,0,14,72,0,0,0,0,0,0,0,0,0,0,0,0,0,0,0,0,0,0,0,0,0,0,0,0,0,0,0,0,0,0,0,0,0,0,0,0,0,0,0,0,0,0,0,0,0,0,0,0,0,0,0,0,0,0,0,0,0,0,0,0,0,0,0,0,0,0,0,0,0,0,0,0,0,0,0,0,0,0,0,0,0,0,0,0,0,0,0,0,0,0,0,0,0,0,0,0,0,0,0,0,0,0,0,0,0,0,0,0,0,0,0,0,0,0,0,0,0,0,0,0,0,0,0,0,0,0,0,0,0,0,0,0,0,0,0,0,0,0,0,0,0,0,0,0,0,0,0,0,0,0,0,0,0,0,216.05027777777775,4,0.0,0.8523912110191108,0.0,0.0,0.0,0.0,0.0,0.0,0.0,0.0,0.0,0.0,0.0,0.0,0.0,0.0,0.0,0.0,0.0,0.0,0.0,0.5229046025589886,0.0,12,53,38,0,1,1
77323,3,1,1,69,13,2,1,78467.0,0,0,0,4358022.475109,10,1,0,14,25,0,0,0,0,0,0,0,0,0,0,0,0,0,0,0,0,0,0,0,0,0,0,0,0,0,0,0,0,0,0,0,0,0,0,0,0,0,0,0,0,0,0,0,0,0,0,0,0,0,0,0,0,0,0,0,0,0,0,0,0,0,0,0,0,0,0,0,0,0,0,0,0,0,0,0,0,0,0,0,0,0,0,0,0,0,1,0,0,0,0,0,0,0,0,0,0,0,0,0,0,0,0,0,0,0,0,0,0,0,0,0,0,0,0,0,0,0,0,0,0,0,0,0,0,0,0,0,0,0,0,0,0,0,0,0,0,0,0,0,0,0,0,0,0,0,0,0,0,0,1,0,0,0,2,169.70444444444445,4,0.0,0.0,0.0,0.0,0.0,0.0,0.0,0.0,0.0,0.0,0.0,0.0,0.0,0.0,0.0,0.0,0.8361471133359633,0.0,0.0,0.0,0.0,0.2892588301451299,0.4660336190051174,14,50,40,0,3,1
77224,3,0,1,302,5,1,1,22.0,0,0,0,4360491.86704,5,1,0,14,80,0,0,0,0,0,0,0,0,0,0,0,0,0,0,0,0,0,0,0,0,0,0,0,0,0,0,0,0,0,0,0,0,0,0,0,0,0,0,0,0,0,0,0,0,0,0,0,0,0,0,0,0,0,0,0,0,0,0,0,0,0,0,0,0,0,0,0,0,0,0,0,0,0,0,0,0,0,0,0,0,0,0,0,0,0,0,0,0,0,0,0,0,0,0,0,0,0,0,0,0,0,0,0,0,0,0,0,0,0,0,0,0,0,0,0,0,0,0,0,0,0,0,0,0,0,0,0,0,0,0,0,0,0,0,0,0,0,0,0,0,0,0,0,0,0,0,0,0,0,0,0,0,0,0,314.37083333333334,4,0.0,0.0,0.0,0.4733595284295132,0.0,0.0,0.0,0.0,0.0,0.5068029216168549,0.0,0.0,0.0,0.6177826986572582,0.0,0.0,0.0,0.0,0.0,0.0,0.0,0.3707102544108594,0.0,8,49,34,1,4,1
75778,14,3,1,40,1,3,2,37.0,0,0,0,4366640.587099,0,1,0,14,1120,0,0,0,0,0,0,0,0,0,0,0,0,0,0,0,0,0,0,0,0,0,0,0,0,0,0,0,0,0,0,0,0,0,0,0,0,0,0,0,0,0,0,0,0,0,0,0,0,0,0,0,0,0,0,0,0,0,0,0,0,0,0,0,0,0,0,0,0,0,0,0,0,0,0,0,0,0,0,0,0,0,0,0,0,0,0,0,0,0,0,0,0,0,0,0,0,0,0,0,0,0,0,0,0,0,0,0,0,0,0,0,0,0,0,0,0,0,0,0,0,0,0,0,0,0,0,0,0,0,0,0,0,0,0,0,0,0,0,0,0,0,0,0,0,0,0,0,0,0,0,0,0,0,0,2185.6869444444446,4,0.0,0.0,0.0,0.1945418827382034,0.0,0.0,0.0,0.0,0.0,0.0,0.0,0.0,0.0,0.0,0.0,0.0,0.2202027123339894,0.0,0.0,0.0,0.0,0.609419830062096,0.736390991300488,0,45,0,0,3,1
76113,5,5,2,62,1,2,2,65243.0,0,0,0,4417479.786576,2,2,0,14,264,0,0,0,0,0,0,0,0,0,0,0,0,0,0,0,0,0,0,0,0,0,0,0,0,0,0,0,0,0,0,0,0,0,0,0,0,0,0,0,0,0,0,0,0,0,0,0,0,0,0,0,0,0,0,0,0,0,0,0,0,0,0,0,0,0,0,0,0,0,0,0,0,0,0,0,0,0,0,0,0,0,0,0,0,0,0,0,0,0,0,0,0,0,0,0,0,0,0,0,0,0,0,0,0,0,0,0,0,0,0,0,0,0,0,0,0,0,0,0,0,0,0,0,0,0,0,0,0,0,0,0,0,0,0,0,0,0,0,0,0,0,0,0,0,0,0,0,0,0,0,0,0,0,0,175.6447222222222,4,0.0,0.1249407938457502,0.1303246478757243,0.1957376104878557,0.0,0.0,0.1201641743050217,0.1203565842650212,0.0,0.0,0.1333992947408696,0.4059707822959483,0.1284571930594843,0.0,0.0,0.1077875193105898,0.0,0.4494477383053198,0.0,0.550809603953927,0.1928246293793309,0.3832284712978568,0.0,1,0,2,0,1,1
77176,7,0,1,30,2,1,1,14.0,0,0,0,4422705.505436,0,1,0,14,18,0,0,0,0,0,0,0,0,0,0,0,0,0,0,0,0,0,0,0,0,0,0,0,0,0,0,0,0,0,0,0,0,0,0,0,0,0,0,0,0,0,0,0,0,0,0,0,0,0,0,0,0,0,0,0,0,0,0,0,0,0,0,0,0,0,0,0,0,0,0,0,0,0,0,0,0,0,0,0,0,0,0,0,0,0,0,0,0,0,0,0,0,0,0,0,0,0,0,0,0,0,0,0,0,0,0,0,0,0,0,0,0,0,0,0,0,0,0,0,0,0,0,0,0,0,0,0,0,0,0,0,0,0,0,0,0,0,0,0,0,0,0,0,0,0,0,0,0,0,0,0,0,0,0,360.0105555555556,4,0.0,0.0,0.0,0.0,0.0,0.0,0.0,0.0,0.0,0.0,0.0,0.0,0.0,0.0,0.0,0.0,0.0,0.0,0.0,0.0,0.0,0.0,0.0,11,38,33,0,1,1
76939,3,0,1,12,8,0,0,165800.0,0,0,0,4498007.23105,5,1,0,14,9,0,0,0,0,0,0,0,0,0,0,0,0,0,0,0,0,0,0,0,0,0,0,0,0,0,0,0,0,0,0,0,0,0,0,0,0,0,0,0,0,0,0,0,0,0,0,0,0,0,0,0,0,0,0,0,0,0,0,0,0,0,0,0,0,0,0,0,0,0,0,0,0,0,0,0,0,0,0,0,0,0,0,0,0,0,0,0,0,0,0,0,0,0,0,0,0,0,0,0,0,0,0,0,0,0,0,0,0,0,0,0,0,0,0,0,0,0,0,0,0,0,0,0,0,0,0,0,0,0,0,0,0,0,0,0,0,0,0,0,0,0,0,0,0,0,0,0,0,0,0,0,0,0,0,650.7741666666667,4,0.0,0.0,0.0,0.0,0.0,0.0,0.0,0.0,0.0,0.0,0.0,0.6349546157432081,0.0,0.0,0.0,0.0,0.0,0.0,0.0,0.0,0.0,0.0,0.7725494391599769,8,16,23,0,3,1
77280,4,0,3,249,1,1,1,479402.0,0,0,0,4504798.544755,1,3,0,14,35,0,0,0,0,0,0,0,0,0,0,0,0,0,0,0,0,0,0,0,0,0,0,0,0,0,0,0,0,0,0,0,0,0,0,0,0,0,0,0,0,0,0,0,0,0,0,0,0,0,0,0,0,0,0,0,0,0,0,0,0,0,0,0,0,0,0,0,0,0,0,0,0,0,0,0,0,0,0,0,0,0,0,0,0,0,0,0,0,0,0,0,0,0,0,0,0,0,0,0,0,0,0,0,0,0,0,0,0,0,0,0,0,0,0,0,0,0,0,0,0,0,0,0,0,0,0,0,0,0,0,0,0,0,0,0,0,0,0,0,0,0,0,0,0,0,0,0,0,0,0,0,0,0,0,172.96277777777777,4,0.0,0.0,0.0,0.0,0.0,0.0,0.0,0.0,0.0,0.0,0.0,0.0,0.0,0.0,0.0,0.0,0.0,0.0,0.0,0.0,0.0,1.0,0.0,10,13,36,0,1,1
76532,3,0,2,125,8,0,0,3543103.0,0,0,0,4524500.219915,11,2,0,14,64,0,0,0,0,0,0,0,0,0,0,0,0,0,0,0,0,0,0,0,0,0,0,0,0,0,0,0,0,0,0,0,0,0,0,0,0,0,0,0,0,0,0,0,0,0,0,0,0,0,0,0,0,0,0,0,0,0,0,0,0,0,0,0,0,0,0,0,0,0,0,0,0,0,0,0,0,0,0,0,0,0,0,0,0,0,0,0,0,0,0,0,0,0,0,0,0,0,0,0,0,0,0,0,0,0,0,0,0,0,0,0,0,0,0,0,0,0,0,0,0,0,0,0,0,0,0,0,0,0,0,0,0,0,0,0,0,0,0,0,0,0,0,0,0,0,0,0,0,0,0,0,0,0,0,1081.8338888888889,4,0.5435137573112178,0.0,0.0,0.0,0.0,0.0,0.0,0.0,0.0,0.0,0.6159918169633208,0.0,0.0,0.0,0.0,0.0,0.0,0.0,0.0,0.0,0.0,0.0,0.5702165176910166,6,2,8,0,1,1
76915,13,3,1,1961,16,3,1,6.0,0,0,0,4524672.853563,10,1,0,14,169,0,0,0,0,0,0,0,0,0,0,0,0,0,0,0,0,0,0,0,0,0,0,0,0,0,0,0,0,0,0,0,0,0,0,0,0,0,0,0,0,0,0,0,0,0,0,0,0,0,0,0,0,0,0,0,0,0,0,0,0,0,0,0,0,0,0,0,0,0,0,0,0,0,0,0,0,0,0,0,0,0,0,0,0,0,0,0,0,0,0,0,0,0,0,0,0,0,0,0,0,0,0,0,0,0,0,0,0,0,0,0,0,0,0,0,0,0,0,0,0,0,0,0,0,0,0,0,0,0,0,0,0,0,0,0,0,0,0,0,0,0,0,0,0,0,0,0,0,0,0,0,0,0,0,670.1605555555556,4,0.0,0.0,0.0,0.2143424517429478,0.0,0.0,0.0,0.0,0.0,0.0,0.8764733100891354,0.0,0.0,0.0,0.0,0.0,0.0,0.0,0.0,0.0,0.0,0.3357234408285819,0.2704470768199098,7,6,22,0,1,1
35207,8,0,3,6,1,2,2,1601.0,0,0,0,31567.998331,1,3,0,15,104,0,0,0,0,0,0,0,0,0,0,0,0,0,0,0,0,0,0,0,0,0,0,0,0,0,0,0,0,0,0,0,0,0,0,0,0,0,0,0,0,0,0,0,0,0,0,0,0,0,0,0,0,0,0,0,0,0,0,0,0,0,0,0,0,0,0,0,0,0,0,0,0,0,0,0,0,0,0,0,0,0,0,0,0,0,0,0,0,0,0,0,0,0,0,0,0,0,0,0,0,0,0,0,0,0,0,0,0,0,0,0,0,0,0,0,0,0,0,0,0,0,0,0,0,0,0,0,0,0,0,0,0,0,0,0,0,0,0,0,0,0,0,0,0,0,0,0,0,0,0,0,0,0,0,292.60777777777776,4,0.1987769225898428,0.2109993375166325,0.0,0.1652803094520718,0.0,0.0,0.0,0.0,0.4213768771739695,0.3539151054757781,0.0,0.1714003158594221,0.0,0.2157077432178746,0.2178960387426131,0.1820309801710875,0.3741628478606287,0.1897562279535591,0.2034612572552789,0.1860408565605259,0.1628205960743258,0.3883165029086777,0.0,77,108,39,1,2,1
34815,7,3,9,22,2,4,2,238927.0,0,0,0,178562.604504,0,9,0,15,584,0,0,0,0,0,0,0,0,0,0,0,0,0,0,0,0,0,0,0,0,0,0,0,0,0,0,0,0,0,0,0,0,0,0,0,0,0,0,0,0,0,0,0,0,0,0,0,0,0,0,0,0,0,0,0,0,0,0,0,0,0,0,0,0,0,0,0,0,0,0,0,0,0,0,0,0,0,0,0,0,0,0,0,0,0,0,0,0,0,0,0,0,0,0,0,0,0,0,0,0,0,0,0,0,0,0,0,0,0,0,0,0,0,0,0,0,0,0,0,0,0,0,0,0,0,0,0,0,0,0,0,0,0,0,0,0,0,0,0,0,0,0,0,0,0,0,0,0,0,0,0,0,0,0,841.3227777777778,4,0.079393993068632,0.252827336121625,0.0,0.2640601046047118,0.0,0.0,0.0810538259807037,0.0811836114471704,0.2524548053397228,0.2827162536267569,0.0,0.1369188667578221,0.086647680412497,0.258469124787104,0.1740608151511586,0.2908218155243359,0.5977813151053245,0.0757910146237693,0.0812649750172065,0.0743070487449206,0.130065171627887,0.3101969518260603,0.0832946096473089,51,104,60,2,1,1
33141,26,30,29,274,8,2,1,277.0,0,0,0,194035.632711,0,29,0,15,131,0,0,0,0,0,0,0,0,0,0,0,0,0,0,0,0,0,0,0,0,0,0,0,0,0,0,0,0,0,0,0,0,0,0,0,0,0,0,0,0,0,0,0,0,0,0,0,0,0,0,0,0,0,0,0,0,0,0,0,0,0,0,0,0,0,0,0,0,0,0,0,0,0,0,0,0,0,0,0,0,0,0,0,0,0,0,0,0,0,0,0,0,0,0,0,0,0,0,0,0,0,0,0,0,0,0,0,0,0,0,0,0,0,0,0,0,0,0,0,0,0,0,0,0,0,0,0,0,0,0,0,0,0,0,0,0,0,0,0,0,0,0,0,0,0,0,0,0,0,0,0,0,0,0,817.5272222222222,4,0.2164571872814112,0.0,0.0,0.0,0.0,0.0,0.0,0.0,0.0,0.0,0.2453219523786549,0.0,0.0,0.7046817723620589,0.0,0.0,0.4074428589491242,0.0,0.0,0.0,0.0,0.4228554144990136,0.2270917008088234,16,7,27,0,1,1
35068,2,3,1,15,1,3,2,1682.0,0,0,0,273751.666078,0,1,0,15,147,0,0,0,0,0,0,0,0,0,0,0,0,0,0,0,0,0,0,0,0,0,0,0,0,0,0,0,0,0,0,0,0,0,0,0,0,0,0,0,0,0,0,0,0,0,0,0,0,0,0,0,0,0,0,0,0,0,0,0,0,0,0,0,0,0,0,0,0,0,0,0,0,0,0,0,0,0,0,0,0,0,0,0,0,0,0,0,0,0,0,0,0,0,0,0,0,0,0,0,0,0,0,0,0,0,0,0,0,0,0,0,0,0,0,0,0,0,0,0,0,0,0,0,0,0,0,0,0,0,0,0,0,0,0,0,0,0,0,0,0,0,0,0,0,0,0,0,0,0,0,0,0,0,0,468.86,4,0.1911797958802461,0.2029350779342341,0.0,0.1589634018495748,0.0,0.0,0.0,0.0,0.4052721227252337,0.1701943483736488,0.0,0.16484950553052,0.0,0.2074635313842467,0.2095681916551394,0.1750738726587364,0.5397938750734673,0.1825038664172409,0.1956850982740291,0.1789304941399919,0.1565976971422346,0.373475294796648,0.0,96,105,51,1,1,1
35184,1,0,4,67,3,1,1,1714.0,0,0,0,266214.771716,0,4,0,15,355,0,0,0,0,0,0,0,0,0,0,0,0,0,0,0,0,0,0,0,0,0,0,0,0,0,0,0,0,0,0,0,0,0,0,0,0,0,0,0,0,0,0,0,0,0,0,0,0,0,0,0,0,0,0,0,0,0,0,0,0,0,0,0,0,0,0,0,0,0,0,0,0,0,0,0,0,0,0,0,0,0,0,0,0,0,0,0,0,0,0,0,0,0,0,0,0,0,0,0,0,0,0,0,0,0,0,0,0,0,0,0,0,0,0,0,0,0,0,0,0,0,0,0,0,0,0,0,0,0,0,0,0,0,0,0,0,0,0,0,0,0,0,0,0,0,0,0,0,0,0,0,0,0,0,314.1144444444444,4,0.1263397997064165,0.2682163874228335,0.0,0.3151494789162659,0.0,0.0,0.1289810947156747,0.1291876225549286,0.1339105907503241,0.1124717169284969,0.0,0.1089396157922129,0.0,0.2742015795214044,0.1384916394362672,0.3470889468788822,0.594531531130437,0.0,0.0,0.0,0.2069729345649987,0.3290779671401375,0.1325468576743356,79,112,43,21,1,1
35046,1,0,3,5,3,1,1,1701.0,0,0,0,274120.007701,0,3,0,15,28,0,0,0,0,0,0,0,0,0,0,0,0,0,0,0,0,0,0,0,0,0,0,0,0,0,0,0,0,0,0,0,0,0,0,0,0,0,0,0,0,0,0,0,0,0,0,0,0,0,0,0,0,0,0,0,0,0,0,0,0,0,0,0,0,0,0,0,0,0,0,0,0,0,0,0,0,0,0,0,0,0,0,0,0,0,0,0,0,0,0,0,0,0,0,0,0,0,0,0,0,0,0,0,0,0,0,0,0,0,0,0,0,0,0,0,0,0,0,0,0,0,0,0,0,0,0,0,0,0,0,0,0,0,0,0,0,0,0,0,0,0,0,0,0,0,0,0,0,0,0,0,0,0,0,499.6463888888889,4,0.0,0.0,0.0,0.0,0.0,0.0,0.0,0.0,0.0,0.0,0.0,0.0,0.0,0.0,0.0,0.0,0.8223548294979172,0.0,0.0,0.0,0.0,0.5689749857431797,0.0,95,113,46,13,0,1
34997,21,30,45,1249,16,3,2,478.0,0,0,0,274495.050318,0,45,0,15,508,0,0,0,0,0,0,0,0,0,0,0,0,0,0,0,0,0,0,0,0,0,0,0,0,0,0,0,0,0,0,0,0,0,0,0,0,0,0,0,0,0,0,0,0,0,0,0,0,0,0,0,0,0,0,0,0,0,0,0,0,0,0,0,0,0,0,0,0,0,0,0,0,0,0,0,0,0,0,0,0,0,0,0,0,0,0,0,0,0,0,0,0,0,0,0,0,0,0,0,0,0,0,0,0,0,0,0,0,0,0,0,0,0,0,0,0,0,0,0,0,0,0,0,0,0,0,0,0,0,0,0,0,0,0,0,0,0,0,0,0,0,0,0,0,0,0,0,0,0,0,0,0,0,0,601.7136111111112,4,0.1558739896746439,0.2481875772769274,0.0,0.2592142076986822,0.0,0.0,0.0795663673389307,0.0796937710484435,0.2478218829907016,0.2081459914129295,0.0,0.2016093018979115,0.0,0.253725830702657,0.2562998092328406,0.2854848012935609,0.586811136063369,0.0744001364226871,0.0797736414755723,0.0729434035318422,0.1276782816669166,0.3045043749357954,0.0817660292819293,94,111,49,0,3,1
35278,1,0,1,6,1,2,2,1599.0,0,0,0,276459.026571,0,1,0,15,147,0,0,0,0,0,0,0,0,0,0,0,0,0,0,0,0,0,0,0,0,0,0,0,0,0,0,0,0,0,0,0,0,0,0,0,0,0,0,0,0,0,0,0,0,0,0,0,0,0,0,0,0,0,0,0,0,0,0,0,0,0,0,0,0,0,0,0,0,0,0,0,0,0,0,0,0,0,0,0,0,0,0,0,0,0,0,0,0,0,0,0,0,0,0,0,0,0,0,0,0,0,0,0,0,0,0,0,0,0,0,0,0,0,0,0,0,0,0,0,0,0,0,0,0,0,0,0,0,0,0,0,0,0,0,0,0,0,0,0,0,0,0,0,0,0,0,0,0,0,0,0,0,0,0,212.0975,4,0.178541657402555,0.1895198443573533,0.0,0.1484549614769414,0.0,0.0,0.1822742989750277,0.0,0.3784811891719953,0.1589434746452663,0.0,0.1539519581757846,0.0,0.1937489397003675,0.1957144692235284,0.1635004329220775,0.5041102417105504,0.1704392592453621,0.1827491321138972,0.1671021084446781,0.1462456441302584,0.4650484313287991,0.0,80,109,42,1,5,0
34991,1,0,6,12,1,2,2,1617.0,0,0,0,278293.302148,1,6,0,15,26,0,0,0,0,0,0,0,0,0,0,0,0,0,0,0,0,0,0,0,0,0,0,0,0,0,0,0,0,0,0,0,0,0,0,0,0,0,0,0,0,0,0,0,0,0,0,0,0,0,0,0,0,0,0,0,0,0,0,0,0,0,0,0,0,0,0,0,0,0,0,0,0,0,0,0,0,0,0,0,0,0,0,0,0,0,0,0,0,0,0,0,0,0,0,0,0,0,0,0,0,0,0,0,0,0,0,0,0,0,0,0,0,0,0,0,0,0,0,0,0,0,0,0,0,0,0,0,0,0,0,0,0,0,0,0,0,0,0,0,0,0,0,0,0,0,0,0,0,0,0,0,0,0,0,603.1619444444444,4,0.0,0.0,0.0,0.0,0.0,0.0,0.0,0.0,0.0,0.0,0.0,0.0,0.0,0.0,0.0,0.0,0.6061943920361853,0.0,0.0,0.0,0.0,0.4194168176490992,0.6757350754082416,92,108,53,10,3,1
34578,5,15,7,110,2,4,1,1475974.0,0,0,0,285289.240658,1,7,0,15,9,0,0,0,0,0,0,0,0,0,0,0,0,0,0,0,0,0,0,0,0,0,0,0,0,0,0,0,0,0,0,0,0,0,0,0,0,0,0,0,0,0,0,0,0,0,0,0,0,0,0,0,0,0,0,0,0,0,0,0,0,0,0,0,0,0,0,0,0,0,0,0,0,0,0,0,0,0,0,0,0,0,0,0,0,0,0,0,0,0,0,0,0,0,0,0,0,0,0,0,0,0,0,0,0,0,0,0,0,0,0,0,0,0,0,0,0,0,0,0,0,0,0,0,0,0,0,0,0,0,0,0,0,0,0,0,0,0,0,0,0,0,0,0,0,0,0,0,0,0,0,0,0,0,0,1227.2413888888889,4,0.6616158644836645,0.0,0.0,0.0,0.0,0.0,0.0,0.0,0.0,0.0,0.7498429487989691,0.0,0.0,0.0,0.0,0.0,0.0,0.0,0.0,0.0,0.0,0.0,0.0,125,108,78,2,5,0
35011,2,0,1,2,1,2,2,1828412.0,0,0,0,286424.246043,1,1,0,15,564,1,0,0,0,0,0,0,0,0,0,0,0,0,0,0,0,0,0,0,0,0,0,0,0,0,0,0,0,0,0,0,0,0,0,0,0,0,0,0,0,0,0,0,0,0,0,0,0,0,0,0,0,0,0,0,0,0,0,0,0,0,0,0,0,0,0,0,0,0,0,0,0,0,0,0,0,0,0,0,0,0,0,0,0,0,0,0,0,0,0,0,0,0,0,0,0,0,0,0,0,0,0,0,0,0,0,0,0,0,0,0,0,0,0,0,0,0,0,0,0,0,0,0,0,0,0,0,0,0,0,0,0,0,0,0,0,0,0,0,0,0,0,0,0,0,0,0,0,0,0,0,0,0,1,510.57916666666665,4,0.0714485538232867,0.2275253685410255,0.0,0.2376340056372171,0.0,0.0,0.0729422771715166,0.0730590742178411,0.2271901191777827,0.1272115602405067,0.0809762842190704,0.1848248458642156,0.0,0.2326025491380089,0.1566414918708283,0.2617175095540827,0.6052024204611912,0.0682061473213315,0.0731322952410986,0.0668706909238282,0.1170487596908852,0.4187304873784003,0.2248764360081058,103,99,53,0,4,1
35187,4,0,3,66,33,1,1,64903.0,0,0,0,287988.250012,0,3,0,15,336,0,0,0,0,0,0,0,0,0,0,0,0,0,0,0,0,0,0,0,0,0,0,0,0,0,0,0,0,0,0,0,0,0,0,0,0,0,0,0,0,0,0,0,0,0,0,0,0,0,0,0,0,0,0,0,0,0,0,0,0,0,0,0,0,0,0,0,0,0,0,0,0,0,0,0,0,0,0,0,0,0,0,0,0,0,0,0,0,0,0,0,0,0,0,0,0,0,0,0,0,0,0,0,0,0,0,0,0,0,0,0,0,0,0,0,0,0,0,0,0,0,0,0,0,0,0,0,0,0,0,0,0,0,0,0,0,0,0,0,0,0,0,0,0,0,0,0,0,0,0,0,0,0,0,304.4136111111111,4,0.133933113519096,0.1421684059491181,0.0,0.1113635635359554,0.0,0.0,0.0,0.0,0.4258767797807776,0.1192315269303609,0.0,0.115487138356482,0.0,0.14534086393399,0.1468153068879786,0.2452998629177123,0.6302642495445611,0.1278550954926502,0.1370893527763152,0.1253517301519185,0.2194124860486583,0.3488563131493941,0.1405132300094555,78,106,39,3,1,1
35050,0,0,2,28,2,1,1,,0,0,0,426579.930123,0,2,0,15,14,0,0,0,0,0,0,0,0,0,0,0,0,0,0,0,0,0,0,0,0,0,0,0,0,0,0,0,0,0,0,0,0,0,0,0,0,0,0,0,0,0,0,0,0,0,0,0,0,0,0,0,0,0,0,0,0,0,0,0,0,0,0,0,0,0,0,0,0,0,0,0,0,0,0,0,0,0,0,0,0,0,0,0,0,0,0,0,0,0,0,0,0,0,0,0,0,0,0,0,0,0,0,0,0,0,0,0,0,0,0,0,0,0,0,0,0,0,0,0,0,0,0,0,0,0,0,0,0,0,0,0,0,0,0,0,0,0,0,0,0,0,0,0,0,0,0,0,0,0,0,0,0,0,0,419.30361111111114,4,0.0,0.0,0.0,0.0,0.0,0.0,0.0,0.0,0.0,0.0,0.0,0.6017494325822957,0.0,0.0,0.0,0.0,0.656802410965721,0.0,0.0,0.0,0.0,0.4544317477207126,0.0,97,98,49,2,1,1
34764,5,13,8,638,4,3,2,82167.0,0,0,0,472725.012153,0,8,0,15,186,0,0,0,0,0,0,0,0,0,0,0,0,0,0,0,0,0,0,0,0,0,0,0,0,0,0,0,0,0,0,0,0,0,0,0,0,0,0,0,0,0,0,0,0,0,0,0,0,0,0,0,0,0,0,0,0,0,0,0,0,0,0,0,0,0,0,0,0,0,0,0,0,0,0,0,0,0,0,0,0,0,0,0,0,0,0,0,0,0,0,0,0,0,0,0,0,0,0,0,0,0,0,0,0,0,0,0,0,0,0,0,0,0,0,0,0,0,0,0,0,0,0,0,0,0,0,0,0,0,0,0,0,0,0,0,0,0,0,0,0,0,0,0,0,0,0,0,0,0,0,0,0,1,1,802.3958333333334,4,0.1546049667705648,0.1641113321423211,0.0,0.2571038571051101,0.0,0.0,0.0,0.0,0.3277390415576081,0.1376342696344761,0.0,0.1333119548922142,0.0,0.1677734418958005,0.3389509143247075,0.1415802864532443,0.4365252810028284,0.1475888394640376,0.1582483545233087,0.1446990931933125,0.2532776191286201,0.5033755029378327,0.0,37,107,76,0,6,0
34995,3,2,10,125,5,2,1,1693.0,0,0,0,536791.184738,0,10,0,15,60,0,0,0,0,0,0,0,0,0,0,0,0,0,0,0,0,0,0,0,0,0,0,0,0,0,0,0,0,0,0,0,0,0,0,0,0,0,0,0,0,0,0,0,0,0,0,0,0,0,0,0,0,0,0,0,0,0,0,0,0,0,0,0,0,0,0,0,0,0,0,0,0,0,0,0,0,0,0,0,0,0,0,0,0,0,0,0,0,0,0,0,0,0,0,0,0,0,0,0,0,0,0,0,0,0,0,0,0,0,0,0,0,0,0,0,0,0,0,0,0,0,0,0,0,0,0,0,0,0,0,0,0,0,0,0,0,0,0,0,0,0,0,0,0,0,0,0,0,0,0,0,0,0,0,530.2822222222222,4,0.0,0.0,0.0,0.0,0.0,0.0,0.0,0.0,0.0,0.0,0.0,0.0,0.0,0.6645815048783432,0.0,0.0,0.3842571199829755,0.0,0.0,0.0,0.5016396497874893,0.3987926163773734,0.0,93,103,54,27,3,1
35154,18,30,16,444,2,4,3,6153.0,0,0,0,535922.521368,0,16,0,15,493,0,0,0,0,0,0,0,0,0,0,0,0,0,0,0,0,0,0,0,0,0,0,0,0,0,0,0,0,0,0,0,0,0,0,0,0,0,0,0,0,0,0,0,0,0,0,0,0,0,0,0,0,0,0,0,0,0,0,0,0,0,0,0,0,0,0,0,0,0,0,0,0,0,0,0,0,0,0,0,0,0,0,0,0,0,0,0,0,0,0,0,0,0,0,0,0,0,0,0,0,0,0,0,0,0,0,0,0,0,0,0,0,0,0,0,0,0,0,0,0,0,0,0,0,0,0,0,0,0,0,0,0,0,0,0,0,0,0,0,0,0,0,0,0,0,0,0,0,0,0,0,0,1,1,278.1933333333333,4,0.0740925548722903,0.2359450954760909,0.0,0.2464278093821844,0.0,0.0,0.0756415544421972,0.0757626736405665,0.2355974399881519,0.3957573248083342,0.1679457304816769,0.1916644116804188,0.0,0.2412101605032841,0.1624381140088815,0.2714025393101092,0.5578651882741771,0.0707301609705388,0.0758386042562781,0.0693452851246778,0.1213802265554587,0.2894839242374633,0.0777327124802034,86,95,48,4,6,0
35241,1,0,1,6,1,1,1,1744.0,0,0,0,538145.170235,0,1,0,15,58,0,0,0,0,0,0,0,0,0,0,0,0,0,0,0,0,0,0,0,0,0,0,0,0,0,0,0,0,0,0,0,0,0,0,0,0,0,0,0,0,0,0,0,0,0,0,0,0,0,0,0,0,0,0,0,0,0,0,0,0,0,0,0,0,0,0,0,0,0,0,0,0,0,0,0,0,0,0,0,0,0,0,0,0,0,0,0,0,0,0,0,0,0,0,0,0,0,0,0,0,0,0,0,0,0,0,0,0,0,0,0,0,0,0,0,0,0,0,0,0,0,0,0,0,0,0,0,0,0,0,0,0,0,0,0,0,0,0,0,0,0,0,0,0,0,0,0,0,0,0,0,0,0,0,191.14,4,0.0,0.0,0.0,0.0,0.0,0.0,0.0,0.0,0.0,0.3333370102470855,0.0,0.0,0.0,0.0,0.0,0.0,0.7048149294658069,0.0,0.0,0.0,0.0,0.4876508899318179,0.3928345228596258,78,102,43,35,3,1
35243,11,8,5,4,2,4,3,4488.0,0,0,0,540327.246007,0,5,0,15,190,0,0,0,0,0,0,0,0,0,0,0,0,0,0,0,0,0,0,0,0,0,0,0,0,0,0,0,0,0,0,0,0,0,0,0,0,0,0,0,0,0,0,0,0,0,0,0,0,0,0,0,0,0,0,0,0,0,0,0,0,0,0,0,0,0,0,0,0,0,0,0,0,0,0,0,0,0,0,0,0,0,0,0,0,0,0,0,0,0,0,0,0,0,0,0,0,0,0,0,0,0,0,0,0,0,0,0,0,0,0,0,0,0,0,0,0,0,0,0,0,0,0,0,0,0,0,0,0,0,0,0,0,0,0,0,0,0,0,0,0,0,0,0,0,0,0,0,0,0,0,0,0,0,0,189.75444444444443,4,0.1585753940235879,0.1683258934159882,0.175579265286952,0.1318532848492851,0.0,0.0,0.0,0.0,0.336155744136194,0.14116887053716,0.0,0.1367355539518959,0.0,0.1720820502151253,0.1738277751240045,0.1452162254503336,0.5969809800397706,0.1513790847756237,0.1623123480202177,0.1484151266112754,0.2597820696813726,0.4130421959271028,0.0,79,100,45,0,3,1
34931,14,0,20,158,7,1,1,959.0,0,0,0,550862.117299,0,20,0,15,189,0,0,0,0,0,0,0,0,0,0,0,0,0,0,0,0,0,0,0,0,0,0,0,0,0,0,0,0,0,0,0,0,0,0,0,0,0,0,0,0,0,0,0,0,0,0,0,0,0,0,0,0,0,0,0,0,0,0,0,0,0,0,0,0,0,0,0,0,0,0,0,0,0,0,0,0,0,0,0,0,0,0,0,0,0,0,0,0,0,0,0,0,0,0,0,0,0,0,0,0,0,0,0,0,0,0,0,0,0,0,0,0,0,0,0,0,0,0,0,0,0,0,0,0,0,0,0,0,0,0,0,0,0,0,0,0,0,0,0,0,0,0,0,0,0,0,0,0,0,0,0,0,0,0,588.7888888888889,4,0.1840006181807615,0.390628932503409,0.0,0.1529940131684218,0.0,0.0,0.0,0.0,0.3900533566820149,0.163803215540827,0.2085372699234935,0.1586590820685288,0.0,0.1996728673597748,0.4033969869883544,0.1684995040829831,0.1731745174682261,0.1756504869488733,0.1883367376003397,0.1722113018353185,0.3014342906601261,0.2396337081591019,0.1930405446792592,86,97,57,0,0,1
33932,23,10,38,212,9,1,2,63609.0,0,0,0,558352.532663,0,38,0,15,523,0,0,0,0,0,0,0,0,0,0,0,0,0,0,0,0,0,0,0,0,0,0,0,0,0,0,0,0,0,0,0,0,0,0,0,0,0,0,0,0,0,0,0,0,0,0,0,0,0,0,0,0,0,0,0,0,0,0,0,0,0,0,0,0,0,0,0,0,0,0,0,0,0,0,0,0,0,0,0,0,0,0,0,0,0,0,0,0,0,0,0,0,0,0,0,0,0,0,0,0,0,0,0,0,0,0,0,0,0,0,0,0,0,0,0,0,0,0,0,0,0,0,0,0,0,0,0,0,0,0,0,0,0,0,0,0,0,0,0,0,0,0,0,0,0,0,0,0,0,0,0,0,0,0,490.7719444444445,4,0.0703223578820364,0.2239390377775488,0.0,0.2338883391634969,0.0,0.0,0.0717925366645318,0.0719074927168476,0.2236090727266116,0.1252064091890619,0.0,0.1212743833229691,0.0,0.2289361901601689,0.1541724564189334,0.2575922308571489,0.661847797787609,0.0671310592730614,0.0719795596059093,0.0658166527848159,0.1152037980921062,0.4121303177440416,0.1475545724019473,80,113,119,0,3,1
34224,10,0,2,48,10,2,2,431095.0,0,0,0,560884.200322,1,2,0,15,212,0,0,0,0,0,0,0,0,0,0,0,0,0,0,0,0,0,0,0,0,0,0,0,0,0,0,0,0,0,0,0,0,0,0,0,0,0,0,0,0,0,0,0,0,0,0,0,0,0,0,0,0,0,0,0,0,0,0,0,0,0,0,0,0,0,0,0,0,0,0,0,0,0,0,0,0,0,0,0,0,0,0,0,0,0,0,0,0,0,0,0,0,0,0,0,0,0,0,0,0,0,0,0,0,0,0,0,0,0,0,0,0,0,0,0,0,0,0,0,0,0,0,0,0,0,0,0,0,0,0,0,0,0,0,0,0,0,0,0,0,0,0,0,0,0,0,0,0,0,0,0,0,0,0,1529.378888888889,4,0.2329066439538041,0.1236138152688807,0.0,0.2904880633369003,0.0,0.0,0.0,0.0,0.2468633506939564,0.207340918621134,0.0,0.3012442678404752,0.0,0.1263722314772653,0.1276542428898718,0.1066427232469787,0.438406088855859,0.1111685542923653,0.1191976361856857,0.108991906543424,0.0953883330724401,0.606653209074678,0.0,131,94,75,0,3,1
34770,13,30,24,650,21,4,2,28715.0,0,0,0,559299.737806,0,24,0,15,100,0,0,0,0,0,0,0,0,0,0,0,0,0,0,0,0,0,0,0,0,0,0,0,0,0,0,0,0,0,0,0,0,0,0,0,0,0,0,0,0,0,0,0,0,0,0,0,0,0,0,0,0,0,0,0,0,0,0,0,0,0,0,0,0,0,0,0,0,0,0,0,0,0,0,0,0,0,0,0,0,0,0,0,0,0,0,0,0,0,0,0,0,0,0,0,0,0,0,0,0,0,0,0,0,0,0,0,0,0,0,0,0,0,0,0,0,0,0,0,0,0,0,0,0,0,0,0,0,0,0,0,0,0,0,0,0,0,0,0,0,0,0,0,0,0,0,0,0,0,0,0,0,0,0,770.0241666666667,4,0.2387752890712246,0.0,0.0,0.0,0.0,0.0,0.0,0.0,0.0,0.0,0.0,0.0,0.0,0.0,0.0,0.0,0.8989055771024343,0.0,0.0,0.0,0.1955837447721048,0.3109696505513242,0.0,36,96,77,0,0,1
35158,14,30,91,3570,19,4,0,86597.0,0,0,0,601484.69568,1,91,0,15,7,0,0,0,0,0,0,0,0,0,0,0,0,0,0,0,0,0,0,0,0,0,0,0,0,0,0,0,0,0,0,0,0,0,0,0,0,0,0,0,0,0,0,0,0,0,0,0,0,0,0,0,0,0,0,0,0,0,0,0,0,0,0,0,0,0,0,0,0,0,0,0,0,0,0,0,0,0,0,0,0,0,0,0,0,0,0,0,0,0,0,0,0,0,0,0,0,0,0,0,0,0,0,0,0,0,0,0,0,0,0,0,0,0,0,0,0,0,0,0,0,0,0,0,0,0,0,0,0,0,0,0,0,0,0,0,0,0,0,0,0,0,0,0,0,0,0,0,0,0,0,0,0,0,0,245.75444444444443,4,0.657977633292238,0.0,0.0,0.0,0.0,0.0,0.0,0.0,0.0,0.0,0.0,0.0,0.0,0.0,0.0,0.0,0.6192640018107418,0.0,0.0,0.0,0.0,0.4284594848389877,0.0,87,102,50,0,0,1
32970,20,0,5,29,2,3,3,46696.0,0,0,0,640110.115435,1,5,0,15,986,0,0,0,0,0,0,0,0,0,0,0,0,0,0,0,0,0,0,0,0,0,0,0,0,0,0,0,0,0,0,0,0,0,0,0,0,0,0,0,0,0,0,0,0,0,0,0,0,0,0,0,0,0,0,0,0,0,0,0,0,0,0,0,0,0,0,0,0,0,0,0,0,0,0,0,0,0,0,0,0,0,0,0,0,0,0,0,0,0,0,0,0,0,0,0,0,0,0,0,0,0,0,0,0,0,0,0,0,0,0,0,0,0,0,0,0,0,0,0,0,0,0,0,0,0,0,0,0,0,0,0,0,0,0,0,0,0,0,0,0,0,0,0,0,0,0,0,0,0,0,0,0,0,0,622.5680555555556,4,0.0698467286603151,0.2965658846714341,0.0,0.2903830277876952,0.0,0.0,0.0713069638059477,0.0714211423465397,0.2220966801898141,0.248719137200453,0.0,0.2409082744243491,0.0,0.2273877673650687,0.1531297023409144,0.3198124891493522,0.5258970823935576,0.0666770145789267,0.071492721807145,0.1307429963057457,0.1144246107258662,0.3183777731292093,0.2198348681318954,9,3,17,0,3,1
35201,2,0,1,10,1,2,2,147.0,0,0,0,645387.156105,0,1,0,15,134,0,0,0,0,0,0,0,0,0,0,0,0,0,0,0,0,0,0,0,0,0,0,0,0,0,0,0,0,0,0,0,0,0,0,0,0,0,0,0,0,0,0,0,0,0,0,0,0,0,0,0,0,0,0,0,0,0,0,0,0,0,0,0,0,0,0,0,0,0,0,0,0,0,0,0,0,0,0,0,0,0,0,0,0,0,0,0,0,0,0,0,0,0,0,0,0,0,0,0,0,0,0,0,0,0,0,0,0,0,0,0,0,0,0,0,0,0,0,0,0,0,0,0,0,0,0,0,0,0,0,0,0,0,0,0,0,0,0,0,0,0,0,0,0,0,0,0,0,0,0,0,0,0,0,194.5625,4,0.3511903248153574,0.1863921749890242,0.0,0.1460049909360602,0.0,0.0,0.0,0.0,0.3722350674221804,0.1563204108778308,0.0,0.1514112700203387,0.0,0.3811029540998843,0.1924845691969381,0.1608021651101079,0.3305272321403969,0.1676264791266888,0.1797332006448759,0.1643444017372995,0.1438321342260645,0.4573736797037715,0.0,79,102,40,0,2,1
34982,5,30,44,4138,19,4,2,46615.0,1,0,0,644663.878764,0,44,0,15,485,0,0,0,0,0,0,0,0,0,0,0,0,0,0,0,0,0,0,0,0,0,0,0,0,0,0,0,0,0,0,0,0,0,0,0,0,0,0,0,0,0,0,0,0,0,0,0,0,0,0,0,0,0,0,0,0,0,0,0,0,0,0,0,0,0,0,0,0,0,0,0,0,0,0,0,0,0,0,0,0,0,0,0,0,0,0,0,0,0,0,0,0,0,0,0,0,0,0,0,0,0,0,0,0,0,0,0,0,0,0,0,0,0,0,0,0,0,0,0,0,0,0,0,0,0,0,0,0,0,0,0,0,0,0,0,0,0,0,0,0,0,0,0,0,0,0,0,0,0,0,0,0,1,1,498.7169444444445,4,0.0770339349543831,0.2453118153239499,0.0,0.2562106796238693,0.0,0.0,0.0786444278347846,0.078770355311101,0.2449503583558296,0.1371561288875083,0.0,0.1328488298444976,0.0,0.2507858967284108,0.168886700293185,0.282176874528164,0.6525131916224697,0.0735380582962628,0.0788493002755696,0.0720982046427636,0.1261988669892449,0.3511387453152372,0.0808186021841071,94,100,51,0,3,1
34713,6,0,16,77,2,2,2,530181.0,1,0,0,670080.44431,0,16,0,15,27,0,0,0,0,0,0,0,0,0,0,0,0,0,0,0,0,0,0,0,0,0,0,0,0,0,0,0,0,0,0,0,0,0,0,0,0,0,0,0,0,0,0,0,0,0,0,0,0,0,0,0,0,0,0,0,0,0,0,0,0,0,0,0,0,0,0,0,0,0,0,0,0,0,0,0,0,0,0,0,0,0,0,0,0,0,0,0,0,0,0,0,0,0,0,0,0,0,0,0,0,0,0,0,0,0,0,0,0,0,0,0,0,0,0,0,0,0,0,0,0,0,0,0,0,0,0,0,0,0,0,0,0,0,0,0,0,0,0,0,0,0,0,0,0,0,0,0,0,0,0,0,0,0,0,848.2877777777778,4,0.7736044435987611,0.0,0.0,0.0,0.0,0.0,0.0,0.0,0.0,0.0,0.0,0.0,0.0,0.0,0.0,0.0,0.0,0.0,0.0,0.0,0.6336688132173235,0.0,0.0,55,98,71,5,2,1
33460,5,10,13,158,6,3,2,1016234.0,0,0,0,670075.590487,0,13,0,15,9,0,0,0,0,0,0,0,0,0,0,0,0,0,0,0,0,0,0,0,0,0,0,0,0,0,0,0,0,0,0,0,0,0,0,0,0,0,0,0,0,0,0,0,0,0,0,0,0,0,0,0,0,0,0,0,0,0,0,0,0,0,0,0,0,0,0,0,0,0,0,0,0,0,0,0,0,0,0,0,0,0,0,0,0,0,0,0,0,0,0,0,0,0,0,0,0,0,0,0,0,0,0,0,0,0,0,0,0,0,0,0,0,0,0,0,0,0,0,0,0,0,0,0,0,0,0,0,0,0,0,0,0,0,0,0,0,0,0,0,0,0,0,0,0,0,0,0,0,0,0,0,0,0,0,511.635,4,0.0,0.0,0.0,0.0,0.0,0.0,0.0,0.0,0.0,0.0,0.0,0.0,0.0,0.0,0.0,0.0,0.8223548294979172,0.0,0.0,0.0,0.0,0.5689749857431797,0.0,13,32,41,0,4,1
34647,10,1,10,5,1,2,3,128490.0,0,0,0,670084.352391,1,10,0,15,39,0,0,0,0,0,0,0,0,0,0,0,0,0,0,0,0,0,0,0,0,0,0,0,0,0,0,0,0,0,0,0,0,0,0,0,0,0,0,0,0,0,0,0,0,0,0,0,0,0,0,0,0,0,0,0,0,0,0,0,0,0,0,0,0,0,0,0,0,0,0,0,0,0,0,0,0,0,0,0,0,0,0,0,0,0,0,0,0,0,0,0,0,0,0,0,0,0,0,0,0,0,0,0,0,0,0,0,0,0,0,0,0,0,0,0,0,0,0,0,0,0,0,0,0,0,0,0,0,0,0,0,0,0,0,0,0,0,0,0,0,0,0,0,0,0,0,0,0,0,0,0,0,0,0,274.01916666666665,4,0.0,0.0,0.0,0.0,0.0,0.0,0.0,0.0,0.0,0.0,0.0,0.0,0.0,0.0,0.0,0.657595733308477,0.0,0.0,0.0,0.0,0.0,0.0,0.7533709919651052,86,49,71,3,4,1
34495,2,8,14,503,8,2,1,1623.0,0,0,0,699078.730098,0,14,0,15,36,0,0,0,0,0,0,0,0,0,0,0,0,0,0,0,0,0,0,0,0,0,0,0,0,0,0,0,0,0,0,0,0,0,0,0,0,0,0,0,0,0,0,0,0,0,0,0,0,0,0,0,0,0,0,0,0,0,0,0,0,0,0,0,0,0,0,0,0,0,0,0,0,0,0,0,0,0,1,0,0,0,0,0,0,0,0,0,0,0,0,0,0,0,0,0,0,0,0,0,0,0,0,0,0,0,0,0,0,0,0,0,0,0,0,0,0,0,0,0,0,0,0,0,0,0,0,0,0,0,0,0,0,0,0,0,0,0,0,0,0,0,0,0,0,0,0,0,0,0,0,0,0,0,1,1200.9122222222222,4,0.6171370506698308,0.0,0.0,0.0,0.0,0.0,0.0,0.0,0.0,0.0,0.0,0.0,0.0,0.0,0.6764956261030612,0.0,0.0,0.0,0.0,0.0,0.0,0.4018650626192452,0.0,124,99,77,3,1,1
34135,7,30,75,389,3,3,5,68981.0,0,0,0,716228.00691,0,75,0,15,893,0,0,0,0,0,0,0,0,0,0,0,0,0,0,0,0,0,0,0,0,0,0,0,0,0,0,0,0,0,0,0,0,0,0,0,0,0,0,0,0,0,0,0,0,0,0,0,0,0,0,0,0,0,0,0,0,0,0,0,0,0,0,0,0,0,0,0,0,0,0,0,0,0,0,0,0,0,0,0,0,0,0,0,0,0,0,0,0,0,0,0,0,0,0,0,0,0,0,0,0,0,0,0,0,0,0,0,0,0,0,0,0,0,0,0,0,0,0,0,0,0,0,0,0,0,0,0,0,0,0,0,0,0,0,0,0,0,0,0,0,0,0,0,0,0,0,0,0,0,0,0,0,1,1,1581.5394444444444,4,0.0,0.0,0.0656239448682566,0.049281062211456,0.0,0.0,0.0,0.0,0.0,0.0527628257363091,0.0,0.1022116870053513,0.0,0.0,0.0,0.0,0.5020328307524126,0.0,0.0,0.0,0.5825718950584613,0.5403206573008341,0.3109024626081078,138,100,71,1,6,0
34941,10,13,10,658,7,4,3,64078.0,0,0,0,800555.531309,0,10,0,15,351,0,0,0,0,0,0,0,0,0,0,0,0,0,0,0,0,0,0,0,0,0,0,0,0,0,0,0,0,0,0,0,0,0,0,0,0,0,0,0,0,0,0,0,0,0,0,0,0,0,0,0,0,0,0,0,0,0,0,0,0,0,0,0,0,0,0,0,0,0,0,0,0,0,0,0,0,0,0,0,0,0,0,0,0,0,0,0,0,0,0,0,0,0,0,0,0,0,0,0,0,0,0,0,0,0,0,0,0,0,0,0,0,0,0,0,0,0,0,0,0,0,0,0,0,0,0,0,0,0,0,0,0,0,0,0,0,0,0,0,0,0,0,0,0,0,0,0,0,0,0,0,0,1,1,502.7355555555555,4,0.1291360248213622,0.2741527067813771,0.0,0.3221245484506128,0.0,0.0,0.1318357784909794,0.1320468773231619,0.1368743769672042,0.1149610056587888,0.0,0.1113507300285706,0.0,0.280270366594023,0.1415568160575819,0.3547709190890493,0.6076900449387314,0.0,0.0,0.0,0.0,0.3363613099872117,0.1354804609663889,87,92,53,0,1,1
34110,10,10,19,287,4,3,1,856894.0,0,0,0,800672.261077,0,19,0,15,392,0,0,0,0,0,0,0,0,0,0,0,0,0,0,0,0,0,0,0,0,0,0,0,0,0,0,0,0,0,0,0,0,0,0,0,0,0,0,0,0,0,0,0,0,0,0,0,0,0,0,0,0,0,0,0,0,0,0,0,0,0,0,0,0,0,0,0,0,0,0,0,0,0,0,0,0,0,0,0,0,0,0,0,0,0,0,0,0,0,0,0,0,0,0,0,0,0,0,0,0,0,0,0,0,0,0,0,0,0,0,0,0,0,0,0,0,0,0,0,0,0,0,0,0,0,0,0,0,0,0,0,0,0,0,0,0,0,0,0,0,0,0,0,0,0,0,0,0,0,0,0,0,1,1,1581.3780555555556,4,0.5375638997857162,0.2282470726477368,0.0,0.1787908305435969,0.0,0.0,0.0,0.0,0.3418661398243326,0.0957113038142758,0.1218497080924054,0.1854111051070325,0.0,0.1166701789598002,0.2357075314543056,0.0984553763159892,0.3035610528077975,0.1026337429700754,0.1100464032549031,0.1006242043282962,0.0880650263126892,0.4900684702379521,0.0,136,93,68,1,5,0
33736,13,30,137,2206,22,3,0,2955285.0,0,0,0,812637.19356,0,137,0,15,316,0,0,0,0,0,0,0,0,0,0,0,0,0,0,0,0,0,0,0,0,0,0,0,0,0,0,0,0,0,0,0,0,0,0,0,0,0,0,0,0,0,0,0,0,0,0,0,0,0,0,0,0,0,0,0,0,0,0,0,0,0,0,0,0,0,0,0,0,0,0,0,0,0,0,0,0,0,0,0,0,0,0,0,0,0,0,0,0,0,0,0,0,0,0,0,0,0,0,0,0,0,0,0,0,0,0,0,0,0,0,0,0,0,0,0,0,0,0,0,0,0,0,0,0,0,0,0,0,0,0,0,0,0,0,0,0,0,0,0,0,0,0,0,0,0,0,0,0,0,0,0,0,1,1,1960.3305555555555,4,0.1471914570024139,0.0,0.0,0.0,0.1664709001302635,0.0,0.1502686825614961,0.0,0.0,0.2620690538490341,0.0,0.1269194728106302,0.0,0.0,0.1613488879881598,0.0,0.415593324531069,0.1405117621495654,0.0,0.1377605829808745,0.6028315675163329,0.3833903929189884,0.3088459083758733,45,92,79,0,3,1
35083,1,0,1,9,1,1,1,1575.0,0,0,0,892138.816554,0,1,0,15,79,0,0,0,0,0,0,0,0,0,0,0,0,0,0,0,0,0,0,0,0,0,0,0,0,0,0,0,0,0,0,0,0,0,0,0,0,0,0,0,0,0,0,0,0,0,0,0,0,0,0,0,0,0,0,0,0,0,0,0,0,0,0,0,0,0,0,0,0,0,0,0,0,0,0,0,0,0,0,0,0,0,0,0,0,0,0,0,0,0,0,0,0,0,0,0,0,0,0,0,0,0,0,0,0,0,0,0,0,0,0,0,0,0,0,0,0,0,0,0,0,0,0,0,0,0,0,0,0,0,0,0,0,0,0,0,0,0,0,0,0,0,0,0,0,0,0,0,0,0,0,0,0,0,0,289.05333333333334,4,0.0,0.0,0.0,0.0,0.0,0.0,0.0,0.0,0.0,0.4142869560387468,0.0,0.4012765435712072,0.0,0.0,0.0,0.0,0.437988616209481,0.0,0.0,0.0,0.381189997738954,0.3030377614680205,0.4882332705324635,96,92,52,15,2,1
34989,3,8,87,115,3,2,1,1656.0,0,0,0,900268.844705,0,87,0,15,37,0,0,0,0,0,0,0,0,0,0,0,0,0,0,0,0,0,0,0,0,0,0,0,0,0,0,0,0,0,0,0,0,0,0,0,0,0,0,0,0,0,0,0,0,0,0,0,0,0,0,0,0,0,0,0,0,0,0,0,0,0,0,0,0,0,0,0,0,0,0,0,0,0,0,0,0,0,0,0,0,0,0,0,0,0,0,0,0,0,0,0,0,0,0,0,0,0,0,0,0,0,0,0,0,0,0,0,0,0,0,0,0,0,0,0,0,0,0,0,0,0,0,0,0,0,0,0,0,0,0,0,0,0,0,0,0,0,0,0,0,0,0,0,0,0,0,0,0,0,0,0,0,0,0,431.4111111111111,4,0.0,0.0,0.0,0.0,0.0,0.0,0.0,0.0,0.0,0.0,0.0,0.0,0.0,0.0,0.5193799534441512,0.0,0.4459298196144294,0.0,0.0,0.0,0.3881013812679932,0.6170643222524452,0.0,91,93,52,26,3,1
34785,8,9,7,109,8,4,1,1684.0,0,0,0,954612.170513,1,7,0,15,506,0,0,0,0,0,0,0,0,0,0,0,0,0,0,0,0,0,0,0,0,0,0,0,0,0,0,0,0,0,0,0,0,0,0,0,0,0,0,0,0,0,0,0,0,0,0,0,0,0,0,0,0,0,0,0,0,0,0,0,0,0,0,0,0,0,0,0,0,0,0,0,0,0,0,0,0,0,0,0,0,0,0,0,0,0,0,0,0,0,0,0,0,0,0,0,0,0,0,0,0,0,0,0,0,0,0,0,0,0,0,0,0,0,0,0,0,0,0,0,0,0,0,0,0,0,0,0,0,0,0,0,0,0,0,0,0,0,0,0,0,0,0,0,0,0,0,0,0,0,0,0,0,0,0,650.1811111111111,4,0.1072133417061483,0.227611372368611,0.0,0.2674393093077554,0.0,0.0,0.1094547736621304,0.1096300354549559,0.1136379981411156,0.0954447343382934,0.1215103394751119,0.0924473545185923,0.0,0.2326904721228623,0.1175255263727563,0.2945434926335632,0.7063363824416581,0.0,0.0,0.0,0.0878197527976391,0.3490739717506486,0.112480719274031,42,92,79,18,0,1
34163,6,9,5,106,2,2,2,56857.0,0,0,0,978330.633037,0,5,0,15,173,0,0,0,0,0,0,0,0,0,0,0,0,0,0,0,0,0,0,0,0,0,0,0,0,0,0,0,0,0,0,0,0,0,0,0,0,0,0,0,0,0,0,0,0,0,0,0,0,0,0,0,0,0,0,0,0,0,0,0,0,0,0,0,0,0,0,0,0,0,0,0,0,0,0,0,0,0,0,0,0,0,0,0,0,0,0,0,0,0,0,0,0,0,0,0,0,0,0,0,0,0,0,0,0,0,0,0,0,0,0,0,0,0,0,0,0,0,0,0,0,0,0,0,0,0,0,0,0,0,0,0,0,0,0,0,0,0,0,0,0,0,0,0,0,0,0,0,0,0,0,0,0,0,0,232.59277777777777,4,0.1472555412055996,0.312620008753696,0.0,0.1224409810851829,0.0,0.0,0.1503341065268663,0.0,0.312159375904077,0.1310915767249523,0.0,0.126974730999179,0.0,0.1597980291471206,0.3228382721047254,0.2697000250536021,0.5543656873532936,0.1405729381478125,0.1507257339591632,0.137820561170985,0.241237611307786,0.2876679850450861,0.0,133,116,76,0,0,1
33200,7,30,32,170,5,7,1,621839.0,0,0,0,978842.671875,0,32,0,15,274,1,0,0,0,0,0,0,0,0,0,0,0,0,0,0,0,0,0,0,0,0,0,0,0,0,0,0,0,0,0,0,0,0,0,0,0,0,0,0,0,0,0,0,0,0,0,0,0,0,0,0,0,0,0,0,0,0,0,0,0,0,0,0,0,0,0,0,0,0,0,0,0,0,0,0,0,0,0,0,0,0,0,0,0,0,0,0,0,0,0,0,0,0,0,0,0,0,0,0,0,0,0,0,0,0,0,0,0,0,0,0,0,0,0,0,0,0,0,0,0,0,0,0,0,0,0,0,0,0,0,0,0,0,0,0,0,0,0,0,0,0,0,0,0,0,0,0,0,0,0,0,0,0,1,1458.4944444444443,4,0.2664009431577163,0.1413907152493477,0.0,0.1107543817203684,0.0,0.0,0.0,0.0,0.2823647635787846,0.3557379171640107,0.0,0.1148553997304256,0.0,0.1445458192303271,0.1460121966752104,0.1219790108672786,0.5014532585873828,0.1271557015730302,0.1363394455519926,0.1246660301605002,0.2182122541921191,0.5204219950221921,0.0,17,115,30,0,3,1
35009,12,3,14,239,2,4,2,39283.0,0,0,0,1031404.698072,0,14,0,15,529,0,0,0,0,0,0,0,0,0,0,0,0,0,0,0,0,0,0,0,0,0,0,0,0,0,0,0,0,0,0,0,0,0,0,0,0,0,0,0,0,0,0,0,0,0,0,0,0,0,0,0,0,0,0,0,0,0,0,0,0,0,0,0,0,0,0,0,0,0,0,0,0,0,0,0,0,0,0,0,0,0,0,0,0,0,0,0,0,0,0,0,0,0,0,0,0,0,0,0,0,0,0,0,0,0,0,0,0,0,0,0,0,0,0,0,0,0,0,0,0,0,0,0,0,0,0,0,0,0,0,0,0,0,0,0,0,0,0,0,0,0,0,0,0,0,0,0,0,0,0,0,0,0,0,328.9244444444444,4,0.0,0.133706550610684,0.0,0.1047352106447299,0.0,0.0,0.064297403429104,0.0,0.0667547697271705,0.0,0.1427584938808706,0.0,0.1374696578790672,0.2050352761183695,0.6213459072291919,0.0,0.474200766153318,0.0,0.0644649011951801,0.0,0.1547648006318326,0.4921386082080017,0.0,102,85,52,1,3,1
34883,7,6,5,14,2,3,2,6493.0,0,0,0,1087130.982905,1,5,0,15,195,0,0,0,0,0,0,0,0,0,0,0,0,0,0,0,0,0,0,0,0,0,0,0,0,0,0,0,0,0,0,0,0,0,0,0,0,0,0,0,0,0,0,0,0,0,0,0,0,0,0,0,0,0,0,0,0,0,0,0,0,0,0,0,0,0,0,0,0,0,0,0,0,0,0,0,0,0,0,0,0,0,0,0,0,0,0,0,0,0,0,0,0,0,0,0,0,0,0,0,0,0,0,0,0,0,0,0,0,0,0,0,0,0,0,0,0,0,0,0,0,0,0,0,0,0,0,0,0,0,0,0,0,0,0,0,0,0,0,0,0,0,0,0,0,0,0,0,0,0,0,0,0,0,0,401.9488888888889,4,0.2645698298544648,0.140418862760462,0.0,0.3299793264250563,0.0,0.0,0.0,0.0,0.2804239225711291,0.1177642480056135,0.0,0.1140659383722796,0.0,0.1435522800581878,0.290017156644726,0.1211405851962992,0.4980065075290932,0.1262816937937229,0.1354023130871109,0.1238091351976498,0.1083561835019275,0.5168448618968575,0.0,67,101,60,0,4,1
34968,5,0,13,12,4,2,2,1893.0,0,0,0,1087218.063913,0,13,0,15,4,0,0,0,0,0,0,0,0,0,0,0,0,0,0,0,0,0,0,0,0,0,0,0,0,0,0,0,0,0,0,0,0,0,0,0,0,0,0,0,0,0,0,0,0,0,0,0,0,0,0,0,0,0,0,0,0,0,0,0,0,0,0,0,0,0,0,0,0,0,0,0,0,0,0,0,0,0,0,0,0,0,0,0,0,0,0,0,0,0,0,0,0,0,0,0,0,0,0,0,0,0,0,0,0,0,0,0,0,0,0,0,0,0,0,0,0,0,0,0,0,0,0,0,0,0,0,0,0,0,0,0,0,0,0,0,0,0,0,0,0,0,0,0,0,0,0,0,0,0,0,0,0,1,1,339.5913888888889,4,0.0,0.0,0.0,0.0,0.0,0.0,0.0,0.0,0.0,1.0,0.0,0.0,0.0,0.0,0.0,0.0,0.0,0.0,0.0,0.0,0.0,0.0,0.0,93,93,53,5,2,1
35119,2,2,2,2,1,1,0,1578.0,0,0,0,1146879.641103,1,2,0,15,15,0,0,0,0,0,0,0,0,0,0,0,0,0,0,0,0,0,0,0,0,0,0,0,0,0,0,0,0,0,0,0,0,0,0,0,0,0,0,0,0,0,0,0,0,0,0,0,0,0,0,0,0,0,0,0,0,0,0,0,0,0,0,0,0,0,0,0,0,0,0,0,0,0,0,0,0,0,0,0,0,0,0,0,0,0,0,0,0,0,0,0,0,0,0,0,0,0,0,0,0,0,0,0,0,0,0,0,0,0,0,0,0,0,0,0,0,0,0,0,0,0,0,0,0,0,0,0,0,0,0,0,0,0,0,0,0,0,0,0,0,0,0,0,0,0,0,0,0,0,0,0,0,0,0,171.23277777777778,4,0.0,0.0,0.0,0.0,0.0,0.0,0.0,0.0,0.0,0.0,0.0,0.0,0.0,0.0,0.0,0.0,0.8223548294979172,0.0,0.0,0.0,0.0,0.5689749857431797,0.0,85,86,42,32,4,1
34910,12,3,16,68,34,4,3,23972.0,0,0,0,1147041.509715,0,16,0,15,116,0,0,0,0,0,0,0,0,0,0,0,0,0,0,0,0,0,0,0,0,0,0,0,0,0,0,0,0,0,0,0,0,0,0,0,0,0,0,0,0,0,0,0,0,0,0,0,0,0,0,0,0,0,0,0,0,0,0,0,0,0,0,0,0,0,0,0,0,0,0,0,0,0,0,0,0,0,0,0,0,0,0,0,0,0,0,0,0,0,0,0,0,0,0,0,0,0,0,0,0,0,0,0,0,0,0,0,0,0,0,0,0,0,0,0,0,0,0,0,0,0,0,0,0,0,0,0,0,0,0,0,0,0,0,0,0,0,0,0,0,0,0,0,0,0,0,0,0,0,0,0,0,0,0,436.7738888888889,4,0.0,0.0,0.0,0.0,0.0,0.0,0.0,0.0,0.0,0.2901621987626535,0.0,0.0,0.0,0.0,0.0,0.0,0.3067625906630498,0.0,0.0,0.0,0.8009443185070094,0.4244888809265312,0.0,76,85,67,7,0,1
34719,8,30,37,268,9,4,2,508896.0,0,2,0,1169258.352976,0,37,0,15,57,0,0,0,0,0,0,0,0,0,0,0,0,0,0,0,0,0,0,0,0,0,0,0,0,0,0,0,0,0,0,0,0,0,0,0,0,0,0,0,0,0,0,0,0,0,0,0,0,0,0,0,0,0,0,0,0,0,0,0,0,0,0,0,0,0,0,0,0,0,0,0,0,0,0,0,0,0,0,0,0,0,0,0,0,0,0,0,0,0,0,0,0,0,0,0,0,0,0,0,0,0,0,0,0,0,0,0,0,0,0,0,0,0,0,0,0,0,0,0,0,0,0,0,0,0,0,0,0,0,0,0,0,0,0,0,0,0,0,0,0,0,0,0,0,0,0,0,0,0,0,0,0,0,0,708.43,4,0.0,0.0,0.0,0.0,0.0,0.0,0.0,0.0,0.0,0.0,0.0,0.0,0.0,0.0,0.0,0.0,0.7475701549482,0.0,0.0,0.0,0.0,0.5172325898704485,0.4166645070156956,50,85,74,1,2,1
35103,4,4,3,3,1,2,1,6794.0,0,0,0,1227210.953277,0,3,0,15,415,0,0,0,0,0,0,0,0,0,0,0,0,0,0,0,0,0,0,0,0,0,0,0,0,0,0,0,0,0,0,0,0,0,0,0,0,0,0,0,0,0,0,0,0,0,0,0,0,0,0,0,0,0,0,0,0,0,0,0,0,0,0,0,0,0,0,0,0,0,0,0,0,0,0,0,0,0,0,0,0,0,0,0,0,0,0,0,0,0,0,0,0,0,0,0,0,0,0,0,0,0,0,0,0,0,0,0,0,0,0,0,0,0,0,0,0,0,0,0,0,0,0,0,0,0,0,0,0,0,0,0,0,0,0,0,0,0,0,0,0,0,0,0,0,0,0,0,0,0,0,0,0,0,0,168.47416666666666,4,0.162636011841841,0.1726361909012125,0.0,0.1352296333751766,0.0,0.0,0.0,0.0,0.3447636370110779,0.2895675239118842,0.184323673670617,0.1402369220562261,0.0,0.1764885310793703,0.1782789585205334,0.1489347569172985,0.4592008410428095,0.155255427714802,0.1664686574940277,0.1522155718904868,0.1332171363065099,0.5295236367029618,0.0,92,85,49,1,3,1
34564,24,30,92,1561,25,6,1,2729.0,0,0,0,1323043.247543,0,92,0,15,350,0,0,0,0,0,0,0,0,0,0,0,0,0,0,0,0,0,0,0,0,0,0,0,0,0,0,0,0,0,0,0,0,0,0,0,0,0,0,0,0,0,0,0,0,0,0,0,0,0,0,0,0,0,0,0,0,0,0,0,0,0,0,0,0,0,0,0,0,0,0,0,0,0,0,0,0,0,0,0,0,0,0,0,0,0,0,0,0,0,0,0,0,0,0,0,0,0,0,0,0,0,0,0,0,0,0,0,0,0,0,0,0,0,0,0,0,0,0,0,0,0,0,0,0,0,0,0,0,0,0,0,0,0,0,0,0,0,0,0,0,0,0,0,0,0,0,0,0,0,0,0,0,1,1,956.7969444444444,4,0.3824213963940304,0.0,0.0,0.0,0.0,0.0,0.0,0.0,0.0,0.0,0.0,0.3297523036343025,0.0,0.0,0.0,0.0,0.3599207515977017,0.0,0.0,0.0,0.6264920384237176,0.2490237755811654,0.4012097099825135,123,92,74,3,4,1
34858,4,6,11,899,31,2,1,2002.0,0,0,0,1326473.632498,0,11,0,15,36,0,0,0,0,0,0,0,0,0,0,0,0,0,0,0,0,0,0,0,0,0,0,0,0,0,0,0,0,0,0,0,0,0,0,0,0,0,0,0,0,0,0,0,0,0,0,0,0,0,0,0,0,0,0,0,0,0,0,0,0,0,0,0,0,0,0,0,0,0,0,0,0,0,0,0,0,0,0,0,0,0,0,0,0,0,0,0,0,0,0,0,0,0,0,0,0,0,0,0,0,0,0,0,0,0,0,0,0,0,0,0,0,0,0,0,0,0,0,0,0,0,0,0,0,0,0,0,0,0,0,0,0,0,0,0,0,0,0,0,0,0,0,0,0,0,0,0,0,0,0,0,0,0,0,476.0052777777778,4,0.0,0.0,0.0,0.0,0.0,0.0,0.0,0.0,0.0,0.4426129901435682,0.0,0.0,0.0,0.0,0.0,0.0,0.4679352034708791,0.0,0.0,0.0,0.4072530941482954,0.6475147130494225,0.0,59,91,56,10,3,1
34850,2,0,1,1,1,1,1,1557.0,0,0,0,1332464.709383,1,1,0,15,8,0,0,0,0,0,0,0,0,0,0,0,0,0,0,0,0,0,0,0,0,0,0,0,0,0,0,0,0,0,0,0,0,0,0,0,0,0,0,0,0,0,0,0,0,0,0,0,0,0,0,0,0,0,0,0,0,0,0,0,0,0,0,0,0,0,0,0,0,0,0,0,0,0,0,0,0,0,0,0,0,0,0,0,0,0,0,0,0,0,0,0,0,0,0,0,0,0,0,0,0,0,0,0,0,0,0,0,0,0,0,0,0,0,0,0,0,0,0,0,0,0,0,0,0,0,0,0,0,0,0,0,0,0,0,0,0,0,0,0,0,0,0,0,0,0,0,0,0,0,0,0,0,0,0,480.31333333333333,4,0.0,0.0,0.0,0.0,0.0,0.0,0.0,0.0,0.0,0.6139777425726712,0.0,0.0,0.0,0.0,0.0,0.0,0.6491038588906828,0.0,0.0,0.0,0.0,0.4491052348821946,0.0,54,90,58,32,3,1
35053,5,0,1,6,1,1,1,25326.0,0,0,0,1371597.733739,0,1,0,15,161,0,0,0,0,0,0,0,0,0,0,0,0,0,0,0,0,0,0,0,0,0,0,0,0,0,0,0,0,0,0,0,0,0,0,0,0,0,0,0,0,0,0,0,0,0,0,0,0,0,0,0,0,0,0,0,0,0,0,0,0,0,0,0,0,0,0,0,0,0,0,0,0,0,0,0,0,0,0,0,0,0,0,0,0,0,0,0,0,0,0,0,0,0,0,0,0,0,0,0,0,0,0,0,0,0,0,0,0,0,0,0,0,0,0,0,0,0,0,0,0,0,0,0,0,0,0,0,0,0,0,0,0,0,0,0,0,0,0,0,0,0,0,0,0,0,0,0,0,0,0,0,0,0,0,173.59222222222223,4,0.1600224271240413,0.1698619018297531,0.0,0.1330564732049264,0.0,0.0,0.0,0.0,0.3392232344720543,0.2849141310581343,0.0,0.1379832940177209,0.0,0.173652334332585,0.1754139893404749,0.1465413533886458,0.6024285543231436,0.1527604500734081,0.1637934815948416,0.1497694451809177,0.2621526345224557,0.3126084682173345,0.1678843082069157,98,90,50,0,1,1
33027,5,22,32,464,5,2,2,8830156.0,0,1,0,1382947.469892,0,32,0,15,253,0,0,0,0,0,0,0,0,0,0,0,0,0,0,0,0,0,0,0,0,0,0,0,0,0,0,0,0,0,0,0,0,0,0,0,0,0,0,0,0,0,0,0,0,0,0,0,0,0,0,0,0,0,0,0,0,0,0,0,0,0,0,0,0,0,0,0,0,0,0,0,0,0,0,0,0,0,0,0,0,0,0,0,0,0,0,0,0,0,0,0,0,0,0,0,0,0,0,0,0,0,0,0,0,0,0,0,0,0,0,0,0,0,0,0,0,0,0,0,0,0,0,0,0,0,0,0,0,0,0,0,0,0,0,0,0,0,0,0,0,0,0,0,0,0,0,0,0,0,0,0,0,0,0,2636.8108333333334,4,0.2247946002423428,0.1193083963431735,0.0,0.0934568274001131,0.0,0.0,0.1147471093543189,0.0,0.4765304011227784,0.1000596593641241,0.0,0.0969173508248057,0.0,0.1219707380365637,0.1232080975129218,0.3087852016683679,0.4231365830324231,0.1072965987463548,0.115046030981873,0.1051957627535065,0.0920659962154437,0.5123332589038755,0.2358387297868077,11,89,19,1,3,1
34537,1,17,27,198,4,4,2,1662.0,0,0,0,1389965.554088,0,27,0,15,806,0,0,0,0,0,0,0,0,0,0,0,0,0,0,0,0,0,0,0,0,0,0,0,0,0,0,0,0,0,0,0,0,0,0,0,0,0,0,0,0,0,0,0,0,0,0,0,0,0,0,0,0,0,0,0,0,0,0,0,0,0,0,0,0,0,0,0,0,0,0,0,0,0,0,0,0,0,0,0,0,0,0,0,0,0,0,0,0,0,0,0,0,0,0,0,0,0,0,0,0,0,0,0,0,0,0,0,0,0,0,0,0,0,0,0,0,0,0,0,0,0,0,0,0,0,0,0,0,0,0,0,0,0,0,0,0,0,0,0,0,0,0,0,0,0,0,0,0,0,0,0,0,1,1,837.4616666666667,4,0.3008860248751728,0.1596934671528075,0.0,0.2501826401839742,0.0,0.0,0.0,0.0,0.0,0.1339291652200648,0.170504726576406,0.0,0.0,0.163256993181102,0.4947395709656308,0.0,0.1415913508494362,0.0,0.0,0.0,0.4929188085047192,0.4898246714262141,0.0,121,99,75,2,3,1
35060,1,0,2,2,1,1,1,1642.0,0,0,0,1399271.573576,0,2,0,15,55,0,0,0,0,0,0,0,0,0,0,0,0,0,0,0,0,0,0,0,0,0,0,0,0,0,0,0,0,0,0,0,0,0,0,0,0,0,0,0,0,0,0,0,0,0,0,0,0,0,0,0,0,0,0,0,0,0,0,0,0,0,0,0,0,0,0,0,0,0,0,0,0,0,0,0,0,0,0,0,0,0,0,0,0,0,0,0,0,0,0,0,0,0,0,0,0,0,0,0,0,0,0,0,0,0,0,0,0,0,0,0,0,0,0,0,0,0,0,0,0,0,0,0,0,0,0,0,0,0,0,0,0,0,0,0,0,0,0,0,0,0,0,0,0,0,0,0,0,0,0,0,0,0,0,169.5536111111111,4,0.0,0.0,0.0,0.0,0.0,0.0,0.0,0.0,0.0,0.4481216071356496,0.0,0.4340486394511294,0.0,0.0,0.0,0.0,0.473758972475482,0.0,0.0,0.0,0.0,0.3277867350454024,0.528107087754024,97,88,52,14,1,1
34389,17,7,27,96,4,3,2,69968.0,0,0,0,1407182.545206,1,27,0,15,392,0,0,0,0,0,0,0,0,0,0,0,0,0,0,0,0,0,0,0,0,0,0,0,0,0,0,0,0,0,0,0,0,0,0,0,0,0,0,0,0,0,0,0,0,0,0,0,0,0,0,0,0,0,0,0,0,0,0,0,0,0,0,0,0,0,0,0,0,0,0,0,0,0,0,0,0,0,0,0,0,0,0,0,0,0,0,0,0,0,0,0,0,0,0,0,0,0,0,0,0,0,0,0,0,0,0,0,0,0,0,0,0,0,0,0,0,0,0,0,0,0,0,0,0,0,0,0,0,0,0,0,0,0,0,0,0,0,0,0,0,0,0,0,0,0,0,0,0,0,0,0,0,1,1,1124.2716666666668,4,0.1700195152695368,0.2707105378685772,0.094125263756332,0.4947912064278367,0.0,0.0,0.0,0.0,0.1802077712781993,0.2270351880977109,0.0963458870371665,0.1466035304289067,0.0,0.1845009242720954,0.0931863176154844,0.0778481189101284,0.3200320499799516,0.0811519302032106,0.0870130794962832,0.0795629991667008,0.1392650538089599,0.5535634513932308,0.178372551995951,120,89,77,0,3,1
34319,2,8,7,67,2,4,2,2904288.0,0,0,0,1647561.916784,0,7,0,15,121,0,0,0,0,0,0,0,0,0,0,0,0,0,0,0,0,0,0,0,0,0,0,0,0,0,0,0,0,0,0,0,0,0,0,0,0,0,0,0,0,0,0,0,0,0,0,0,0,0,0,0,0,0,0,0,0,0,0,0,0,0,0,0,0,0,0,0,0,0,0,0,0,0,0,0,0,0,0,0,0,0,0,0,0,0,0,0,0,0,0,0,0,0,0,0,0,0,0,0,0,0,0,0,0,0,0,0,0,0,0,0,0,0,0,0,0,0,0,0,0,0,0,0,0,0,0,0,0,0,0,0,0,0,0,0,0,0,0,0,0,0,0,0,0,0,0,0,0,0,0,0,0,0,0,813.4152777777778,4,0.1798206586651994,0.1908774889751732,0.0,0.1495184336432534,0.0,0.0,0.0,0.0,0.5717887163093138,0.3201641646778866,0.0,0.1550548086352124,0.0,0.195136879871406,0.1971164896645635,0.1646716848483366,0.3384809910211532,0.1716602181574186,0.1840582740481733,0.1682991613386669,0.1472932896277857,0.3512848896835337,0.0,111,97,67,0,1,1
34946,8,0,2,2,1,4,4,57929.0,0,0,0,1755050.261032,0,2,0,15,292,0,0,0,0,0,0,0,0,0,0,0,0,0,0,0,0,0,0,0,0,0,0,0,0,0,0,0,0,0,0,0,0,0,0,0,0,0,0,0,0,0,0,0,0,0,0,0,0,0,0,0,0,0,0,0,0,0,0,0,0,0,0,0,0,0,0,0,0,0,0,0,0,0,0,0,0,0,0,0,0,0,0,0,0,0,0,0,0,0,0,0,0,0,0,0,0,0,0,0,0,0,0,0,0,0,0,0,0,0,0,0,0,0,0,0,0,0,0,0,0,0,0,0,0,0,0,0,0,0,0,0,0,0,0,0,0,0,0,0,0,0,0,0,0,0,0,0,0,0,0,0,0,0,0,232.09972222222223,4,0.3045481549025806,0.1616371208717989,0.0,0.1266138257639172,0.0,0.0,0.0,0.0,0.3227979103156244,0.2711184753252339,0.0,0.1313020879501579,0.0,0.1652440191227716,0.3338407481867059,0.1394457626768936,0.4299440427907808,0.145363728222551,0.1558625359622625,0.1425175489785427,0.1247295497598877,0.4957864027433775,0.0,90,108,49,0,1,1
34332,14,3,10,252,15,2,1,124375.0,0,0,0,1767901.582676,0,10,0,15,68,0,0,0,0,0,0,0,0,0,0,0,0,0,0,0,0,0,0,0,0,0,0,0,0,0,0,0,0,0,0,0,0,0,0,0,0,0,0,0,0,0,0,0,0,0,0,0,0,0,0,0,0,0,0,0,0,0,0,0,0,0,0,0,0,0,0,0,0,0,0,0,0,0,0,0,0,0,0,0,0,0,0,0,0,0,0,0,0,0,0,0,0,0,0,0,0,0,0,0,0,0,0,0,0,0,0,0,0,0,0,0,0,0,0,0,0,0,0,0,0,0,0,0,0,0,0,0,0,0,0,0,0,0,0,0,0,0,0,0,0,0,0,0,0,0,0,0,0,0,0,0,0,0,0,171.35416666666666,4,0.0,0.0,0.0,0.0,0.0,0.0,0.0,0.0,0.0,0.5526066697854729,0.0,0.2676262083245154,0.0,0.0,0.3402251061511775,0.0,0.2921108510411708,0.0,0.0,0.0,0.5084594919912326,0.404214242671993,0.0,115,123,72,20,2,1
34157,12,30,141,6251,32,4,0,485.0,0,0,0,1760039.160131,0,141,0,15,11,0,0,0,0,0,0,0,0,0,0,0,0,0,0,0,0,0,0,0,0,0,0,0,0,0,0,0,0,0,0,0,0,0,0,0,0,0,0,0,0,0,0,0,0,0,0,0,0,0,0,0,0,0,0,0,0,0,0,0,0,0,0,0,0,0,0,0,0,0,0,0,0,0,0,0,0,0,0,0,0,0,0,0,0,0,0,0,0,0,0,0,0,0,0,0,0,0,0,0,0,0,0,0,0,0,0,0,0,0,0,0,0,0,0,0,0,0,0,0,0,0,0,0,0,0,0,0,0,0,0,0,0,0,0,0,0,0,0,0,0,0,0,0,0,0,0,0,0,0,0,0,0,0,0,1269.2283333333332,4,0.657977633292238,0.0,0.0,0.0,0.0,0.0,0.0,0.0,0.0,0.0,0.0,0.0,0.0,0.0,0.0,0.0,0.6192640018107418,0.0,0.0,0.0,0.0,0.4284594848389877,0.0,133,107,75,0,0,1
34915,7,0,4,9,1,1,1,1925.0,0,0,0,1772915.911908,0,4,0,15,30,0,0,0,0,0,0,0,0,0,0,0,0,0,0,0,0,0,0,0,0,0,0,0,0,0,0,0,0,0,0,0,0,0,0,0,0,0,0,0,0,0,0,0,0,0,0,0,0,0,0,0,0,0,0,0,0,0,0,0,0,0,0,0,0,0,0,0,0,0,0,0,0,0,0,0,0,0,0,0,0,0,0,0,0,0,0,0,0,0,0,0,0,0,0,0,0,0,0,0,0,0,0,0,0,0,0,0,0,0,0,0,0,0,0,0,0,0,0,0,0,0,0,0,0,0,0,0,0,0,0,0,0,0,0,0,0,0,0,0,0,0,0,0,0,0,0,0,0,0,0,0,0,0,0,245.07861111111112,4,0.0,0.0,0.0,0.0,0.0,0.0,0.0,0.0,0.0,0.6139777425726712,0.0,0.0,0.0,0.0,0.0,0.0,0.6491038588906828,0.0,0.0,0.0,0.0,0.4491052348821946,0.0,80,103,66,19,0,1
33125,25,30,47,1909,19,4,3,82621.0,0,0,0,1818648.712544,0,47,0,15,28,0,0,0,0,0,0,0,0,0,0,0,0,0,0,0,0,0,0,0,0,0,0,0,0,0,0,0,0,0,0,0,0,0,0,0,0,0,0,0,0,0,0,0,0,0,0,0,0,0,0,0,0,0,0,0,0,0,0,0,0,0,0,0,0,0,0,0,0,0,0,0,0,0,0,0,0,0,0,0,0,0,0,0,0,0,0,0,0,0,0,0,0,0,0,0,0,0,0,0,0,0,0,0,0,0,0,0,0,0,0,0,0,0,0,0,0,0,0,0,0,0,0,0,0,0,0,0,0,0,0,0,0,0,0,0,0,0,0,0,0,0,0,0,0,0,0,0,0,0,0,0,0,1,1,2424.5691666666667,4,0.400343754338595,0.0,0.0,0.0,0.0,0.0,0.0,0.0,0.0,0.0,0.0,0.0,0.0,0.0,0.0,0.0,0.7535772125601812,0.0,0.0,0.0,0.0,0.5213887830324953,0.0,15,101,26,0,0,1
34156,8,7,32,179,4,5,1,161125.0,0,0,0,1829046.411367,0,32,0,15,167,0,0,0,0,0,0,0,0,0,0,0,0,0,0,0,0,0,0,0,0,0,0,0,0,0,0,0,0,0,0,0,0,0,0,0,0,0,0,0,0,0,0,0,0,0,0,0,0,0,0,0,0,0,0,0,0,0,0,0,0,0,0,0,0,0,0,0,0,0,0,0,0,0,0,0,0,0,0,0,0,0,0,0,0,0,0,0,0,0,0,0,0,0,0,0,0,0,0,0,0,0,0,0,0,0,0,0,0,0,0,0,0,0,0,0,0,0,0,0,0,0,0,0,0,0,0,0,0,0,0,0,0,0,0,0,0,0,0,0,0,0,0,0,0,0,0,0,0,0,0,0,0,0,0,1253.1077777777778,4,0.2032136574953604,0.2157088788135002,0.0,0.1689693942240192,0.0,0.0,0.0,0.0,0.4307820811331503,0.1809072755769289,0.2303123857095888,0.1752260002209784,0.0,0.2205223769351897,0.2227595155902659,0.1860939427780552,0.3825142266113527,0.1939916194121446,0.2080025473116082,0.1901933202942444,0.1664547796230405,0.3969837936605243,0.0,134,105,74,2,0,1
34829,2,3,3,402,1,2,1,2094.0,0,0,0,1833860.92807,0,3,0,15,17,0,0,0,0,0,0,0,0,0,0,0,0,0,0,0,0,0,0,0,0,0,0,0,0,0,0,0,0,0,0,0,0,0,0,0,0,0,0,0,0,0,0,0,0,0,0,0,0,0,0,0,0,0,0,0,0,0,0,0,0,0,0,0,0,0,0,0,0,0,0,0,0,0,0,0,0,0,0,0,0,0,0,0,0,0,0,0,0,0,0,0,0,0,0,0,0,0,0,0,0,0,0,0,0,0,0,0,0,0,0,0,0,0,0,0,0,0,0,0,0,0,0,0,0,0,0,0,0,0,0,0,0,0,0,0,0,0,0,0,0,0,0,0,0,0,0,0,0,0,0,0,0,0,0,359.5752777777778,4,0.0,0.0,0.0,0.0,0.0,0.0,0.0,0.0,0.0,0.0,0.0,0.0,0.0,0.0,0.0,0.0,0.8223548294979172,0.0,0.0,0.0,0.0,0.5689749857431797,0.0,54,98,57,9,2,1
34972,1,0,2,4,2,2,3,1788.0,0,0,0,1833936.512697,0,2,0,15,16,0,0,0,0,0,0,0,0,0,0,0,0,0,0,0,0,0,0,0,0,0,0,0,0,0,0,0,0,0,0,0,0,0,0,0,0,0,0,0,0,0,0,0,0,0,0,0,0,0,0,0,0,0,0,0,0,0,0,0,0,0,0,0,0,0,0,0,0,0,0,0,0,0,0,0,0,0,0,0,0,0,0,0,0,0,0,0,0,0,0,0,0,0,0,0,0,0,0,0,0,0,0,0,0,0,0,0,0,0,0,0,0,0,0,0,0,0,0,0,0,0,0,0,0,0,0,0,0,0,0,0,0,0,0,0,0,0,0,0,0,0,0,0,0,0,0,0,0,0,0,0,0,0,0,192.6025,4,0.0,0.0,0.0,0.0,0.0,0.0,0.0,0.0,0.0,0.0,0.0,0.0,0.0,0.0,0.0,0.0,0.8223548294979172,0.0,0.0,0.0,0.0,0.5689749857431797,0.0,95,97,55,21,2,1
34836,15,20,15,634,10,3,1,6028.0,0,0,0,1833879.638504,0,15,0,15,509,0,0,0,0,0,0,0,0,0,0,0,0,0,0,0,0,0,0,0,0,0,0,0,0,0,0,0,0,0,0,0,0,0,0,0,0,0,0,0,0,0,0,0,0,0,0,0,0,0,0,0,0,0,0,0,0,0,0,0,0,0,0,0,0,0,0,0,0,0,0,0,0,0,0,0,0,0,0,0,0,0,0,0,0,0,0,0,0,0,0,0,0,0,0,0,0,0,0,0,0,0,0,0,0,0,0,0,0,0,0,0,0,0,0,0,0,0,0,0,0,0,0,0,0,0,0,0,0,0,0,0,0,0,0,0,0,0,0,0,0,0,0,0,0,0,0,0,0,0,0,0,0,0,0,185.87416666666667,4,0.1203805960870824,0.1277825699950222,0.0,0.1000948294906067,0.0,0.0,0.0,0.0,0.3827828627484831,0.107166643909935,0.1364334593436041,0.2076022902844334,0.0,0.1306340110856205,0.131959257076204,0.220478289067054,0.679786356568804,0.1149176047936914,0.1232174596019691,0.112667551733452,0.1972104221688254,0.3135559968870453,0.1262948791543463,54,123,56,2,2,1
34896,10,30,20,620,6,2,2,2168.0,0,0,0,1917987.95089,0,20,0,15,659,0,0,0,0,0,0,0,0,0,0,0,0,0,0,0,0,0,0,0,0,0,0,0,0,0,0,0,0,0,0,0,0,0,0,0,0,0,0,0,0,0,0,0,0,0,0,0,0,0,0,0,0,0,0,0,0,0,0,0,0,0,0,0,0,0,0,0,0,0,0,0,0,0,0,0,0,0,0,0,0,0,0,0,0,0,0,0,0,0,0,0,0,0,0,0,0,0,0,0,0,0,0,0,0,0,0,0,0,0,0,0,0,0,0,0,0,0,0,0,0,0,0,0,0,0,0,0,0,0,0,0,0,0,0,0,0,0,0,0,0,0,0,0,0,0,0,0,0,0,0,0,0,0,0,261.28055555555557,4,0.1242823699336207,0.1978863847422119,0.0,0.2583477535323727,0.0,0.0,0.0634403258717637,0.0635419081497924,0.2634597429525008,0.165960191042637,0.0,0.1607483191572609,0.2034558029145927,0.2023021776687892,0.1362363182870996,0.2276244276473036,0.5263646853546655,0.0593211561293629,0.0636055909104114,0.0581596652583563,0.4581054068406331,0.2832540974905284,0.1303883466437386,73,102,65,3,5,0
34005,1,0,2,2,1,2,2,5000322.0,0,0,0,1930229.918917,0,2,0,15,454,0,0,0,0,0,0,0,0,0,0,0,0,0,0,0,0,0,0,0,0,0,0,0,0,0,0,0,0,0,0,0,0,0,0,0,0,0,0,0,0,0,0,0,0,0,0,0,0,0,0,0,0,0,0,0,0,0,0,0,0,0,0,0,0,0,0,0,0,0,0,0,0,0,0,0,0,0,0,0,0,0,0,0,0,0,0,0,0,0,0,0,0,0,0,0,0,0,0,0,0,0,0,0,0,0,0,0,0,0,0,0,0,0,0,0,0,0,0,0,0,0,0,0,0,0,0,0,0,0,0,0,0,0,0,0,0,0,0,0,0,0,0,0,0,0,0,0,0,0,0,0,0,0,0,1388.975,4,0.0801609163480833,0.2552695759216275,0.0,0.2666108497375412,0.0,0.0,0.0818367827716471,0.0819678219286226,0.2548934465988546,0.2140854088699174,0.0,0.2073621958117226,0.0,0.2609658626529937,0.1757421928728246,0.293631071135212,0.6035557117423471,0.076523134161301,0.0820499714474887,0.0750248335962322,0.1313215640086183,0.3131933657155166,0.084099211767977,103,103,127,0,0,1
32306,17,30,13,542,13,4,1,216513.0,0,0,0,1967757.459646,0,13,0,15,234,0,0,0,0,0,0,0,0,0,0,0,0,0,0,0,0,0,0,0,0,0,0,0,0,0,0,0,0,0,0,0,0,0,0,0,0,0,0,0,0,0,0,0,0,0,0,0,0,0,0,0,0,0,0,0,0,0,0,0,0,0,0,0,0,0,0,0,0,0,0,0,0,0,0,0,0,0,0,0,0,0,0,0,0,0,0,0,0,0,0,0,0,0,0,0,0,0,0,0,0,0,0,0,0,0,0,0,0,0,0,0,0,0,0,0,0,0,0,0,0,0,0,0,0,0,0,0,0,0,0,0,0,0,0,0,0,0,0,0,0,0,0,0,0,0,0,0,0,0,0,0,0,0,0,374.74194444444447,4,0.4937527526862095,0.0,0.0,0.410548703006025,0.0,0.0,0.0,0.0,0.0,0.0,0.0,0.0,0.0,0.0,0.0,0.0,0.4647016707902714,0.0,0.0,0.0,0.0,0.3215201237088329,0.518010761364905,4,2,3,0,0,1
34454,4,0,3,14,2,1,1,621929.0,0,0,0,2008616.96174,0,3,0,15,160,0,0,0,0,0,0,0,0,0,0,0,0,0,0,0,0,0,0,0,0,0,0,0,0,0,0,0,0,0,0,0,0,0,0,0,0,0,0,0,0,0,0,0,0,0,0,0,0,0,0,0,0,0,0,0,0,0,0,0,0,0,0,0,0,0,0,0,0,0,0,0,0,0,0,0,0,0,0,0,0,0,0,0,0,0,0,0,0,0,0,0,0,0,0,0,0,0,0,0,0,0,0,0,0,0,0,0,0,0,0,0,0,0,0,0,0,0,0,0,0,0,0,0,0,0,0,0,0,0,0,0,0,0,0,0,0,0,0,0,0,0,0,0,0,0,0,0,0,0,0,0,0,1,1,874.6225,4,0.0,0.3027118075302522,0.0,0.3556809832598563,0.0,0.0,0.1455694064548745,0.1458024959246365,0.0,0.2538735015753013,0.0,0.2459007693375904,0.0,0.3094667576508724,0.1563031062508877,0.2611521329053925,0.5367955810649377,0.0,0.0,0.0,0.0,0.3714008200935584,0.0,121,114,88,0,0,1
34548,1,0,8,474,5,1,1,1570.0,0,0,0,2015820.326133,0,8,0,15,29,0,0,0,0,0,0,0,0,0,0,0,0,0,0,0,0,0,0,0,0,0,0,0,0,0,0,0,0,0,0,0,0,0,0,0,0,0,0,0,0,0,0,0,0,0,0,0,0,0,0,0,0,0,0,0,0,0,0,0,0,0,0,0,0,0,0,0,0,0,0,0,0,0,0,0,0,0,0,0,0,0,0,0,0,0,0,0,0,0,0,0,0,0,0,0,0,0,0,0,0,0,0,0,0,0,0,0,0,0,0,0,0,0,0,0,0,0,0,0,0,0,0,0,0,0,0,0,0,0,0,0,0,0,0,0,0,0,0,0,0,0,0,0,0,0,0,0,0,0,0,0,0,0,0,783.0033333333333,4,0.657977633292238,0.0,0.0,0.0,0.0,0.0,0.0,0.0,0.0,0.0,0.0,0.0,0.0,0.0,0.0,0.0,0.6192640018107418,0.0,0.0,0.0,0.0,0.4284594848389877,0.0,123,115,73,2,3,1
33049,3,0,5,145,2,2,2,7519725.0,0,0,0,2055638.551867,0,5,0,15,253,0,0,0,0,0,0,0,0,0,0,0,0,0,0,0,0,0,0,0,0,0,0,0,0,0,0,0,0,0,0,0,0,0,0,0,0,0,0,0,0,0,0,0,0,0,0,0,0,0,0,0,0,0,0,0,0,0,0,0,0,0,0,0,0,0,0,0,0,0,0,0,0,0,0,0,0,0,0,0,0,0,0,0,0,0,0,0,0,0,0,0,0,0,0,0,0,0,0,0,0,0,0,0,0,0,0,0,0,0,0,0,0,0,0,0,0,0,0,0,0,0,0,0,0,0,0,0,0,0,0,0,0,0,0,0,0,0,0,0,0,0,0,0,0,0,0,0,0,0,0,0,0,0,0,2447.3044444444445,4,0.2247946002423428,0.1193083963431735,0.0,0.0934568274001131,0.0,0.0,0.1147471093543189,0.0,0.4765304011227784,0.1000596593641241,0.0,0.0969173508248057,0.0,0.1219707380365637,0.1232080975129218,0.3087852016683679,0.4231365830324231,0.1072965987463548,0.115046030981873,0.1051957627535065,0.0920659962154437,0.5123332589038755,0.2358387297868077,14,118,22,4,3,1
34923,7,13,25,111,6,4,1,1696.0,0,0,0,2022683.624141,0,25,0,15,103,0,0,0,0,0,0,0,0,0,0,0,0,0,0,0,0,0,0,0,0,0,0,0,0,0,0,0,0,0,0,0,0,0,0,0,0,0,0,0,0,0,0,0,0,0,0,0,0,0,0,0,0,0,0,0,0,0,0,0,0,0,0,0,0,0,0,0,0,0,0,0,0,0,0,0,0,0,0,0,0,0,0,0,0,0,0,0,0,0,0,0,0,0,0,0,0,0,0,0,0,0,0,0,0,0,0,0,0,0,0,0,0,0,0,0,0,0,0,0,0,0,0,0,0,0,0,0,0,0,0,0,0,0,0,0,0,0,0,0,0,0,0,0,0,0,0,0,0,0,0,0,0,0,0,186.38083333333333,4,0.0,0.0,0.0,0.0,0.0,0.0,0.0,0.0,0.0,0.0,0.0,0.0,0.0,0.4107347435313072,0.0,0.0,0.3562266218690011,0.0,0.0,0.0,0.0,0.739403587705577,0.3970918014970745,83,119,60,11,0,1
34908,6,5,9,35,2,3,2,24115.0,0,0,0,2075357.94167,0,9,0,15,324,0,0,0,0,0,0,0,0,0,0,0,0,0,0,0,0,0,0,0,0,0,0,0,0,0,0,0,0,0,0,0,0,0,0,0,0,0,0,0,0,0,0,0,0,0,0,0,0,0,0,0,0,0,0,0,0,0,0,0,0,0,0,0,0,0,0,0,0,0,0,0,0,0,0,0,0,0,0,0,0,0,0,0,0,0,0,0,0,0,0,0,0,0,0,0,0,0,0,0,0,0,0,0,0,0,0,0,0,0,0,0,0,0,0,0,0,0,0,0,0,0,0,0,0,0,0,0,0,0,0,0,0,0,0,0,0,0,0,0,0,0,0,0,0,0,0,0,0,0,0,0,0,0,0,179.2902777777778,4,0.1326983961569617,0.1408577681646294,0.0,0.1103369128310318,0.0,0.0,0.1354726257530226,0.0,0.4219506599414879,0.1181323421765195,0.0,0.1144224727850987,0.0,0.1440009795438515,0.1454618297404783,0.2430384654804723,0.6244538999514095,0.1266764108336125,0.1358255383275267,0.1241961237934501,0.2173897420171407,0.3456402380846246,0.1392178511435151,75,120,67,1,0,1
34776,2,0,5,7,1,1,1,1202312.0,0,0,0,2075499.242541,0,5,0,15,41,0,0,0,0,0,0,0,0,0,0,0,0,0,0,0,0,0,0,0,0,0,0,0,0,0,0,0,0,0,0,0,0,0,0,0,0,0,0,0,0,0,0,0,0,0,0,0,0,0,0,0,0,0,0,0,0,0,0,0,0,0,0,0,0,0,0,0,0,0,0,0,0,0,0,0,0,0,0,0,0,0,0,0,0,0,0,0,0,0,0,0,0,0,0,0,0,0,0,0,0,0,0,0,0,0,0,0,0,0,0,0,0,0,0,0,0,0,0,0,0,0,0,0,0,0,0,0,0,0,0,0,0,0,0,0,0,0,0,0,0,0,0,0,0,0,0,0,0,0,0,0,0,0,0,344.66305555555556,4,0.7643923955643267,0.0,0.0,0.0,0.0,0.0,0.0,0.0,0.0,0.3402432382194137,0.0,0.3295581205636411,0.0,0.0,0.0,0.0,0.3597088030655164,0.0,0.0,0.0,0.0,0.248877131567228,0.0,37,119,78,4,0,1
34889,10,9,3,76,5,5,3,2271.0,0,0,0,2089408.695154,0,3,0,15,40,1,0,0,0,0,0,0,0,0,0,0,0,0,0,0,0,0,0,0,0,0,0,0,0,0,0,0,0,0,0,0,0,0,0,0,0,0,0,0,0,0,0,0,0,0,0,0,0,0,0,0,0,0,0,0,0,0,0,0,0,0,0,0,0,0,0,0,0,0,0,0,0,0,0,0,0,0,0,0,0,0,0,0,0,0,0,0,0,0,0,0,0,0,0,0,0,0,0,0,0,0,0,0,0,0,0,0,0,0,0,0,0,0,0,0,0,0,0,0,0,0,0,0,0,0,0,0,0,0,0,0,0,0,0,0,0,0,0,0,0,0,0,0,0,0,0,0,0,0,0,0,0,0,1,231.48638888888888,4,0.0,0.0,0.0,0.0,0.0,0.0,0.0,0.0,0.0,0.6470032568936306,0.0,0.0,0.0,0.0,0.0,0.0,0.0,0.0,0.0,0.0,0.0,0.0,0.7624872363318843,69,124,61,2,4,1
32830,19,30,3,377,10,5,2,2251.0,0,1,0,2271644.197849,1,3,0,15,237,0,0,0,0,0,0,0,0,0,0,0,0,0,0,0,0,0,0,0,0,0,0,0,0,0,0,0,0,0,0,0,0,0,0,0,0,0,0,0,0,0,0,0,0,0,0,0,0,0,0,0,0,0,0,0,0,0,0,0,0,0,0,0,0,0,0,0,0,0,0,0,0,0,0,0,0,0,0,0,0,0,0,0,0,0,0,0,0,0,0,0,0,0,0,0,0,0,0,0,0,0,0,0,0,0,0,0,0,0,0,0,0,0,0,0,0,0,0,0,0,0,0,0,0,0,0,0,0,0,0,0,0,0,0,0,0,0,0,0,0,0,0,0,0,0,0,0,0,0,0,0,0,0,0,638.2930555555556,4,0.0,0.143079513960951,0.0,0.1120772539954249,0.0,0.0,0.0,0.0,0.2857373842497605,0.0,0.0,0.1162272553769817,0.0,0.1462723031288867,0.2955123905529048,0.0,0.5074427156428775,0.1286744744614115,0.137967910897704,0.126155065920341,0.5520465614568694,0.2633190092116294,0.2828274611453634,12,1,14,0,3,1
34587,1,16,6,166,2,4,2,2215588.0,0,0,0,2362440.709489,0,6,0,15,17,0,0,0,0,0,0,0,0,0,0,0,0,0,0,0,0,0,0,0,0,0,0,0,0,0,0,0,0,0,0,0,0,0,0,0,0,0,0,0,0,0,0,0,0,0,0,0,0,0,0,0,0,0,0,0,0,0,0,0,0,0,0,0,0,0,0,0,0,0,0,0,0,0,0,0,0,0,0,0,0,0,0,0,0,0,0,0,0,0,0,0,0,0,0,0,0,0,0,0,0,0,0,0,0,0,0,0,0,0,0,0,0,0,0,0,0,0,0,0,0,0,0,0,0,0,0,0,0,0,0,0,0,0,0,0,0,0,0,0,0,0,0,0,0,0,0,0,0,0,0,0,0,0,0,615.4452777777777,4,0.4890349778034709,0.0,0.5414736796402476,0.0,0.0,0.0,0.0,0.0,0.0,0.0,0.5542482420795201,0.0,0.0,0.0,0.0,0.0,0.0,0.0,0.0,0.0,0.40057450105239,0.0,0.0,125,127,79,3,6,0
33023,3,13,15,356,2,2,2,7519998.0,0,1,0,2390045.866905,0,15,0,15,253,0,0,0,0,0,0,0,0,0,0,0,0,0,0,0,0,0,0,0,0,0,0,0,0,0,0,0,0,0,0,0,0,0,0,0,0,0,0,0,0,0,0,0,0,0,0,0,0,0,0,0,0,0,0,0,0,0,0,0,0,0,0,0,0,0,0,0,0,0,0,0,0,0,0,0,0,0,0,0,0,0,0,0,0,0,0,0,0,0,0,0,0,0,0,0,0,0,0,0,0,0,0,0,0,0,0,0,0,0,0,0,0,0,0,0,0,0,0,0,0,0,0,0,0,0,0,0,0,0,0,0,0,0,0,0,0,0,0,0,0,0,0,0,0,0,0,0,0,0,0,0,0,0,0,2301.0625,4,0.2247946002423428,0.1193083963431735,0.0,0.0934568274001131,0.0,0.0,0.1147471093543189,0.0,0.4765304011227784,0.1000596593641241,0.0,0.0969173508248057,0.0,0.1219707380365637,0.1232080975129218,0.3087852016683679,0.4231365830324231,0.1072965987463548,0.115046030981873,0.1051957627535065,0.0920659962154437,0.5123332589038755,0.2358387297868077,10,106,18,0,3,1
33079,5,24,26,333,3,2,1,6897016.0,0,1,0,2390048.88337,0,26,0,15,253,0,0,0,0,0,0,0,0,0,0,0,0,0,0,0,0,0,0,0,0,0,0,0,0,0,0,0,0,0,0,0,0,0,0,0,0,0,0,0,0,0,0,0,0,0,0,0,0,0,0,0,0,0,0,0,0,0,0,0,0,0,0,0,0,0,0,0,0,0,0,0,0,0,0,0,0,0,0,0,0,0,0,0,0,0,0,0,0,0,0,0,0,0,0,0,0,0,0,0,0,0,0,0,0,0,0,0,0,0,0,0,0,0,0,0,0,0,0,0,0,0,0,0,0,0,0,0,0,0,0,0,0,0,0,0,0,0,0,0,0,0,0,0,0,0,0,0,0,0,0,0,0,0,0,1942.2716666666668,4,0.2247946002423428,0.1193083963431735,0.0,0.0934568274001131,0.0,0.0,0.1147471093543189,0.0,0.4765304011227784,0.1000596593641241,0.0,0.0969173508248057,0.0,0.1219707380365637,0.1232080975129218,0.3087852016683679,0.4231365830324231,0.1072965987463548,0.115046030981873,0.1051957627535065,0.0920659962154437,0.5123332589038755,0.2358387297868077,15,78,23,5,3,1
34742,10,5,9,10,1,3,1,6062.0,0,0,0,2438106.161367,0,9,0,15,712,0,0,0,0,0,0,0,0,0,0,0,0,0,0,0,0,0,0,0,0,0,0,0,0,0,0,0,0,0,0,0,0,0,0,0,0,0,0,0,0,0,0,0,0,0,0,0,0,0,0,0,0,0,0,0,0,0,0,0,0,0,0,0,0,0,0,0,0,0,0,0,0,0,0,0,0,0,0,0,0,0,0,0,0,0,0,0,0,0,0,0,0,0,0,0,0,0,0,0,0,0,0,0,0,0,0,0,0,0,0,0,0,0,0,0,0,0,0,0,0,0,0,0,0,0,0,0,0,0,0,0,0,0,0,0,0,0,0,0,0,0,0,0,0,0,0,0,0,0,0,0,0,0,0,241.1327777777778,4,0.0778580136196336,0.2479360644092659,0.0,0.2589515204625514,0.0,0.0,0.0794857349179273,0.079613009516738,0.2475707407170063,0.2079350566201131,0.0,0.1342699942500699,0.0,0.2534687053784164,0.170693383628764,0.3564943643533392,0.5862164626585745,0.074324739451286,0.0796927990033121,0.0728694828110689,0.1275488927139623,0.354895089174972,0.0816831677272632,41,77,77,0,4,1
34520,8,13,20,48,4,4,2,605792.0,0,0,0,2441221.742783,0,20,0,15,69,0,0,0,0,0,0,0,0,0,0,0,0,0,0,0,0,0,0,0,0,0,0,0,0,0,0,0,0,0,0,0,0,0,0,0,0,0,0,0,0,0,0,0,0,0,0,0,0,0,0,0,0,0,0,0,0,0,0,0,0,0,0,0,0,0,0,0,0,0,0,0,0,0,0,0,0,0,0,0,0,0,0,0,0,0,0,0,0,0,0,0,0,0,0,0,0,0,0,0,0,0,0,0,0,0,0,0,0,0,0,0,0,0,0,0,0,0,0,0,0,0,0,0,0,0,0,0,0,0,0,0,0,0,0,0,0,0,0,0,0,0,0,0,0,0,0,0,0,0,0,0,0,0,0,690.3711111111111,4,0.0,0.0,0.0,0.0,0.0,0.0,0.0,0.0,0.0,0.0,0.0,0.0,0.0,0.0,0.0,0.0,0.393777727576851,0.0,0.0,0.0,0.0,0.2724489100049578,0.8779013000910305,124,120,72,0,2,1
34823,6,7,8,28,3,3,2,2096.0,0,0,0,2441273.822327,0,8,0,15,244,0,0,0,0,0,0,0,0,0,0,0,0,0,0,0,0,0,0,0,0,0,0,0,0,0,0,0,0,0,0,0,0,0,0,0,0,0,0,0,0,0,0,0,0,0,0,0,0,0,0,0,0,0,0,0,0,0,0,0,0,0,0,0,0,0,0,0,0,0,0,0,0,0,0,0,0,0,0,0,0,0,0,0,0,0,0,0,0,0,0,0,0,0,0,0,0,0,0,0,0,0,0,0,0,0,0,0,0,0,0,0,0,0,0,0,0,0,0,0,0,0,0,0,0,0,0,0,0,0,0,0,0,0,0,0,0,0,0,0,0,0,0,0,0,0,0,0,0,0,0,0,0,0,0,196.8238888888889,4,0.1371565439136663,0.2911800778963594,0.0,0.228087604195416,0.0,0.0,0.0,0.0,0.2907510359115921,0.122101127418246,0.0,0.1182666209069803,0.0,0.2976776999030981,0.1503487790083248,0.1256018042748351,0.3872598670270472,0.2618644868137618,0.1403887458457382,0.2567372568216201,0.1123465940842507,0.5358785998864933,0.0,53,119,59,0,2,1
34568,0,0,1,4,1,2,2,,0,0,0,2442253.498048,0,1,0,15,132,1,0,0,0,0,0,0,0,0,0,0,0,0,0,0,0,0,0,0,0,0,0,0,0,0,0,0,0,0,0,0,0,0,0,0,0,0,0,0,0,0,0,0,0,0,0,0,0,0,0,0,0,0,0,0,0,0,0,0,0,0,0,0,0,0,0,0,0,0,0,0,0,0,0,0,0,0,0,0,0,0,0,0,0,0,0,0,0,0,0,0,0,0,0,0,0,0,0,0,0,0,0,0,0,0,0,0,0,0,0,0,0,0,0,0,0,0,0,0,0,0,0,0,0,0,0,0,0,0,0,0,0,0,0,0,0,0,0,0,0,0,0,0,0,0,0,0,0,0,0,0,0,0,1,642.8986111111111,4,0.169564957211573,0.1799911839439366,0.0,0.2819819145503582,0.0,0.0,0.0,0.0,0.3594519485311794,0.3019042599847362,0.0,0.1462115765054012,0.0,0.1840076492401281,0.1858743560599343,0.1552799739614661,0.4787646357109598,0.1618699306456558,0.1735608889161216,0.158700564790321,0.1388927197724744,0.4416667712554152,0.0,124,118,75,0,4,1
34509,6,0,2,51,2,2,1,1751.0,0,0,0,2445262.924009,0,2,0,15,136,0,0,0,0,0,0,0,0,0,0,0,0,0,0,0,0,0,0,0,0,0,0,0,0,0,0,0,0,0,0,0,0,0,0,0,0,0,0,0,0,0,0,0,0,0,0,0,0,0,0,0,0,0,0,0,0,0,0,0,0,0,0,0,0,0,0,0,0,0,0,0,0,0,0,0,0,0,0,0,0,0,0,0,0,0,0,0,0,0,0,0,0,0,0,0,0,0,0,0,0,0,0,0,0,0,0,0,0,0,0,0,0,0,0,0,0,0,0,0,0,0,0,0,0,0,0,0,0,0,0,0,0,0,0,0,0,0,0,0,0,0,0,0,0,0,0,0,0,0,0,0,0,0,0,695.6102777777778,4,0.1880549540357629,0.1996180955077041,0.0,0.156365138327251,0.0,0.0,0.0,0.0,0.3986479327491776,0.3348250291113548,0.0,0.1621550333947363,0.0,0.2040725311946668,0.2061427907044716,0.1722122828100766,0.3539806142461938,0.1795208330065461,0.1924866170714886,0.1760058676502087,0.1540381011633463,0.489827767089438,0.0,120,116,70,2,2,1
33957,19,0,33,162,4,2,1,1497.0,0,0,0,2528863.287368,1,33,0,15,316,0,0,0,0,0,0,0,0,0,0,0,0,0,0,0,0,0,0,0,0,0,0,0,0,0,0,0,0,0,0,0,0,0,0,0,0,0,0,0,0,0,0,0,0,0,0,0,0,0,0,0,0,0,0,0,0,0,0,0,0,0,0,0,0,0,0,0,0,0,0,0,0,0,0,0,0,0,0,0,0,0,0,0,0,0,0,0,0,0,0,0,0,0,0,0,0,0,0,0,0,0,0,0,0,0,0,0,0,0,0,0,0,0,0,0,0,0,0,0,0,0,0,0,0,0,0,0,0,0,0,0,0,0,0,0,0,0,0,0,0,0,0,0,0,0,0,0,0,0,0,0,0,0,0,1268.5277777777778,4,0.5871040117008409,0.1558009801996058,0.0,0.0,0.0,0.0,0.0,0.0,0.0,0.0,0.0,0.1265612372613017,0.0,0.3185552924055086,0.4826804218999173,0.0,0.1381400982985709,0.0,0.0,0.0,0.3606780300397539,0.1911541287061656,0.307974177811644,85,103,122,4,4,1
34629,6,22,28,108,4,3,1,1188416.0,0,0,0,2613695.721659,0,28,0,15,51,0,0,0,0,0,0,0,0,0,0,0,0,0,0,0,0,0,0,0,0,0,0,0,0,0,0,0,0,0,0,0,0,0,0,0,0,0,0,0,0,0,0,0,0,0,0,0,0,0,0,0,0,0,0,0,0,0,0,0,0,0,0,0,0,0,0,0,0,0,0,0,0,0,0,0,0,0,0,0,0,0,0,0,0,0,0,0,0,0,0,0,0,0,0,0,0,0,0,0,0,0,0,0,0,0,0,0,0,0,0,0,0,0,0,0,0,0,0,0,0,0,0,0,0,0,0,0,0,0,0,0,0,0,0,0,0,0,0,0,0,0,0,0,0,0,0,0,0,0,0,0,0,0,0,477.33416666666665,4,0.0,0.0,0.0,0.0,0.0,0.0,0.0,0.0,0.0,0.0,0.0,0.0,0.0,0.0,0.29202350435061,0.0,0.752177598045727,0.0,0.0,0.0,0.0,0.5204204107194225,0.279488336092184,104,102,67,0,2,1
34111,5,30,43,478,1,3,3,162529.0,0,0,0,2623765.16237,0,43,0,15,663,0,0,0,0,0,0,0,0,0,0,0,0,0,0,0,0,0,0,0,0,0,0,0,0,0,0,0,0,0,0,0,0,0,0,0,0,0,0,0,0,0,0,0,0,0,0,0,0,0,0,0,0,0,0,0,0,0,0,0,0,0,0,0,0,0,0,0,0,0,0,0,0,0,0,0,0,0,0,0,0,0,0,0,0,0,0,0,0,0,0,0,0,0,0,0,0,0,0,0,0,0,0,0,0,0,0,0,0,0,0,0,0,0,0,0,0,0,0,0,0,0,0,0,0,0,0,0,0,0,0,0,0,0,0,0,0,0,0,0,0,0,0,0,0,0,0,0,0,0,0,0,0,1,1,1073.4247222222225,4,0.1066909056161724,0.0,0.0,0.0,0.0,0.1190959563526101,0.0,0.0,0.0,0.0949796450777314,0.1209182360518177,0.0,0.0,0.0,0.0,0.0,0.2008270002677687,0.0,0.0,0.0,0.6991345523133674,0.5557967705204008,0.3357978479002105,137,100,69,0,5,0
33889,15,1,14,21,2,2,2,155907.0,0,0,0,2628661.091415,0,14,0,15,633,0,0,0,0,0,0,0,0,0,0,0,0,0,0,0,0,0,0,0,0,0,0,0,0,0,0,0,0,0,0,0,0,0,0,0,0,0,0,0,0,0,0,0,0,0,0,0,0,0,0,0,0,0,0,0,0,0,0,0,0,0,0,0,0,0,0,0,0,0,0,0,0,0,0,0,0,0,0,0,0,0,0,0,0,0,0,0,0,0,0,0,0,0,0,0,0,0,0,0,0,0,0,0,0,0,0,0,0,0,0,0,0,0,0,0,0,0,0,0,0,0,0,0,0,0,0,0,0,0,0,0,0,0,0,0,0,0,0,0,0,0,0,0,0,0,0,0,0,0,0,0,0,0,0,1292.4941666666666,4,0.07228023036413,0.3068984170531741,0.0,0.240400116597054,0.0,0.0,0.0737913409735535,0.0739094975626297,0.2298346610519104,0.1286923301751618,0.1638377311838061,0.1246508312271933,0.0,0.2353100928615234,0.1584648325424096,0.264763957681814,0.54421965054503,0.0690000815527892,0.0739835708943536,0.0676490801554546,0.1184112324403054,0.4706717781712756,0.1516626974081859,77,83,114,0,2,1
34633,2,0,3,3,1,1,1,1617648.0,0,0,0,2683788.395274,0,3,0,15,531,0,0,0,0,0,0,0,0,0,0,0,0,0,0,0,0,0,0,0,0,0,0,0,0,0,0,0,0,0,0,0,0,0,0,0,0,0,0,0,0,0,0,0,0,0,0,0,0,0,0,0,0,0,0,0,0,0,0,0,0,0,0,0,0,0,0,0,0,0,0,0,0,0,0,0,0,0,0,0,0,0,0,0,0,0,0,0,0,0,0,0,0,0,0,0,0,0,0,0,0,0,0,0,0,0,0,0,0,0,0,0,0,0,0,0,0,0,0,0,0,0,0,0,0,0,0,0,0,0,0,0,0,0,0,0,0,0,0,0,0,0,0,0,0,0,0,0,0,0,0,0,0,0,0,449.3516666666667,4,0.0679112828613142,0.2162610554627957,0.0,0.2258692347253142,0.0,0.0,0.0693310550384962,0.0694420697032566,0.2159424036060686,0.2418271550209177,0.0,0.2927909130796307,0.0,0.2210868752899192,0.1488864937500106,0.2487604138922852,0.6391556591729944,0.0648294012370864,0.0695116657042356,0.0635600605393851,0.1112539163156996,0.3537777796357412,0.0712477553773025,101,98,69,0,3,1
34247,1,4,12,18,1,2,0,1117510.0,0,0,0,2690703.401032,1,12,0,15,132,0,0,0,0,0,0,0,0,0,0,0,0,0,0,0,0,0,0,0,0,0,0,0,0,0,0,0,0,0,0,0,0,0,0,0,0,0,0,0,0,0,0,0,0,0,0,0,0,0,0,0,0,0,0,0,0,0,0,0,0,0,0,0,0,0,0,0,0,0,0,0,0,0,0,0,0,0,0,0,0,0,0,0,0,0,0,0,0,0,0,0,0,0,0,0,0,0,0,0,0,0,0,0,0,0,0,0,0,0,0,0,0,0,0,0,0,0,0,0,0,0,0,0,0,0,0,0,0,0,0,0,0,0,0,0,0,0,0,0,0,0,0,0,0,0,0,0,0,0,0,0,0,0,0,842.9402777777777,4,0.4849084277908773,0.0,0.0,0.0,0.0,0.0,0.0,0.0,0.0,0.0,0.0,0.0,0.0,0.0,0.0,0.0,0.4563777221469212,0.0,0.0,0.0,0.397194393723898,0.6315218167091873,0.0,128,74,77,15,4,1
34569,3,0,2,8,1,1,1,842291.0,0,0,0,2701191.55132,0,2,0,15,487,0,0,0,0,0,0,0,0,0,0,0,0,0,0,0,0,0,0,0,0,0,0,0,0,0,0,0,0,0,0,0,0,0,0,0,0,0,0,0,0,0,0,0,0,0,0,0,0,0,0,0,0,0,0,0,0,0,0,0,0,0,0,0,0,0,0,0,0,0,0,0,0,0,0,0,0,0,0,0,0,0,0,0,0,0,0,0,0,0,0,0,0,0,0,0,0,0,0,0,0,0,0,0,0,0,0,0,0,0,0,0,0,0,0,0,0,0,0,0,0,0,0,0,0,0,0,0,0,0,0,0,0,0,0,0,0,0,0,0,0,0,0,0,0,0,0,0,0,0,0,0,0,0,0,565.9502777777777,4,0.1635812728089618,0.2604593612511901,0.0,0.3400390125545003,0.0,0.0,0.0835005742090461,0.0836342774715737,0.2600755849911185,0.2184378951002688,0.092697493028743,0.1410519966947866,0.0,0.2662714569472741,0.1793151382622766,0.2996007689332337,0.4618697741172933,0.0780788958990978,0.0837180971399917,0.0765501339746453,0.1339914110669155,0.4260810357722567,0.0858089997593012,123,87,76,0,4,1
34184,30,30,26,449,18,3,2,179.0,0,0,0,2697871.359072,0,26,0,15,542,0,0,0,0,0,0,0,0,0,0,0,0,0,0,0,0,0,0,0,0,0,0,0,0,0,0,0,0,0,0,0,0,0,0,0,0,0,0,0,0,0,0,0,0,0,0,0,0,0,0,0,0,0,0,0,0,0,0,0,0,0,0,0,0,0,0,0,0,0,0,0,0,0,0,0,0,0,0,0,0,0,0,0,0,0,0,0,0,0,0,0,0,0,0,0,0,0,0,0,0,0,0,0,0,0,0,0,0,0,0,0,0,0,0,0,0,0,0,0,0,0,0,0,0,0,0,0,0,0,0,0,0,0,0,0,0,0,0,0,0,0,0,0,0,0,0,0,0,0,0,0,0,0,0,811.2897222222222,4,0.0695520776547667,0.2214861078970801,0.0,0.2313264290047275,0.0,0.0,0.0710061527444848,0.0711198496186847,0.1474398380922746,0.1238349531652528,0.0,0.1199459969838091,0.0,0.3773808727782046,0.1524837190337576,0.2547706786779627,0.5891383868857321,0.0663957351293452,0.0711911271186906,0.0650957260725708,0.1709128594166431,0.4529066924712162,0.0729691622060763,135,45,73,0,1,1
33269,5,0,1,4,1,1,1,5333949.0,0,0,0,2704880.376288,0,1,0,15,160,0,0,0,0,0,0,0,0,0,0,0,0,0,0,0,0,0,0,0,0,0,0,0,0,0,0,0,0,0,0,0,0,0,0,0,0,0,0,0,0,0,0,0,0,0,0,0,0,0,0,0,0,0,0,0,0,0,0,0,0,0,0,0,0,0,0,0,0,0,0,0,0,0,0,0,0,0,0,0,0,0,0,0,0,0,0,0,0,0,0,0,0,0,0,0,0,0,0,0,0,0,0,0,0,0,0,0,0,0,0,0,0,0,0,0,0,0,0,0,0,0,0,0,0,0,0,0,0,0,0,0,0,0,0,0,0,0,0,0,0,0,0,0,0,0,0,0,0,0,0,0,0,0,0,2008.4030555555555,4,0.1905569230330737,0.2022739058202978,0.0,0.1584454915429424,0.0,0.0,0.0,0.0,0.4039517269177207,0.3392796942205814,0.0,0.3286248360375551,0.0,0.2067876053540782,0.2088854085419344,0.1745034736737058,0.3586901340088299,0.1819092601599642,0.1950475469378644,0.1783475300991644,0.1560874944138003,0.3722584945634045,0.0,17,84,32,0,0,1
34554,2,0,2,4,1,2,2,40700.0,0,0,0,2713534.509189,1,2,0,15,454,0,0,0,0,0,0,0,0,0,0,0,0,0,0,0,0,0,0,0,0,0,0,0,0,0,0,0,0,0,0,0,0,0,0,0,0,0,0,0,0,0,0,0,0,0,0,0,0,0,0,0,0,0,0,0,0,0,0,0,0,0,0,0,0,0,0,0,0,0,0,0,0,0,0,0,0,0,0,0,0,0,0,0,0,0,0,0,0,0,0,0,0,0,0,0,0,0,0,0,0,0,0,0,0,0,0,0,0,0,0,0,0,0,0,0,0,0,0,0,0,0,0,0,0,0,0,0,0,0,0,0,0,0,0,0,0,0,0,0,0,0,0,0,0,0,0,0,0,0,0,0,0,0,0,583.82,4,0.0787692449275386,0.250837847973283,0.0,0.2619822262525533,0.0,0.0,0.0804160166811238,0.0805447808709701,0.2504682486211339,0.2804915707876215,0.0,0.2037621865458669,0.0,0.2564352416304627,0.1726911375911839,0.2885333503443419,0.5930773979579705,0.0751946181752766,0.0806255041943432,0.073722329564297,0.1290416940188785,0.3077560244770774,0.0826391677111,126,82,74,2,4,1
34274,1,18,15,121,7,3,1,348264.0,0,0,0,2718078.260012,1,15,0,15,35,0,0,0,0,0,0,0,0,0,0,0,0,0,0,0,0,0,0,0,0,0,0,0,0,0,0,0,0,0,0,0,0,0,0,0,0,0,0,0,0,0,0,0,0,0,0,0,0,0,0,0,0,0,0,0,0,0,0,0,0,0,0,0,0,0,0,0,0,0,0,0,0,0,0,0,0,0,0,0,0,0,0,0,0,0,0,0,0,0,0,0,0,0,0,0,0,0,0,0,0,0,0,0,0,0,0,0,0,0,0,0,0,0,0,0,0,0,0,0,0,0,0,0,0,0,0,0,0,0,0,0,0,0,0,0,0,0,0,0,0,0,0,0,0,0,0,0,0,0,0,0,0,0,0,840.9352777777777,4,0.0,0.0,0.0,0.0,0.0,0.0,0.0,0.0,0.0,0.6139777425726712,0.0,0.0,0.0,0.0,0.0,0.0,0.6491038588906828,0.0,0.0,0.0,0.0,0.4491052348821946,0.0,108,79,76,18,0,1
34632,9,22,1,22,1,6,4,598722.0,0,0,0,2718542.891463,0,1,0,15,86,0,0,0,0,0,0,0,0,0,0,0,0,0,0,0,0,0,0,0,0,0,0,0,0,0,0,0,0,0,0,0,0,0,0,0,0,0,0,0,0,0,0,0,0,0,0,0,0,0,0,0,0,0,0,0,0,0,0,0,0,0,0,0,0,0,0,0,0,0,0,0,0,0,0,0,0,0,0,0,0,0,0,0,0,0,0,0,0,0,0,0,0,0,0,0,0,0,0,0,0,0,0,0,0,0,0,0,0,0,0,0,0,0,0,0,0,0,0,0,0,0,0,0,0,0,0,0,0,0,0,0,0,0,0,0,0,0,0,0,0,0,0,0,0,0,0,0,0,0,0,0,0,0,0,445.5152777777778,4,0.7452005435671998,0.0,0.0,0.0,0.0,0.0,0.0,0.0,0.0,0.3317006390140549,0.0,0.0,0.0,0.0,0.0,0.0,0.3506774755031844,0.0,0.0,0.0,0.0,0.2426284913371254,0.390906074794191,102,78,68,0,2,1
34553,4,4,14,53,1,3,2,349947.0,0,0,0,2954175.453082,2,14,0,15,271,0,0,0,0,0,0,0,0,0,0,0,0,0,0,0,0,0,0,0,0,0,0,0,0,0,0,0,0,0,0,0,0,0,0,0,0,0,0,0,0,0,0,0,0,0,0,0,0,0,0,0,0,0,0,0,0,0,0,0,0,0,0,0,0,0,0,0,0,0,0,0,0,0,0,0,0,0,0,0,0,0,0,0,0,0,0,0,0,0,0,0,0,0,0,0,0,0,0,0,0,0,0,0,0,0,0,0,0,0,0,0,0,0,0,0,0,0,0,0,0,0,0,0,0,0,0,0,0,0,0,0,0,0,0,0,0,0,0,0,0,0,0,0,0,0,0,0,0,0,0,0,0,0,0,518.8533333333334,4,0.0,0.0,0.0,0.0,0.1151966416599809,0.0,0.0,0.0,0.1079589958847329,0.0,0.0,0.3513093764159182,0.2223224840696475,0.0,0.3349567404981454,0.0,0.3834500423783662,0.0,0.1042557113339495,0.0,0.5005860268202806,0.5306066786977024,0.0,125,75,73,0,4,1
34134,4,4,5,19,2,3,2,165197.0,0,0,0,3027807.592644,1,5,0,15,126,0,0,0,0,0,0,0,0,0,0,0,0,0,0,0,0,0,0,0,0,0,0,0,0,0,0,0,0,0,0,0,0,0,0,0,0,0,0,0,0,0,0,0,0,0,0,0,0,0,0,0,0,0,0,0,0,0,0,0,0,0,0,0,0,0,0,0,0,0,0,0,0,0,0,0,0,0,0,0,0,0,0,0,0,0,0,0,0,0,0,0,0,0,0,0,0,0,0,0,0,0,0,0,0,0,0,0,0,0,0,0,0,0,0,0,0,0,0,0,0,0,0,0,0,0,0,0,0,0,0,0,0,0,0,0,0,0,0,0,0,0,0,0,0,0,0,0,0,0,0,0,0,0,0,911.645,4,0.2009082714497431,0.213261738964429,0.0,0.167052497060799,0.0,0.0,0.0,0.0,0.4258950129567951,0.3577098948644527,0.0,0.3464762482142997,0.0,0.2180206296766701,0.2202323887962314,0.1839827737545646,0.1890873699647298,0.1917908540803673,0.2056428330289401,0.188035645303399,0.3291328197208057,0.2616534366207428,0.0,138,62,70,0,6,0
34642,2,4,2,28,2,5,4,941659.0,0,0,0,3044804.716884,0,2,0,15,463,0,0,0,0,0,0,0,0,0,0,0,0,0,0,0,0,0,0,0,0,0,0,0,0,0,0,0,0,0,0,0,0,0,0,0,0,0,0,0,0,0,0,0,0,0,0,0,0,0,0,0,0,0,0,0,0,0,0,0,0,0,0,0,0,0,0,0,0,0,0,0,0,0,0,0,0,0,0,0,0,0,0,0,0,0,0,0,0,0,0,0,0,0,0,0,0,0,0,0,0,0,0,0,0,0,0,0,0,0,0,0,0,0,0,0,0,0,0,0,0,0,0,0,0,0,0,0,0,0,0,0,0,0,0,0,0,0,0,0,0,0,0,0,0,0,0,0,0,0,0,0,0,0,0,314.27805555555557,4,0.0,0.0,0.0,0.5706337894190648,0.0,0.0,0.0,0.0,0.0,0.0,0.2592659457869359,0.0,0.0,0.0,0.0,0.0,0.0,0.0,0.0,0.0,0.0,0.2979268886136924,0.7199984838660485,94,64,71,0,3,1
34015,1,3,9,709,3,1,2,1462.0,0,0,0,3046823.773419,0,9,0,15,17,0,0,0,0,0,0,0,0,0,0,0,0,0,0,0,0,0,0,0,0,0,0,0,0,0,0,0,0,0,0,0,0,0,0,0,0,0,0,0,0,0,0,0,0,0,0,0,0,0,0,0,0,0,0,0,0,0,0,0,0,0,0,0,0,0,0,0,0,0,0,0,0,0,0,0,0,0,0,0,0,0,0,0,0,0,0,0,0,0,0,0,0,0,0,0,0,0,0,0,0,0,0,0,0,0,0,0,0,0,0,0,0,0,0,0,0,0,0,0,0,0,0,0,0,0,0,0,0,0,0,0,0,0,0,0,0,0,0,0,0,0,0,0,0,0,0,0,0,0,0,0,0,0,0,1076.9,4,0.0,0.0,0.0,0.0,0.0,0.0,0.0,0.0,0.0,0.0,0.0,0.0,0.0,0.0,0.0,0.0,0.6061943920361853,0.0,0.0,0.0,0.0,0.4194168176490992,0.6757350754082416,109,73,131,3,0,1
34444,9,2,14,26,1,3,2,206931.0,0,0,0,3050444.171168,1,14,0,15,28,0,0,0,0,0,0,0,0,0,0,0,0,0,0,0,0,0,0,0,0,0,0,0,0,0,0,0,0,0,0,0,0,0,0,0,0,0,0,0,0,0,0,0,0,0,0,0,0,0,0,0,0,0,0,0,0,0,0,0,0,0,0,0,0,0,0,0,0,0,0,0,0,0,0,0,0,0,0,0,0,0,0,0,0,0,0,0,0,0,0,0,0,0,0,0,0,0,0,0,0,0,0,0,0,0,0,0,0,0,0,0,0,0,0,0,0,0,0,0,0,0,0,0,0,0,0,0,0,0,0,0,0,0,0,0,0,0,0,0,0,0,0,0,0,0,0,0,0,0,0,0,0,0,0,603.8880555555555,4,0.0,0.0,0.0,0.0,0.0,0.0,0.0,0.0,0.0,0.6139777425726712,0.0,0.0,0.0,0.0,0.0,0.0,0.6491038588906828,0.0,0.0,0.0,0.0,0.4491052348821946,0.0,122,71,84,2,6,0
32473,30,30,53,4484,27,5,0,1184.0,1,0,0,3046991.79686,0,53,0,15,150,0,0,0,0,0,0,0,0,0,0,0,0,0,0,0,0,0,0,0,0,0,0,0,0,0,0,0,0,0,0,0,0,0,0,0,0,0,0,0,0,0,0,0,0,0,0,0,0,0,0,0,0,0,0,0,0,0,0,0,0,0,0,0,0,0,0,0,0,0,0,0,0,0,0,0,0,0,0,0,0,0,0,0,0,0,0,0,0,0,0,0,0,0,0,0,0,0,0,0,0,0,0,0,0,0,0,0,0,0,0,0,0,0,0,0,0,0,0,0,0,0,0,0,0,0,0,0,0,0,0,0,0,0,0,0,0,0,0,0,0,0,0,0,0,0,0,0,0,0,0,0,0,1,1,1203.9705555555556,4,0.1758421493936095,0.1866543487349884,0.0,0.146210357257932,0.0,0.0,0.0,0.0,0.3727586423094366,0.1565402865657073,0.0,0.1516242406552099,0.0,0.1908195011477356,0.1927553123252354,0.161028344701545,0.4964882130216333,0.1678622575973141,0.1799860080735675,0.1645755637344931,0.2880688885433136,0.458017008056587,0.0,8,6,8,0,1,1
34515,7,10,7,336,1,4,3,196.0,0,0,0,3051139.161426,0,7,0,15,480,0,0,0,0,0,0,0,0,0,0,0,0,0,0,0,0,0,0,0,0,0,0,0,0,0,0,0,0,0,0,0,0,0,0,0,0,0,0,0,0,0,0,0,0,0,0,0,0,0,0,0,0,0,0,0,0,0,0,0,0,0,0,0,0,0,0,0,0,0,0,0,0,0,0,0,0,0,0,0,0,0,0,0,0,0,0,0,0,0,0,0,0,0,0,0,0,0,0,0,0,0,0,0,0,0,0,0,0,0,0,0,0,0,0,0,0,0,0,0,0,0,0,0,0,0,0,0,0,0,0,0,0,0,0,0,0,0,0,0,0,0,0,0,0,0,0,0,0,0,0,0,0,0,0,524.1269444444445,4,0.0858776229297613,0.2734742239128829,0.0,0.3570303812914694,0.0,0.0,0.0876730044119105,0.0878133886767673,0.2730712707827857,0.152901994764802,0.0,0.1481002070425412,0.0,0.3727689913646143,0.1882753149533162,0.3145714839126161,0.4849488896032841,0.0819804109071275,0.0879013967201686,0.0803752584609691,0.0703434059280704,0.3355288710551657,0.0900967794023123,123,70,71,5,2,1
34725,2,6,4,68,3,4,3,329743.0,0,0,0,3058535.499366,0,4,0,15,120,0,0,0,0,0,0,0,0,0,0,0,0,0,0,0,0,0,0,0,0,0,0,0,0,0,0,0,0,0,0,0,0,0,0,0,0,0,0,0,0,0,0,0,0,0,0,0,0,0,0,0,0,0,0,0,0,0,0,0,0,0,0,0,0,0,0,0,0,0,0,0,0,0,0,0,0,0,0,0,0,0,0,0,0,0,0,0,0,0,0,0,0,0,0,0,0,0,0,0,0,0,0,0,0,0,0,0,0,0,0,0,0,0,0,0,0,0,0,0,0,0,0,0,0,0,0,0,0,0,0,0,0,0,0,0,0,0,0,0,0,0,0,0,0,0,0,0,0,0,0,0,0,0,0,174.1797222222222,4,0.3850905718405329,0.2043845293598623,0.0,0.1600987882587606,0.0,0.0,0.1965706912473223,0.0,0.4081667541612137,0.1714099511338774,0.0,0.1660269330764998,0.0,0.2089453270126408,0.2110650196912432,0.1763243271237732,0.362432879951162,0.1838073891598535,0.1970827671618072,0.1802084942889047,0.1577161866497335,0.3761428193271058,0.0,51,69,74,0,3,1
34484,2,0,5,138,6,2,2,2311.0,0,0,0,3060768.216699,0,5,0,15,139,0,0,0,0,0,0,0,0,0,0,0,0,0,0,0,0,0,0,0,0,0,0,0,0,0,0,0,0,0,0,0,0,0,0,0,0,0,0,0,0,0,0,0,0,0,0,0,0,0,0,0,0,0,0,0,0,0,0,0,0,0,0,0,0,0,0,0,0,0,0,0,0,0,0,0,0,0,0,0,0,0,0,0,0,0,0,0,0,0,0,0,0,0,0,0,0,0,0,0,0,0,0,0,0,0,0,0,0,0,0,0,0,0,0,0,0,0,0,0,0,0,0,0,0,0,0,0,0,0,0,0,0,0,0,0,0,0,0,0,0,0,0,0,0,0,0,0,0,0,0,0,0,0,0,553.2647222222222,4,0.2351225706869567,0.0,0.0,0.0,0.0,0.0,0.0,0.0,0.0,0.0,0.0,0.0,0.0,0.5102982624106713,0.0,0.0,0.4425771840027422,0.0,0.0,0.0,0.5777752760883265,0.3062125227767689,0.2466741120793875,125,67,86,28,1,1
34103,15,4,7,92,5,4,3,1550208.0,0,0,0,3145294.368127,0,7,0,15,769,0,0,0,0,0,0,0,0,0,0,0,0,0,0,0,0,0,0,0,0,0,0,0,0,0,0,0,0,0,0,0,0,0,0,0,0,0,0,0,0,0,0,0,0,0,0,0,0,0,0,0,0,0,0,0,0,0,0,0,0,0,0,0,0,0,0,0,0,0,0,0,0,0,0,0,0,0,0,0,0,0,0,0,0,0,0,0,0,0,0,0,0,0,0,0,0,0,0,0,0,0,0,0,0,0,0,0,0,0,0,0,0,0,0,0,0,0,0,0,0,0,0,0,0,0,0,0,0,0,0,0,0,0,0,0,0,0,0,0,0,0,0,0,0,0,0,0,0,0,0,0,0,1,1,945.9386111111112,4,0.0645236244971099,0.2054731783601599,0.0,0.2682525839746689,0.0,0.0,0.0658725733458456,0.0659780502009552,0.2051704220009441,0.1148819745876328,0.1462558183905365,0.2225483617536297,0.0,0.2800776919809374,0.3536487535891278,0.2363513522268461,0.4858178259645141,0.0615954781819782,0.0660441745037878,0.0603894567509793,0.2114083438784909,0.4201625938810184,0.1353873235943771,134,61,67,0,5,0
34355,3,20,5,120,3,5,3,1579.0,0,0,0,3124107.678249,0,5,0,15,47,0,0,0,0,0,0,0,0,0,0,0,0,0,0,0,0,0,0,0,0,0,0,0,0,0,0,0,0,0,0,0,0,0,0,0,0,0,0,0,0,0,0,0,0,0,0,0,0,0,0,0,0,0,0,0,0,0,0,0,0,0,0,0,0,0,0,0,0,0,0,0,0,0,0,0,0,0,0,0,0,0,0,0,0,0,0,0,0,0,0,0,0,0,0,0,0,0,0,0,0,0,0,0,0,0,0,0,0,0,0,0,0,0,0,0,0,0,0,0,0,0,0,0,0,0,0,0,0,0,0,0,0,0,0,0,0,0,0,0,0,0,0,0,0,0,0,0,0,0,0,0,0,0,0,671.1683333333333,4,0.0,0.0,0.0,0.0,0.0,0.0,0.0,0.0,0.0,0.3438565559563765,0.0,0.0,0.0,0.0,0.0,0.0,0.7270576827130697,0.0,0.0,0.0,0.3163862097924143,0.5030403176554651,0.0,116,63,75,6,2,1
34393,13,26,9,88,2,4,2,15737.0,0,0,0,3196730.370911,0,9,0,15,631,0,0,0,0,0,0,0,0,0,0,0,0,0,0,0,0,0,0,0,0,0,0,0,0,0,0,0,0,0,0,0,0,0,0,0,0,0,0,0,0,0,0,0,0,0,0,0,0,0,0,0,0,0,0,0,0,0,0,0,0,0,0,0,0,0,0,0,0,0,0,0,0,0,0,0,0,0,0,0,0,0,0,0,0,0,0,0,0,0,0,0,0,0,0,0,0,0,0,0,0,0,0,0,0,0,0,0,0,0,0,0,0,0,0,0,0,0,0,0,0,0,0,0,0,0,0,0,0,0,0,0,0,0,0,0,0,0,0,0,0,0,0,0,0,0,0,0,0,0,0,0,0,1,1,620.1616666666666,4,0.0645527511388022,0.2055659311106464,0.0714746741573059,0.2683736760081272,0.0,0.0,0.0659023089172141,0.0660078333856839,0.2052630380840307,0.2873345837934842,0.0,0.2226488224212149,0.0,0.2101530914942483,0.1415233577401349,0.2364580437092829,0.6075464115412076,0.061623283027674,0.0660739875377211,0.060416717185936,0.2115037758250205,0.378317033719407,0.0677242194270082,120,49,77,1,3,1
34617,9,2,3,15,2,2,1,1643.0,0,0,0,3210502.462647,0,3,0,15,4,0,0,0,0,0,0,0,0,0,0,0,0,0,0,0,0,0,0,0,0,0,0,0,0,0,0,0,0,0,0,0,0,0,0,0,0,0,0,0,0,0,0,0,0,0,0,0,0,0,0,0,0,0,0,0,0,0,0,0,0,0,0,0,0,0,0,0,0,0,0,0,0,0,0,0,0,0,0,0,0,0,0,0,0,0,0,0,0,0,0,0,0,0,0,0,0,0,0,0,0,0,0,0,0,0,0,0,0,0,0,0,0,0,0,0,0,0,0,0,0,0,0,0,0,0,0,0,0,0,0,0,0,0,0,0,0,0,0,0,0,0,0,0,0,0,0,0,0,0,0,0,0,0,0,317.38,4,0.0,0.0,0.0,0.0,0.0,0.0,0.0,0.0,0.0,0.0,0.0,0.0,0.0,0.0,0.0,0.0,0.0,0.0,0.0,0.0,0.0,0.0,0.0,113,46,67,18,1,1
34353,3,2,10,1655,10,2,1,1603.0,0,0,0,3210867.803314,0,10,0,15,622,0,0,0,0,0,0,0,0,0,0,0,0,0,0,0,0,0,0,0,0,0,0,0,0,0,0,0,0,0,0,0,0,0,0,0,0,0,0,0,0,0,0,0,0,0,0,0,0,0,0,0,0,0,0,0,0,0,0,0,0,0,0,0,0,0,0,0,0,0,0,0,0,0,0,0,0,0,0,0,0,0,0,0,0,0,0,0,0,0,0,0,0,0,0,0,0,0,0,0,0,0,0,0,0,0,0,0,0,0,0,0,0,0,0,0,0,0,0,0,0,0,0,0,0,0,0,0,0,0,0,0,0,0,0,0,0,0,0,0,0,0,0,0,0,0,0,0,0,0,0,0,0,0,0,647.4736111111112,4,0.0936888918358723,0.1988992872258767,0.0,0.233703120560021,0.0,0.0,0.0956475778794156,0.095800731235982,0.0993031086137435,0.0834048379560129,0.1061823917701004,0.1615711265066975,0.0,0.2033376828576805,0.3081007313008609,0.2573882408958013,0.5290589389174041,0.0,0.0,0.0,0.306966845356308,0.4880639377394113,0.098291814936326,114,55,73,12,2,1
34562,9,4,8,80,2,3,2,1740.0,0,0,0,3211488.819041,0,8,0,15,352,0,0,0,0,0,0,0,0,0,0,0,0,0,0,0,0,0,0,0,0,0,0,0,0,0,0,0,0,0,0,0,0,0,0,0,0,0,0,0,0,0,0,0,0,0,0,0,0,0,0,0,0,0,0,0,0,0,0,0,0,0,0,0,0,0,0,0,0,0,0,0,0,0,0,0,0,0,0,0,0,0,0,0,0,0,0,0,0,0,0,0,0,0,0,0,0,0,0,0,0,0,0,0,0,0,0,0,0,0,0,0,0,0,0,0,0,0,0,0,0,0,0,0,0,0,0,0,0,0,0,0,0,0,0,0,0,0,0,0,0,0,0,0,0,0,0,0,0,0,0,0,0,0,0,435.10083333333336,4,0.1210230038588144,0.2569289563977538,0.0,0.301886948464503,0.0,0.0,0.1235531444545769,0.1237509809205604,0.1282751910227186,0.1077385357858348,0.0,0.104355077125622,0.132080049832662,0.2626622718543581,0.1326634540568902,0.3324822981759199,0.5695116816188163,0.0,0.0,0.0,0.0,0.3940365999035712,0.2539376966731116,123,54,74,17,4,1
34588,3,4,6,40,8,4,4,37726.0,0,0,0,3212643.438906,0,6,0,15,497,0,0,0,0,0,0,0,0,0,0,0,0,0,0,0,0,0,0,0,0,0,0,0,0,0,0,0,0,0,0,0,0,0,0,0,0,0,0,0,0,0,0,0,0,0,0,0,0,0,0,0,0,0,0,0,0,0,0,0,0,0,0,0,0,0,0,0,0,0,0,0,0,0,0,0,0,0,0,0,0,0,0,0,0,0,0,0,0,0,0,0,0,0,0,0,0,0,0,0,0,0,0,0,0,0,0,0,0,0,0,0,0,0,0,0,0,0,0,0,0,0,0,0,0,0,0,0,0,0,0,0,0,0,0,0,0,0,0,0,0,0,0,0,0,0,0,0,0,0,0,0,0,0,0,372.91777777777776,4,0.0748610140225538,0.2383922262018556,0.0,0.4357214097912127,0.0,0.0,0.0764260792132953,0.0765484546128635,0.2380409649664659,0.1999309828974809,0.0,0.1936522803831455,0.0,0.2437118984349125,0.164122858923898,0.274217420847088,0.5636511489456869,0.0714637466795362,0.0766251727513773,0.070064507440247,0.1226391350371324,0.2924863388635738,0.0785389259288174,126,52,80,0,0,1
34523,3,3,8,26,2,2,2,601958.0,0,0,0,3212723.648051,0,8,0,15,122,0,0,0,0,0,0,0,0,0,0,0,0,0,0,0,0,0,0,0,0,0,0,0,0,0,0,0,0,0,0,0,0,0,0,0,0,0,0,0,0,0,0,0,0,0,0,0,0,0,0,0,0,0,0,0,0,0,0,0,0,0,0,0,0,0,0,0,0,0,0,0,0,0,0,0,0,0,0,0,0,0,0,0,0,0,0,0,0,0,0,0,0,0,0,0,0,0,0,0,0,0,0,0,0,0,0,0,0,0,0,0,0,0,0,0,0,0,0,0,0,0,0,0,0,0,0,0,0,0,0,0,0,0,0,0,0,0,0,0,0,0,0,0,0,0,0,0,0,0,0,0,0,0,0,470.3,4,0.1993566695841648,0.2116147320510454,0.0,0.1657623611982052,0.0,0.0,0.0,0.0,0.4226058527252335,0.1774736619923524,0.0,0.3438004340766902,0.0,0.2163368701514905,0.2185315479953464,0.1825618864365267,0.3752541203464281,0.1903096654521211,0.2040546664439205,0.1865834579148824,0.1632954738919213,0.3894490555333678,0.0,124,51,74,2,3,1
34507,6,4,4,25,1,3,2,14349.0,0,0,0,3212845.529721,1,4,0,15,19,0,0,0,0,0,0,0,0,0,0,0,0,0,0,0,0,0,0,0,0,0,0,0,0,0,0,0,0,0,0,0,0,0,0,0,0,0,0,0,0,0,0,0,0,0,0,0,0,0,0,0,0,0,0,0,0,0,0,0,0,0,0,0,0,0,0,0,0,0,0,0,0,0,0,0,0,0,0,0,0,0,0,0,0,0,0,0,0,0,0,0,0,0,0,0,0,0,0,0,0,0,0,0,0,0,0,0,0,0,0,0,0,0,0,0,0,0,0,0,0,0,0,0,0,0,0,0,0,0,0,0,0,0,0,0,0,0,0,0,0,0,0,0,0,0,0,0,0,0,0,0,0,0,0,483.2061111111111,4,0.0,0.0,0.0,0.0,0.0,0.0,0.0,0.0,0.0,0.6891971221173169,0.0,0.0,0.0,0.0,0.0,0.0,0.0,0.0,0.0,0.7245738933091698,0.0,0.0,0.0,119,50,70,1,2,1
34326,5,0,25,26,1,1,1,14779.0,0,0,0,3213352.401176,0,25,0,15,326,0,0,0,0,0,0,0,0,0,0,0,0,0,0,0,0,0,0,0,0,0,0,0,0,0,0,0,0,0,0,0,0,0,0,0,0,0,0,0,0,0,0,0,0,0,0,0,0,0,0,0,0,0,0,0,0,0,0,0,0,0,0,0,0,0,0,0,0,0,0,0,0,0,0,0,0,0,0,0,0,0,0,0,0,0,0,0,0,0,0,0,0,0,0,0,0,0,0,0,0,0,0,0,0,0,0,0,0,0,0,0,0,0,0,0,0,0,0,0,0,0,0,0,0,0,0,0,0,0,0,0,0,0,0,0,0,0,0,0,0,0,0,0,0,0,0,0,0,0,0,0,0,0,0,662.1383333333333,4,0.1376476963465102,0.1461113914100224,0.0,0.1144521886701074,0.0,0.0,0.0,0.0,0.4376883066780641,0.1225383669700255,0.0,0.1186901292349479,0.0,0.1493718362835858,0.1508871723396085,0.2521031592379406,0.6477443834455587,0.1314011068533634,0.1408914726723155,0.1288283116482681,0.2254978060369851,0.2688987805138889,0.1444103098092408,114,48,71,0,2,1
34282,2,22,58,962,8,4,1,63127.0,0,0,0,3223253.125533,0,58,0,15,12,0,0,0,0,0,0,0,0,0,0,0,0,0,0,0,0,0,0,0,0,0,0,0,0,0,0,0,0,0,0,0,0,0,0,0,0,0,0,0,0,0,0,0,0,0,0,0,0,0,0,0,0,0,0,0,0,0,0,0,0,0,0,0,0,0,0,0,0,0,0,0,0,0,0,0,0,0,0,0,0,0,0,0,0,0,0,0,0,0,0,0,0,0,0,0,0,0,0,0,0,0,0,0,0,0,0,0,0,0,0,0,0,0,0,0,0,0,0,0,0,0,0,0,0,0,0,0,0,0,0,0,0,0,0,0,0,0,0,0,0,0,0,0,0,0,0,0,0,0,0,0,0,0,0,695.8125,4,0.5677484494123642,0.0,0.0,0.0,0.0,0.0,0.0,0.0,0.0,0.5054277673170745,0.0,0.0,0.0,0.0,0.0,0.0,0.53434366005081,0.0,0.0,0.0,0.0,0.3697043726793583,0.0,109,50,77,16,0,1
34240,8,30,16,229,15,4,3,265575.0,0,0,0,3225205.532193,0,16,0,15,92,0,0,0,0,0,0,0,0,0,0,0,0,0,0,0,0,0,0,0,0,0,0,0,0,0,0,0,0,0,0,0,0,0,0,0,0,0,0,0,0,0,0,0,0,0,0,0,0,0,0,0,0,0,0,0,0,0,0,0,0,0,0,0,0,0,0,0,0,0,0,0,0,0,0,0,0,0,0,0,0,0,0,0,0,0,0,0,0,0,0,0,0,0,0,0,0,0,0,0,0,0,0,0,0,0,0,0,0,0,0,0,0,0,0,0,0,0,0,0,0,0,0,0,0,0,0,0,0,0,0,0,0,0,0,0,0,0,0,0,0,0,0,0,0,0,0,0,0,0,0,0,0,0,0,770.8133333333334,4,0.5792103373050815,0.0,0.0,0.0,0.0,0.0,0.0,0.0,0.0,0.0,0.0,0.0,0.0,0.0,0.0,0.0,0.5451311613359756,0.0,0.0,0.0,0.4744382353026913,0.3771680831967258,0.0,125,50,75,14,4,1
34301,4,0,1,6,1,3,3,173141.0,0,0,0,3227577.617285,1,1,0,15,381,0,0,0,0,0,0,0,0,0,0,0,0,0,0,0,0,0,0,0,0,0,0,0,0,0,0,0,0,0,0,0,0,0,0,0,0,0,0,0,0,0,0,0,0,0,0,0,0,0,0,0,0,0,0,0,0,0,0,0,0,0,0,0,0,0,0,0,0,0,0,0,0,0,0,0,0,0,0,0,0,0,0,0,0,0,0,0,0,0,0,0,0,0,0,0,0,0,0,0,0,0,0,0,0,0,0,0,0,0,0,0,0,0,0,0,0,0,0,0,0,0,0,0,0,0,0,0,0,0,0,0,0,0,0,0,0,0,0,0,0,0,0,0,0,0,0,0,0,0,0,0,0,0,0,682.1194444444444,4,0.1624820937835846,0.1724728087142825,0.0,0.1351016526017174,0.0,0.0,0.0,0.0,0.51665603116682,0.1446467391941629,0.1841492304976642,0.1401042024051826,0.0,0.1763215030534084,0.1781102360413439,0.2975876113416376,0.4587662552398094,0.1551084946112599,0.1663111122355584,0.152071515694098,0.1330910601520681,0.3174134986157865,0.1704648179703188,111,48,84,0,1,1
34459,6,0,3,19,1,1,1,68.0,0,0,0,3232232.552603,0,3,0,15,11,0,0,0,0,0,0,0,0,0,0,0,0,0,0,0,0,0,0,0,0,0,0,0,0,0,0,0,0,0,0,0,0,0,0,0,0,0,0,0,0,0,0,0,0,0,0,0,0,0,0,0,0,0,0,0,0,0,0,0,0,0,0,0,0,0,0,0,0,0,0,0,0,0,0,0,0,0,0,0,0,0,0,0,0,0,0,0,0,0,0,0,0,0,0,0,0,0,0,0,0,0,0,0,0,0,0,0,0,0,0,0,0,0,0,0,0,0,0,0,0,0,0,0,0,0,0,0,0,0,0,0,0,0,0,0,0,0,0,0,0,0,0,0,0,0,0,0,0,0,0,0,0,0,0,531.3716666666667,4,0.0,0.0,0.0,0.0,0.0,0.0,0.0,0.0,0.0,0.6139777425726712,0.0,0.0,0.0,0.0,0.0,0.0,0.6491038588906828,0.0,0.0,0.0,0.0,0.4491052348821946,0.0,123,46,91,0,0,1
34687,2,0,4,101,1,1,1,2713.0,0,0,0,3286658.591042,0,4,0,15,32,0,0,0,0,0,0,0,0,0,0,0,0,0,0,0,0,0,0,0,0,0,0,0,0,0,0,0,0,0,0,0,0,0,0,0,0,0,0,0,0,0,0,0,0,0,0,0,0,0,0,0,0,0,0,0,0,0,0,0,0,0,0,0,0,0,0,0,0,0,0,0,0,0,0,0,0,0,0,0,0,0,0,0,0,0,0,0,0,0,0,0,0,0,0,0,0,0,0,0,0,0,0,0,0,0,0,0,0,0,0,0,0,0,0,0,0,0,0,0,0,0,0,0,0,0,0,0,0,0,0,0,0,0,0,0,0,0,0,0,0,0,0,0,0,0,0,0,0,0,0,0,0,0,0,170.9338888888889,4,0.0,0.0,0.0,0.0,0.0,0.0,0.0,0.0,0.0,0.0,0.0,0.0,0.0,0.0,0.0,0.0,0.8223548294979172,0.0,0.0,0.0,0.0,0.5689749857431797,0.0,63,46,70,5,0,1
32943,3,6,1,5,1,3,3,441.0,0,0,0,3299044.273975,0,1,0,15,354,0,0,0,0,0,0,0,0,0,0,0,0,0,0,0,0,0,0,0,0,0,0,0,0,0,0,0,0,0,0,0,0,0,0,0,0,0,0,0,0,0,0,0,0,0,0,0,0,0,0,0,0,0,0,0,0,0,0,0,0,0,0,0,0,0,0,0,0,0,0,0,0,0,0,0,0,0,0,0,0,0,0,0,0,0,0,0,0,0,0,0,0,0,0,0,0,0,0,0,0,0,0,0,0,0,0,0,0,0,0,0,0,0,0,0,0,0,0,0,0,0,0,0,0,0,0,0,0,0,0,0,0,0,0,0,0,0,0,0,0,0,0,0,0,0,0,0,0,0,0,0,0,0,0,2112.2741666666666,4,0.1287417878709866,0.1366578755600127,0.0,0.1070470468175814,0.0,0.0,0.0,0.0,0.4093695472397006,0.1146100433587976,0.1459096237454498,0.1110107894714001,0.0,0.1397073672218322,0.141124659906387,0.2357918970653328,0.6058348393876728,0.1228993573705925,0.131775689452503,0.1204930239315203,0.2109079300325135,0.3353344388468222,0.2701337104115816,8,44,17,0,3,1
34637,0,0,1,2,1,1,1,,0,0,0,3306713.600043,0,1,0,15,192,0,0,0,0,0,0,0,0,0,0,0,0,0,0,0,0,0,0,0,0,0,0,0,0,0,0,0,0,0,0,0,0,0,0,0,0,0,0,0,0,0,0,0,0,0,0,0,0,0,0,0,0,0,0,0,0,0,0,0,0,0,0,0,0,0,0,0,0,0,0,0,0,0,0,0,0,0,0,0,0,0,0,0,0,0,0,0,0,0,0,0,0,0,0,0,0,0,0,0,0,0,0,0,0,0,0,0,0,0,0,0,0,0,0,0,0,0,0,0,0,0,0,0,0,0,0,0,0,0,0,0,0,0,0,0,0,0,0,0,0,0,0,0,0,0,0,0,0,0,0,0,0,0,0,268.47833333333335,4,0.0,0.0,0.0,0.0,0.0,0.0,0.0,0.0,0.0,0.4228317966245832,0.0,0.0,0.0,0.0,0.0,0.1449848380703311,0.745037188972182,0.0,0.3241074393931982,0.0,0.1296840666031881,0.3092880411968149,0.1661010948586966,102,43,70,0,3,1
34618,0,0,1,2,1,1,1,,0,0,0,3308417.266303,0,1,0,15,8,0,0,0,0,0,0,0,0,0,0,0,0,0,0,0,0,0,0,0,0,0,0,0,0,0,0,0,0,0,0,0,0,0,0,0,0,0,0,0,0,0,0,0,0,0,0,0,0,0,0,0,0,0,0,0,0,0,0,0,0,0,0,0,0,0,0,0,0,0,0,0,0,0,0,0,0,0,0,0,0,0,0,0,0,0,0,0,0,0,0,0,0,0,0,0,0,0,0,0,0,0,0,0,0,0,0,0,0,0,0,0,0,0,0,0,0,0,0,0,0,0,0,0,0,0,0,0,0,0,0,0,0,0,0,0,0,0,0,0,0,0,0,0,0,0,0,0,0,0,0,0,0,0,0,306.91083333333336,4,0.0,0.0,0.0,0.0,0.0,0.0,0.0,0.0,0.0,0.0,0.0,0.0,0.0,0.0,0.0,0.0,0.0,0.0,0.0,0.0,0.0,0.0,0.0,114,42,65,0,1,1
34551,8,10,26,2641,17,2,2,474.0,0,0,0,3321035.07729,0,26,0,15,531,0,0,0,0,0,0,0,0,0,0,0,0,0,0,0,0,0,0,0,0,0,0,0,0,0,0,0,0,0,0,0,0,0,0,0,0,0,0,0,0,0,0,0,0,0,0,0,0,0,0,0,0,0,0,0,0,0,0,0,0,0,0,0,0,0,0,0,0,0,0,0,0,0,0,0,0,0,0,0,0,0,0,0,0,0,0,0,0,0,0,0,0,0,0,0,0,0,0,0,0,0,0,0,0,0,0,0,0,0,0,0,0,0,0,0,0,0,0,0,0,0,0,0,0,0,0,0,0,0,0,0,0,0,0,0,0,0,0,0,0,0,0,0,0,0,0,0,0,0,0,0,0,0,0,418.0419444444444,4,0.1343057644245757,0.2138459556750763,0.0,0.27918354424742,0.0,0.0,0.068556799054461,0.0686665739606679,0.2135308623695173,0.179344908967658,0.0,0.1158084658127699,0.0,0.2186178830599608,0.2944476015336905,0.2459823768504397,0.6320178751948065,0.0641054175645263,0.0687353927468736,0.0628502522551907,0.1100114859155427,0.3060985891255319,0.2113562838083592,124,41,72,0,3,1
33424,12,18,9,146,17,4,3,1205.0,0,0,0,3311557.122326,0,9,0,15,125,0,0,0,0,0,0,0,0,0,0,0,0,0,0,0,0,0,0,0,0,0,0,0,0,0,0,0,0,0,0,0,0,0,0,0,0,0,0,0,0,0,0,0,0,0,0,0,0,0,0,0,0,0,0,0,0,0,0,0,0,0,0,0,0,0,0,0,0,0,0,0,0,0,0,0,0,0,0,0,0,0,0,0,0,0,0,0,0,0,0,0,0,0,0,0,0,0,0,0,0,0,0,0,0,0,0,0,0,0,0,0,0,0,0,0,0,0,0,0,0,0,0,0,0,0,0,0,0,0,0,0,0,0,0,0,0,0,0,0,0,0,0,0,0,0,0,0,0,0,0,0,0,0,0,1637.5469444444443,4,0.2656409513783158,0.0,0.0,0.0,0.0,0.0,0.0,0.0,0.0,0.0,0.3010644166743645,0.0,0.0,0.0,0.0,0.0,0.2500113533833234,0.0,0.0,0.0,0.2175897356777898,0.1729791096548424,0.8360755705637346,15,42,41,2,2,1
34245,7,2,7,217,17,5,4,1659.0,0,1,0,3535582.620232,0,7,0,15,19,0,0,0,0,0,0,0,0,0,0,0,0,0,0,0,0,0,0,0,0,0,0,0,0,0,0,0,0,0,0,0,0,0,0,0,0,0,0,0,0,0,0,0,0,0,0,0,0,0,0,0,0,0,0,0,0,0,0,0,0,0,0,0,0,0,0,0,0,0,0,0,0,0,0,0,0,0,0,0,0,0,0,0,0,0,0,0,0,0,0,0,0,0,0,0,0,0,0,0,0,0,0,0,0,0,0,0,0,0,0,0,0,0,0,0,0,0,0,0,0,0,0,0,0,0,0,0,0,0,0,0,0,0,0,0,0,0,0,0,0,0,0,0,0,0,0,0,0,0,0,0,0,0,0,683.4555555555555,4,0.0,0.0,0.0,0.8237691928545381,0.0,0.0,0.0,0.0,0.0,0.0,0.0,0.0,0.0,0.0,0.0,0.0,0.4662137737400663,0.0,0.0,0.0,0.0,0.3225663250849798,0.0,127,40,76,11,4,1
34645,3,0,2,14,2,4,4,7999.0,0,0,0,3537941.126392,0,2,0,15,555,0,0,0,0,0,0,0,0,0,0,0,0,0,0,0,0,0,0,0,0,0,0,0,0,0,0,0,0,0,0,0,0,0,0,0,0,0,0,0,0,0,0,0,0,0,0,0,0,0,0,0,0,0,0,0,0,0,0,0,0,0,0,0,0,0,0,0,0,0,0,0,0,0,0,0,0,0,0,0,0,0,0,0,0,0,0,0,0,0,0,0,0,0,0,0,0,0,0,0,0,0,0,0,0,0,0,0,0,0,0,0,0,0,0,0,0,0,0,0,0,0,0,0,0,0,0,0,0,0,0,0,0,0,0,0,0,0,0,0,0,0,0,0,0,0,0,0,0,0,0,0,0,0,0,195.9744444444445,4,0.0742093806309669,0.2363171229332697,0.0,0.2468163655041823,0.0,0.0,0.0757608225926938,0.0758821327662868,0.2359689192780255,0.1981906684471646,0.0,0.1919666193765155,0.0,0.2415904896746816,0.1626942390128012,0.2718304744463225,0.5587448046401093,0.0708416850599826,0.0759581831059275,0.0694546256050985,0.3039290333911724,0.3865871590348423,0.0778552778732465,88,38,71,1,3,1
34452,6,4,6,36,2,4,3,150847.0,0,0,0,3536024.270426,0,6,0,15,18,0,0,0,0,0,0,0,0,0,0,0,0,0,0,0,0,0,0,0,0,0,0,0,0,0,0,0,0,0,0,0,0,0,0,0,0,0,0,0,0,0,0,0,0,0,0,0,0,0,0,0,0,0,0,0,0,0,0,0,0,0,0,0,0,0,0,0,0,0,0,0,0,0,0,0,0,0,0,0,0,0,0,0,0,0,0,0,0,0,0,0,0,0,0,0,0,0,0,0,0,0,0,0,0,0,0,0,0,0,0,0,0,0,0,0,0,0,0,0,0,0,0,0,0,0,0,0,0,0,0,0,0,0,0,0,0,0,0,0,0,0,0,0,0,0,0,0,0,0,0,0,0,0,0,453.4583333333333,4,0.0,0.0,0.0,0.0,0.0,0.0,0.0,0.0,0.0,0.6139777425726712,0.0,0.0,0.0,0.0,0.0,0.0,0.6491038588906828,0.0,0.0,0.0,0.0,0.4491052348821946,0.0,121,39,87,3,0,1
34253,10,7,13,40,2,3,2,439.0,0,0,0,3563203.890424,0,13,0,15,1174,0,0,0,0,0,0,0,0,0,0,0,0,0,0,0,0,0,0,0,0,0,0,0,0,0,0,0,0,0,0,0,0,0,0,0,0,0,0,0,0,0,0,0,0,0,0,0,0,0,0,0,0,0,0,0,0,0,0,0,0,0,0,0,0,0,0,0,0,0,0,0,0,0,0,0,0,0,0,0,0,0,0,0,0,0,0,0,0,0,0,0,0,0,0,0,0,0,0,0,0,0,0,0,0,0,0,0,0,0,0,0,0,0,0,0,0,0,0,0,0,0,0,0,0,0,0,0,0,0,0,0,0,0,0,0,0,0,0,0,0,0,0,0,0,0,0,0,0,0,0,0,0,0,0,665.2944444444445,4,0.0656728845727378,0.2091329560360449,0.0,0.2184244437104884,0.0,0.0,0.0670458601724194,0.067153215724509,0.2088248071434895,0.2338563809886328,0.0,0.1698842050552275,0.215018903607972,0.2137997138283063,0.2879582038952778,0.2405611153183035,0.5562798205879913,0.0626925836912469,0.0672205177978383,0.0614650812555492,0.161380376646398,0.4276463038893015,0.0688993848712241,119,35,75,0,4,1
33196,5,22,24,64,2,3,2,91760.0,0,0,0,3577729.122192,0,24,0,15,234,0,0,0,0,0,0,0,0,0,0,0,0,0,0,0,0,0,0,0,0,0,0,0,0,0,0,0,0,0,0,0,0,0,0,0,0,0,0,0,0,0,0,0,0,0,0,0,0,0,0,0,0,0,0,0,0,0,0,0,0,0,0,0,0,0,0,0,0,0,0,0,0,0,0,0,0,0,0,0,0,0,0,0,0,0,0,0,0,0,0,0,0,0,0,0,0,0,0,0,0,0,0,0,0,0,0,0,0,0,0,0,0,0,0,0,0,0,0,0,0,0,0,0,0,0,0,0,0,0,0,0,0,0,0,0,0,0,0,0,0,0,0,0,0,0,0,0,0,0,0,0,0,0,0,192.1377777777778,4,0.0,0.0,0.0,0.1498647414775356,0.0,0.0,0.0,0.1842998730907236,0.0,0.0,0.4085438821859201,0.0,0.0,0.0,0.0,0.0,0.5088974480779754,0.0,0.0,0.0,0.1476344436841277,0.7041970397174885,0.0,16,1,29,0,3,1
33487,6,0,1,3,1,1,1,2494877.0,0,0,0,3690661.608982,0,1,0,15,471,0,0,0,0,0,0,0,0,0,0,0,0,0,0,0,0,0,0,0,0,0,0,0,0,0,0,0,0,0,0,0,0,0,0,0,0,0,0,0,0,0,0,0,0,0,0,0,0,0,0,0,0,0,0,0,0,0,0,0,0,0,0,0,0,0,0,0,0,0,0,0,0,0,0,0,0,0,0,0,0,0,0,0,0,0,0,0,0,0,0,0,0,0,0,0,0,0,0,0,0,0,0,0,0,0,0,0,0,0,0,0,0,0,0,0,0,0,0,0,0,0,0,0,0,0,0,0,0,0,0,0,0,0,0,0,0,0,0,0,0,0,0,0,0,0,0,0,0,0,0,0,0,0,0,1084.2422222222222,4,0.0772622217637077,0.2460387865171401,0.0,0.2569699491406199,0.0,0.0,0.0788774872716703,0.0790037879287387,0.2456762583865767,0.206343877914977,0.0,0.3331063043375868,0.0,0.2515290901304047,0.169387188889154,0.2830130937656904,0.5817305661140266,0.0737559852229129,0.0790829668432717,0.0723118646239871,0.1265728519960138,0.3018679972638913,0.0810581046947552,15,116,43,1,5,0
34549,2,0,5,179,5,1,1,327932.0,0,0,0,3889305.282428,0,5,0,15,19,0,0,0,0,0,0,0,0,0,0,0,0,0,0,0,0,0,0,0,0,0,0,0,0,0,0,0,0,0,0,0,0,0,0,0,0,0,0,0,0,0,0,0,0,0,0,0,0,0,0,0,0,0,0,0,0,0,0,0,0,0,0,0,0,0,0,0,0,0,0,0,0,0,0,0,0,0,0,0,0,0,0,0,0,0,0,0,0,0,0,0,0,0,0,0,0,0,0,0,0,0,0,0,0,0,0,0,0,0,0,0,0,0,0,0,0,0,0,0,0,0,0,0,0,0,0,0,0,0,0,0,0,0,0,0,0,0,0,0,0,0,0,0,0,0,0,0,0,0,0,0,0,0,0,261.5186111111111,4,0.0,0.0,0.0,0.0,0.0,0.0,0.0,0.0,0.0,0.0,0.0,0.0,0.0,0.0,0.0,0.0,0.8223548294979172,0.0,0.0,0.0,0.0,0.5689749857431797,0.0,123,78,73,3,3,1
33332,7,0,11,73,1,1,1,68511.0,0,0,0,4004990.820322,0,11,0,15,122,0,0,0,0,0,0,0,0,0,0,0,0,0,0,0,0,0,0,0,0,0,0,0,0,0,0,0,0,0,0,0,0,0,0,0,0,0,0,0,0,0,0,0,0,0,0,0,0,0,0,0,0,0,0,0,0,0,0,0,0,0,0,0,0,0,0,0,0,0,0,0,0,0,0,0,0,0,0,0,0,0,0,0,0,0,0,0,0,0,0,0,0,0,0,0,0,0,0,0,0,0,0,0,0,0,0,0,0,0,0,0,0,0,0,0,0,0,0,0,0,0,0,0,0,0,0,0,0,0,0,0,0,0,0,0,0,0,0,0,0,0,0,0,0,0,0,0,0,0,0,0,0,0,0,1574.088888888889,4,0.1871587888869568,0.1986668268682668,0.0,0.1556199891862692,0.0,0.0,0.0,0.0,0.5951222981722373,0.1666147197738911,0.0,0.1613822928393122,0.0,0.2031000351962337,0.2051604290025201,0.1713916150066569,0.3522937398351103,0.1786653367243556,0.1915693330854563,0.1751671217347808,0.1533040413851359,0.3656201406194838,0.0,12,86,36,0,3,1
34561,2,0,3,189,3,1,1,1607.0,0,0,0,4006276.301166,0,3,0,15,12,0,0,0,0,0,0,0,0,0,0,0,0,0,0,0,0,0,0,0,0,0,0,0,0,0,0,0,0,0,0,0,0,0,0,0,0,0,0,0,0,0,0,0,0,0,0,0,0,0,0,0,0,0,0,0,0,0,0,0,0,0,0,0,0,0,0,0,0,0,0,0,0,0,0,0,0,0,0,0,0,0,0,0,0,0,0,0,0,0,0,0,0,0,0,0,0,0,0,0,0,0,0,0,0,0,0,0,0,0,0,0,0,0,0,0,0,0,0,0,0,0,0,0,0,0,0,0,0,0,0,0,0,0,0,0,0,0,0,0,0,0,0,0,0,0,0,0,0,0,0,0,0,0,0,214.38166666666663,4,0.0,0.0,0.0,0.0,0.0,0.0,0.0,0.0,0.0,0.0,0.0,0.0,0.0,0.0,0.0,0.0,0.8223548294979172,0.0,0.0,0.0,0.0,0.5689749857431797,0.0,122,87,73,4,4,1
33080,6,30,53,910,4,3,2,6136005.0,0,1,0,4059186.783751,0,53,0,15,253,0,0,0,0,0,0,0,0,0,0,0,0,0,0,0,0,0,0,0,0,0,0,0,0,0,0,0,0,0,0,0,0,0,0,0,0,0,0,0,0,0,0,0,0,0,0,0,0,0,0,0,0,0,0,0,0,0,0,0,0,0,0,0,0,0,0,0,0,0,0,0,0,0,0,0,0,0,0,0,0,0,0,0,0,0,0,0,0,0,0,0,0,0,0,0,0,0,0,0,0,0,0,0,0,0,0,0,0,0,0,0,0,0,0,0,0,0,0,0,0,0,0,0,0,0,0,0,0,0,0,0,0,0,0,0,0,0,0,0,0,0,0,0,0,0,0,0,0,0,0,0,0,0,0,1895.0275,4,0.2247946002423428,0.1193083963431735,0.0,0.0934568274001131,0.0,0.0,0.1147471093543189,0.0,0.4765304011227784,0.1000596593641241,0.0,0.0969173508248057,0.0,0.1219707380365637,0.1232080975129218,0.3087852016683679,0.4231365830324231,0.1072965987463548,0.115046030981873,0.1051957627535065,0.0920659962154437,0.5123332589038755,0.2358387297868077,16,85,24,6,3,1
34450,8,0,3,19,2,3,3,88545.0,0,0,0,4163719.928636,0,3,0,15,458,0,0,0,0,0,0,0,0,0,0,0,0,0,0,0,0,0,0,0,0,0,0,0,0,0,0,0,0,0,0,0,0,0,0,0,0,0,0,0,0,0,0,0,0,0,0,0,0,0,0,0,0,0,0,0,0,0,0,0,0,0,0,0,0,0,0,0,0,0,0,0,0,0,0,0,0,0,0,0,0,0,0,0,0,0,0,0,0,0,0,0,0,0,0,0,0,0,0,0,0,0,0,0,0,0,0,0,0,0,0,0,0,0,0,0,0,0,0,0,0,0,0,0,0,0,0,0,0,0,0,0,0,0,0,0,0,0,0,0,0,0,0,0,0,0,0,0,0,0,0,0,0,0,0,218.65916666666664,4,0.0801609163480833,0.2552695759216275,0.0,0.2666108497375412,0.0,0.0,0.0818367827716471,0.0819678219286226,0.2548934465988546,0.2140854088699174,0.0,0.2073621958117226,0.0,0.2609658626529937,0.1757421928728246,0.293631071135212,0.6035557117423471,0.076523134161301,0.0820499714474887,0.0750248335962322,0.1313215640086183,0.3131933657155166,0.084099211767977,123,114,86,0,6,0
33972,4,4,7,55,2,2,1,281890.0,0,0,0,4237775.073925,0,7,0,15,262,0,0,0,0,0,0,0,0,0,0,0,0,0,0,0,0,0,0,0,0,0,0,0,0,0,0,0,0,0,0,0,0,0,0,0,0,0,0,0,0,0,0,0,0,0,0,0,0,0,0,0,0,0,0,0,0,0,0,0,0,0,0,0,0,0,0,0,0,0,0,0,0,0,0,0,0,0,0,0,0,0,0,0,0,0,0,0,0,0,0,0,0,0,0,0,0,0,0,0,0,0,0,0,0,0,0,0,0,0,0,0,0,0,0,0,0,0,0,0,0,0,0,0,0,0,0,0,0,0,0,0,0,0,0,0,0,0,0,0,0,0,0,0,0,0,0,0,0,0,0,0,0,0,0,804.7063888888889,4,0.2597711354831891,0.1378719842795702,0.0,0.1079980842342799,0.0,0.0,0.0,0.0,0.4130065065791333,0.1156282726589426,0.0,0.1119970419424697,0.0,0.1409485685213208,0.2847569057010339,0.3568301123395413,0.4889738032866893,0.1239912313720007,0.1329464233961879,0.1215635193596221,0.1063908490261499,0.4228920606626915,0.0,92,93,126,5,5,0
34455,3,0,1,7,1,2,2,130768.0,0,0,0,4252588.576951,1,1,0,15,46,0,0,0,0,0,0,0,0,0,0,0,0,0,0,0,0,0,0,0,0,0,0,0,0,0,0,0,0,0,0,0,0,0,0,0,0,0,0,0,0,0,0,0,0,0,0,0,0,0,0,0,0,0,0,0,0,0,0,0,0,0,0,0,0,0,0,0,0,0,0,0,0,0,0,0,0,0,0,0,0,0,0,0,0,0,0,0,0,0,0,0,0,0,0,0,0,0,0,0,0,0,0,0,0,0,0,0,0,0,0,0,0,0,0,0,0,0,0,0,0,0,0,0,0,0,0,0,0,0,0,0,0,0,0,0,0,0,0,0,0,0,0,0,0,0,0,0,0,0,0,0,0,0,0,251.14027777777775,4,0.3764330930960817,0.0,0.0,0.3129990006098431,0.0,0.0,0.0,0.0,0.0,0.6702254774442353,0.0,0.0,0.0,0.0,0.0,0.0,0.0,0.0,0.0,0.0,0.3083409271129248,0.2451243339948901,0.3949272021204748,122,100,89,0,0,1
32385,5,6,4,1011,99,4,3,1226.0,0,0,0,4390137.395046,1,4,0,15,507,0,0,0,0,0,0,0,0,0,0,0,0,0,0,0,0,0,0,0,0,0,0,0,0,0,0,0,0,0,0,0,0,0,0,0,0,0,0,0,0,0,0,0,0,0,0,0,0,0,0,0,0,0,0,0,0,0,0,0,0,0,0,0,0,0,0,0,0,0,0,0,0,0,0,0,0,0,0,0,0,0,0,0,0,0,0,0,0,0,0,0,0,0,0,0,0,0,0,0,0,0,0,0,0,0,0,0,0,0,0,0,0,0,0,0,0,0,0,0,0,0,0,0,0,0,0,0,0,0,0,0,0,0,0,0,0,0,0,0,0,0,0,0,0,0,0,0,0,0,0,0,0,0,0,1481.0313888888888,4,0.2838605946118998,0.2008764284768093,0.0,0.1573508175477417,0.0,0.0,0.0,0.0,0.4011608904826341,0.0842339165713772,0.1072378886993224,0.0815886051938994,0.0,0.1026794717992508,0.2074422534071241,0.1732978577054469,0.6233710044080247,0.0903262394118596,0.0968499976631917,0.088557678086783,0.1550091114352318,0.369686621488804,0.0992688762654546,5,10,5,0,3,1
33034,3,11,15,59,2,2,1,4173918.0,0,1,0,4417388.765201,0,15,0,15,253,0,0,0,0,0,0,0,0,0,0,0,0,0,0,0,0,0,0,0,0,0,0,0,0,0,0,0,0,0,0,0,0,0,0,0,0,0,0,0,0,0,0,0,0,0,0,0,0,0,0,0,0,0,0,0,0,0,0,0,0,0,0,0,0,0,0,0,0,0,0,0,0,0,0,0,0,0,0,0,0,0,0,0,0,0,0,0,0,0,0,0,0,0,0,0,0,0,0,0,0,0,0,0,0,0,0,0,0,0,0,0,0,0,0,0,0,0,0,0,0,0,0,0,0,0,0,0,0,0,0,0,0,0,0,0,0,0,0,0,0,0,0,0,0,0,0,0,0,0,0,0,0,0,0,1605.5697222222225,4,0.2247946002423428,0.1193083963431735,0.0,0.0934568274001131,0.0,0.0,0.1147471093543189,0.0,0.4765304011227784,0.1000596593641241,0.0,0.0969173508248057,0.0,0.1219707380365637,0.1232080975129218,0.3087852016683679,0.4231365830324231,0.1072965987463548,0.115046030981873,0.1051957627535065,0.0920659962154437,0.5123332589038755,0.2358387297868077,12,110,20,2,3,1
33048,7,22,31,1907,7,2,1,5617916.0,0,1,0,4418920.181209,0,31,0,15,253,0,0,0,0,0,0,0,0,0,0,0,0,0,0,0,0,0,0,0,0,0,0,0,0,0,0,0,0,0,0,0,0,0,0,0,0,0,0,0,0,0,0,0,0,0,0,0,0,0,0,0,0,0,0,0,0,0,0,0,0,0,0,0,0,0,0,0,0,0,0,0,0,0,0,0,0,0,0,0,0,0,0,0,0,0,0,0,0,0,0,0,0,0,0,0,0,0,0,0,0,0,0,0,0,0,0,0,0,0,0,0,0,0,0,0,0,0,0,0,0,0,0,0,0,0,0,0,0,0,0,0,0,0,0,0,0,0,0,0,0,0,0,0,0,0,0,0,0,0,0,0,0,0,0,1682.8072222222222,4,0.2247946002423428,0.1193083963431735,0.0,0.0934568274001131,0.0,0.0,0.1147471093543189,0.0,0.4765304011227784,0.1000596593641241,0.0,0.0969173508248057,0.0,0.1219707380365637,0.1232080975129218,0.3087852016683679,0.4231365830324231,0.1072965987463548,0.115046030981873,0.1051957627535065,0.0920659962154437,0.5123332589038755,0.2358387297868077,13,123,21,3,3,1
34202,3,9,8,36,1,3,2,138432.0,0,0,0,4424589.207751,1,8,0,15,81,0,0,0,0,0,0,0,0,0,0,0,0,0,0,0,0,0,0,0,0,0,0,0,0,0,0,0,0,0,0,0,0,0,0,0,0,0,0,0,0,0,0,0,0,0,0,0,0,0,0,0,0,0,0,0,0,0,0,0,0,0,0,0,0,0,0,0,0,0,0,0,0,0,0,0,0,0,0,0,0,0,0,0,0,0,0,0,0,0,0,0,0,0,0,0,0,0,0,0,0,0,0,0,0,0,0,0,0,0,0,0,0,0,0,0,0,0,0,0,0,0,0,0,0,0,0,0,0,0,0,0,0,0,0,0,0,0,0,0,0,0,0,0,0,0,0,0,0,0,0,0,0,0,0,472.8625,4,0.0,0.0,0.0,0.0,0.0,0.0,0.0,0.0,0.0,0.0,0.0,0.0,0.0,0.0,0.0,0.0,0.5567834669854095,0.282372050261417,0.0,0.2768432881804687,0.0,0.3852301388969515,0.6206558869435884,131,119,74,3,2,1
34031,0,0,1,2,1,1,1,,0,0,0,4437193.628484,0,1,0,15,359,0,0,0,0,0,0,0,0,0,0,0,0,0,0,0,0,0,0,0,0,0,0,0,0,0,0,0,0,0,0,0,0,0,0,0,0,0,0,0,0,0,0,0,0,0,0,0,0,0,0,0,0,0,0,0,0,0,0,0,0,0,0,0,0,0,0,0,0,0,0,0,0,0,0,0,0,0,0,0,0,0,0,0,0,0,0,0,0,0,0,0,0,0,0,0,0,0,0,0,0,0,0,0,0,0,0,0,0,0,0,0,0,0,0,0,0,0,0,0,0,0,0,0,0,0,0,0,0,0,0,0,0,0,0,0,0,0,0,0,0,0,0,0,0,0,0,0,0,0,0,0,0,0,0,209.56583333333333,4,0.133933113519096,0.1421684059491181,0.0,0.1113635635359554,0.0,0.0,0.0,0.0,0.4258767797807776,0.1192315269303609,0.0,0.115487138356482,0.0,0.14534086393399,0.1468153068879786,0.2452998629177123,0.6302642495445611,0.1278550954926502,0.1370893527763152,0.1253517301519185,0.2194124860486583,0.3488563131493941,0.1405132300094555,113,174,112,0,1,1
34475,1,2,3,44,1,2,2,115791.0,0,0,0,4433546.702691,0,3,0,15,352,0,0,0,0,0,0,0,0,0,0,0,0,0,0,0,0,0,0,0,0,0,0,0,0,0,0,0,0,0,0,0,0,0,0,0,0,0,0,0,0,0,0,0,0,0,0,0,0,0,0,0,0,0,0,0,0,0,0,0,0,0,0,0,0,0,0,0,0,0,0,0,0,0,0,0,0,0,0,0,0,0,0,0,0,0,0,0,0,0,0,0,0,0,0,0,0,0,0,0,0,0,0,0,0,0,0,0,0,0,0,0,0,0,0,0,0,0,0,0,0,0,0,0,0,0,0,0,0,0,0,0,0,0,0,0,0,0,0,0,0,0,0,0,0,0,0,0,0,0,0,0,0,1,1,180.64666666666668,4,0.2471898305810932,0.2623890631463293,0.0,0.0,0.0,0.0,0.0,0.0,0.0,0.0,0.0,0.2131455426858559,0.0,0.0,0.2709654833132531,0.2263653474596084,0.2326458468301446,0.2359721099834775,0.2530150535357897,0.2313518451497938,0.6074285943409882,0.3219283516926844,0.0,120,123,85,8,1,1
34410,2,14,14,1516,78,4,1,1366.0,0,0,0,4441214.809465,0,14,0,15,202,0,0,0,0,0,0,0,0,0,0,0,0,0,0,0,0,0,0,0,0,0,0,0,0,0,0,0,0,0,0,0,0,0,0,0,0,0,0,0,0,0,0,0,0,0,0,0,0,0,0,0,0,0,0,0,0,0,0,0,0,0,0,0,0,0,0,0,0,0,0,0,0,0,0,0,0,0,0,0,0,0,0,0,0,0,0,0,0,0,0,0,0,0,0,0,0,0,0,0,0,0,0,0,0,0,0,0,0,0,0,0,0,0,0,0,0,0,0,0,0,0,0,0,0,0,0,0,0,0,0,0,0,0,0,0,0,0,0,0,0,0,0,0,0,0,0,0,0,0,0,0,0,0,0,263.8308333333333,4,0.3322923084312356,0.0,0.0,0.0,0.0,0.0,0.0,0.3397825025785612,0.0,0.0,0.0,0.0,0.0,0.0,0.0,0.0,0.6254822482656076,0.0,0.0,0.0,0.2721846732748047,0.4327617963973268,0.348617786431986,123,123,79,24,4,1
34395,2,4,20,16,1,4,3,417392.0,0,0,0,4441997.089653,1,20,0,15,44,0,0,0,0,0,0,0,0,0,0,0,0,0,0,0,0,0,0,0,0,0,0,0,0,0,0,0,0,0,0,0,0,0,0,0,0,0,0,0,0,0,0,0,0,0,0,0,0,0,0,0,0,0,0,0,0,0,0,0,0,0,0,0,0,0,0,0,0,0,0,0,0,0,0,0,0,0,0,0,0,0,0,0,0,0,0,0,0,0,0,0,0,0,0,0,0,0,0,0,0,0,0,0,0,0,0,0,0,0,0,0,0,0,0,0,0,0,0,0,0,0,0,0,0,0,0,0,0,0,0,0,0,0,0,0,0,0,0,0,0,0,0,0,0,0,0,0,0,0,0,0,0,0,0,276.4241666666667,4,0.0,0.0,0.0,0.0,0.0,0.0,0.0,0.0,0.0,0.6139777425726712,0.0,0.0,0.0,0.0,0.0,0.0,0.6491038588906828,0.0,0.0,0.0,0.0,0.4491052348821946,0.0,121,121,78,1,3,1
33098,5,2,14,155,1,2,1,681494.0,0,0,0,4501934.05889,0,14,0,15,578,0,0,0,0,0,0,0,0,0,0,0,0,0,0,0,0,0,0,0,0,0,0,0,0,0,0,0,0,0,0,0,0,0,0,0,0,0,0,0,0,0,0,0,0,0,0,0,0,0,0,0,0,0,0,0,0,0,0,0,0,0,0,0,0,0,0,0,0,0,0,0,0,0,0,0,0,0,0,0,0,0,0,0,0,0,0,0,0,0,0,0,0,0,0,0,0,0,0,0,0,0,0,0,0,0,0,0,0,0,0,0,0,0,0,0,0,0,0,0,0,0,0,0,0,0,0,0,0,0,0,0,0,0,0,0,0,0,0,0,0,0,0,0,0,0,0,0,0,0,0,0,0,0,0,1754.0830555555556,4,0.070252111876451,0.2982871225079115,0.0,0.2336547047679209,0.0,0.0,0.0717208220764062,0.0718356632974829,0.3723095107279813,0.1250813387223694,0.0,0.1211532406129569,0.0,0.3049433367157531,0.154018451354813,0.257334918306311,0.5950680017302376,0.0670640011011417,0.071907658197902,0.0657509075922714,0.1150887193762046,0.3202256049187982,0.0737035890182477,16,123,25,0,4,1
34418,2,4,8,22,2,3,3,841463.0,0,0,0,4505876.349832,0,8,0,15,457,0,0,0,0,0,0,0,0,0,0,0,0,0,0,0,0,0,0,0,0,0,0,0,0,0,0,0,0,0,0,0,0,0,0,0,0,0,0,0,0,0,0,0,0,0,0,0,0,0,0,0,0,0,0,0,0,0,0,0,0,0,0,0,0,0,0,0,0,0,0,0,0,0,0,0,0,0,0,0,0,0,0,0,0,0,0,0,0,0,0,0,0,0,0,0,0,0,0,0,0,0,0,0,0,0,0,0,0,0,0,0,0,0,0,0,0,0,0,0,0,0,0,0,0,0,0,0,0,0,0,0,0,0,0,0,0,0,0,0,0,0,0,0,0,0,0,0,0,0,0,0,0,0,0,237.75611111111112,4,0.091670074930961,0.2919200804880739,0.0,0.3048896854761562,0.0,0.0,0.0935865550265138,0.0937364082203904,0.2914899481396286,0.0816076227950955,0.0,0.0790447884659348,0.0,0.2984342154965251,0.2009744988346611,0.2518420152796834,0.6039351826413373,0.0875099956699307,0.0938303524128108,0.0857965755728781,0.1501761476933125,0.2387735454382919,0.1923476276376061,121,121,77,0,4,1
34461,2,10,24,581,35,2,2,1608.0,0,0,0,4509391.671705,0,24,0,15,121,0,0,0,0,0,0,0,0,0,0,0,0,0,0,0,0,0,0,0,0,0,0,0,0,0,0,0,0,0,0,0,0,0,0,0,0,0,0,0,0,0,0,0,0,0,0,0,0,0,0,0,0,0,0,0,0,0,0,0,0,0,0,0,0,0,0,0,0,0,0,0,0,0,0,0,0,0,0,0,0,0,0,0,0,0,0,0,0,0,0,0,0,0,0,0,0,0,0,0,0,0,0,0,0,0,0,0,0,0,0,0,0,0,0,0,0,0,0,0,0,0,0,0,0,0,0,0,0,0,0,0,0,0,0,0,0,0,0,0,0,0,0,0,0,0,0,0,0,0,0,0,0,0,0,176.1536111111111,4,0.0,0.2885806557929048,0.0,0.4521028421482446,0.0,0.0,0.0,0.0,0.0,0.0,0.0,0.0,0.0,0.2950202722438163,0.0,0.0,0.5117369622094177,0.0,0.0,0.0,0.0,0.531094705715653,0.2852208955498913,125,119,93,27,0,1
34174,5,5,16,787,8,2,1,3088.0,0,0,0,4796379.25077,1,16,0,15,134,0,0,0,0,0,0,0,0,0,0,0,0,0,0,0,0,0,0,0,0,0,0,0,0,0,0,0,0,0,0,0,0,0,0,0,0,0,0,0,0,0,0,0,0,0,0,0,0,0,0,0,0,0,0,0,0,0,0,0,0,0,0,0,0,0,0,0,0,0,0,0,0,0,0,0,0,0,0,0,0,0,0,0,0,0,0,0,0,0,0,0,0,0,0,0,0,0,0,0,0,0,0,0,0,0,0,0,0,0,0,0,0,0,0,0,0,0,0,0,0,0,0,0,0,0,0,0,0,0,0,0,0,0,0,0,0,0,0,0,0,0,0,0,0,0,0,0,0,0,0,0,0,0,0,404.0627777777778,4,0.2867488059078261,0.0,0.0,0.4768554695179624,0.0,0.0,0.0,0.0,0.0,0.0,0.0,0.0,0.0,0.0,0.0,0.0,0.2698772786126966,0.0,0.0,0.0,0.4697588723400341,0.1867240456833191,0.6016734750770699,133,125,77,14,1,1
34152,3,9,13,320,8,2,3,12722.0,0,0,0,4797288.277777,0,13,0,15,60,0,0,0,0,0,0,0,0,0,0,0,0,0,0,0,0,0,0,0,0,0,0,0,0,0,0,0,0,0,0,0,0,0,0,0,0,0,0,0,0,0,0,0,0,0,0,0,0,0,0,0,0,0,0,0,0,0,0,0,0,0,0,0,0,0,0,0,0,0,0,0,0,0,0,0,0,0,0,0,0,0,0,0,0,0,0,0,0,0,0,0,0,0,0,0,0,0,0,0,0,0,0,0,0,0,0,0,0,0,0,0,0,0,0,0,0,0,0,0,0,0,0,0,0,0,0,0,0,0,0,0,0,0,0,0,0,0,0,0,0,0,0,0,0,0,0,0,0,0,0,0,0,0,0,430.19638888888886,4,0.3808499644172033,0.0,0.0,0.0,0.0,0.0,0.0,0.0,0.0,0.6780895567303061,0.0,0.3283972975618143,0.0,0.0,0.0,0.0,0.3584417784452646,0.0,0.0,0.0,0.3119588401579543,0.248000496215449,0.0,131,124,73,13,0,1
34295,0,0,1,3,1,2,2,,0,0,0,4846995.286658,0,1,0,15,114,0,0,0,0,0,0,0,0,0,0,0,0,0,0,0,0,0,0,0,0,0,0,0,0,0,0,0,0,0,0,0,0,0,0,0,0,0,0,0,0,0,0,0,0,0,0,0,0,0,0,0,0,0,0,0,0,0,0,0,0,0,0,0,0,0,0,0,0,0,0,0,0,0,0,0,0,0,0,0,0,0,0,0,0,0,0,0,0,0,0,0,0,0,0,0,0,0,0,0,0,0,0,0,0,0,0,0,0,0,0,0,0,0,0,0,0,0,0,0,0,0,0,0,0,0,0,0,0,0,0,0,0,0,0,0,0,0,0,0,0,0,0,0,0,0,0,0,0,0,0,0,0,0,0,238.33083333333337,4,0.2206958049961535,0.2342659703157502,0.0,0.1835055622618953,0.0,0.0,0.0,0.0,0.4678415779006856,0.3929408810923336,0.0,0.1903004141141838,0.0,0.2394935660192427,0.2419231621519796,0.2021033084710297,0.2077106583409654,0.2106804096552819,0.2258966753808559,0.2065553489099907,0.1807746193692861,0.2874237850355,0.0,108,123,81,0,0,1
34170,21,30,45,1021,47,4,0,2469.0,0,0,0,4835285.601427,1,45,0,15,899,0,0,0,0,0,0,0,0,0,0,0,0,0,0,0,0,0,0,0,0,0,0,0,0,0,0,0,0,0,0,0,0,0,0,0,0,0,0,0,0,0,0,0,0,0,0,0,0,0,0,0,0,0,0,0,0,0,0,0,0,0,0,0,0,0,0,0,0,0,0,0,0,0,0,0,0,0,0,0,0,0,0,0,0,0,0,0,0,0,0,0,0,0,0,0,0,0,0,0,0,0,0,0,0,0,0,0,0,0,0,0,0,0,0,0,0,0,0,0,0,0,0,0,0,0,0,0,0,0,0,0,0,0,0,0,0,0,0,0,0,0,0,0,0,0,0,0,0,0,0,0,0,0,0,394.9375,4,0.2547524836206126,0.1802778195588274,0.0,0.282430970207942,0.0,0.0,0.0866928033110662,0.0868316180527627,0.1800121875345768,0.151192520969589,0.0962413205740462,0.0732222090801474,0.0,0.1843006810682924,0.0930851803075628,0.2332908855328491,0.5594482453865854,0.0,0.0,0.0,0.1391139061620713,0.3317775935555588,0.4454474001477291,133,124,78,6,1,1
33673,17,5,12,9,1,4,3,165506.0,0,0,0,4861274.742702,0,12,0,15,280,0,0,0,0,0,0,0,0,0,0,0,0,0,0,0,0,0,0,0,0,0,0,0,0,0,0,0,0,0,0,0,0,0,0,0,0,0,0,0,0,0,0,0,0,0,0,0,0,0,0,0,0,0,0,0,0,0,0,0,0,0,0,0,0,0,0,0,0,0,0,0,0,0,0,0,0,0,0,0,0,0,0,0,0,0,0,0,0,0,0,0,0,0,0,0,0,0,0,0,0,0,0,0,0,0,0,0,0,0,0,0,0,0,0,0,0,0,0,0,0,0,0,0,0,0,0,0,0,0,0,0,0,0,0,0,0,0,0,0,0,0,0,0,0,0,0,0,0,0,0,0,0,0,0,897.8347222222222,4,0.0890761959329318,0.2836599654347012,0.0,0.296262584947789,0.0,0.0,0.0909384476723526,0.0910840606487681,0.1888280026862304,0.2378954070843096,0.0,0.1536163043429714,0.0,0.2899897777184086,0.1952877626553867,0.2447159415337274,0.5868463476250669,0.0850338294831263,0.0911753466141946,0.0833688919951247,0.1459267919924473,0.3480258819426128,0.0,41,124,77,0,1,1
34354,4,15,9,1584,12,3,2,1578.0,0,0,0,4862806.329516,0,9,0,15,572,0,0,0,0,0,0,0,0,0,0,0,0,0,0,0,0,0,0,0,0,0,0,0,0,0,0,0,0,0,0,0,0,0,0,0,0,0,0,0,0,0,0,0,0,0,0,0,0,0,0,0,0,0,0,0,0,0,0,0,0,0,0,0,0,0,0,0,0,0,0,0,0,0,0,0,0,0,0,0,0,0,0,0,0,0,0,0,0,0,0,0,0,0,0,0,0,0,0,0,0,0,0,0,0,0,0,0,0,0,0,0,0,0,0,0,0,0,0,0,0,0,0,0,0,0,0,0,0,0,0,0,0,0,0,0,0,0,0,0,0,0,0,0,0,0,0,0,0,0,0,0,0,0,0,168.86305555555555,4,0.0936888918358723,0.1988992872258767,0.0,0.233703120560021,0.0,0.0,0.0956475778794156,0.095800731235982,0.0993031086137435,0.0834048379560129,0.1061823917701004,0.1615711265066975,0.0,0.2033376828576805,0.3081007313008609,0.2573882408958013,0.5290589389174041,0.0,0.0,0.0,0.306966845356308,0.4880639377394113,0.098291814936326,115,124,74,13,2,1
32550,21,30,24,658,13,3,0,392471.0,0,0,0,4862627.761851,0,24,0,15,151,0,0,0,0,0,0,0,0,0,0,0,0,0,0,0,0,0,0,0,0,0,0,0,0,0,0,0,0,0,0,0,0,0,0,0,0,0,0,0,0,0,0,0,0,0,0,0,0,0,0,0,0,0,0,0,0,0,0,0,0,0,0,0,0,0,0,0,0,0,0,0,0,0,0,0,0,0,0,0,0,0,0,0,0,0,0,0,0,0,0,0,0,0,0,0,0,0,0,0,0,0,0,0,0,0,0,0,0,0,0,0,0,0,0,0,0,0,0,0,0,0,0,0,0,0,0,0,0,0,0,0,0,0,0,0,0,0,0,0,0,0,0,0,0,0,0,0,0,0,0,0,0,0,0,1787.641111111111,4,0.4670779445866302,0.1652658930295182,0.0,0.1294563208741761,0.0,0.0,0.0,0.0,0.4950671414026801,0.1386025583101179,0.0,0.1342498350916196,0.0,0.1689537665656127,0.3413355118003991,0.1425763362628657,0.2930642243617479,0.1486271608231269,0.1593616680173303,0.1457170845241549,0.1275297426547644,0.3041501190791338,0.1633418078014176,10,147,10,0,4,1
34063,4,22,8,3948,16,3,1,383083.0,0,0,0,4862854.663545,1,8,0,15,1063,0,0,0,0,0,0,0,0,0,0,0,0,0,0,0,0,0,0,0,0,0,0,0,0,0,0,0,0,0,0,0,0,0,0,0,0,0,0,0,0,0,0,0,0,0,0,0,0,0,0,0,0,0,0,0,0,0,0,0,0,0,0,0,0,0,0,0,0,0,0,0,0,0,0,0,0,0,0,0,0,0,0,0,0,0,0,0,0,0,0,0,0,0,0,0,0,0,0,0,0,0,0,0,0,0,0,0,0,0,0,0,0,0,0,0,0,0,0,0,0,0,0,0,0,0,0,0,0,0,0,0,0,0,0,0,0,0,0,0,0,0,0,0,0,0,0,0,0,0,0,0,0,0,0,265.89,4,0.1145578001004454,0.1824026120358495,0.0,0.1428798806525872,0.0,0.0,0.0584763886736811,0.0585700225680651,0.0607112830721429,0.050991502657077,0.0649170940771491,0.0987802953459156,0.3125604113173099,0.3107881464019378,0.1255764025508194,0.1573603341386557,0.3773613470849541,0.0,0.0,0.0,0.2815070641143595,0.522181324596289,0.4206510348472273,124,159,71,4,3,1
34291,6,9,19,49,7,4,2,234446.0,0,0,0,4866075.764498,0,19,0,15,178,0,0,0,0,0,0,0,0,0,0,0,0,0,0,0,0,0,0,0,0,0,0,0,0,0,0,0,0,0,0,0,0,0,0,0,0,0,0,0,0,0,0,0,0,0,0,0,0,0,0,0,0,0,0,0,0,0,0,0,0,0,0,0,0,0,0,0,0,0,0,0,0,0,0,0,0,0,0,0,0,0,0,0,0,0,0,0,0,0,0,0,0,0,0,0,0,0,0,0,0,0,0,0,0,0,0,0,0,0,0,0,0,0,0,0,0,0,0,0,0,0,0,0,0,0,0,0,0,0,0,0,0,0,0,0,0,0,0,0,0,0,0,0,0,0,0,0,0,0,0,0,0,0,0,188.0572222222222,4,0.1655571959443913,0.1757369930585839,0.0,0.1376585582531023,0.0,0.0,0.0,0.0,0.0,0.1473842931602145,0.0,0.2855115705380069,0.0,0.0,0.0,0.3032196923011854,0.6232650260532698,0.0,0.0,0.0,0.1356099137508087,0.5390346669596897,0.1736909995013142,106,117,79,0,0,1
34226,2,6,4,81,1,1,1,1120604.0,0,0,0,4927024.127461,0,4,0,15,193,0,0,0,0,0,0,0,0,0,0,0,0,0,0,0,0,0,0,0,0,0,0,0,0,0,0,0,0,0,0,0,0,0,0,0,0,0,0,0,0,0,0,0,0,0,0,0,0,0,0,0,0,0,0,0,0,0,0,0,0,0,0,0,0,0,0,0,0,0,0,0,0,0,0,0,0,0,0,0,0,0,0,0,0,0,0,0,0,0,0,0,0,0,0,0,0,0,0,0,0,0,0,0,0,0,0,0,0,0,0,0,0,0,0,0,0,0,0,0,0,0,0,0,0,0,0,0,0,0,0,0,0,0,0,0,0,0,0,0,0,0,0,0,0,0,0,0,0,0,0,0,0,0,0,314.9691666666667,4,0.0,0.0,0.0,0.1215841669929959,0.0,0.0,0.1492821026972094,0.0,0.619949911409908,0.0,0.0,0.2521723815158673,0.0,0.1586797989429563,0.6411582468455281,0.0,0.1376215906409998,0.0,0.0,0.0,0.0,0.190436633346518,0.1534090997068264,129,124,73,0,3,1
34200,2,13,6,95,4,3,3,27.0,0,0,0,4940547.183847,0,6,0,15,432,0,0,0,0,0,0,0,0,0,0,0,0,0,0,0,0,0,0,0,0,0,0,0,0,0,0,0,0,0,0,0,0,0,0,0,0,0,0,0,0,0,0,0,0,0,0,0,0,0,0,0,0,0,0,0,0,0,0,0,0,0,0,0,0,0,0,0,0,0,0,0,0,0,0,0,0,0,0,0,0,0,0,0,0,0,0,0,0,0,0,0,0,0,0,0,0,0,0,0,0,0,0,0,0,0,0,0,0,0,0,0,0,0,0,0,0,0,0,0,0,0,0,0,0,0,0,0,0,0,0,0,0,0,0,0,0,0,0,0,0,0,0,0,0,0,0,0,0,0,0,0,0,0,0,333.18083333333334,4,0.1795124694146211,0.2858255246305583,0.0,0.2985243569403185,0.0,0.0,0.091632703526583,0.0917794281632909,0.2854043723619326,0.1598077224441833,0.0,0.154789064834547,0.0,0.2922036609108439,0.196778657606349,0.328778917942113,0.5068513178559045,0.0856830074209222,0.0918714110376435,0.0840053592189424,0.0735204240312459,0.3506828330138791,0.0941659468732712,129,122,73,4,2,1
34334,1,4,4,19,1,2,1,179735.0,0,0,0,4964576.434525,0,4,0,15,18,0,0,0,0,0,0,0,0,0,0,0,0,0,0,0,0,0,0,0,0,0,0,0,0,0,0,0,0,0,0,0,0,0,0,0,0,0,0,0,0,0,0,0,0,0,0,0,0,0,0,0,0,0,0,0,0,0,0,0,0,0,0,0,0,0,0,0,0,0,0,0,0,0,0,0,0,0,0,0,0,0,0,0,0,0,0,0,0,0,0,0,0,0,0,0,0,0,0,0,0,0,0,0,0,0,0,0,0,0,0,0,0,0,0,0,0,0,0,0,0,0,0,0,0,0,0,0,0,0,0,0,0,0,0,0,0,0,0,0,0,0,0,0,0,0,0,0,0,0,0,0,0,0,0,169.85611111111112,4,0.4271839328544256,0.0,0.0,0.0,0.0,0.0,0.0,0.0,0.0,0.7605855080355146,0.0,0.0,0.0,0.0,0.0,0.0,0.4020495809941743,0.0,0.0,0.0,0.0,0.2781720814528166,0.0,117,122,74,21,2,1
34298,6,3,2,3,1,2,1,56.0,0,0,0,5021126.679462,0,2,0,15,319,0,0,0,0,0,0,0,0,0,0,0,0,0,0,0,0,0,0,0,0,0,0,0,0,0,0,0,0,0,0,0,0,0,0,0,0,0,0,0,0,0,0,0,0,0,0,0,0,0,0,0,0,0,0,0,0,0,0,0,0,0,0,0,0,0,0,0,0,0,0,0,0,0,0,0,0,0,0,0,0,0,0,0,0,0,0,0,0,0,0,0,0,0,0,0,0,0,0,0,0,0,0,0,0,0,0,0,0,0,0,0,0,0,0,0,0,0,0,0,0,0,0,0,0,0,0,0,0,0,0,0,0,0,0,0,0,0,0,0,0,0,0,0,0,0,0,0,0,0,0,0,0,0,0,188.7386111111111,4,0.1626828123008679,0.1726858690314577,0.0,0.1352685473207678,0.0,0.0,0.0,0.0,0.5172942703112478,0.1448254252163875,0.0,0.1402772769090684,0.1775460306759793,0.176539317766611,0.1783302604247003,0.2979552293524563,0.4593329815810761,0.1553001043224068,0.1665165608427146,0.1522593737431935,0.1332554711319817,0.3178056080804314,0.1706753977623145,109,122,82,0,0,1
34281,4,0,1,17,2,1,1,134630.0,0,0,0,5033788.875829,0,1,0,15,134,0,0,0,0,0,0,0,0,0,0,0,0,0,0,0,0,0,0,0,0,0,0,0,0,0,0,0,0,0,0,0,0,0,0,0,0,0,0,0,0,0,0,0,0,0,0,0,0,0,0,0,0,0,0,0,0,0,0,0,0,0,0,0,0,0,0,0,0,0,0,0,0,0,0,0,0,0,0,0,0,0,0,0,0,0,0,0,0,0,0,0,0,0,0,0,0,0,0,0,0,0,0,0,0,0,0,0,0,0,0,0,0,0,0,0,0,0,0,0,0,0,0,0,0,0,0,0,0,0,0,0,0,0,0,0,0,0,0,0,0,0,0,0,0,0,0,0,0,0,0,0,0,0,0,192.4872222222222,4,0.1913146708821898,0.2030782461435356,0.0,0.1590755485805341,0.0,0.0,0.0,0.0,0.4055580372387868,0.340628836799357,0.0,0.1649658048354569,0.0,0.207609894361934,0.2097160394448426,0.1751973851293215,0.3601164620226232,0.1826326206573237,0.1958231517115722,0.1790567274097462,0.3134163497950574,0.3737387770379574,0.0,108,117,76,0,0,1
34266,3,4,5,10,1,2,1,659.0,0,0,0,5045652.28113,0,5,0,15,153,0,0,0,0,0,0,0,0,0,0,0,0,0,0,0,0,0,0,0,0,0,0,0,0,0,0,0,0,0,0,0,0,0,0,0,0,0,0,0,0,0,0,0,0,0,0,0,0,0,0,0,0,0,0,0,0,0,0,0,0,0,0,0,0,0,0,0,0,0,0,0,0,0,0,0,0,0,0,0,0,0,0,0,0,0,0,0,0,0,0,0,0,0,0,0,0,0,0,0,0,0,0,0,0,0,0,0,0,0,0,0,0,0,0,0,0,0,0,0,0,0,0,0,0,0,0,0,0,0,0,0,0,0,0,0,0,0,0,0,0,0,0,0,0,0,0,0,0,0,0,0,0,0,0,216.93305555555557,4,0.0,0.0,0.0,0.0,0.0,0.0,0.0,0.0,0.0,0.2792374718614721,0.0,0.2704682006296476,0.0,0.0,0.0,0.0,0.5904257042695862,0.0,0.0,0.0,0.1284647388916954,0.6127600482524658,0.3290787270873972,113,118,76,0,6,0
34213,2,6,8,61,3,3,1,601394.0,0,0,0,5048761.198395,0,8,0,15,70,0,0,0,0,0,0,0,0,0,0,0,0,0,0,0,0,0,0,0,0,0,0,0,0,0,0,0,0,0,0,0,0,0,0,0,0,0,0,0,0,0,0,0,0,0,0,0,0,0,0,0,0,0,0,0,0,0,0,0,0,0,0,0,0,0,0,0,0,0,0,0,0,0,0,0,0,0,0,0,0,0,0,0,0,0,0,0,0,0,0,0,0,0,0,0,0,0,0,0,0,0,0,0,0,0,0,0,0,0,0,0,0,0,0,0,0,0,0,0,0,0,0,0,0,0,0,0,0,0,0,0,0,0,0,0,0,0,0,0,0,0,0,0,0,0,0,0,0,0,0,0,0,0,0,288.06916666666666,4,0.0,0.0,0.0,0.1446210557891839,0.0,0.0,0.0,0.0,0.0,0.0,0.0,0.0,0.0,0.377490599690793,0.0,0.0,0.3273942690092998,0.0,0.0,0.0,0.284937589801906,0.3397787844008222,0.7299037865200823,132,116,77,4,3,1
34287,1,0,6,1606,3,1,1,242938.0,0,0,0,5103705.146852,1,6,0,15,13,0,0,0,0,0,0,0,0,0,0,0,0,0,0,0,0,0,0,0,0,0,0,0,0,0,0,0,0,0,0,0,0,0,0,0,0,0,0,0,0,0,0,0,0,0,0,0,0,0,0,0,0,0,0,0,0,0,0,0,0,0,0,0,0,0,0,0,0,0,0,0,0,0,0,0,0,0,1,0,0,0,0,0,0,0,0,0,0,0,0,0,0,0,0,0,0,0,0,0,0,0,0,0,0,0,0,0,0,0,0,0,0,0,0,0,0,0,0,0,0,0,0,0,0,0,0,0,0,0,0,0,0,0,0,0,0,0,0,0,0,0,0,0,0,0,0,0,0,0,0,0,0,0,1,169.91222222222223,4,0.657977633292238,0.0,0.0,0.0,0.0,0.0,0.0,0.0,0.0,0.0,0.0,0.0,0.0,0.0,0.0,0.0,0.6192640018107418,0.0,0.0,0.0,0.0,0.4284594848389877,0.0,105,112,78,2,0,1
33980,4,0,4,64,2,1,1,274451.0,0,0,0,5106496.392419,0,4,0,15,217,0,0,0,0,0,0,0,0,0,0,0,0,0,0,0,0,0,0,0,0,0,0,0,0,0,0,0,0,0,0,0,0,0,0,0,0,0,0,0,0,0,0,0,0,0,0,0,0,0,0,0,0,0,0,0,0,0,0,0,0,0,0,0,0,0,0,0,0,0,0,0,0,0,0,0,0,0,0,0,0,0,0,0,0,0,0,0,0,0,0,0,0,0,0,0,0,0,0,0,0,0,0,0,0,0,0,0,0,0,0,0,0,0,0,0,0,0,0,0,0,0,0,0,0,0,0,0,0,0,0,0,0,0,0,0,0,0,0,0,0,0,0,0,0,0,0,0,0,0,0,0,0,0,0,552.5272222222222,4,0.2597711354831891,0.1378719842795702,0.0,0.1079980842342799,0.0,0.0,0.0,0.0,0.4130065065791333,0.1156282726589426,0.0,0.1119970419424697,0.0,0.1409485685213208,0.2847569057010339,0.3568301123395413,0.4889738032866893,0.1239912313720007,0.1329464233961879,0.1215635193596221,0.1063908490261499,0.4228920606626915,0.0,93,108,123,1,5,0
34140,7,0,34,47,3,2,2,62472.0,0,0,0,5124290.559318,1,34,0,15,37,0,0,0,0,0,0,0,0,0,0,0,0,0,0,0,0,0,0,0,0,0,0,0,0,0,0,0,0,0,0,0,0,0,0,0,0,0,0,0,0,0,0,0,0,0,0,0,0,0,0,0,0,0,0,0,0,0,0,0,0,0,0,0,0,0,0,0,0,0,0,0,0,0,0,0,0,0,0,0,0,0,0,0,0,0,0,0,0,0,0,0,0,0,0,0,0,0,0,0,0,0,0,0,0,0,0,0,0,0,0,0,0,0,0,0,0,0,0,0,0,0,0,0,0,0,0,0,0,0,0,0,0,0,0,0,0,0,0,0,0,0,0,0,0,0,0,0,0,0,0,0,0,0,0,351.4575,4,0.0,0.5907112092194458,0.0,0.0,0.0,0.0,0.0,0.0,0.0,0.4954082377157816,0.0,0.0,0.0,0.0,0.0,0.0,0.5237509058229174,0.0,0.0,0.0,0.0,0.3623754047331544,0.0,136,106,73,0,6,0
32600,21,10,54,893,16,3,1,84650.0,0,0,0,5347777.1901,0,54,0,15,35,0,0,0,0,0,0,0,0,0,0,0,0,0,0,0,0,0,0,0,0,0,0,0,0,0,0,0,0,0,0,0,0,0,0,0,0,0,0,0,0,0,0,0,0,0,0,0,0,0,0,0,0,0,0,0,0,0,0,0,0,0,0,0,0,0,0,0,0,0,0,0,0,0,0,0,0,0,0,0,0,0,0,0,0,0,0,0,0,0,0,0,0,0,0,0,0,0,0,0,0,0,0,0,0,0,0,0,0,0,0,0,0,0,0,0,0,0,0,0,0,0,0,0,0,0,0,0,0,0,0,0,0,0,0,0,0,0,0,0,0,0,0,0,0,0,0,0,0,0,0,0,0,1,1,1080.6591666666666,4,0.0,0.0,0.6269510123309522,0.4708161312801888,0.0,0.0,0.0,0.0,0.0,0.0,0.0,0.0,0.0,0.0,0.6206968653566329,0.0,0.0,0.0,0.0,0.0,0.0,0.0,0.0,11,5,12,0,6,0
33624,6,30,88,5355,24,3,2,1018529.0,0,0,0,5348624.915883,0,88,0,15,436,0,0,0,0,0,0,0,0,0,0,0,0,0,0,0,0,0,0,0,0,0,0,0,0,0,0,0,0,0,0,0,0,0,0,0,0,0,0,0,0,0,0,0,0,0,0,0,0,0,0,0,0,0,0,0,0,0,0,0,0,0,0,0,0,0,0,0,0,0,0,0,0,0,0,0,0,0,0,0,0,0,0,0,0,0,0,0,0,0,0,0,0,0,0,0,0,0,0,0,0,0,0,0,0,0,0,0,0,0,0,0,0,0,0,0,0,0,0,0,0,0,0,0,0,0,0,0,0,0,0,0,0,0,0,0,0,0,0,0,0,0,0,0,0,0,0,0,0,0,0,0,0,1,1,618.9861111111111,4,0.0,0.0,0.0,0.0,0.0,0.0,0.0,0.0,0.0,0.0,0.0,0.0,0.1951047126504304,0.0,0.0,0.0,0.168253136085394,0.0,0.0,0.0,0.0,0.232823648068999,0.9377729907599524,37,176,68,0,4,1
34222,2,4,4,216,7,3,2,439438.0,0,0,0,5429705.178103,1,4,0,15,423,0,0,0,0,0,0,0,0,0,0,0,0,0,0,0,0,0,0,0,0,0,0,0,0,0,0,0,0,0,0,0,0,0,0,0,0,0,0,0,0,0,0,0,0,0,0,0,0,0,0,0,0,0,0,0,0,0,0,0,0,0,0,0,0,0,0,0,0,0,0,0,0,0,0,0,0,0,0,0,0,0,0,0,0,0,0,0,0,0,0,0,0,0,0,0,0,0,0,0,0,0,0,0,0,0,0,0,0,0,0,0,0,0,0,0,0,0,0,0,0,0,0,0,0,0,0,0,0,0,0,0,0,0,0,0,0,0,0,0,0,0,0,0,0,0,0,0,0,0,0,0,0,0,0,178.09583333333333,4,0.1060948264312883,0.2252367910648783,0.0,0.2646492185616001,0.0,0.0,0.1083128743956848,0.1084863077500972,0.1124524569136654,0.0944489963866219,0.2404853383182933,0.0914828870698222,0.0,0.2302629025383125,0.1162994280687395,0.2914706344390654,0.599114955855118,0.0,0.0,0.0,0.0,0.4836051054587956,0.1113072514888363,131,114,77,9,3,1
33600,4,4,6,95,5,3,2,1522.0,0,0,0,5431695.131062,0,6,0,15,679,0,0,0,0,0,0,0,0,0,0,0,0,0,0,0,0,0,0,0,0,0,0,0,0,0,0,0,0,0,0,0,0,0,0,0,0,0,0,0,0,0,0,0,0,0,0,0,0,0,0,0,0,0,0,0,0,0,0,0,0,0,0,0,0,0,0,0,0,0,0,0,0,0,0,0,0,0,0,0,0,0,0,0,0,0,0,0,0,0,0,0,0,0,0,0,0,0,0,0,0,0,0,0,0,0,0,0,0,0,0,0,0,0,0,0,0,0,0,0,0,0,0,0,0,0,0,0,0,0,0,0,0,0,0,0,0,0,0,0,0,0,0,0,0,0,0,0,0,0,0,0,0,1,1,308.19444444444446,4,0.0677946558632009,0.215889660951534,0.0,0.3382220095052162,0.0,0.0,0.0692119898039065,0.0693228138183574,0.215571556329492,0.1810588910516584,0.0768351356038698,0.2338304724137477,0.0,0.2207071931884933,0.1486308045023029,0.2483332068200683,0.5104464075006809,0.0647180668882536,0.0693922902990986,0.0634509060845098,0.0555314275645407,0.4414627770953779,0.2845015940396139,31,11,62,3,3,1
34030,4,0,2,11,1,1,1,52119.0,0,0,0,5456367.509598,0,2,0,15,34,0,0,0,0,0,0,0,0,0,0,0,0,0,0,0,0,0,0,0,0,0,0,0,0,0,0,0,0,0,0,0,0,0,0,0,0,0,0,0,0,0,0,0,0,0,0,0,0,0,0,0,0,0,0,0,0,0,0,0,0,0,0,0,0,0,0,0,0,0,0,0,0,0,0,0,0,0,0,0,0,0,0,0,0,0,0,0,0,0,0,0,0,0,0,0,0,0,0,0,0,0,0,0,0,0,0,0,0,0,0,0,0,0,0,0,0,0,0,0,0,0,0,0,0,0,0,0,0,0,0,0,0,0,0,0,0,0,0,0,0,0,0,0,0,0,0,0,0,0,0,0,0,0,0,379.7286111111111,4,0.0,0.6001856523028755,0.0,0.4701383023702303,0.0,0.0,0.0,0.0,0.0,0.0,0.0,0.0,0.0,0.0,0.0,0.0,0.5321513696530705,0.0,0.0,0.0,0.0,0.3681875597987672,0.0,112,109,112,0,1,1
34068,5,0,1,102,2,1,1,1659.0,0,0,0,5458710.186201,0,1,0,15,192,0,0,0,0,0,0,0,0,0,0,0,0,0,0,0,0,0,0,0,0,0,0,0,0,0,0,0,0,0,0,0,0,0,0,0,0,0,0,0,0,0,0,0,0,0,0,0,0,0,0,0,0,0,0,0,0,0,0,0,0,0,0,0,0,0,0,0,0,0,0,0,0,0,0,0,0,0,0,0,0,0,0,0,0,0,0,0,0,0,0,0,0,0,0,0,0,0,0,0,0,0,0,0,0,0,0,0,0,0,0,0,0,0,0,0,0,0,0,0,0,0,0,0,0,0,0,0,0,0,0,0,0,0,0,0,0,0,0,0,0,0,0,0,0,0,0,0,0,0,0,0,0,0,0,337.3772222222222,4,0.1490000255102601,0.15816175370366,0.0,0.3716744882229217,0.0,0.0,0.0,0.0,0.3158574176032818,0.1326445722604519,0.0,0.1284789557197095,0.0,0.1616910998694889,0.1633314114547669,0.1364475329216894,0.4206997961573784,0.1422382560180343,0.1525113284097861,0.1394532726048223,0.3661432019258451,0.4851264765011214,0.0,127,111,68,1,3,1
33389,5,15,11,204,5,3,3,181514.0,0,0,0,5468667.097477,0,11,0,15,512,0,0,0,0,0,0,0,0,0,0,0,0,0,0,0,0,0,0,0,0,0,0,0,0,0,0,0,0,0,0,0,0,0,0,0,0,0,0,0,0,0,0,0,0,0,0,0,0,0,0,0,0,0,0,0,0,0,0,0,0,0,0,0,0,0,0,0,0,0,0,0,0,0,0,0,0,0,0,0,0,0,0,0,0,0,0,0,0,0,0,0,0,0,0,0,0,0,0,0,0,0,0,0,0,0,0,0,0,0,0,0,0,0,0,0,0,0,0,0,0,0,0,0,0,0,0,0,0,0,0,0,0,0,0,0,0,0,0,0,0,0,0,0,0,0,0,0,0,0,0,0,0,0,0,1079.4922222222222,4,0.1424617355128764,0.3780535917229086,0.0,0.2369099936136208,0.0,0.0,0.072720040099179,0.0728364812937994,0.2264979270923701,0.1268239780890904,0.0,0.1228411535235036,0.0,0.2318938667175637,0.1561642439988143,0.3261501513155058,0.6033585184154866,0.0679983400649105,0.0729094792307142,0.0666669524726532,0.116692141078427,0.3246870038058228,0.0747304310476323,14,111,39,0,0,1
34026,1,0,8,19,2,1,1,2332.0,0,0,0,5483005.303761,0,8,0,15,95,0,0,0,0,0,0,0,0,0,0,0,0,0,0,0,0,0,0,0,0,0,0,0,0,0,0,0,0,0,0,0,0,0,0,0,0,0,0,0,0,0,0,0,0,0,0,0,0,0,0,0,0,0,0,0,0,0,0,0,0,0,0,0,0,0,0,0,0,0,0,0,0,0,0,0,0,0,0,0,0,0,0,0,0,0,0,0,0,0,0,0,0,0,0,0,0,0,0,0,0,0,0,0,0,0,0,0,0,0,0,0,0,0,0,0,0,0,0,0,0,0,0,0,0,0,0,0,0,0,0,0,0,0,0,0,0,0,0,0,0,0,0,0,0,0,0,0,0,0,0,0,0,0,0,381.9830555555555,4,0.0,0.0,0.0,0.0,0.0,0.0,0.0,0.0,0.0,0.0,0.0,0.0,0.0,0.0,0.0,0.0,0.5857255462436565,0.0,0.0,0.0,0.0,0.8105094598322529,0.0,111,114,118,11,1,1
32838,13,24,11,34,2,4,1,47122.0,0,0,0,5582573.502641,0,11,0,15,508,0,0,0,0,0,0,0,0,0,0,0,0,0,0,0,0,0,0,0,0,0,0,0,0,0,0,0,0,0,0,0,0,0,0,0,0,0,0,0,0,0,0,0,0,0,0,0,0,0,0,0,0,0,0,0,0,0,0,0,0,0,0,0,0,0,0,0,0,0,0,0,0,0,0,0,0,0,0,0,0,0,0,0,0,0,0,0,0,0,0,0,0,0,0,0,0,0,0,0,0,0,0,0,0,0,0,0,0,0,0,0,0,0,0,0,0,0,0,0,0,0,0,0,0,0,0,0,0,0,0,0,0,0,0,0,0,0,0,0,0,0,0,0,0,0,0,0,0,0,0,0,0,0,0,1625.3011111111111,4,0.0770563707511301,0.2453832613176086,0.0,0.2562852998641032,0.0,0.0,0.0786673326805416,0.078793296832685,0.2450216990767267,0.2057941125155574,0.0,0.132887521485347,0.0,0.2508589370243447,0.1689358878062375,0.2822590573091342,0.5801806517658721,0.0735594759342178,0.0788722647895292,0.0721192029296375,0.1262356218574878,0.3010637253767644,0.3233685609945497,11,149,15,0,3,1
33823,7,12,75,2979,19,2,1,64949.0,0,0,0,5603418.19433,0,75,0,15,2,0,0,0,0,0,0,0,0,0,0,0,0,0,0,0,0,0,0,0,0,0,0,0,0,0,0,0,0,0,0,0,0,0,0,0,0,0,0,0,0,0,0,0,0,0,0,0,0,0,0,0,0,0,0,0,0,0,0,0,0,0,0,0,0,0,0,0,0,0,0,0,0,0,0,0,0,0,0,0,0,0,0,0,0,0,0,0,0,0,0,0,0,0,0,0,0,0,0,0,0,0,0,0,0,0,0,0,0,0,0,0,0,0,0,0,0,0,0,0,0,0,0,0,0,0,0,0,0,0,0,0,0,0,0,0,0,0,0,0,0,0,0,0,0,0,0,0,0,0,0,0,0,1,1,431.9180555555555,4,0.0,0.0,0.0,0.0,0.0,0.0,0.0,0.0,0.0,0.0,0.0,0.0,0.0,0.0,0.0,0.0,0.0,0.0,0.0,0.0,0.0,0.0,0.0,67,170,105,1,0,1
34139,2,0,3,93,13,1,1,167373.0,0,0,0,5626159.295322,0,3,0,15,489,0,0,0,0,0,0,0,0,0,0,0,0,0,0,0,0,0,0,0,0,0,0,0,0,0,0,0,0,0,0,0,0,0,0,0,0,0,0,0,0,0,0,0,0,0,0,0,0,0,0,0,0,0,0,0,0,0,0,0,0,0,0,0,0,0,0,0,0,0,0,0,0,0,0,0,0,0,0,0,0,0,0,0,0,0,0,0,0,0,0,0,0,0,0,0,0,0,0,0,0,0,0,0,0,0,0,0,0,0,0,0,0,0,0,0,0,0,0,0,0,0,0,0,0,0,0,0,0,0,0,0,0,0,0,0,0,0,0,0,0,0,0,0,0,0,0,0,0,0,0,0,0,0,0,214.18944444444443,4,0.1588649919629529,0.2529499472728107,0.0,0.2641881631995792,0.0,0.0,0.0810931338461582,0.0812229822533879,0.2525772358283714,0.141426679854058,0.0,0.1369852669348352,0.0,0.2585944719802607,0.1741452276883842,0.3637035655989919,0.5980712151466995,0.0758277702360979,0.081304385281503,0.0743430846931198,0.1301282480367402,0.3103473849474985,0.0833350042032659,136,156,72,0,6,0
33981,0,4,4,90,2,3,1,,0,0,0,5628523.639146,0,4,0,15,217,0,0,0,0,0,0,0,0,0,0,0,0,0,0,0,0,0,0,0,0,0,0,0,0,0,0,0,0,0,0,0,0,0,0,0,0,0,0,0,0,0,0,0,0,0,0,0,0,0,0,0,0,0,0,0,0,0,0,0,0,0,0,0,0,0,0,0,0,0,0,0,0,0,0,0,0,0,0,0,0,0,0,0,0,0,0,0,0,0,0,0,0,0,0,0,0,0,0,0,0,0,0,0,0,0,0,0,0,0,0,0,0,0,0,0,0,0,0,0,0,0,0,0,0,0,0,0,0,0,0,0,0,0,0,0,0,0,0,0,0,0,0,0,0,0,0,0,0,0,0,0,0,0,0,407.11611111111114,4,0.2597711354831891,0.1378719842795702,0.0,0.1079980842342799,0.0,0.0,0.0,0.0,0.4130065065791333,0.1156282726589426,0.0,0.1119970419424697,0.0,0.1409485685213208,0.2847569057010339,0.3568301123395413,0.4889738032866893,0.1239912313720007,0.1329464233961879,0.1215635193596221,0.1063908490261499,0.4228920606626915,0.0,94,155,124,2,5,0
33890,0,2,6,82,2,2,1,,0,0,0,5628546.188773,0,6,0,15,264,0,0,0,0,0,0,0,0,0,0,0,0,0,0,0,0,0,0,0,0,0,0,0,0,0,0,0,0,0,0,0,0,0,0,0,0,0,0,0,0,0,0,0,0,0,0,0,0,0,0,0,0,0,0,0,0,0,0,0,0,0,0,0,0,0,0,0,0,0,0,0,0,0,0,0,0,0,0,0,0,0,0,0,0,0,0,0,0,0,0,0,0,0,0,0,0,0,0,0,0,0,0,0,0,0,0,0,0,0,0,0,0,0,0,0,0,0,0,0,0,0,0,0,0,0,0,0,0,0,0,0,0,0,0,0,0,0,0,0,0,0,0,0,0,0,0,0,0,0,0,0,0,0,0,482.31166666666667,4,0.2597711354831891,0.1378719842795702,0.0,0.1079980842342799,0.0,0.0,0.0,0.0,0.4130065065791333,0.1156282726589426,0.0,0.1119970419424697,0.0,0.1409485685213208,0.2847569057010339,0.3568301123395413,0.4889738032866893,0.1239912313720007,0.1329464233961879,0.1215635193596221,0.1063908490261499,0.4228920606626915,0.0,78,154,115,1,2,1
33888,0,5,9,35,2,4,1,,0,0,0,5628557.766523,0,9,0,15,263,0,0,0,0,0,0,0,0,0,0,0,0,0,0,0,0,0,0,0,0,0,0,0,0,0,0,0,0,0,0,0,0,0,0,0,0,0,0,0,0,0,0,0,0,0,0,0,0,0,0,0,0,0,0,0,0,0,0,0,0,0,0,0,0,0,0,0,0,0,0,0,0,0,0,0,0,0,0,0,0,0,0,0,0,0,0,0,0,0,0,0,0,0,0,0,0,0,0,0,0,0,0,0,0,0,0,0,0,0,0,0,0,0,0,0,0,0,0,0,0,0,0,0,0,0,0,0,0,0,0,0,0,0,0,0,0,0,0,0,0,0,0,0,0,0,0,0,0,0,0,0,0,0,0,482.7683333333333,4,0.1457814931171392,0.1547453198748418,0.0,0.1212153301341886,0.0,0.0,0.0,0.0,0.3090346178978304,0.1297793321295868,0.0,0.1257036965920542,0.0,0.1581984290405605,0.1598033084441731,0.4005004364265195,0.5488164110743778,0.1391657838290712,0.1492169487670726,0.1364409585218665,0.1194113949279478,0.4746473153464013,0.0,76,153,113,0,2,1
34102,1,0,1,55,1,1,1,320402.0,0,0,0,5638999.723976,0,1,0,15,89,0,0,0,0,0,0,0,0,0,0,0,0,0,0,0,0,0,0,0,0,0,0,0,0,0,0,0,0,0,0,0,0,0,0,0,0,0,0,0,0,0,0,0,0,0,0,0,0,0,0,0,0,0,0,0,0,0,0,0,0,0,0,0,0,0,0,0,0,0,0,0,0,0,0,0,0,0,0,0,0,0,0,0,0,0,0,0,0,0,0,0,0,0,0,0,0,0,0,0,0,0,0,0,0,0,0,0,0,0,0,0,0,0,0,0,0,0,0,0,0,0,0,0,0,0,0,0,0,0,0,0,0,0,0,0,0,0,0,0,0,0,0,0,0,0,0,0,0,0,0,0,0,0,0,254.20555555555555,4,0.2230641137285872,0.2367799018479808,0.0,0.0,0.0,0.0,0.0,0.0,0.0,0.0,0.0,0.1923425468703557,0.0,0.0,0.2445192637748106,0.2042720992657348,0.6298188665020122,0.2129412421797062,0.2283207951729904,0.2087719149954355,0.365429059740717,0.2905081583883174,0.0,133,148,66,3,4,1
34166,0,0,2,3,1,1,1,,0,0,0,5639181.128058,0,2,0,15,130,0,0,0,0,0,0,0,0,0,0,0,0,0,0,0,0,0,0,0,0,0,0,0,0,0,0,0,0,0,0,0,0,0,0,0,0,0,0,0,0,0,0,0,0,0,0,0,0,0,0,0,0,0,0,0,0,0,0,0,0,0,0,0,0,0,0,0,0,0,0,0,0,0,0,0,0,0,0,0,0,0,0,0,0,0,0,0,0,0,0,0,0,0,0,0,0,0,0,0,0,0,0,0,0,0,0,0,0,0,0,0,0,0,0,0,0,0,0,0,0,0,0,0,0,0,0,0,0,0,0,0,0,0,0,0,0,0,0,0,0,0,0,0,0,0,0,0,0,0,0,0,0,0,0,183.82944444444445,4,0.0,0.0,0.0,0.0,0.0,0.0,0.0,0.0,0.0,0.4067768829385327,0.0,0.1970011597166694,0.0,0.0,0.0,0.0,0.4300488863269713,0.0,0.0,0.0,0.0,0.7438609532947923,0.2396913601058517,134,146,78,0,0,1
33877,8,7,7,2,1,4,1,13.0,0,0,0,5639885.375632,0,7,0,15,359,0,0,0,0,0,0,0,0,0,0,0,0,0,0,0,0,0,0,0,0,0,0,0,0,0,0,0,0,0,0,0,0,0,0,0,0,0,0,0,0,0,0,0,0,0,0,0,0,0,0,0,0,0,0,0,0,0,0,0,0,0,0,0,0,0,0,0,0,0,0,0,0,0,0,0,0,0,0,0,0,0,0,0,0,0,0,0,0,0,0,0,0,0,0,0,0,0,0,0,0,0,0,0,0,0,0,0,0,0,0,0,0,0,0,0,0,0,0,0,0,0,0,0,0,0,0,0,0,0,0,0,0,0,0,0,0,0,0,0,0,0,0,0,0,0,0,0,0,0,0,0,0,0,0,494.04277777777776,4,0.2248775521961144,0.2387048451979941,0.0,0.093491314111172,0.0,0.0,0.0,0.0,0.3575296849968703,0.4003863304033737,0.0,0.0969531145112849,0.0,0.1220157467289976,0.1232535628061191,0.2059327647867776,0.5291159070011985,0.1073361925021188,0.1150884843728056,0.1052345812751235,0.3683998787712154,0.2196524212009329,0.1179628785796528,71,145,112,0,1,1
34093,3,0,1,230,9,1,1,8270.0,0,0,0,5639900.735829,0,1,0,15,315,0,0,0,0,0,0,0,0,0,0,0,0,0,0,0,0,0,0,0,0,0,0,0,0,0,0,0,0,0,0,0,0,0,0,0,0,0,0,0,0,0,0,0,0,0,0,0,0,0,0,0,0,0,0,0,0,0,0,0,0,0,0,0,0,0,0,0,0,0,0,0,0,0,0,0,0,0,0,0,0,0,0,0,0,0,0,0,0,0,0,0,0,0,0,0,0,0,0,0,0,0,0,0,0,0,0,0,0,0,0,0,0,0,0,0,0,0,0,0,0,0,0,0,0,0,0,0,0,0,0,0,0,0,0,0,0,0,0,0,0,0,0,0,0,0,0,0,0,0,0,0,0,0,0,263.3497222222222,4,0.0,0.0,0.0,0.0,0.0,0.0,0.0,0.0,0.0,0.4633193576633565,0.2949250832189591,0.0,0.0,0.0,0.0,0.0,0.4898261974414177,0.0,0.0,0.0,0.2131526256448085,0.3389034072749644,0.5460174934202474,136,145,65,4,4,1
34065,2,0,1,4,2,1,1,285.0,0,0,0,5641429.201695,1,1,0,15,31,0,0,0,0,0,0,0,0,0,0,0,0,0,0,0,0,0,0,0,0,0,0,0,0,0,0,0,0,0,0,0,0,0,0,0,0,0,0,0,0,0,0,0,0,0,0,0,0,0,0,0,0,0,0,0,0,0,0,0,0,0,0,0,0,0,0,0,0,0,0,0,0,0,0,0,0,0,0,0,0,0,0,0,0,0,0,0,0,0,0,0,0,0,0,0,0,0,0,0,0,0,0,0,0,0,0,0,0,0,0,0,0,0,0,0,0,0,0,0,0,0,0,0,0,0,0,0,0,0,0,0,0,0,0,0,0,0,0,0,0,0,0,0,0,0,0,0,0,0,0,0,0,0,0,288.2922222222222,4,0.2967009354667759,0.0,0.0,0.2467027952226368,0.0,0.0,0.0,0.0,0.0,0.0,0.0,0.0,0.0,0.0,0.0,0.0,0.8377315550323912,0.0,0.0,0.0,0.0,0.3864092745075997,0.0,125,144,67,3,3,1
34089,1,2,34,3921,22,3,2,852644.0,0,0,0,5665914.536583,0,34,0,15,22,0,0,0,0,0,0,0,0,0,0,0,0,0,0,0,0,0,0,0,0,0,0,0,0,0,0,0,0,0,0,0,0,0,0,0,0,0,0,0,0,0,0,0,0,0,0,0,0,0,0,0,0,0,0,0,0,0,0,0,0,0,0,0,0,0,0,0,0,0,0,0,0,0,0,0,0,0,0,0,0,0,0,0,0,0,0,0,0,0,0,0,0,0,0,0,0,0,0,0,0,0,0,0,0,0,0,0,0,0,0,0,0,0,0,0,0,0,0,0,0,0,0,0,0,0,0,0,0,0,0,0,0,0,0,0,0,0,0,0,0,0,0,0,0,0,0,0,0,0,0,0,0,0,0,259.2133333333333,4,0.0,0.0,0.4363365544706278,0.0,0.0,0.4398998201098009,0.0,0.0,0.0,0.0,0.0,0.0,0.0,0.0,0.0,0.0,0.7417864048164741,0.0,0.0,0.0,0.0,0.2566154499041626,0.0,134,148,70,12,4,1
32238,19,30,74,2679,65,5,1,1570.0,0,0,0,5671266.040722,0,74,0,15,456,0,0,0,0,0,0,0,0,0,0,0,0,0,0,0,0,0,0,0,0,0,0,0,0,0,0,0,0,0,0,0,0,0,0,0,0,0,0,0,0,0,0,0,0,0,0,0,0,0,0,0,0,0,0,0,0,0,0,0,0,0,0,0,0,0,0,0,0,0,0,0,0,0,0,0,0,0,0,0,0,0,0,0,0,0,0,0,0,0,0,0,0,0,0,0,0,0,0,0,0,0,0,0,0,0,0,0,0,0,0,0,0,0,0,0,0,0,0,0,0,0,0,0,0,0,0,0,0,0,0,0,0,0,0,0,0,0,0,0,0,0,0,0,0,0,0,0,0,0,0,0,0,1,1,2110.025,4,0.0,0.7025804829375611,0.0,0.2751731853796757,0.0,0.0,0.0,0.0,0.0,0.2946144862948555,0.0,0.2853623099235341,0.1805885691105,0.1795646045469685,0.0,0.0,0.3114695968257384,0.0,0.0,0.1548685844074136,0.0,0.2155011475053388,0.1736001967879071,3,146,2,0,4,1
33778,4,3,12,553,1,2,0,1732.0,0,0,0,6046698.450961,0,12,0,15,115,0,0,0,0,0,0,0,0,0,0,0,0,0,0,0,0,0,0,0,0,0,0,0,0,0,0,0,0,0,0,0,0,0,0,0,0,0,0,0,0,0,0,0,0,0,0,0,0,0,0,0,0,0,0,0,0,0,0,0,0,0,0,0,0,0,0,0,0,0,0,0,0,0,0,0,0,0,0,0,0,0,0,0,0,0,0,0,0,0,0,0,0,0,0,0,0,0,0,0,0,0,0,0,0,0,0,0,0,0,0,0,0,0,0,0,0,0,0,0,0,0,0,0,0,0,0,0,0,0,0,0,0,0,0,0,0,0,0,0,0,0,0,0,0,0,0,0,0,0,0,0,0,0,0,481.18111111111114,4,0.1941256675120416,0.206062085610072,0.0,0.1614128540725267,0.0,0.0,0.0,0.0,0.4115169230400202,0.1728168572033993,0.0,0.1673896561757381,0.0,0.2106603175766526,0.4255948167224607,0.1777715696227869,0.3654076723434621,0.1853160514616705,0.1987003916899278,0.1816876174245064,0.1590106964421437,0.3792301407574996,0.0,53,175,88,0,4,1
33987,5,2,3,76,9,2,3,68969.0,0,0,0,6065306.717865,0,3,0,15,60,0,0,0,0,0,0,0,0,0,0,0,0,0,0,0,0,0,0,0,0,0,0,0,0,0,0,0,0,0,0,0,0,0,0,0,0,0,0,0,0,0,0,0,0,0,0,0,0,0,0,0,0,0,0,0,0,0,0,0,0,0,0,0,0,0,0,0,0,0,0,0,0,0,0,0,0,0,0,0,0,0,0,0,0,0,0,0,0,0,0,0,0,0,0,0,0,0,0,0,0,0,0,0,0,0,0,0,0,0,0,0,0,0,0,0,0,0,0,0,0,0,0,0,0,0,0,0,0,0,0,0,0,0,0,0,0,0,0,0,0,0,0,0,0,0,0,0,0,0,0,0,0,0,0,267.36027777777775,4,0.4696372959801272,0.0,0.0,0.0,0.0,0.0,0.0,0.0,0.4977798594680662,0.0,0.0,0.0,0.0,0.0,0.0,0.0,0.4420051025945112,0.0,0.0,0.0,0.0,0.3058167082215229,0.4927105153996555,96,172,126,0,6,0
34023,4,0,2,8,4,2,2,262974.0,0,0,0,6068047.949853,0,2,0,15,86,0,0,0,0,0,0,0,0,0,0,0,0,0,0,0,0,0,0,0,0,0,0,0,0,0,0,0,0,0,0,0,0,0,0,0,0,0,0,0,0,0,0,0,0,0,0,0,0,0,0,0,0,0,0,0,0,0,0,0,0,0,0,0,0,0,0,0,0,0,0,0,0,0,0,0,0,0,0,0,0,0,0,0,0,0,0,0,0,0,0,0,0,0,0,0,0,0,0,0,0,0,0,0,0,0,0,0,0,0,0,0,0,0,0,0,0,0,0,0,0,0,0,0,0,0,0,0,0,0,0,0,0,0,0,0,0,0,0,0,0,0,0,0,0,0,0,0,0,0,0,0,0,1,1,221.30083333333337,4,0.0,0.0,0.0,0.2532174588913968,0.0,0.0,0.0,0.0,0.0,0.2711075625673504,0.0,0.0,0.0,0.0,0.0,0.2788802997237807,0.5732356495515326,0.0,0.0,0.0,0.0,0.5949197362837857,0.3194977056578206,110,171,117,0,1,1
33514,3,6,1,21,1,4,3,91350.0,0,0,0,6075157.990428,0,1,0,15,23,0,0,0,0,0,0,0,0,0,0,0,0,0,0,0,0,0,0,0,0,0,0,0,0,0,0,0,0,0,0,0,0,0,0,0,0,0,0,0,0,0,0,0,0,0,0,0,0,0,0,0,0,0,0,0,0,0,0,0,0,0,0,0,0,0,0,0,0,0,0,0,0,0,0,0,0,0,0,0,0,0,0,0,0,0,0,0,0,0,0,0,0,0,0,0,0,0,0,0,0,0,0,0,0,0,0,0,0,0,0,0,0,0,0,0,0,0,0,0,0,0,0,0,0,0,0,0,0,0,0,0,0,0,0,0,0,0,0,0,0,0,0,0,0,0,0,0,0,0,0,0,0,0,0,739.7033333333334,4,0.0,0.0,0.0,0.0,0.0,0.0,0.0,0.0,0.0,0.0,0.0,0.0,0.0,0.0,0.0,0.0,0.0,0.0,0.0,0.0,0.0,0.0,0.0,17,173,46,0,0,1
32048,6,0,3,2,1,3,3,7350.0,0,0,0,6162193.126056,0,3,0,15,469,0,0,0,0,0,0,0,0,0,0,0,0,0,0,0,0,0,0,0,0,0,0,0,0,0,0,0,0,0,0,0,0,0,0,0,0,0,0,0,0,0,0,0,0,0,0,0,0,0,0,0,0,0,0,0,0,0,0,0,0,0,0,0,0,0,0,0,0,0,0,0,0,0,0,0,0,0,0,0,0,0,0,0,0,0,0,0,0,0,0,0,0,0,0,0,0,0,0,0,0,0,0,0,0,0,0,0,0,0,0,0,0,0,0,0,0,0,0,0,0,0,0,0,0,0,0,0,0,0,0,0,0,0,0,0,0,0,0,0,0,0,0,0,0,0,0,0,0,0,0,0,0,0,0,479.80611111111114,4,0.0822152828574038,0.261811632718292,0.0,0.2734435610596514,0.0,0.0,0.0839340984388803,0.0840684958715313,0.2614258639412927,0.1463813310171743,0.0,0.1417843204998971,0.0,0.2676539040668698,0.1802461193716776,0.3011562575492081,0.6190236566860952,0.0784842714732371,0.0841527507208752,0.0769475724137149,0.1346870772205607,0.32121989523613,0.0862545090373615,0,2,0,0,3,1
33931,9,0,16,61,4,2,2,150519.0,0,0,0,6162796.271996,1,16,0,15,451,0,0,0,0,0,0,0,0,0,0,0,0,0,0,0,0,0,0,0,0,0,0,0,0,0,0,0,0,0,0,0,0,0,0,0,0,0,0,0,0,0,0,0,0,0,0,0,0,0,0,0,0,0,0,0,0,0,0,0,0,0,0,0,0,0,0,0,0,0,0,0,0,0,0,0,0,0,0,0,0,0,0,0,0,0,0,0,0,0,0,0,0,0,0,0,0,0,0,0,0,0,0,0,0,0,0,0,0,0,0,0,0,0,0,0,0,0,0,0,0,0,0,0,0,0,0,0,0,0,0,0,0,0,0,0,0,0,0,0,0,0,0,0,0,0,0,0,0,0,0,0,0,0,0,303.53305555555556,4,0.0808363255248372,0.2574203923291504,0.0,0.2688572239400634,0.0,0.0,0.0825263122405963,0.0826584554898548,0.2570410938660056,0.2878522949409921,0.0,0.1394062403960383,0.0,0.2631646740748835,0.1772229380441213,0.2961051087218534,0.5325609372160389,0.0771678925972211,0.0827412971732,0.0756569678507271,0.1986420536387474,0.3684709334593111,0.0848078037099554,79,175,118,0,3,1
32318,14,30,103,3828,22,6,1,164360.0,0,0,0,6180667.667763,0,103,0,15,444,0,0,0,0,0,0,0,0,0,0,0,0,0,0,0,0,0,0,0,0,0,0,0,0,0,0,0,0,0,0,0,0,0,0,0,0,0,0,0,0,0,0,0,0,0,0,0,0,0,0,0,0,0,0,0,0,0,0,0,0,0,0,0,0,0,0,0,0,0,0,0,0,0,0,0,0,0,0,0,0,0,0,0,0,0,0,0,0,0,0,0,0,0,0,0,0,0,0,0,0,0,0,0,0,0,0,0,0,0,0,0,0,0,0,0,0,0,0,0,0,0,0,0,0,0,0,0,0,0,0,0,0,0,0,0,0,0,0,0,0,0,0,0,0,0,0,0,0,0,0,0,0,0,0,652.2694444444444,4,0.0801609163480833,0.2552695759216275,0.0,0.2666108497375412,0.0,0.0,0.0818367827716471,0.0819678219286226,0.2548934465988546,0.2140854088699174,0.0,0.2073621958117226,0.0,0.2609658626529937,0.1757421928728246,0.293631071135212,0.6035557117423471,0.076523134161301,0.0820499714474887,0.0750248335962322,0.1313215640086183,0.3131933657155166,0.084099211767977,5,2,4,0,1,1
33516,1,6,5,102,2,3,1,1926827.0,0,1,0,6227693.560265,0,5,0,15,227,0,0,0,0,0,0,0,0,0,0,0,0,0,0,0,0,0,0,0,0,0,0,0,0,0,0,0,0,0,0,0,0,0,0,0,0,0,0,0,0,0,0,0,0,0,0,0,0,0,0,0,0,0,0,0,0,0,0,0,0,0,0,0,0,0,0,0,0,0,0,0,0,0,0,0,0,0,0,0,0,0,0,0,0,0,0,0,0,0,0,0,0,0,0,0,0,0,0,0,0,0,0,0,0,0,0,0,0,0,0,0,0,0,0,0,0,0,0,0,0,0,0,0,0,0,0,0,0,0,0,0,0,0,0,0,0,0,0,0,0,0,0,0,0,0,0,0,0,0,0,0,0,0,0,696.815,4,0.2597711354831891,0.1378719842795702,0.0,0.1079980842342799,0.0,0.0,0.0,0.0,0.4130065065791333,0.1156282726589426,0.0,0.1119970419424697,0.0,0.1409485685213208,0.2847569057010339,0.3568301123395413,0.4889738032866893,0.1239912313720007,0.1329464233961879,0.1215635193596221,0.1063908490261499,0.4228920606626915,0.0,19,174,48,1,0,1
33483,9,8,17,532,26,4,4,283.0,0,0,0,6186113.856996,0,17,0,15,618,0,0,0,0,0,0,0,0,0,0,0,0,0,0,0,0,0,0,0,0,0,0,0,0,0,0,0,0,0,0,0,0,0,0,0,0,0,0,0,0,0,0,0,0,0,0,0,0,0,0,0,0,0,0,0,0,0,0,0,0,0,0,0,0,0,0,0,0,0,0,0,0,0,0,0,0,0,0,0,0,0,0,0,0,0,0,0,0,0,0,0,0,0,0,0,0,0,0,0,0,0,0,0,0,0,0,0,0,0,0,0,0,0,0,0,0,0,0,0,0,0,0,0,0,0,0,0,0,0,0,0,0,0,0,0,0,0,0,0,0,0,0,0,0,0,0,0,0,0,0,0,0,0,0,643.9522222222222,4,0.10797818081652,0.1146175537969671,0.0,0.0897823897608631,0.0,0.0,0.0,0.0,0.3433460084997541,0.28837685548348,0.0,0.0931068559506063,0.0,0.1171752203285861,0.1183639306012456,0.1977631390508951,0.5081251776455398,0.1030780234751314,0.110522771651912,0.1010597859511243,0.2653387254592524,0.3515641975169478,0.4531325393226523,14,141,42,0,4,1
33817,2,1,5,53,2,2,1,139369.0,0,0,0,6227711.676553,0,5,0,15,236,0,0,0,0,0,0,0,0,0,0,0,0,0,0,0,0,0,0,0,0,0,0,0,0,0,0,0,0,0,0,0,0,0,0,0,0,0,0,0,0,0,0,0,0,0,0,0,0,0,0,0,0,0,0,0,0,0,0,0,0,0,0,0,0,0,0,0,0,0,0,0,0,0,0,0,0,0,0,0,0,0,0,0,0,0,0,0,0,0,0,0,0,0,0,0,0,0,0,0,0,0,0,0,0,0,0,0,0,0,0,0,0,0,0,0,0,0,0,0,0,0,0,0,0,0,0,0,0,0,0,0,0,0,0,0,0,0,0,0,0,0,0,0,0,0,0,0,0,0,0,0,0,0,0,365.7330555555555,4,0.2597711354831891,0.1378719842795702,0.0,0.1079980842342799,0.0,0.0,0.0,0.0,0.4130065065791333,0.1156282726589426,0.0,0.1119970419424697,0.0,0.1409485685213208,0.2847569057010339,0.3568301123395413,0.4889738032866893,0.1239912313720007,0.1329464233961879,0.1215635193596221,0.1063908490261499,0.4228920606626915,0.0,67,173,104,16,0,1
33937,2,2,5,65,2,2,1,87997.0,0,0,0,6227731.739007,0,5,0,15,240,0,0,0,0,0,0,0,0,0,0,0,0,0,0,0,0,0,0,0,0,0,0,0,0,0,0,0,0,0,0,0,0,0,0,0,0,0,0,0,0,0,0,0,0,0,0,0,0,0,0,0,0,0,0,0,0,0,0,0,0,0,0,0,0,0,0,0,0,0,0,0,0,0,0,0,0,0,0,0,0,0,0,0,0,0,0,0,0,0,0,0,0,0,0,0,0,0,0,0,0,0,0,0,0,0,0,0,0,0,0,0,0,0,0,0,0,0,0,0,0,0,0,0,0,0,0,0,0,0,0,0,0,0,0,0,0,0,0,0,0,0,0,0,0,0,0,0,0,0,0,0,0,0,0,280.59,4,0.2597711354831891,0.1378719842795702,0.0,0.1079980842342799,0.0,0.0,0.0,0.0,0.4130065065791333,0.1156282726589426,0.0,0.1119970419424697,0.0,0.1409485685213208,0.2847569057010339,0.3568301123395413,0.4889738032866893,0.1239912313720007,0.1329464233961879,0.1215635193596221,0.1063908490261499,0.4228920606626915,0.0,84,172,123,19,4,1
33935,3,0,5,47,2,1,1,391019.0,0,0,0,6230673.898063,0,5,0,15,262,0,0,0,0,0,0,0,0,0,0,0,0,0,0,0,0,0,0,0,0,0,0,0,0,0,0,0,0,0,0,0,0,0,0,0,0,0,0,0,0,0,0,0,0,0,0,0,0,0,0,0,0,0,0,0,0,0,0,0,0,0,0,0,0,0,0,0,0,0,0,0,0,0,0,0,0,0,0,0,0,0,0,0,0,0,0,0,0,0,0,0,0,0,0,0,0,0,0,0,0,0,0,0,0,0,0,0,0,0,0,0,0,0,0,0,0,0,0,0,0,0,0,0,0,0,0,0,0,0,0,0,0,0,0,0,0,0,0,0,0,0,0,0,0,0,0,0,0,0,0,0,0,0,0,281.4811111111111,4,0.2597711354831891,0.1378719842795702,0.0,0.1079980842342799,0.0,0.0,0.0,0.0,0.4130065065791333,0.1156282726589426,0.0,0.1119970419424697,0.0,0.1409485685213208,0.2847569057010339,0.3568301123395413,0.4889738032866893,0.1239912313720007,0.1329464233961879,0.1215635193596221,0.1063908490261499,0.4228920606626915,0.0,82,171,121,4,4,1
33608,5,10,11,95,11,3,3,331052.0,0,0,0,6242220.18659,0,11,0,15,333,0,0,0,0,0,0,0,0,0,0,0,0,0,0,0,0,0,0,0,0,0,0,0,0,0,0,0,0,0,0,0,0,0,0,0,0,0,0,0,0,0,0,0,0,0,0,0,0,0,0,0,0,0,0,0,0,0,0,0,0,0,0,0,0,0,0,0,0,0,0,0,0,0,0,0,0,0,0,0,0,0,0,0,0,0,0,0,0,0,0,0,0,0,0,0,0,0,0,0,0,0,0,0,0,0,0,0,0,0,0,0,0,0,0,0,0,0,0,0,0,0,0,0,0,0,0,0,0,0,0,0,0,0,0,0,0,0,0,0,0,0,0,0,0,0,0,0,0,0,0,0,0,0,0,608.0969444444445,4,0.1091630072180941,0.2317504658412314,0.0,0.0907675568101751,0.0,0.0,0.0,0.0,0.2314089909692085,0.1943607774498219,0.1237199946770621,0.1882570036155877,0.0,0.1184609642965409,0.1196627180869205,0.0999665803426043,0.6164408996214067,0.1042090812750673,0.1117355194203788,0.1021686979704497,0.1788334950852513,0.4265062227308183,0.3435785147988722,34,170,65,0,4,1
33907,5,7,6,148,11,3,2,1435.0,0,0,0,6250377.368523,0,6,0,15,51,0,0,0,0,0,0,0,0,0,0,0,0,0,0,0,0,0,0,0,0,0,0,0,0,0,0,0,0,0,0,0,0,0,0,0,0,0,0,0,0,0,0,0,0,0,0,0,0,0,0,0,0,0,0,0,0,0,0,0,0,0,0,0,0,0,0,0,0,0,0,0,0,0,0,0,0,0,0,0,0,0,0,0,0,0,0,0,0,0,0,0,0,0,0,0,0,0,0,0,0,0,0,0,0,0,0,0,0,0,0,0,0,0,0,0,0,0,0,0,0,0,0,0,0,0,0,0,0,0,0,0,0,0,0,0,0,0,0,0,0,0,0,0,0,0,0,0,0,0,0,0,0,0,0,190.1925,4,0.0,0.0,0.0,0.0,0.0,0.0,0.0,0.0,0.0,0.3438565559563765,0.0,0.0,0.0,0.0,0.0,0.0,0.7270576827130697,0.0,0.0,0.0,0.3163862097924143,0.5030403176554651,0.0,80,143,122,5,3,1
33757,20,0,18,105,4,4,3,899.0,0,0,0,6259287.411906,0,18,0,15,112,0,0,0,0,0,0,0,0,0,0,0,0,0,0,0,0,0,0,0,0,0,0,0,0,0,0,0,0,0,0,0,0,0,0,0,0,0,0,0,0,0,0,0,0,0,0,0,0,0,0,0,0,0,0,0,0,0,0,0,0,0,0,0,0,0,0,0,0,0,0,0,0,0,0,0,0,0,0,0,0,0,0,0,0,0,0,0,0,0,0,0,0,0,0,0,0,0,0,0,0,0,0,0,0,0,0,0,0,0,0,0,0,0,0,0,0,0,0,0,0,0,0,0,0,0,0,0,0,0,0,0,0,0,0,0,0,0,0,0,0,0,0,0,0,0,0,0,0,0,0,0,0,1,1,431.31333333333333,4,0.3927533247502639,0.2084514898662463,0.0,0.1632845257067349,0.0,0.0,0.0,0.0,0.4162886901726709,0.1748207645836335,0.0,0.1693306321477211,0.0,0.2131030408847005,0.2152649124231048,0.1798329296436073,0.3696447771216229,0.1874648939369322,0.201004433019034,0.1837943861931666,0.1608545137253244,0.3836275247289995,0.0,46,164,81,0,4,1
33156,1,3,3,9,1,3,0,1326.0,0,0,0,6344261.903459,0,3,0,15,8,0,0,0,0,0,0,0,0,0,0,0,0,0,0,0,0,0,0,0,0,0,0,0,0,0,0,0,0,0,0,0,0,0,0,0,0,0,0,0,0,0,0,0,0,0,0,0,0,0,0,0,0,0,0,0,0,0,0,0,0,0,0,0,0,0,0,0,0,0,0,0,0,0,0,0,0,0,0,0,0,0,0,0,0,0,0,0,0,0,0,0,0,0,0,0,0,0,0,0,0,0,0,0,0,0,0,0,0,0,0,0,0,0,0,0,0,0,0,0,0,0,0,0,0,0,0,0,0,0,0,0,0,0,0,0,0,0,0,0,0,0,0,0,0,0,0,0,0,0,0,0,0,0,0,1130.9091666666666,4,0.0,0.0,0.0,0.0,0.0,0.0,0.0,0.0,0.0,0.6139777425726712,0.0,0.0,0.0,0.0,0.0,0.0,0.6491038588906828,0.0,0.0,0.0,0.0,0.4491052348821946,0.0,16,163,28,0,2,1
33258,4,5,21,57,6,2,2,515817.0,0,0,0,6353285.879438,0,21,0,15,206,0,0,0,0,0,0,0,0,0,0,0,0,0,0,0,0,0,0,0,0,0,0,0,0,0,0,0,0,0,0,0,0,0,0,0,0,0,0,0,0,0,0,0,0,0,0,0,0,0,0,0,0,0,0,0,0,0,0,0,0,0,0,0,0,0,0,0,0,0,0,0,0,0,0,0,0,0,0,0,0,0,0,0,0,0,0,0,0,0,0,0,0,0,0,0,0,0,0,0,0,0,0,0,0,0,0,0,0,0,0,0,0,0,0,0,0,0,0,0,0,0,0,0,0,0,0,0,0,0,0,0,0,0,0,0,0,0,0,0,0,0,0,0,0,0,0,0,0,0,0,0,0,0,0,215.0236111111111,4,0.4621158626612486,0.163510162727567,0.0,0.1280810196479436,0.0,0.0,0.0,0.0,0.3265384743253928,0.1371300904760587,0.0,0.1328236091524283,0.0,0.1671588575123875,0.1688546379899816,0.141061652323372,0.4349262101508638,0.1470481949205645,0.1576686622532339,0.1441690343117293,0.1261749087596726,0.5015315476633714,0.0,16,2,31,0,0,1
33896,2,6,43,2719,5,2,2,1409.0,0,0,0,6581586.022165,0,43,0,15,46,0,0,0,0,0,0,0,0,0,0,0,0,0,0,0,0,0,0,0,0,0,0,0,0,0,0,0,0,0,0,0,0,0,0,0,0,0,0,0,0,0,0,0,0,0,0,0,0,0,0,0,0,0,0,0,0,0,0,0,0,0,0,0,0,0,0,0,0,0,0,0,0,0,0,0,0,0,0,0,0,0,0,0,0,0,0,0,0,0,0,0,0,0,0,0,0,0,0,0,0,0,0,0,0,0,0,0,0,0,0,0,0,0,0,0,0,0,0,0,0,0,0,0,0,0,0,0,0,0,0,0,0,0,0,0,0,0,0,0,0,0,0,0,0,0,0,0,0,0,0,0,0,0,0,215.15666666666667,4,0.0,0.0,0.0,0.0,0.0,0.0,0.0,0.3743169817895132,0.0,0.0,0.0,0.0,0.0,0.3972451292875563,0.0,0.0,0.689054396730062,0.0,0.0,0.0,0.0,0.4767464134613625,0.0,79,155,119,0,2,1
33912,1,0,3,60,5,1,1,1419.0,0,0,0,6593884.176506,0,3,0,15,2,0,0,0,0,0,0,0,0,0,0,0,0,0,0,0,0,0,0,0,0,0,0,0,0,0,0,0,0,0,0,0,0,0,0,0,0,0,0,0,0,0,0,0,0,0,0,0,0,0,0,0,0,0,0,0,0,0,0,0,0,0,0,0,0,0,0,0,0,0,0,0,0,0,0,0,0,0,0,0,0,0,0,0,0,0,0,0,0,0,0,0,0,0,0,0,0,0,0,0,0,0,0,0,0,0,0,0,0,0,0,0,0,0,0,0,0,0,0,0,0,0,0,0,0,0,0,0,0,0,0,0,0,0,0,0,0,0,0,0,0,0,0,0,0,0,0,0,0,0,0,0,0,0,0,191.99166666666667,4,0.0,0.0,0.0,0.0,0.0,1.0,0.0,0.0,0.0,0.0,0.0,0.0,0.0,0.0,0.0,0.0,0.0,0.0,0.0,0.0,0.0,0.0,0.0,77,146,123,0,3,1
33707,29,30,5,168,3,3,1,85075.0,0,0,0,6609612.171222,0,5,0,15,529,0,0,0,0,0,0,0,0,0,0,0,0,0,0,0,0,0,0,0,0,0,0,0,0,0,0,0,0,0,0,0,0,0,0,0,0,0,0,0,0,0,0,0,0,0,0,0,0,0,0,0,0,0,0,0,0,0,0,0,0,0,0,0,0,0,0,0,0,0,0,0,0,0,0,0,0,0,0,0,0,0,0,0,0,0,0,0,0,0,0,0,0,0,0,0,0,0,0,0,0,0,0,0,0,0,0,0,0,0,0,0,0,0,0,0,0,0,0,0,0,0,0,0,0,0,0,0,0,0,0,0,0,0,0,0,0,0,0,0,0,0,0,0,0,0,0,0,0,0,0,0,0,1,1,367.4511111111111,4,0.1570379279180191,0.166693891443613,0.0,0.1305749026790126,0.0,0.0,0.0,0.0,0.3328965495683105,0.0,0.0,0.1354098357916374,0.0,0.170413630463047,0.1721424297139856,0.1438082830265845,0.4433947178051889,0.1499113904125252,0.1607386503155204,0.1469761692741452,0.643158388226185,0.204518774777417,0.0,42,142,76,1,3,1
33725,7,5,2,69,2,2,1,1459.0,0,0,0,6674121.414291,0,2,0,15,148,0,0,0,0,0,0,0,0,0,0,0,0,0,0,0,0,0,0,0,0,0,0,0,0,0,0,0,0,0,0,0,0,0,0,0,0,0,0,0,0,0,0,0,0,0,0,0,0,0,0,0,0,0,0,0,0,0,0,0,0,0,0,0,0,0,0,0,0,0,0,0,0,0,0,0,0,0,0,0,0,0,0,0,0,0,0,0,0,0,0,0,0,0,0,0,0,0,0,0,0,0,0,0,0,0,0,0,0,0,0,0,0,0,0,0,0,0,0,0,0,0,0,0,0,0,0,0,0,0,0,0,0,0,0,0,0,0,0,0,0,0,0,0,0,0,0,0,0,0,0,0,0,0,0,168.51555555555555,4,0.1325903261020033,0.1407430530875243,0.0,0.1102470540491707,0.0,0.0,0.0,0.0,0.281071347862769,0.1180361347687353,0.0,0.1143292867083978,0.0,0.1438837046240026,0.1453433650989327,0.1214202670364968,0.4991562739449516,0.1265732451053355,0.1357149215166463,0.1240949780199314,0.108606349511523,0.6907174948430624,0.0,43,20,77,0,3,1
33731,2,2,5,11,2,4,3,1433.0,0,1,0,6677329.600853,0,5,0,15,189,0,0,0,0,0,0,0,0,0,0,0,0,0,0,0,0,0,0,0,0,0,0,0,0,0,0,0,0,0,0,0,0,0,0,0,0,0,0,0,0,0,0,0,0,0,0,0,0,0,0,0,0,0,0,0,0,0,0,0,0,0,0,0,0,0,0,0,0,0,0,0,0,0,0,0,0,0,0,0,0,0,0,0,0,0,0,0,0,0,0,0,0,0,0,0,0,0,0,0,0,0,0,0,0,0,0,0,0,0,0,0,0,0,0,0,0,0,0,0,0,0,0,0,0,0,0,0,0,0,0,0,0,0,0,0,0,0,0,0,0,0,0,0,0,0,0,0,0,0,0,0,0,0,0,334.2944444444444,4,0.0,0.0,0.0,0.0816351846621531,0.0,0.0,0.0,0.0,0.0,0.1748056080365622,0.0,0.0,0.0,0.0,0.0,0.0,0.3696127297931637,0.0,0.0,0.0,0.0,0.3835942651293733,0.8240270418856688,44,136,78,1,3,1
33383,18,30,38,450,4,3,1,104409.0,0,0,0,6680099.030786,1,38,0,15,360,0,0,0,0,0,0,0,0,0,0,0,0,0,0,0,0,0,0,0,0,0,0,0,0,0,0,0,0,0,0,0,0,0,0,0,0,0,0,0,0,0,0,0,0,0,0,0,0,0,0,0,0,0,0,0,0,0,0,0,0,0,0,0,0,0,0,0,0,0,0,0,0,0,0,0,0,0,0,0,0,0,0,0,0,0,0,0,0,0,0,0,0,0,0,0,0,0,0,0,0,0,0,0,0,0,0,0,0,0,0,0,0,0,0,0,0,0,0,0,0,0,0,0,0,0,0,0,0,0,0,0,0,0,0,0,0,0,0,0,0,0,0,0,0,0,0,0,0,0,0,0,0,1,1,747.7477777777777,4,0.1285122033004292,0.4092425228125393,0.0,0.1068561503675672,0.0,0.0,0.0,0.0,0.2724263470826481,0.114405659855809,0.1456494238611561,0.110812824499424,0.0,0.1394582277898129,0.1408729930235864,0.1176857052918202,0.4838035657786137,0.1226801915764062,0.1315406945408029,0.1202781493394243,0.1052659095008549,0.418420548325611,0.4044779735252065,14,133,38,0,0,1
33298,30,20,57,325,6,3,0,517772.0,0,0,0,6689303.416663,0,57,0,15,236,0,0,0,0,0,0,0,0,0,0,0,0,0,0,0,0,0,0,0,0,0,0,0,0,0,0,0,0,0,0,0,0,0,0,0,0,0,0,0,0,0,0,0,0,0,0,0,0,0,0,0,0,0,0,0,0,0,0,0,0,0,0,0,0,0,0,0,0,0,0,0,0,0,0,0,0,0,0,0,0,0,0,0,0,0,0,0,0,0,0,0,0,0,0,0,0,0,0,0,0,0,0,0,0,0,0,0,0,0,0,0,0,0,0,0,0,0,0,0,0,0,0,0,0,0,0,0,0,0,0,0,0,0,0,0,0,0,0,0,0,0,0,0,0,0,0,0,0,0,0,0,0,1,1,861.2080555555556,4,0.3090127096136298,0.1640066567164652,0.0,0.1284699340449839,0.0,0.0,0.0,0.0,0.327529999175849,0.1375464821209735,0.0,0.13322692428849,0.0,0.3353328613198008,0.1693673603269979,0.141489982044744,0.1454156170994988,0.1474947026093742,0.158147418691002,0.1446067995107053,0.6327901765243035,0.2012217736145309,0.1620972319724138,18,126,33,1,2,1
33818,2,2,6,417,2,2,1,136995.0,0,0,0,6744109.393559,0,6,0,15,240,0,0,0,0,0,0,0,0,0,0,0,0,0,0,0,0,0,0,0,0,0,0,0,0,0,0,0,0,0,0,0,0,0,0,0,0,0,0,0,0,0,0,0,0,0,0,0,0,0,0,0,0,0,0,0,0,0,0,0,0,0,0,0,0,0,0,0,0,0,0,0,0,0,0,0,0,0,0,0,0,0,0,0,0,0,0,0,0,0,0,0,0,0,0,0,0,0,0,0,0,0,0,0,0,0,0,0,0,0,0,0,0,0,0,0,0,0,0,0,0,0,0,0,0,0,0,0,0,0,0,0,0,0,0,0,0,0,0,0,0,0,0,0,0,0,0,0,0,0,0,0,0,0,0,221.78333333333333,4,0.2597711354831891,0.1378719842795702,0.0,0.1079980842342799,0.0,0.0,0.0,0.0,0.4130065065791333,0.1156282726589426,0.0,0.1119970419424697,0.0,0.1409485685213208,0.2847569057010339,0.3568301123395413,0.4889738032866893,0.1239912313720007,0.1329464233961879,0.1215635193596221,0.1063908490261499,0.4228920606626915,0.0,68,125,104,17,0,1
33586,7,23,10,976,13,4,2,1936.0,0,0,0,6690377.548505,0,10,0,15,37,0,0,0,0,0,0,0,0,0,0,0,0,0,0,0,0,0,0,0,0,0,0,0,0,0,0,0,0,0,0,0,0,0,0,0,0,0,0,0,0,0,0,0,0,0,0,0,0,0,0,0,0,0,0,0,0,0,0,0,0,0,0,0,0,0,0,0,0,0,0,0,0,0,0,0,0,0,0,0,0,0,0,0,0,0,0,0,0,0,0,0,0,0,0,0,0,0,0,0,0,0,0,0,0,0,0,0,0,0,0,0,0,0,0,0,0,0,0,0,0,0,0,0,0,0,0,0,0,0,0,0,0,0,0,0,0,0,0,0,0,0,0,0,0,0,0,0,0,0,0,0,0,0,0,502.8547222222222,4,0.2977207747913436,0.0,0.0,0.0,0.0,0.0,0.0,0.0,0.0,0.5300810478388647,0.0,0.0,0.0,0.0,0.3263566848364633,0.0,0.560407372806838,0.0,0.0,0.0,0.2438667093929227,0.387737465040267,0.0,26,127,56,3,3,1
33572,3,19,10,137,2,5,2,1411117.0,0,0,0,6744139.980332,0,10,0,15,217,0,0,0,0,0,0,0,0,0,0,0,0,0,0,0,0,0,0,0,0,0,0,0,0,0,0,0,0,0,0,0,0,0,0,0,0,0,0,0,0,0,0,0,0,0,0,0,0,0,0,0,0,0,0,0,0,0,0,0,0,0,0,0,0,0,0,0,0,0,0,0,0,0,0,0,0,0,0,0,0,0,0,0,0,0,0,0,0,0,0,0,0,0,0,0,0,0,0,0,0,0,0,0,0,0,0,0,0,0,0,0,0,0,0,0,0,0,0,0,0,0,0,0,0,0,0,0,0,0,0,0,0,0,0,0,0,0,0,0,0,0,0,0,0,0,0,0,0,0,0,0,0,0,0,505.6386111111111,4,0.2597711354831891,0.1378719842795702,0.0,0.1079980842342799,0.0,0.0,0.0,0.0,0.4130065065791333,0.1156282726589426,0.0,0.1119970419424697,0.0,0.1409485685213208,0.2847569057010339,0.3568301123395413,0.4889738032866893,0.1239912313720007,0.1329464233961879,0.1215635193596221,0.1063908490261499,0.4228920606626915,0.0,23,124,52,0,2,1
33777,3,2,7,60,2,2,1,654836.0,0,0,0,6746216.523175,0,7,0,15,240,0,0,0,0,0,0,0,0,0,0,0,0,0,0,0,0,0,0,0,0,0,0,0,0,0,0,0,0,0,0,0,0,0,0,0,0,0,0,0,0,0,0,0,0,0,0,0,0,0,0,0,0,0,0,0,0,0,0,0,0,0,0,0,0,0,0,0,0,0,0,0,0,0,0,0,0,0,0,0,0,0,0,0,0,0,0,0,0,0,0,0,0,0,0,0,0,0,0,0,0,0,0,0,0,0,0,0,0,0,0,0,0,0,0,0,0,0,0,0,0,0,0,0,0,0,0,0,0,0,0,0,0,0,0,0,0,0,0,0,0,0,0,0,0,0,0,0,0,0,0,0,0,0,0,287.9138888888889,4,0.2597711354831891,0.1378719842795702,0.0,0.1079980842342799,0.0,0.0,0.0,0.0,0.4130065065791333,0.1156282726589426,0.0,0.1119970419424697,0.0,0.1409485685213208,0.2847569057010339,0.3568301123395413,0.4889738032866893,0.1239912313720007,0.1329464233961879,0.1215635193596221,0.1063908490261499,0.4228920606626915,0.0,52,123,87,4,4,1
33589,1,11,7,78,2,5,1,1678324.0,0,1,0,6746493.920638,0,7,0,15,230,0,0,0,0,0,0,0,0,0,0,0,0,0,0,0,0,0,0,0,0,0,0,0,0,0,0,0,0,0,0,0,0,0,0,0,0,0,0,0,0,0,0,0,0,0,0,0,0,0,0,0,0,0,0,0,0,0,0,0,0,0,0,0,0,0,0,0,0,0,0,0,0,0,0,0,0,0,0,0,0,0,0,0,0,0,0,0,0,0,0,0,0,0,0,0,0,0,0,0,0,0,0,0,0,0,0,0,0,0,0,0,0,0,0,0,0,0,0,0,0,0,0,0,0,0,0,0,0,0,0,0,0,0,0,0,0,0,0,0,0,0,0,0,0,0,0,0,0,0,0,0,0,0,0,486.65222222222224,4,0.2597711354831891,0.1378719842795702,0.0,0.1079980842342799,0.0,0.0,0.0,0.0,0.4130065065791333,0.1156282726589426,0.0,0.1119970419424697,0.0,0.1409485685213208,0.2847569057010339,0.3568301123395413,0.4889738032866893,0.1239912313720007,0.1329464233961879,0.1215635193596221,0.1063908490261499,0.4228920606626915,0.0,28,122,58,4,3,1
33808,6,5,6,91,2,4,1,9908.0,0,0,0,6748017.701942,0,6,0,15,240,0,0,0,0,0,0,0,0,0,0,0,0,0,0,0,0,0,0,0,0,0,0,0,0,0,0,0,0,0,0,0,0,0,0,0,0,0,0,0,0,0,0,0,0,0,0,0,0,0,0,0,0,0,0,0,0,0,0,0,0,0,0,0,0,0,0,0,0,0,0,0,0,0,0,0,0,0,0,0,0,0,0,0,0,0,0,0,0,0,0,0,0,0,0,0,0,0,0,0,0,0,0,0,0,0,0,0,0,0,0,0,0,0,0,0,0,0,0,0,0,0,0,0,0,0,0,0,0,0,0,0,0,0,0,0,0,0,0,0,0,0,0,0,0,0,0,0,0,0,0,0,0,0,0,225.26666666666668,4,0.2597711354831891,0.1378719842795702,0.0,0.1079980842342799,0.0,0.0,0.0,0.0,0.4130065065791333,0.1156282726589426,0.0,0.1119970419424697,0.0,0.1409485685213208,0.2847569057010339,0.3568301123395413,0.4889738032866893,0.1239912313720007,0.1329464233961879,0.1215635193596221,0.1063908490261499,0.4228920606626915,0.0,64,122,101,13,0,1
33569,1,6,5,58,2,3,1,1746972.0,0,0,0,6748352.170937,0,5,0,15,229,0,0,0,0,0,0,0,0,0,0,0,0,0,0,0,0,0,0,0,0,0,0,0,0,0,0,0,0,0,0,0,0,0,0,0,0,0,0,0,0,0,0,0,0,0,0,0,0,0,0,0,0,0,0,0,0,0,0,0,0,0,0,0,0,0,0,0,0,0,0,0,0,0,0,0,0,0,0,0,0,0,0,0,0,0,0,0,0,0,0,0,0,0,0,0,0,0,0,0,0,0,0,0,0,0,0,0,0,0,0,0,0,0,0,0,0,0,0,0,0,0,0,0,0,0,0,0,0,0,0,0,0,0,0,0,0,0,0,0,0,0,0,0,0,0,0,0,0,0,0,0,0,0,0,505.21527777777777,4,0.2597711354831891,0.1378719842795702,0.0,0.1079980842342799,0.0,0.0,0.0,0.0,0.4130065065791333,0.1156282726589426,0.0,0.1119970419424697,0.0,0.1409485685213208,0.2847569057010339,0.3568301123395413,0.4889738032866893,0.1239912313720007,0.1329464233961879,0.1215635193596221,0.1063908490261499,0.4228920606626915,0.0,20,121,49,0,2,1
33585,1,8,6,59,2,4,1,1682733.0,0,1,0,6748555.675182,0,6,0,15,229,0,0,0,0,0,0,0,0,0,0,0,0,0,0,0,0,0,0,0,0,0,0,0,0,0,0,0,0,0,0,0,0,0,0,0,0,0,0,0,0,0,0,0,0,0,0,0,0,0,0,0,0,0,0,0,0,0,0,0,0,0,0,0,0,0,0,0,0,0,0,0,0,0,0,0,0,0,0,0,0,0,0,0,0,0,0,0,0,0,0,0,0,0,0,0,0,0,0,0,0,0,0,0,0,0,0,0,0,0,0,0,0,0,0,0,0,0,0,0,0,0,0,0,0,0,0,0,0,0,0,0,0,0,0,0,0,0,0,0,0,0,0,0,0,0,0,0,0,0,0,0,0,0,0,487.325,4,0.2597711354831891,0.1378719842795702,0.0,0.1079980842342799,0.0,0.0,0.0,0.0,0.4130065065791333,0.1156282726589426,0.0,0.1119970419424697,0.0,0.1409485685213208,0.2847569057010339,0.3568301123395413,0.4889738032866893,0.1239912313720007,0.1329464233961879,0.1215635193596221,0.1063908490261499,0.4228920606626915,0.0,25,120,55,2,3,1
33596,1,11,7,66,2,5,1,1664027.0,0,1,0,6748575.138822,0,7,0,15,229,0,0,0,0,0,0,0,0,0,0,0,0,0,0,0,0,0,0,0,0,0,0,0,0,0,0,0,0,0,0,0,0,0,0,0,0,0,0,0,0,0,0,0,0,0,0,0,0,0,0,0,0,0,0,0,0,0,0,0,0,0,0,0,0,0,0,0,0,0,0,0,0,0,0,0,0,0,0,0,0,0,0,0,0,0,0,0,0,0,0,0,0,0,0,0,0,0,0,0,0,0,0,0,0,0,0,0,0,0,0,0,0,0,0,0,0,0,0,0,0,0,0,0,0,0,0,0,0,0,0,0,0,0,0,0,0,0,0,0,0,0,0,0,0,0,0,0,0,0,0,0,0,0,0,482.11083333333335,4,0.2597711354831891,0.1378719842795702,0.0,0.1079980842342799,0.0,0.0,0.0,0.0,0.4130065065791333,0.1156282726589426,0.0,0.1119970419424697,0.0,0.1409485685213208,0.2847569057010339,0.3568301123395413,0.4889738032866893,0.1239912313720007,0.1329464233961879,0.1215635193596221,0.1063908490261499,0.4228920606626915,0.0,29,119,60,5,3,1
33597,1,7,4,53,2,3,1,1658647.0,0,0,0,6748586.482431,0,4,0,15,229,0,0,0,0,0,0,0,0,0,0,0,0,0,0,0,0,0,0,0,0,0,0,0,0,0,0,0,0,0,0,0,0,0,0,0,0,0,0,0,0,0,0,0,0,0,0,0,0,0,0,0,0,0,0,0,0,0,0,0,0,0,0,0,0,0,0,0,0,0,0,0,0,0,0,0,0,0,0,0,0,0,0,0,0,0,0,0,0,0,0,0,0,0,0,0,0,0,0,0,0,0,0,0,0,0,0,0,0,0,0,0,0,0,0,0,0,0,0,0,0,0,0,0,0,0,0,0,0,0,0,0,0,0,0,0,0,0,0,0,0,0,0,0,0,0,0,0,0,0,0,0,0,0,0,480.61555555555555,4,0.2597711354831891,0.1378719842795702,0.0,0.1079980842342799,0.0,0.0,0.0,0.0,0.4130065065791333,0.1156282726589426,0.0,0.1119970419424697,0.0,0.1409485685213208,0.2847569057010339,0.3568301123395413,0.4889738032866893,0.1239912313720007,0.1329464233961879,0.1215635193596221,0.1063908490261499,0.4228920606626915,0.0,30,118,61,6,3,1
33606,1,10,7,72,2,5,1,1623039.0,0,1,0,6748619.046608,0,7,0,15,229,0,0,0,0,0,0,0,0,0,0,0,0,0,0,0,0,0,0,0,0,0,0,0,0,0,0,0,0,0,0,0,0,0,0,0,0,0,0,0,0,0,0,0,0,0,0,0,0,0,0,0,0,0,0,0,0,0,0,0,0,0,0,0,0,0,0,0,0,0,0,0,0,0,0,0,0,0,0,0,0,0,0,0,0,0,0,0,0,0,0,0,0,0,0,0,0,0,0,0,0,0,0,0,0,0,0,0,0,0,0,0,0,0,0,0,0,0,0,0,0,0,0,0,0,0,0,0,0,0,0,0,0,0,0,0,0,0,0,0,0,0,0,0,0,0,0,0,0,0,0,0,0,0,0,470.7025,4,0.2597711354831891,0.1378719842795702,0.0,0.1079980842342799,0.0,0.0,0.0,0.0,0.4130065065791333,0.1156282726589426,0.0,0.1119970419424697,0.0,0.1409485685213208,0.2847569057010339,0.3568301123395413,0.4889738032866893,0.1239912313720007,0.1329464233961879,0.1215635193596221,0.1063908490261499,0.4228920606626915,0.0,32,117,63,8,4,1
33629,1,13,7,113,2,5,1,1574192.0,0,2,0,6748631.569169,0,7,0,15,229,0,0,0,0,0,0,0,0,0,0,0,0,0,0,0,0,0,0,0,0,0,0,0,0,0,0,0,0,0,0,0,0,0,0,0,0,0,0,0,0,0,0,0,0,0,0,0,0,0,0,0,0,0,0,0,0,0,0,0,0,0,0,0,0,0,0,0,0,0,0,0,0,0,0,0,0,0,0,0,0,0,0,0,0,0,0,0,0,0,0,0,0,0,0,0,0,0,0,0,0,0,0,0,0,0,0,0,0,0,0,0,0,0,0,0,0,0,0,0,0,0,0,0,0,0,0,0,0,0,0,0,0,0,0,0,0,0,0,0,0,0,0,0,0,0,0,0,0,0,0,0,0,0,0,457.1538888888889,4,0.2597711354831891,0.1378719842795702,0.0,0.1079980842342799,0.0,0.0,0.0,0.0,0.4130065065791333,0.1156282726589426,0.0,0.1119970419424697,0.0,0.1409485685213208,0.2847569057010339,0.3568301123395413,0.4889738032866893,0.1239912313720007,0.1329464233961879,0.1215635193596221,0.1063908490261499,0.4228920606626915,0.0,39,116,70,12,4,1
33893,1,30,25,221,2,4,1,542970.0,0,1,0,6749034.366468,0,25,0,15,229,0,0,0,0,0,0,0,0,0,0,0,0,0,0,0,0,0,0,0,0,0,0,0,0,0,0,0,0,0,0,0,0,0,0,0,0,0,0,0,0,0,0,0,0,0,0,0,0,0,0,0,0,0,0,0,0,0,0,0,0,0,0,0,0,0,0,0,0,0,0,0,0,0,0,0,0,0,0,0,0,0,0,0,0,0,0,0,0,0,0,0,0,0,0,0,0,0,0,0,0,0,0,0,0,0,0,0,0,0,0,0,0,0,0,0,0,0,0,0,0,0,0,0,0,0,0,0,0,0,0,0,0,0,0,0,0,0,0,0,0,0,0,0,0,0,0,0,0,0,0,0,0,0,0,170.57777777777778,4,0.2597711354831891,0.1378719842795702,0.0,0.1079980842342799,0.0,0.0,0.0,0.0,0.4130065065791333,0.1156282726589426,0.0,0.1119970419424697,0.0,0.1409485685213208,0.2847569057010339,0.3568301123395413,0.4889738032866893,0.1239912313720007,0.1329464233961879,0.1215635193596221,0.1063908490261499,0.4228920606626915,0.0,80,113,117,16,2,1
33410,2,30,27,746,11,5,3,2098.0,0,0,0,6755127.911918,0,27,0,15,361,0,0,0,0,0,0,0,0,0,0,0,0,0,0,0,0,0,0,0,0,0,0,0,0,0,0,0,0,0,0,0,0,0,0,0,0,0,0,0,0,0,0,0,0,0,0,0,0,0,0,0,0,0,0,0,0,0,0,0,0,0,0,0,0,0,0,0,0,0,0,0,0,0,0,0,0,0,0,0,0,0,0,0,0,0,0,0,0,0,0,0,0,0,0,0,0,0,0,0,0,0,0,0,0,0,0,0,0,0,0,0,0,0,0,0,0,0,0,0,0,0,0,0,0,0,0,0,0,0,0,0,0,0,0,0,0,0,0,0,0,0,0,0,0,0,0,0,0,0,0,0,0,0,0,696.1755555555555,4,0.0,0.2571191658517193,0.0,0.3021104411857278,0.0,0.0,0.1236446132266139,0.1238425961547428,0.1283701556167599,0.1078182966985408,0.0,0.1044323331987284,0.0,0.2628567257921596,0.2655233347331163,0.3327284412236944,0.5699333020835022,0.1156163891811789,0.0,0.1133526541271986,0.0,0.3943283127862331,0.1270628458199509,14,112,40,0,1,1
32514,15,30,37,1551,91,4,1,1158.0,2,0,0,6755458.583527,0,37,0,15,466,0,0,0,0,0,0,0,0,0,0,0,0,0,0,0,0,0,0,0,0,0,0,0,0,0,0,0,0,0,0,0,0,0,0,0,0,0,0,0,0,0,0,0,0,0,0,0,0,0,0,0,0,0,0,0,0,0,0,0,0,0,0,0,0,0,0,0,0,0,0,0,0,0,0,0,0,0,0,0,0,0,0,0,0,0,0,0,0,0,0,0,0,0,0,0,0,0,0,0,0,0,0,0,0,0,0,0,0,0,0,0,0,0,0,0,0,0,0,0,0,0,0,0,0,0,0,0,0,0,0,0,0,0,0,0,0,0,0,0,0,0,0,0,0,0,0,0,0,0,0,0,0,0,0,1506.7386111111111,4,0.1571454936819844,0.2502121068327463,0.0,0.2613286842995341,0.0,0.0,0.0802154105509005,0.0803438535250624,0.2498434294846808,0.2098438915099618,0.0,0.2032538805464429,0.0,0.2557955372083903,0.1722603415599232,0.2878135738465522,0.591597904610283,0.0750070373675182,0.0804243754756967,0.073538421533841,0.1930796791070932,0.3069882950163151,0.0824330156990557,10,111,9,0,2,1
33793,6,9,3,112,4,3,2,177.0,0,0,0,6775260.397006,0,3,0,15,427,0,0,0,0,0,0,0,0,0,0,0,0,0,0,0,0,0,0,0,0,0,0,0,0,0,0,0,0,0,0,0,0,0,0,0,0,0,0,0,0,0,0,0,0,0,0,0,0,0,0,0,0,0,0,0,0,0,0,0,0,0,0,0,0,0,0,0,0,0,0,0,0,0,0,0,0,0,0,0,0,0,0,0,0,0,0,0,0,0,0,0,0,0,0,0,0,0,0,0,0,0,0,0,0,0,0,0,0,0,0,0,0,0,0,0,0,0,0,0,0,0,0,0,0,0,0,0,0,0,0,0,0,0,0,0,0,0,0,0,0,0,0,0,0,0,0,0,0,0,0,0,0,0,0,235.70111111111112,4,0.1795124694146211,0.2858255246305583,0.0,0.2985243569403185,0.0,0.0,0.091632703526583,0.0917794281632909,0.2854043723619326,0.1598077224441833,0.0,0.154789064834547,0.0,0.2922036609108439,0.196778657606349,0.328778917942113,0.5068513178559045,0.0856830074209222,0.0918714110376435,0.0840053592189424,0.0735204240312459,0.3506828330138791,0.0941659468732712,53,106,90,0,6,0
33870,3,17,15,1692,68,4,3,14.0,0,0,0,6771681.482046,0,15,0,15,79,0,0,0,0,0,0,0,0,0,0,0,0,0,0,0,0,0,0,0,0,0,0,0,0,0,0,0,0,0,0,0,0,0,0,0,0,0,0,0,0,0,0,0,0,0,0,0,0,0,0,0,0,0,0,0,0,0,0,0,0,0,0,0,0,0,0,0,0,0,0,0,0,0,0,0,0,0,0,0,0,0,0,0,0,0,0,0,0,0,0,0,0,0,0,0,0,0,0,0,0,0,0,0,0,0,0,0,0,0,0,0,0,0,0,0,0,0,0,0,0,0,0,0,0,0,0,0,0,0,0,0,0,0,0,0,0,0,0,0,0,0,0,0,0,0,0,0,0,0,0,0,0,0,0,186.8425,4,0.0,0.0,0.0,0.0,0.0,0.0,0.0,0.0,0.0,0.0,0.3713439721172875,0.0,0.0,0.0,0.0,0.0,0.6167464761549648,0.0,0.0,0.0,0.2683832172233633,0.6400764698342108,0.0,70,108,111,3,1,1
33772,2,8,9,98,2,3,1,891172.0,0,0,0,6806794.753995,0,9,0,15,240,0,0,0,0,0,0,0,0,0,0,0,0,0,0,0,0,0,0,0,0,0,0,0,0,0,0,0,0,0,0,0,0,0,0,0,0,0,0,0,0,0,0,0,0,0,0,0,0,0,0,0,0,0,0,0,0,0,0,0,0,0,0,0,0,0,0,0,0,0,0,0,0,0,0,0,0,0,0,0,0,0,0,0,0,0,0,0,0,0,0,0,0,0,0,0,0,0,0,0,0,0,0,0,0,0,0,0,0,0,0,0,0,0,0,0,0,0,0,0,0,0,0,0,0,0,0,0,0,0,0,0,0,0,0,0,0,0,0,0,0,0,0,0,0,0,0,0,0,0,0,0,0,0,0,272.6336111111111,4,0.2597711354831891,0.1378719842795702,0.0,0.1079980842342799,0.0,0.0,0.0,0.0,0.4130065065791333,0.1156282726589426,0.0,0.1119970419424697,0.0,0.1409485685213208,0.2847569057010339,0.3568301123395413,0.4889738032866893,0.1239912313720007,0.1329464233961879,0.1215635193596221,0.1063908490261499,0.4228920606626915,0.0,49,105,84,1,4,1
33804,4,0,4,51,2,1,1,16054.0,0,0,0,6807458.832347,0,4,0,15,240,0,0,0,0,0,0,0,0,0,0,0,0,0,0,0,0,0,0,0,0,0,0,0,0,0,0,0,0,0,0,0,0,0,0,0,0,0,0,0,0,0,0,0,0,0,0,0,0,0,0,0,0,0,0,0,0,0,0,0,0,0,0,0,0,0,0,0,0,0,0,0,0,0,0,0,0,0,0,0,0,0,0,0,0,0,0,0,0,0,0,0,0,0,0,0,0,0,0,0,0,0,0,0,0,0,0,0,0,0,0,0,0,0,0,0,0,0,0,0,0,0,0,0,0,0,0,0,0,0,0,0,0,0,0,0,0,0,0,0,0,0,0,0,0,0,0,0,0,0,0,0,0,0,0,210.42166666666665,4,0.2597711354831891,0.1378719842795702,0.0,0.1079980842342799,0.0,0.0,0.0,0.0,0.4130065065791333,0.1156282726589426,0.0,0.1119970419424697,0.0,0.1409485685213208,0.2847569057010339,0.3568301123395413,0.4889738032866893,0.1239912313720007,0.1329464233961879,0.1215635193596221,0.1063908490261499,0.4228920606626915,0.0,62,104,99,11,0,1
33607,1,30,10,320,2,3,0,1627600.0,0,0,0,6807477.045339,0,10,0,15,187,0,0,0,0,0,0,0,0,0,0,0,0,0,0,0,0,0,0,0,0,0,0,0,0,0,0,0,0,0,0,0,0,0,0,0,0,0,0,0,0,0,0,0,0,0,0,0,0,0,0,0,0,0,0,0,0,0,0,0,0,0,0,0,0,0,0,0,0,0,0,0,0,0,0,0,0,0,0,0,0,0,0,0,0,0,0,0,0,0,0,0,0,0,0,0,0,0,0,0,0,0,0,0,0,0,0,0,0,0,0,0,0,0,0,0,0,0,0,0,0,0,0,0,0,0,0,0,0,0,0,0,0,0,0,0,0,0,0,0,0,0,0,0,0,0,0,0,0,0,0,0,0,0,0,452.2991666666667,4,0.2979237242410202,0.1581212437196553,0.0,0.1238597637344287,0.0,0.0,0.0,0.0,0.4736647755223426,0.1326105979943935,0.0,0.1284460483933851,0.0,0.1616496859137377,0.3265791547317276,0.272825169205959,0.4205920422812733,0.1422018245209041,0.152472265669713,0.1394175544257407,0.1220164738783532,0.3880017768109323,0.0,33,103,64,0,4,1
33515,1,4,4,140,2,5,1,1928058.0,0,0,0,6808667.119721,0,4,0,15,239,0,0,0,0,0,0,0,0,0,0,0,0,0,0,0,0,0,0,0,0,0,0,0,0,0,0,0,0,0,0,0,0,0,0,0,0,0,0,0,0,0,0,0,0,0,0,0,0,0,0,0,0,0,0,0,0,0,0,0,0,0,0,0,0,0,0,0,0,0,0,0,0,0,0,0,0,0,0,0,0,0,0,0,0,0,0,0,0,0,0,0,0,0,0,0,0,0,0,0,0,0,0,0,0,0,0,0,0,0,0,0,0,0,0,0,0,0,0,0,0,0,0,0,0,0,0,0,0,0,0,0,0,0,0,0,0,0,0,0,0,0,0,0,0,0,0,0,0,0,0,0,0,0,0,535.8058333333333,4,0.2597711354831891,0.1378719842795702,0.0,0.1079980842342799,0.0,0.0,0.0,0.0,0.4130065065791333,0.1156282726589426,0.0,0.1119970419424697,0.0,0.1409485685213208,0.2847569057010339,0.3568301123395413,0.4889738032866893,0.1239912313720007,0.1329464233961879,0.1215635193596221,0.1063908490261499,0.4228920606626915,0.0,18,102,47,0,0,1
33773,3,1,4,113,2,2,1,657549.0,0,0,0,6808767.027002,0,4,0,15,240,0,0,0,0,0,0,0,0,0,0,0,0,0,0,0,0,0,0,0,0,0,0,0,0,0,0,0,0,0,0,0,0,0,0,0,0,0,0,0,0,0,0,0,0,0,0,0,0,0,0,0,0,0,0,0,0,0,0,0,0,0,0,0,0,0,0,0,0,0,0,0,0,0,0,0,0,0,0,0,0,0,0,0,0,0,0,0,0,0,0,0,0,0,0,0,0,0,0,0,0,0,0,0,0,0,0,0,0,0,0,0,0,0,0,0,0,0,0,0,0,0,0,0,0,0,0,0,0,0,0,0,0,0,0,0,0,0,0,0,0,0,0,0,0,0,0,0,0,0,0,0,0,0,0,271.24333333333334,4,0.2597711354831891,0.1378719842795702,0.0,0.1079980842342799,0.0,0.0,0.0,0.0,0.4130065065791333,0.1156282726589426,0.0,0.1119970419424697,0.0,0.1409485685213208,0.2847569057010339,0.3568301123395413,0.4889738032866893,0.1239912313720007,0.1329464233961879,0.1215635193596221,0.1063908490261499,0.4228920606626915,0.0,50,101,85,2,4,1
33803,4,1,5,54,2,2,1,24846.0,0,0,0,6808803.227279,0,5,0,15,240,0,0,0,0,0,0,0,0,0,0,0,0,0,0,0,0,0,0,0,0,0,0,0,0,0,0,0,0,0,0,0,0,0,0,0,0,0,0,0,0,0,0,0,0,0,0,0,0,0,0,0,0,0,0,0,0,0,0,0,0,0,0,0,0,0,0,0,0,0,0,0,0,0,0,0,0,0,0,0,0,0,0,0,0,0,0,0,0,0,0,0,0,0,0,0,0,0,0,0,0,0,0,0,0,0,0,0,0,0,0,0,0,0,0,0,0,0,0,0,0,0,0,0,0,0,0,0,0,0,0,0,0,0,0,0,0,0,0,0,0,0,0,0,0,0,0,0,0,0,0,0,0,0,0,212.46583333333336,4,0.2597711354831891,0.1378719842795702,0.0,0.1079980842342799,0.0,0.0,0.0,0.0,0.4130065065791333,0.1156282726589426,0.0,0.1119970419424697,0.0,0.1409485685213208,0.2847569057010339,0.3568301123395413,0.4889738032866893,0.1239912313720007,0.1329464233961879,0.1215635193596221,0.1063908490261499,0.4228920606626915,0.0,61,99,98,10,0,1
33801,3,5,7,153,2,3,1,27812.0,0,0,0,6808787.287786,0,7,0,15,240,0,0,0,0,0,0,0,0,0,0,0,0,0,0,0,0,0,0,0,0,0,0,0,0,0,0,0,0,0,0,0,0,0,0,0,0,0,0,0,0,0,0,0,0,0,0,0,0,0,0,0,0,0,0,0,0,0,0,0,0,0,0,0,0,0,0,0,0,0,0,0,0,0,0,0,0,0,0,0,0,0,0,0,0,0,0,0,0,0,0,0,0,0,0,0,0,0,0,0,0,0,0,0,0,0,0,0,0,0,0,0,0,0,0,0,0,0,0,0,0,0,0,0,0,0,0,0,0,0,0,0,0,0,0,0,0,0,0,0,0,0,0,0,0,0,0,0,0,0,0,0,0,0,0,213.01805555555555,4,0.2597711354831891,0.1378719842795702,0.0,0.1079980842342799,0.0,0.0,0.0,0.0,0.4130065065791333,0.1156282726589426,0.0,0.1119970419424697,0.0,0.1409485685213208,0.2847569057010339,0.3568301123395413,0.4889738032866893,0.1239912313720007,0.1329464233961879,0.1215635193596221,0.1063908490261499,0.4228920606626915,0.0,59,100,96,8,0,1
33510,3,3,12,103,2,2,1,1595153.0,0,1,0,6808818.353316,0,12,0,15,273,0,0,0,0,0,0,0,0,0,0,0,0,0,0,0,0,0,0,0,0,0,0,0,0,0,0,0,0,0,0,0,0,0,0,0,0,0,0,0,0,0,0,0,0,0,0,0,0,0,0,0,0,0,0,0,0,0,0,0,0,0,0,0,0,0,0,0,0,0,0,0,0,0,0,0,0,0,0,0,0,0,0,0,0,0,0,0,0,0,0,0,0,0,0,0,0,0,0,0,0,0,0,0,0,0,0,0,0,0,0,0,0,0,0,0,0,0,0,0,0,0,0,0,0,0,0,0,0,0,0,0,0,0,0,0,0,0,0,0,0,0,0,0,0,0,0,0,0,0,0,0,0,0,0,537.6052777777778,4,0.2597711354831891,0.1378719842795702,0.0,0.1079980842342799,0.0,0.0,0.0,0.0,0.4130065065791333,0.1156282726589426,0.0,0.1119970419424697,0.0,0.1409485685213208,0.2847569057010339,0.3568301123395413,0.4889738032866893,0.1239912313720007,0.1329464233961879,0.1215635193596221,0.1063908490261499,0.4228920606626915,0.0,16,98,45,0,0,1
33813,4,0,4,47,2,1,1,8615.0,0,0,0,6808851.128162,0,4,0,15,240,0,0,0,0,0,0,0,0,0,0,0,0,0,0,0,0,0,0,0,0,0,0,0,0,0,0,0,0,0,0,0,0,0,0,0,0,0,0,0,0,0,0,0,0,0,0,0,0,0,0,0,0,0,0,0,0,0,0,0,0,0,0,0,0,0,0,0,0,0,0,0,0,0,0,0,0,0,0,0,0,0,0,0,0,0,0,0,0,0,0,0,0,0,0,0,0,0,0,0,0,0,0,0,0,0,0,0,0,0,0,0,0,0,0,0,0,0,0,0,0,0,0,0,0,0,0,0,0,0,0,0,0,0,0,0,0,0,0,0,0,0,0,0,0,0,0,0,0,0,0,0,0,0,0,208.07638888888889,4,0.2597711354831891,0.1378719842795702,0.0,0.1079980842342799,0.0,0.0,0.0,0.0,0.4130065065791333,0.1156282726589426,0.0,0.1119970419424697,0.0,0.1409485685213208,0.2847569057010339,0.3568301123395413,0.4889738032866893,0.1239912313720007,0.1329464233961879,0.1215635193596221,0.1063908490261499,0.4228920606626915,0.0,66,97,103,15,0,1
33601,1,11,8,54,2,4,1,1656056.0,0,2,0,6811295.531048,0,8,0,15,221,0,0,0,0,0,0,0,0,0,0,0,0,0,0,0,0,0,0,0,0,0,0,0,0,0,0,0,0,0,0,0,0,0,0,0,0,0,0,0,0,0,0,0,0,0,0,0,0,0,0,0,0,0,0,0,0,0,0,0,0,0,0,0,0,0,0,0,0,0,0,0,0,0,0,0,0,0,0,0,0,0,0,0,0,0,0,0,0,0,0,0,0,0,0,0,0,0,0,0,0,0,0,0,0,0,0,0,0,0,0,0,0,0,0,0,0,0,0,0,0,0,0,0,0,0,0,0,0,0,0,0,0,0,0,0,0,0,0,0,0,0,0,0,0,0,0,0,0,0,0,0,0,0,0,462.4755555555555,4,0.2979237242410202,0.1581212437196553,0.0,0.1238597637344287,0.0,0.0,0.0,0.0,0.4736647755223426,0.1326105979943935,0.0,0.1284460483933851,0.0,0.1616496859137377,0.3265791547317276,0.272825169205959,0.4205920422812733,0.1422018245209041,0.152472265669713,0.1394175544257407,0.1220164738783532,0.3880017768109323,0.0,32,96,63,7,3,1
33648,1,20,6,235,2,5,1,1490983.0,0,1,0,6811394.187117,0,6,0,15,229,0,0,0,0,0,0,0,0,0,0,0,0,0,0,0,0,0,0,0,0,0,0,0,0,0,0,0,0,0,0,0,0,0,0,0,0,0,0,0,0,0,0,0,0,0,0,0,0,0,0,0,0,0,0,0,0,0,0,0,0,0,0,0,0,0,0,0,0,0,0,0,0,0,0,0,0,0,0,0,0,0,0,0,0,0,0,0,0,0,0,0,0,0,0,0,0,0,0,0,0,0,0,0,0,0,0,0,0,0,0,0,0,0,0,0,0,0,0,0,0,0,0,0,0,0,0,0,0,0,0,0,0,0,0,0,0,0,0,0,0,0,0,0,0,0,0,0,0,0,0,0,0,0,0,416.6011111111111,4,0.2597711354831891,0.1378719842795702,0.0,0.1079980842342799,0.0,0.0,0.0,0.0,0.4130065065791333,0.1156282726589426,0.0,0.1119970419424697,0.0,0.1409485685213208,0.2847569057010339,0.3568301123395413,0.4889738032866893,0.1239912313720007,0.1329464233961879,0.1215635193596221,0.1063908490261499,0.4228920606626915,0.0,42,92,74,14,5,0
33635,1,11,9,82,2,5,1,1563813.0,0,1,0,6811408.947407,0,9,0,15,229,0,0,0,0,0,0,0,0,0,0,0,0,0,0,0,0,0,0,0,0,0,0,0,0,0,0,0,0,0,0,0,0,0,0,0,0,0,0,0,0,0,0,0,0,0,0,0,0,0,0,0,0,0,0,0,0,0,0,0,0,0,0,0,0,0,0,0,0,0,0,0,0,0,0,0,0,0,0,0,0,0,0,0,0,0,0,0,0,0,0,0,0,0,0,0,0,0,0,0,0,0,0,0,0,0,0,0,0,0,0,0,0,0,0,0,0,0,0,0,0,0,0,0,0,0,0,0,0,0,0,0,0,0,0,0,0,0,0,0,0,0,0,0,0,0,0,0,0,0,0,0,0,0,0,436.8175,4,0.2597711354831891,0.1378719842795702,0.0,0.1079980842342799,0.0,0.0,0.0,0.0,0.4130065065791333,0.1156282726589426,0.0,0.1119970419424697,0.0,0.1409485685213208,0.2847569057010339,0.3568301123395413,0.4889738032866893,0.1239912313720007,0.1329464233961879,0.1215635193596221,0.1063908490261499,0.4228920606626915,0.0,42,91,73,13,4,1
33612,1,8,7,82,2,3,1,1604855.0,0,1,0,6811442.213457,0,7,0,15,229,0,0,0,0,0,0,0,0,0,0,0,0,0,0,0,0,0,0,0,0,0,0,0,0,0,0,0,0,0,0,0,0,0,0,0,0,0,0,0,0,0,0,0,0,0,0,0,0,0,0,0,0,0,0,0,0,0,0,0,0,0,0,0,0,0,0,0,0,0,0,0,0,0,0,0,0,0,0,0,0,0,0,0,0,0,0,0,0,0,0,0,0,0,0,0,0,0,0,0,0,0,0,0,0,0,0,0,0,0,0,0,0,0,0,0,0,0,0,0,0,0,0,0,0,0,0,0,0,0,0,0,0,0,0,0,0,0,0,0,0,0,0,0,0,0,0,0,0,0,0,0,0,0,0,448.2052777777778,4,0.2597711354831891,0.1378719842795702,0.0,0.1079980842342799,0.0,0.0,0.0,0.0,0.4130065065791333,0.1156282726589426,0.0,0.1119970419424697,0.0,0.1409485685213208,0.2847569057010339,0.3568301123395413,0.4889738032866893,0.1239912313720007,0.1329464233961879,0.1215635193596221,0.1063908490261499,0.4228920606626915,0.0,36,90,67,10,4,1
33610,1,16,18,322,2,4,1,1608693.0,0,1,0,6811461.651886,0,18,0,15,229,0,0,0,0,0,0,0,0,0,0,0,0,0,0,0,0,0,0,0,0,0,0,0,0,0,0,0,0,0,0,0,0,0,0,0,0,0,0,0,0,0,0,0,0,0,0,0,0,0,0,0,0,0,0,0,0,0,0,0,0,0,0,0,0,0,0,0,0,0,0,0,0,0,0,0,0,0,0,0,0,0,0,0,0,0,0,0,0,0,0,0,0,0,0,0,0,0,0,0,0,0,0,0,0,0,0,0,0,0,0,0,0,0,0,0,0,0,0,0,0,0,0,0,0,0,0,0,0,0,0,0,0,0,0,0,0,0,0,0,0,0,0,0,0,0,0,0,0,0,0,0,0,0,0,449.2625,4,0.2597711354831891,0.1378719842795702,0.0,0.1079980842342799,0.0,0.0,0.0,0.0,0.4130065065791333,0.1156282726589426,0.0,0.1119970419424697,0.0,0.1409485685213208,0.2847569057010339,0.3568301123395413,0.4889738032866893,0.1239912313720007,0.1329464233961879,0.1215635193596221,0.1063908490261499,0.4228920606626915,0.0,35,89,66,9,4,1
33587,1,5,6,97,2,3,1,1680002.0,0,0,0,6811540.218214,0,6,0,15,229,0,0,0,0,0,0,0,0,0,0,0,0,0,0,0,0,0,0,0,0,0,0,0,0,0,0,0,0,0,0,0,0,0,0,0,0,0,0,0,0,0,0,0,0,0,0,0,0,0,0,0,0,0,0,0,0,0,0,0,0,0,0,0,0,0,0,0,0,0,0,0,0,0,0,0,0,0,0,0,0,0,0,0,0,0,0,0,0,0,0,0,0,0,0,0,0,0,0,0,0,0,0,0,0,0,0,0,0,0,0,0,0,0,0,0,0,0,0,0,0,0,0,0,0,0,0,0,0,0,0,0,0,0,0,0,0,0,0,0,0,0,0,0,0,0,0,0,0,0,0,0,0,0,0,469.0686111111111,4,0.2597711354831891,0.1378719842795702,0.0,0.1079980842342799,0.0,0.0,0.0,0.0,0.4130065065791333,0.1156282726589426,0.0,0.1119970419424697,0.0,0.1409485685213208,0.2847569057010339,0.3568301123395413,0.4889738032866893,0.1239912313720007,0.1329464233961879,0.1215635193596221,0.1063908490261499,0.4228920606626915,0.0,27,88,57,3,3,1
33574,1,3,4,54,2,2,1,1742742.0,0,0,0,6811570.365534,0,4,0,15,231,0,0,0,0,0,0,0,0,0,0,0,0,0,0,0,0,0,0,0,0,0,0,0,0,0,0,0,0,0,0,0,0,0,0,0,0,0,0,0,0,0,0,0,0,0,0,0,0,0,0,0,0,0,0,0,0,0,0,0,0,0,0,0,0,0,0,0,0,0,0,0,0,0,0,0,0,0,0,0,0,0,0,0,0,0,0,0,0,0,0,0,0,0,0,0,0,0,0,0,0,0,0,0,0,0,0,0,0,0,0,0,0,0,0,0,0,0,0,0,0,0,0,0,0,0,0,0,0,0,0,0,0,0,0,0,0,0,0,0,0,0,0,0,0,0,0,0,0,0,0,0,0,0,0,486.4838888888889,4,0.2597711354831891,0.1378719842795702,0.0,0.1079980842342799,0.0,0.0,0.0,0.0,0.4130065065791333,0.1156282726589426,0.0,0.1119970419424697,0.0,0.1409485685213208,0.2847569057010339,0.3568301123395413,0.4889738032866893,0.1239912313720007,0.1329464233961879,0.1215635193596221,0.1063908490261499,0.4228920606626915,0.0,24,87,53,1,2,1
33626,1,8,4,107,2,4,1,1578953.0,0,1,0,6811579.784931,0,4,0,15,221,0,0,0,0,0,0,0,0,0,0,0,0,0,0,0,0,0,0,0,0,0,0,0,0,0,0,0,0,0,0,0,0,0,0,0,0,0,0,0,0,0,0,0,0,0,0,0,0,0,0,0,0,0,0,0,0,0,0,0,0,0,0,0,0,0,0,0,0,0,0,0,0,0,0,0,0,0,0,0,0,0,0,0,0,0,0,0,0,0,0,0,0,0,0,0,0,0,0,0,0,0,0,0,0,0,0,0,0,0,0,0,0,0,0,0,0,0,0,0,0,0,0,0,0,0,0,0,0,0,0,0,0,0,0,0,0,0,0,0,0,0,0,0,0,0,0,0,0,0,0,0,0,0,0,440.98,4,0.2979237242410202,0.1581212437196553,0.0,0.1238597637344287,0.0,0.0,0.0,0.0,0.4736647755223426,0.1326105979943935,0.0,0.1284460483933851,0.0,0.1616496859137377,0.3265791547317276,0.272825169205959,0.4205920422812733,0.1422018245209041,0.152472265669713,0.1394175544257407,0.1220164738783532,0.3880017768109323,0.0,38,86,69,11,4,1
33775,2,0,3,43,2,2,1,656129.0,0,0,0,6811837.7911,0,3,0,15,240,0,0,0,0,0,0,0,0,0,0,0,0,0,0,0,0,0,0,0,0,0,0,0,0,0,0,0,0,0,0,0,0,0,0,0,0,0,0,0,0,0,0,0,0,0,0,0,0,0,0,0,0,0,0,0,0,0,0,0,0,0,0,0,0,0,0,0,0,0,0,0,0,0,0,0,0,0,0,0,0,0,0,0,0,0,0,0,0,0,0,0,0,0,0,0,0,0,0,0,0,0,0,0,0,0,0,0,0,0,0,0,0,0,0,0,0,0,0,0,0,0,0,0,0,0,0,0,0,0,0,0,0,0,0,0,0,0,0,0,0,0,0,0,0,0,0,0,0,0,0,0,0,0,0,270.01194444444445,4,0.2597711354831891,0.1378719842795702,0.0,0.1079980842342799,0.0,0.0,0.0,0.0,0.4130065065791333,0.1156282726589426,0.0,0.1119970419424697,0.0,0.1409485685213208,0.2847569057010339,0.3568301123395413,0.4889738032866893,0.1239912313720007,0.1329464233961879,0.1215635193596221,0.1063908490261499,0.4228920606626915,0.0,51,80,86,3,4,1
33665,12,0,13,51,4,2,1,2937.0,0,0,0,6817844.514419,0,13,0,15,153,0,0,0,0,0,0,0,0,0,0,0,0,0,0,0,0,0,0,0,0,0,0,0,0,0,0,0,0,0,0,0,0,0,0,0,0,0,0,0,0,0,0,0,0,0,0,0,0,0,0,0,0,0,0,0,0,0,0,0,0,0,0,0,0,0,0,0,0,0,0,0,0,0,0,0,0,0,0,0,0,0,0,0,0,0,0,0,0,0,0,0,0,0,0,0,0,0,0,0,0,0,0,0,0,0,0,0,0,0,0,0,0,0,0,0,0,0,0,0,0,0,0,0,0,0,0,0,0,0,0,0,0,0,0,0,0,0,0,0,0,0,0,0,0,0,0,0,0,0,0,0,0,1,1,237.95833333333337,4,0.0,0.0,0.0,0.0,0.0,0.0,0.0,0.0,0.0,0.0,0.0,0.3267675074696071,0.0,0.0,0.0,0.0,0.3566628817750408,0.0,0.0,0.0,0.6208212636849516,0.6169242606533183,0.0,41,19,76,1,0,1
32472,3,9,7,117,11,7,2,1216.0,0,0,0,6853858.416845,0,7,0,15,506,0,0,0,0,0,0,0,0,0,0,0,0,0,0,0,0,0,0,0,0,0,0,0,0,0,0,0,0,0,0,0,0,0,0,0,0,0,0,0,0,0,0,0,0,0,0,0,0,0,0,0,0,0,0,0,0,0,0,0,0,0,0,0,0,0,0,0,0,0,0,0,0,0,0,0,0,0,0,0,0,0,0,0,0,0,0,0,0,0,0,0,0,0,0,0,0,0,0,0,0,0,0,0,0,0,0,0,0,0,0,0,0,0,0,0,0,0,0,0,0,0,0,0,0,0,0,0,0,0,0,0,0,0,0,0,0,0,0,0,0,0,0,0,0,0,0,0,0,0,0,0,0,0,0,1509.0880555555557,4,0.170916448951182,0.2721386645104259,0.0,0.2842294085756622,0.0,0.0,0.0872448378969512,0.0873845365705951,0.2717376792727098,0.1521552710193582,0.09685415734387,0.1473769336707718,0.0,0.2782113813947067,0.1873558393861543,0.3130352188230837,0.5630106492848416,0.0815800451723328,0.0874721148112596,0.0799827317700564,0.0699998715508853,0.3338902568847997,0.0896567759565025,7,71,7,0,1,1
32421,1,16,15,162,37,3,2,1077.0,0,0,0,6870845.430461,0,15,0,15,31,0,0,0,0,0,0,0,0,0,0,0,0,0,0,0,0,0,0,0,0,0,0,0,0,0,0,0,0,0,0,0,0,0,0,0,0,0,0,0,0,0,0,0,0,0,0,0,0,0,0,0,0,0,0,0,0,0,0,0,0,0,0,0,0,0,0,0,0,0,0,0,0,0,0,0,0,0,0,0,0,0,0,0,0,0,0,0,0,0,0,0,0,0,0,0,0,0,0,0,0,0,0,0,0,0,0,0,0,0,0,0,0,0,0,0,0,0,0,0,0,0,0,0,0,0,0,0,0,0,0,0,0,0,0,0,0,0,0,0,0,0,0,0,0,0,0,0,0,0,0,0,0,0,0,1538.0538888888889,4,0.3645714486442759,0.0,0.0,0.0,0.0,0.0,0.0,0.0,0.0,0.0,0.4131873867817228,0.0,0.0,0.0,0.0,0.0,0.6862420933786381,0.0,0.0,0.0,0.0,0.4748006229073521,0.0,6,68,6,1,0,1
33795,2,2,3,63,2,2,1,470449.0,0,1,0,6903770.936546,0,3,0,15,273,0,0,0,0,0,0,0,0,0,0,0,0,0,0,0,0,0,0,0,0,0,0,0,0,0,0,0,0,0,0,0,0,0,0,0,0,0,0,0,0,0,0,0,0,0,0,0,0,0,0,0,0,0,0,0,0,0,0,0,0,0,0,0,0,0,0,0,0,0,0,0,0,0,0,0,0,0,0,0,0,0,0,0,0,0,0,0,0,0,0,0,0,0,0,0,0,0,0,0,0,0,0,0,0,0,0,0,0,0,0,0,0,0,0,0,0,0,0,0,0,0,0,0,0,0,0,0,0,0,0,0,0,0,0,0,0,0,0,0,0,0,0,0,0,0,0,0,0,0,0,0,0,0,0,198.87055555555557,4,0.2597711354831891,0.1378719842795702,0.0,0.1079980842342799,0.0,0.0,0.0,0.0,0.4130065065791333,0.1156282726589426,0.0,0.1119970419424697,0.0,0.1409485685213208,0.2847569057010339,0.3568301123395413,0.4889738032866893,0.1239912313720007,0.1329464233961879,0.1215635193596221,0.1063908490261499,0.4228920606626915,0.0,54,65,91,2,6,0
33590,1,6,5,379,2,5,2,1593957.0,0,0,0,6903782.665364,0,5,0,15,259,0,0,0,0,0,0,0,0,0,0,0,0,0,0,0,0,0,0,0,0,0,0,0,0,0,0,0,0,0,0,0,0,0,0,0,0,0,0,0,0,0,0,0,0,0,0,0,0,0,0,0,0,0,0,0,0,0,0,0,0,0,0,0,0,0,0,0,0,0,0,0,0,0,0,0,0,0,0,0,0,0,0,0,0,0,0,0,0,0,0,0,0,0,0,0,0,0,0,0,0,0,0,0,0,0,0,0,0,0,0,0,0,0,0,0,0,0,0,0,0,0,0,0,0,0,0,0,0,0,0,0,0,0,0,0,0,0,0,0,0,0,0,0,0,0,0,0,0,0,0,0,0,0,0,442.7744444444445,4,0.2597711354831891,0.1378719842795702,0.0,0.1079980842342799,0.0,0.0,0.0,0.0,0.4130065065791333,0.1156282726589426,0.0,0.1119970419424697,0.0,0.1409485685213208,0.2847569057010339,0.3568301123395413,0.4889738032866893,0.1239912313720007,0.1329464233961879,0.1215635193596221,0.1063908490261499,0.4228920606626915,0.0,29,64,59,0,3,1
33799,2,3,4,188,2,3,1,40094.0,0,0,0,6905496.032448,0,4,0,15,240,0,0,0,0,0,0,0,0,0,0,0,0,0,0,0,0,0,0,0,0,0,0,0,0,0,0,0,0,0,0,0,0,0,0,0,0,0,0,0,0,0,0,0,0,0,0,0,0,0,0,0,0,0,0,0,0,0,0,0,0,0,0,0,0,0,0,0,0,0,0,0,0,0,0,0,0,0,0,0,0,0,0,0,0,0,0,0,0,0,0,0,0,0,0,0,0,0,0,0,0,0,0,0,0,0,0,0,0,0,0,0,0,0,0,0,0,0,0,0,0,0,0,0,0,0,0,0,0,0,0,0,0,0,0,0,0,0,0,0,0,0,0,0,0,0,0,0,0,0,0,0,0,0,0,188.51666666666668,4,0.2597711354831891,0.1378719842795702,0.0,0.1079980842342799,0.0,0.0,0.0,0.0,0.4130065065791333,0.1156282726589426,0.0,0.1119970419424697,0.0,0.1409485685213208,0.2847569057010339,0.3568301123395413,0.4889738032866893,0.1239912313720007,0.1329464233961879,0.1215635193596221,0.1063908490261499,0.4228920606626915,0.0,58,62,95,7,0,1
33543,1,16,8,112,2,4,1,1753257.0,0,2,0,6903794.171319,0,8,0,15,270,0,0,0,0,0,0,0,0,0,0,0,0,0,0,0,0,0,0,0,0,0,0,0,0,0,0,0,0,0,0,0,0,0,0,0,0,0,0,0,0,0,0,0,0,0,0,0,0,0,0,0,0,0,0,0,0,0,0,0,0,0,0,0,0,0,0,0,0,0,0,0,0,0,0,0,0,0,0,0,0,0,0,0,0,0,0,0,0,0,0,0,0,0,0,0,0,0,0,0,0,0,0,0,0,0,0,0,0,0,0,0,0,0,0,0,0,0,0,0,0,0,0,0,0,0,0,0,0,0,0,0,0,0,0,0,0,0,0,0,0,0,0,0,0,0,0,0,0,0,0,0,0,0,0,487.0572222222222,4,0.2597711354831891,0.1378719842795702,0.0,0.1079980842342799,0.0,0.0,0.0,0.0,0.4130065065791333,0.1156282726589426,0.0,0.1119970419424697,0.0,0.1409485685213208,0.2847569057010339,0.3568301123395413,0.4889738032866893,0.1239912313720007,0.1329464233961879,0.1215635193596221,0.1063908490261499,0.4228920606626915,0.0,19,63,49,0,1,1
33797,2,3,4,56,2,3,1,72047.0,0,0,0,6905512.892636,0,4,0,15,240,0,0,0,0,0,0,0,0,0,0,0,0,0,0,0,0,0,0,0,0,0,0,0,0,0,0,0,0,0,0,0,0,0,0,0,0,0,0,0,0,0,0,0,0,0,0,0,0,0,0,0,0,0,0,0,0,0,0,0,0,0,0,0,0,0,0,0,0,0,0,0,0,0,0,0,0,0,0,0,0,0,0,0,0,0,0,0,0,0,0,0,0,0,0,0,0,0,0,0,0,0,0,0,0,0,0,0,0,0,0,0,0,0,0,0,0,0,0,0,0,0,0,0,0,0,0,0,0,0,0,0,0,0,0,0,0,0,0,0,0,0,0,0,0,0,0,0,0,0,0,0,0,0,0,197.28305555555556,4,0.2597711354831891,0.1378719842795702,0.0,0.1079980842342799,0.0,0.0,0.0,0.0,0.4130065065791333,0.1156282726589426,0.0,0.1119970419424697,0.0,0.1409485685213208,0.2847569057010339,0.3568301123395413,0.4889738032866893,0.1239912313720007,0.1329464233961879,0.1215635193596221,0.1063908490261499,0.4228920606626915,0.0,56,61,93,6,6,0
33809,3,0,3,47,2,1,1,9324.0,0,0,0,6905553.938909,0,3,0,15,240,0,0,0,0,0,0,0,0,0,0,0,0,0,0,0,0,0,0,0,0,0,0,0,0,0,0,0,0,0,0,0,0,0,0,0,0,0,0,0,0,0,0,0,0,0,0,0,0,0,0,0,0,0,0,0,0,0,0,0,0,0,0,0,0,0,0,0,0,0,0,0,0,0,0,0,0,0,0,0,0,0,0,0,0,0,0,0,0,0,0,0,0,0,0,0,0,0,0,0,0,0,0,0,0,0,0,0,0,0,0,0,0,0,0,0,0,0,0,0,0,0,0,0,0,0,0,0,0,0,0,0,0,0,0,0,0,0,0,0,0,0,0,0,0,0,0,0,0,0,0,0,0,0,0,181.40583333333333,4,0.2597711354831891,0.1378719842795702,0.0,0.1079980842342799,0.0,0.0,0.0,0.0,0.4130065065791333,0.1156282726589426,0.0,0.1119970419424697,0.0,0.1409485685213208,0.2847569057010339,0.3568301123395413,0.4889738032866893,0.1239912313720007,0.1329464233961879,0.1215635193596221,0.1063908490261499,0.4228920606626915,0.0,65,60,102,14,0,1
33806,3,0,3,33,2,1,1,10641.0,0,0,0,6905571.256282,0,3,0,15,240,0,0,0,0,0,0,0,0,0,0,0,0,0,0,0,0,0,0,0,0,0,0,0,0,0,0,0,0,0,0,0,0,0,0,0,0,0,0,0,0,0,0,0,0,0,0,0,0,0,0,0,0,0,0,0,0,0,0,0,0,0,0,0,0,0,0,0,0,0,0,0,0,0,0,0,0,0,0,0,0,0,0,0,0,0,0,0,0,0,0,0,0,0,0,0,0,0,0,0,0,0,0,0,0,0,0,0,0,0,0,0,0,0,0,0,0,0,0,0,0,0,0,0,0,0,0,0,0,0,0,0,0,0,0,0,0,0,0,0,0,0,0,0,0,0,0,0,0,0,0,0,0,0,0,181.70666666666668,4,0.2597711354831891,0.1378719842795702,0.0,0.1079980842342799,0.0,0.0,0.0,0.0,0.4130065065791333,0.1156282726589426,0.0,0.1119970419424697,0.0,0.1409485685213208,0.2847569057010339,0.3568301123395413,0.4889738032866893,0.1239912313720007,0.1329464233961879,0.1215635193596221,0.1063908490261499,0.4228920606626915,0.0,63,59,100,12,0,1
33796,3,0,3,119,2,1,1,73289.0,0,0,0,6910710.08831,0,3,0,15,240,0,0,0,0,0,0,0,0,0,0,0,0,0,0,0,0,0,0,0,0,0,0,0,0,0,0,0,0,0,0,0,0,0,0,0,0,0,0,0,0,0,0,0,0,0,0,0,0,0,0,0,0,0,0,0,0,0,0,0,0,0,0,0,0,0,0,0,0,0,0,0,0,0,0,0,0,0,0,0,0,0,0,0,0,0,0,0,0,0,0,0,0,0,0,0,0,0,0,0,0,0,0,0,0,0,0,0,0,0,0,0,0,0,0,0,0,0,0,0,0,0,0,0,0,0,0,0,0,0,0,0,0,0,0,0,0,0,0,0,0,0,0,0,0,0,0,0,0,0,0,0,0,0,0,195.86555555555557,4,0.2597711354831891,0.1378719842795702,0.0,0.1079980842342799,0.0,0.0,0.0,0.0,0.4130065065791333,0.1156282726589426,0.0,0.1119970419424697,0.0,0.1409485685213208,0.2847569057010339,0.3568301123395413,0.4889738032866893,0.1239912313720007,0.1329464233961879,0.1215635193596221,0.1063908490261499,0.4228920606626915,0.0,55,58,92,5,6,0
33802,3,0,3,43,2,1,1,25568.0,0,0,0,6910722.006552,0,3,0,15,240,0,0,0,0,0,0,0,0,0,0,0,0,0,0,0,0,0,0,0,0,0,0,0,0,0,0,0,0,0,0,0,0,0,0,0,0,0,0,0,0,0,0,0,0,0,0,0,0,0,0,0,0,0,0,0,0,0,0,0,0,0,0,0,0,0,0,0,0,0,0,0,0,0,0,0,0,0,0,0,0,0,0,0,0,0,0,0,0,0,0,0,0,0,0,0,0,0,0,0,0,0,0,0,0,0,0,0,0,0,0,0,0,0,0,0,0,0,0,0,0,0,0,0,0,0,0,0,0,0,0,0,0,0,0,0,0,0,0,0,0,0,0,0,0,0,0,0,0,0,0,0,0,0,0,184.34527777777777,4,0.2597711354831891,0.1378719842795702,0.0,0.1079980842342799,0.0,0.0,0.0,0.0,0.4130065065791333,0.1156282726589426,0.0,0.1119970419424697,0.0,0.1409485685213208,0.2847569057010339,0.3568301123395413,0.4889738032866893,0.1239912313720007,0.1329464233961879,0.1215635193596221,0.1063908490261499,0.4228920606626915,0.0,60,57,97,9,0,1
33566,4,0,5,67,2,2,2,401386.0,0,0,0,6913603.399223,0,5,0,15,286,0,0,0,0,0,0,0,0,0,0,0,0,0,0,0,0,0,0,0,0,0,0,0,0,0,0,0,0,0,0,0,0,0,0,0,0,0,0,0,0,0,0,0,0,0,0,0,0,0,0,0,0,0,0,0,0,0,0,0,0,0,0,0,0,0,0,0,0,0,0,0,0,0,0,0,0,0,0,0,0,0,0,0,0,0,0,0,0,0,0,0,0,0,0,0,0,0,0,0,0,0,0,0,0,0,0,0,0,0,0,0,0,0,0,0,0,0,0,0,0,0,0,0,0,0,0,0,0,0,0,0,0,0,0,0,0,0,0,0,0,0,0,0,0,0,0,0,0,0,0,0,0,0,0,460.72333333333336,4,0.2267716820877612,0.1203577207671666,0.0,0.0942787857415678,0.0,0.0,0.0,0.0,0.3605411357036667,0.1009396900044254,0.0,0.0977697446750815,0.0,0.1230434779136978,0.2485834400801176,0.4153346477816005,0.5335726179792811,0.1082402786978655,0.1160578676496422,0.1061209657278247,0.092875722114116,0.4430050802664834,0.0,19,56,48,1,2,1
33764,1,5,4,104,2,3,1,881397.0,0,0,0,6913726.329621,0,4,0,15,228,0,0,0,0,0,0,0,0,0,0,0,0,0,0,0,0,0,0,0,0,0,0,0,0,0,0,0,0,0,0,0,0,0,0,0,0,0,0,0,0,0,0,0,0,0,0,0,0,0,0,0,0,0,0,0,0,0,0,0,0,0,0,0,0,0,0,0,0,0,0,0,0,0,0,0,0,0,0,0,0,0,0,0,0,0,0,0,0,0,0,0,0,0,0,0,0,0,0,0,0,0,0,0,0,0,0,0,0,0,0,0,0,0,0,0,0,0,0,0,0,0,0,0,0,0,0,0,0,0,0,0,0,0,0,0,0,0,0,0,0,0,0,0,0,0,0,0,0,0,0,0,0,0,0,244.8488888888889,4,0.2597711354831891,0.1378719842795702,0.0,0.1079980842342799,0.0,0.0,0.0,0.0,0.4130065065791333,0.1156282726589426,0.0,0.1119970419424697,0.0,0.1409485685213208,0.2847569057010339,0.3568301123395413,0.4889738032866893,0.1239912313720007,0.1329464233961879,0.1215635193596221,0.1063908490261499,0.4228920606626915,0.0,47,55,82,0,4,1
32049,7,0,2,4,1,2,1,868429.0,0,0,0,6936061.275595,1,2,0,15,482,0,0,0,0,0,0,0,0,0,0,0,1,0,0,0,0,0,0,0,0,0,0,0,0,0,0,0,0,0,0,0,0,0,0,0,0,0,0,0,0,0,0,0,0,0,0,0,0,0,0,0,0,0,0,0,0,0,0,0,0,0,0,0,0,0,0,0,0,0,0,0,0,0,0,0,0,0,0,0,0,0,0,0,0,0,0,0,0,0,0,0,0,0,0,0,0,0,0,0,0,0,0,0,0,0,0,0,0,0,0,0,0,0,0,0,0,0,0,0,0,0,0,0,0,0,0,0,0,0,0,0,0,0,0,0,0,0,0,0,0,0,0,0,0,0,0,0,0,0,0,0,0,0,1,1947.558888888889,4,0.1143991129051402,0.0,0.1266660084122244,0.0951213075222961,0.0,0.0,0.0,0.0,0.2425087395427036,0.2036834738291044,0.0,0.295930390165634,0.0,0.2482861103732128,0.0,0.1047615708177266,0.3230045318110591,0.1092075672733148,0.1170950180599978,0.1070693150761361,0.0,0.4469639924031,0.6000976323986432,1,52,1,0,3,1
33570,2,0,1,3,1,1,1,1450.0,0,0,0,6956741.126251,0,1,0,15,117,0,0,0,0,0,0,0,0,0,0,0,0,0,0,0,0,0,0,0,0,0,0,0,0,0,0,0,0,0,0,0,0,0,0,0,0,0,0,0,0,0,0,0,0,0,0,0,0,0,0,0,0,0,0,0,0,0,0,0,0,0,0,0,0,0,0,0,0,0,0,0,0,0,0,0,0,0,0,0,0,0,0,0,0,0,0,0,0,0,0,0,0,0,0,0,0,0,0,0,0,0,0,0,0,0,0,0,0,0,0,0,0,0,0,0,0,0,0,0,0,0,0,0,0,0,0,0,0,0,0,0,0,0,0,0,0,0,0,0,0,0,0,0,0,0,0,0,0,0,0,0,0,0,0,447.33222222222224,4,0.240607073199028,0.0,0.0,0.0,0.0,0.0,0.0,0.0,0.0,0.2141960861954795,0.0,0.2074693973878425,0.0,0.2611007761153072,0.0,0.0,0.6793512034793868,0.0,0.0,0.0,0.197084181440922,0.4700329194276046,0.2524280674883031,21,46,50,0,2,1
33393,1,8,7,184,5,2,1,1223.0,0,0,0,6956633.336988,0,7,0,15,42,0,0,0,0,0,0,0,0,0,0,0,0,0,0,0,0,0,0,0,0,0,0,0,0,0,0,0,0,0,0,0,0,0,0,0,0,0,0,0,0,0,0,0,0,0,0,0,0,0,0,0,0,0,0,0,0,0,0,0,0,0,0,0,0,0,0,0,0,0,0,0,0,0,0,0,0,0,0,0,0,0,0,0,0,0,0,0,0,0,0,0,0,0,0,0,0,0,0,0,0,0,0,0,0,0,0,0,0,0,0,0,0,0,0,0,0,0,0,0,0,0,0,0,0,0,0,0,0,0,0,0,0,0,0,0,0,0,0,0,0,0,0,0,0,0,0,0,0,0,0,0,0,0,0,660.0525,4,0.8679409576875589,0.0,0.0,0.0,0.0,0.0,0.0,0.0,0.0,0.0,0.0,0.0,0.0,0.0,0.0,0.0,0.4084368248991253,0.0,0.0,0.0,0.0,0.282591319814895,0.0,14,47,40,0,0,1
33121,7,30,13,66,2,3,1,91490.0,0,0,0,6957217.221515,0,13,0,15,396,0,0,0,0,0,0,0,0,0,0,0,0,0,0,0,0,0,0,0,0,0,0,0,0,0,0,0,0,0,0,0,0,0,0,0,0,0,0,0,0,0,0,0,0,0,0,0,0,0,0,0,0,0,0,0,0,0,0,0,0,0,0,0,0,0,0,0,0,0,0,0,0,0,0,0,0,0,0,0,0,0,0,0,0,0,0,0,0,0,0,0,0,0,0,0,0,0,0,0,0,0,0,0,0,0,0,0,0,0,0,0,0,0,0,0,0,0,0,0,0,0,0,0,0,0,0,0,0,0,0,0,0,0,0,0,0,0,0,0,0,0,0,0,0,0,0,0,0,0,0,0,0,0,0,1002.8341666666666,4,0.1902280139727556,0.1009623863836977,0.0,0.3163440162593269,0.0,0.0,0.0,0.0,0.2016272448392909,0.084673520890216,0.0,0.0820144040249543,0.2076078494498544,0.2064306814707584,0.1042624318821604,0.0871011367625163,0.1790355100671901,0.1815952773202434,0.0973554434383052,0.2670595424272924,0.0779090405001117,0.6193599352374229,0.3991477832371107,14,45,26,0,0,1
33325,15,20,32,338,2,3,4,1874.0,0,0,0,7124231.484823,1,32,0,15,151,0,0,0,0,0,0,0,0,0,0,0,0,0,0,0,0,0,0,0,0,0,0,0,0,0,0,0,0,0,0,0,0,0,0,0,0,0,0,0,0,0,0,0,0,0,0,0,0,0,0,0,0,0,0,0,0,0,0,0,0,0,0,0,0,0,0,0,0,0,0,0,0,0,0,0,0,0,0,0,0,0,0,0,0,0,0,0,0,0,0,0,0,0,0,0,0,0,0,0,0,0,0,0,0,0,0,0,0,0,0,0,0,0,0,0,0,0,0,0,0,0,0,0,0,0,0,0,0,0,0,0,0,0,0,0,0,0,0,0,0,0,0,0,0,0,0,0,0,0,0,0,0,0,0,695.9330555555556,4,0.2726726844509636,0.1447194046180866,0.0,0.1133618155417737,0.0,0.0,0.0,0.0,0.2890123329398534,0.2427419154610594,0.0,0.1175593817235196,0.0,0.1479487876000614,0.4483490616597522,0.1248507003977201,0.3849440373361091,0.1301492632878447,0.1395492154590782,0.1276009788132906,0.111674756900983,0.5326740241531943,0.0,20,33,35,0,3,1
33363,9,30,31,2684,16,2,1,862730.0,0,0,0,7173485.518717,0,31,0,15,448,0,0,0,0,0,0,0,0,0,0,0,0,0,0,0,0,0,0,0,0,0,0,0,0,0,0,0,0,0,0,0,0,0,0,0,0,0,0,0,0,0,0,0,0,0,0,0,0,0,0,0,0,0,0,0,0,0,0,0,0,0,0,0,0,0,0,0,0,0,0,0,0,0,0,0,0,0,0,0,0,0,0,0,0,0,0,0,0,0,0,0,0,0,0,0,0,0,0,0,0,0,0,0,0,0,0,0,0,0,0,0,0,0,0,0,0,0,0,0,0,0,0,0,0,0,0,0,0,0,0,0,0,0,0,0,0,0,0,0,0,0,0,0,0,0,0,0,0,0,0,0,0,0,0,670.3997222222222,4,0.0822152828574038,0.261811632718292,0.0,0.2734435610596514,0.0,0.0,0.0839340984388803,0.0840684958715313,0.2614258639412927,0.1463813310171743,0.0,0.1417843204998971,0.0,0.2676539040668698,0.1802461193716776,0.3011562575492081,0.6190236566860952,0.0784842714732371,0.0841527507208752,0.0769475724137149,0.1346870772205607,0.32121989523613,0.0862545090373615,12,37,36,0,4,1
32613,6,2,15,60,7,2,2,1161.0,0,0,0,7183046.417888,0,15,0,15,84,0,0,0,0,0,0,0,0,0,0,0,0,0,0,0,0,0,0,0,0,0,0,0,0,0,0,0,0,0,0,0,0,0,0,0,0,0,0,0,0,0,0,0,0,0,0,0,0,0,0,0,0,0,0,0,0,0,0,0,0,0,0,0,0,0,0,0,0,0,0,0,0,0,0,0,0,0,0,0,0,0,0,0,0,0,0,0,0,0,0,0,0,0,0,0,0,0,0,0,0,0,0,0,0,0,0,0,0,0,0,0,0,0,0,0,0,0,0,0,0,0,0,0,0,0,0,0,0,0,0,0,0,0,0,0,0,0,0,0,0,0,0,0,0,0,0,0,0,0,0,0,0,1,1,1289.4980555555555,4,0.0,0.0,0.3688247998598182,0.0,0.0,0.0,0.0,0.0,0.0,0.2965417376431744,0.0,0.0,0.3635398160898736,0.0,0.0,0.0,0.3135071076351763,0.0,0.0,0.0,0.0,0.6507326121232261,0.3494716411138127,12,35,13,0,6,0
33582,7,0,1,2,1,1,1,147065.0,0,0,0,7187929.662872,0,1,0,15,374,0,0,0,0,0,0,0,0,0,0,0,0,0,0,0,0,0,0,0,0,0,0,0,0,0,0,0,0,0,0,0,0,0,0,0,0,0,0,0,0,0,0,0,0,0,0,0,0,0,0,0,0,0,0,0,0,0,0,0,0,0,0,0,0,0,0,0,0,0,0,0,0,0,0,0,0,0,0,0,0,0,0,0,0,0,0,0,0,0,0,0,0,0,0,0,0,0,0,0,0,0,0,0,0,0,0,0,0,0,0,0,0,0,0,0,0,0,0,0,0,0,0,0,0,0,0,0,0,0,0,0,0,0,0,0,0,0,0,0,0,0,0,0,0,0,0,0,0,0,0,0,0,0,0,368.8594444444444,4,0.1346483530124078,0.1429276241585976,0.0,0.1119582754534491,0.0,0.0,0.0,0.0,0.428151078377892,0.2397365118528159,0.0,0.1161038712924362,0.0,0.1461170239376386,0.1475993408206625,0.2466098313418966,0.6336300331857553,0.1285378767057104,0.1378214474513501,0.1260211427087081,0.2205842087931261,0.2630394760264945,0.1412636091262767,24,34,54,0,3,1
33753,2,0,4,59,3,2,3,1409.0,0,0,0,7205917.770077,0,4,0,15,71,0,0,0,0,0,0,0,0,0,0,0,0,0,0,0,0,0,0,0,0,0,0,0,0,0,0,0,0,0,0,0,0,0,0,0,0,0,0,0,0,0,0,0,0,0,0,0,0,0,0,0,0,0,0,0,0,0,0,0,0,0,0,0,0,0,0,0,0,0,0,0,0,0,0,0,0,0,0,0,0,0,0,0,0,0,0,0,0,0,0,0,0,0,0,0,0,0,0,0,0,0,0,0,0,0,0,0,0,0,0,0,0,0,0,0,0,0,0,0,0,0,0,0,0,0,0,0,0,0,0,0,0,0,0,0,0,0,0,0,0,0,0,0,0,0,0,0,0,0,0,0,0,0,0,169.6913888888889,4,0.6263907469268352,0.0,0.0,0.2604176962322888,0.0,0.0,0.0,0.0,0.0,0.2788165049283622,0.0,0.2700604538893415,0.0,0.0,0.0,0.0,0.5895356027502637,0.0,0.0,0.0,0.0,0.2039454254647736,0.0,45,29,80,4,4,1
32568,4,26,9,569,6,6,1,1164.0,0,0,0,7272593.945693,1,9,0,15,434,0,0,0,0,0,0,0,0,0,0,0,0,0,0,0,0,0,0,0,0,0,0,0,0,0,0,0,0,0,0,0,0,0,0,0,0,0,0,0,0,0,0,0,0,0,0,0,0,0,0,0,0,0,0,0,0,0,0,0,0,0,0,0,0,0,0,0,0,0,0,0,0,0,0,0,0,0,0,0,0,0,0,0,0,0,0,0,0,0,0,0,0,0,0,0,0,0,0,0,0,0,0,0,0,0,0,0,0,0,0,0,0,0,0,0,0,0,0,0,0,0,0,0,0,0,0,0,0,0,0,0,0,0,0,0,0,0,0,0,0,0,0,0,0,0,0,0,0,0,0,0,0,0,0,1319.965,4,0.1759087612004662,0.280087584562745,0.0,0.2925314881399548,0.0,0.0,0.0897931793561408,0.0899369584995342,0.279674886915098,0.1565995865195009,0.1993663563691466,0.151681678332514,0.0,0.2863376799209753,0.1928283311075893,0.322178689606485,0.4966762906643741,0.0839629232470307,0.090027094820046,0.0823189537896287,0.0720445034066034,0.3436428841456124,0.0922755679076903,10,24,11,1,4,1
32481,9,4,2,22,1,3,3,76541.0,0,0,0,7276459.168547,0,2,0,15,145,0,0,0,0,0,0,0,0,0,0,0,0,0,0,0,0,0,0,0,0,0,0,0,0,0,0,0,0,0,0,0,0,0,0,0,0,0,0,0,0,0,0,0,0,0,0,0,0,0,0,0,0,0,0,0,0,0,0,0,0,0,0,0,0,0,0,0,0,0,0,0,0,0,0,0,0,0,0,0,0,0,0,0,0,0,0,0,0,0,0,0,0,0,0,0,0,0,0,0,0,0,0,0,0,0,0,0,0,0,0,0,0,0,0,0,0,0,0,0,0,0,0,0,0,0,0,0,0,0,0,0,0,0,0,0,0,0,0,0,0,0,0,0,0,0,0,0,0,0,0,0,0,0,0,1381.2219444444445,4,0.0,0.0,0.0,0.0,0.0,0.0,0.0,0.0,0.0,0.0,0.0,0.0,0.0,0.0,0.0,0.0,0.0,0.0,0.0,0.0,0.7985655638018686,0.3174211315556199,0.5114067515703655,9,22,9,1,2,1
33372,5,0,2,2,1,1,0,75295.0,0,0,0,7279451.064606,0,2,0,15,405,0,0,0,0,0,0,0,0,0,0,0,0,0,0,0,0,0,0,0,0,0,0,0,0,0,0,0,0,0,0,0,0,0,0,0,0,0,0,0,0,0,0,0,0,0,0,0,0,0,0,0,0,0,0,0,0,0,0,0,0,0,0,0,0,0,0,0,0,0,0,0,0,0,0,0,0,0,0,0,0,0,0,0,0,0,0,0,0,0,0,0,0,0,0,0,0,0,0,0,0,0,0,0,0,0,0,0,0,0,0,0,0,0,0,0,0,0,0,0,0,0,0,0,0,0,0,0,0,0,0,0,0,0,0,0,0,0,0,0,0,0,0,0,0,0,0,0,0,0,0,0,0,0,0,608.8325,4,0.0749642179702364,0.3182945006510643,0.0,0.2493269134570323,0.0,0.0,0.2295943223142805,0.076653984878626,0.1589127533343808,0.2002066092294041,0.0849607654149572,0.3231987514155642,0.0,0.2440478814608455,0.1643491199112365,0.3432443237648369,0.423321151941737,0.0715622671293299,0.076730808781333,0.1403221977769505,0.0614041031279315,0.3905194169251587,0.1572944005461195,13,18,37,0,6,0
33685,2,14,16,1147,34,4,3,1601.0,0,0,0,7283812.748994,0,16,0,15,122,0,0,0,0,0,0,0,0,0,0,0,0,0,0,0,0,0,0,0,0,0,0,0,0,0,0,0,0,0,0,0,0,0,0,0,0,0,0,0,0,0,0,0,0,0,0,0,0,0,0,0,0,0,0,0,0,0,0,0,0,0,0,0,0,0,0,0,0,0,0,0,0,0,0,0,0,0,0,0,0,0,0,0,0,0,0,0,0,0,0,0,0,0,0,0,0,0,0,0,0,0,0,0,0,0,0,0,0,0,0,0,0,0,0,0,0,0,0,0,0,0,0,0,0,0,0,0,0,0,0,0,0,0,0,0,0,0,0,0,0,0,0,0,0,0,0,0,0,0,0,0,0,0,0,210.79694444444445,4,0.0,0.0,0.0,0.5497380103654436,0.0,0.0,0.0,0.0,0.0,0.0,0.3746580061553832,0.0,0.0,0.0,0.0,0.0,0.4666879411198483,0.0,0.0,0.0,0.5415567700057535,0.2152629295939478,0.0,41,17,78,1,1,1
32652,3,7,5,175,2,2,0,3372240.0,0,0,0,7284506.080148,0,5,0,15,125,0,0,0,0,0,0,0,0,0,0,0,0,0,0,0,0,0,0,0,0,0,0,0,0,0,0,0,0,0,0,0,0,0,0,0,0,0,0,0,0,0,0,0,0,0,0,0,0,0,0,0,0,0,0,0,0,0,0,0,0,0,0,0,0,0,0,0,0,0,0,0,0,0,0,0,0,0,0,0,0,0,0,0,0,0,0,0,0,0,0,0,0,0,0,0,0,0,0,0,0,0,0,0,0,0,0,0,0,0,0,0,0,0,0,0,0,0,0,0,0,0,0,0,0,0,0,0,0,0,0,0,0,0,0,0,0,0,0,0,0,0,0,0,0,0,0,0,0,0,0,0,0,0,0,1225.564722222222,4,0.3632077822991379,0.1927703690335716,0.0,0.151001167217159,0.0,0.0,0.0,0.0,0.3849726594930044,0.3233391454783275,0.0,0.1565924449316672,0.0,0.1970719991489584,0.1990712401931399,0.166304689086321,0.3418376147984819,0.1733625257763792,0.1858835298098642,0.1699681382727912,0.2975079141093487,0.3547684862357973,0.0,11,16,14,0,1,1
33632,3,0,4,3,1,1,1,594542.0,0,0,0,7284986.157672,0,4,0,15,247,0,0,0,0,0,0,0,0,0,0,0,0,0,0,0,0,0,0,0,0,0,0,0,0,0,0,0,0,0,0,0,0,0,0,0,0,0,0,0,0,0,0,0,0,0,0,0,0,0,0,0,0,0,0,0,0,0,0,0,0,0,0,0,0,0,0,0,0,0,0,0,0,0,0,0,0,0,0,0,0,0,0,0,0,0,0,0,0,0,0,0,0,0,0,0,0,0,0,0,0,0,0,0,0,0,0,0,0,0,0,0,0,0,0,0,0,0,0,0,0,0,0,0,0,0,0,0,0,0,0,0,0,0,0,0,0,0,0,0,0,0,0,0,0,0,0,0,0,0,0,0,0,0,0,307.3961111111111,4,0.1292281601825503,0.1371741539800087,0.0,0.1074514587841054,0.0,0.0,0.0,0.0,0.2739440669026791,0.4601721099769664,0.0,0.111430176021615,0.1410348552958292,0.1402351662858489,0.1416578133462482,0.236682692912743,0.2432494467049529,0.1233636576224573,0.132273523510479,0.1209482333203754,0.1058523584949919,0.5049019431994622,0.406731368777755,41,15,72,0,4,1
33630,2,1,1,3,1,3,1,1434.0,0,0,0,7289478.359648,0,1,0,15,37,0,0,0,0,0,0,0,0,0,0,0,0,0,0,0,0,0,0,0,0,0,0,0,0,0,0,0,0,0,0,0,0,0,0,0,0,0,0,0,0,0,0,0,0,0,0,0,0,0,0,0,0,0,0,0,0,0,0,0,0,0,0,0,0,0,0,0,0,0,0,0,0,0,0,0,0,0,0,0,0,0,0,0,0,0,0,0,0,0,0,0,0,0,0,0,0,0,0,0,0,0,0,0,0,0,0,0,0,0,0,0,0,0,0,0,0,0,0,0,0,0,0,0,0,0,0,0,0,0,0,0,0,0,0,0,0,0,0,0,0,0,0,0,0,0,0,0,0,0,0,0,0,0,0,306.8858333333333,4,0.0,0.0,0.0,0.0,0.0,0.0,0.0,0.0,0.0,0.0,0.0,0.0,0.0,0.0,0.0,0.0,0.521834007436435,0.0,0.0,0.0,0.4541622698697393,0.7220982629182796,0.0,40,13,71,0,4,1
33314,16,2,5,11,1,3,1,33700.0,0,0,0,7301299.629482,0,5,0,15,498,0,0,0,0,0,0,0,0,0,0,0,0,0,0,0,0,0,0,0,0,0,0,0,0,0,0,0,0,0,0,0,0,0,0,0,0,0,0,0,0,0,0,0,0,0,0,0,0,0,0,0,0,0,0,0,0,0,0,0,0,0,0,0,0,0,0,0,0,0,0,0,0,0,0,0,0,0,0,0,0,0,0,0,0,0,0,0,0,0,0,0,0,0,0,0,0,0,0,0,0,0,0,0,0,0,0,0,0,0,0,0,0,0,0,0,0,0,0,0,0,0,0,0,0,0,0,0,0,0,0,0,0,0,0,0,0,0,0,0,0,0,0,0,0,0,0,0,0,0,0,0,0,0,0,673.4808333333333,4,0.0796937197744716,0.2537818051144671,0.0,0.265056979333363,0.0,0.0,0.0813598188564605,0.0814900942865734,0.2534078679613803,0.2837835586974768,0.0,0.1374357602823125,0.0,0.2594448925541529,0.1747179262589966,0.2919197205595196,0.6000380478563032,0.0760771394333098,0.0815717650188252,0.0745875713144521,0.1305561912117337,0.3113680015105361,0.083609061887319,19,11,34,0,3,1
35257,3,0,3,13,2,1,1,1674.0,0,0,0,90035.803095,0,3,0,15,67,0,0,0,0,0,0,0,0,0,0,0,0,0,0,0,0,0,0,0,0,0,0,0,0,0,0,0,0,0,0,0,0,0,0,0,0,0,0,0,0,0,0,0,0,0,0,0,0,0,0,0,0,0,0,0,0,0,0,0,0,0,0,0,0,0,0,0,0,0,0,0,0,0,0,0,0,0,0,0,0,0,0,0,0,0,0,0,0,0,0,0,0,0,0,0,0,0,0,0,0,0,0,0,0,0,0,0,0,0,0,0,0,0,0,0,0,0,0,0,0,0,0,0,0,0,0,0,0,0,0,0,0,0,0,0,0,0,0,0,0,0,0,0,0,0,0,0,0,0,0,0,0,0,0,340.6977777777778,4,0.0,0.0,0.0,0.0,0.0,0.0,0.0,0.0,0.0,0.3624768203019177,0.0,0.0,0.0,0.0,0.0,0.0,0.7664287693248123,0.0,0.0,0.0,0.0,0.5302805826117573,0.0,76,85,43,7,4,1
35189,1,0,4,2,1,3,3,23160.0,0,0,0,105157.277118,0,4,0,15,493,0,0,0,0,0,0,0,0,0,0,0,0,0,0,0,0,0,0,0,0,0,0,0,0,0,0,0,0,0,0,0,0,0,0,0,0,0,0,0,0,0,0,0,0,0,0,0,0,0,0,0,0,0,0,0,0,0,0,0,0,0,0,0,0,0,0,0,0,0,0,0,0,0,0,0,0,0,0,0,0,0,0,0,0,0,0,0,0,0,0,0,0,0,0,0,0,0,0,0,0,0,0,0,0,0,0,0,0,0,0,0,0,0,0,0,0,0,0,0,0,0,0,0,0,0,0,0,0,0,0,0,0,0,0,0,0,0,0,0,0,0,0,0,0,0,0,0,0,0,0,0,0,0,0,399.73,4,0.0774249578523741,0.2465570137809182,0.0,0.2575112005241982,0.0,0.0,0.0790436255662909,0.0791701922482608,0.2461937220635895,0.2757046619674436,0.0,0.1335231681665795,0.0,0.2520588815262414,0.2546159493170686,0.2836091993768086,0.582955855198731,0.0739113361858664,0.0792495379359795,0.0724641738605643,0.1902591753253746,0.3025038166339131,0.081228835986344,79,87,41,0,1,1
35289,2,0,1,6,3,3,2,21459.0,0,0,0,106012.408719,0,1,0,15,456,0,0,0,0,0,0,0,0,0,0,0,0,0,0,0,0,0,0,0,0,0,0,0,0,0,0,0,0,0,0,0,0,0,0,0,0,0,0,0,0,0,0,0,0,0,0,0,0,0,0,0,0,0,0,0,0,0,0,0,0,0,0,0,0,0,0,0,0,0,0,0,0,0,0,0,0,0,0,0,0,0,0,0,0,0,0,0,0,0,0,0,0,0,0,0,0,0,0,0,0,0,0,0,0,0,0,0,0,0,0,0,0,0,0,0,0,0,0,0,0,0,0,0,0,0,0,0,0,0,0,0,0,0,0,0,0,0,0,0,0,0,0,0,0,0,0,0,0,0,0,0,0,0,0,268.2630555555556,4,0.0811358763339853,0.2583743011852589,0.0,0.2698535136458815,0.0,0.0,0.0828321255423165,0.0829647584676826,0.2579935971762682,0.216689230242259,0.0,0.1399228305779868,0.0,0.2641398692058658,0.1778796635217583,0.2972023694438696,0.6108964794757914,0.077453849492437,0.0830479071329833,0.0759373257936474,0.1329187671847709,0.3170025911252742,0.0851220714114924,81,85,44,0,0,1
